<gpx xmlns:ns3="http://www.garmin.com/xmlschemas/TrackPointExtension/v1" xmlns="http://www.topografix.com/GPX/1/1" xmlns:xsi="http://www.w3.org/2001/XMLSchema-instance" xmlns:ns2="http://www.garmin.com/xmlschemas/GpxExtensions/v3" creator="Garmin Connect" version="1.1" xsi:schemaLocation="http://www.topografix.com/GPX/1/1 http://www.topografix.com/GPX/11.xsd">
  <extensions>
<distance>2041.89</distance>
<average_hr>133.0</average_hr>
<average_speed>2.4610721604132006</average_speed>
<start_time>2025-05-03T13:06:01+00:00</start_time>
<end_time>2025-05-03T13:19:50.675000+00:00</end_time>
<moving_time>829.675</moving_time>
<elapsed_time>829.675</elapsed_time>
</extensions>
<metadata>
    <link href="connect.garmin.com">
      <text>Garmin Connect</text>
    </link>
    <time>2025-05-03T13:06:01.000Z</time>
  </metadata>
  <trk>
    <name>厦门市 跑步</name>
    <type>running</type>
    <trkseg>
      <trkpt lat="24.4885007478296756744384765625" lon="118.10401716269552707672119140625">
        <ele>4.400000095367431640625</ele>
        <time>2025-05-03T13:06:04.000Z</time>
        <extensions>
          <ns3:TrackPointExtension>
            <ns3:hr>130</ns3:hr>
          </ns3:TrackPointExtension>
        </extensions>
      </trkpt>
      <trkpt lat="24.4885265640914440155029296875" lon="118.10402202419936656951904296875">
        <ele>4.599999904632568359375</ele>
        <time>2025-05-03T13:06:05.000Z</time>
        <extensions>
          <ns3:TrackPointExtension>
            <ns3:hr>130</ns3:hr>
          </ns3:TrackPointExtension>
        </extensions>
      </trkpt>
      <trkpt lat="24.48855221271514892578125" lon="118.1040276400744915008544921875">
        <ele>4.80000019073486328125</ele>
        <time>2025-05-03T13:06:06.000Z</time>
        <extensions>
          <ns3:TrackPointExtension>
            <ns3:hr>130</ns3:hr>
          </ns3:TrackPointExtension>
        </extensions>
      </trkpt>
      <trkpt lat="24.48857744224369525909423828125" lon="118.10403250157833099365234375">
        <ele>4.80000019073486328125</ele>
        <time>2025-05-03T13:06:07.000Z</time>
        <extensions>
          <ns3:TrackPointExtension>
            <ns3:hr>130</ns3:hr>
          </ns3:TrackPointExtension>
        </extensions>
      </trkpt>
      <trkpt lat="24.48860141448676586151123046875" lon="118.1040370278060436248779296875">
        <ele>5</ele>
        <time>2025-05-03T13:06:08.000Z</time>
        <extensions>
          <ns3:TrackPointExtension>
            <ns3:hr>130</ns3:hr>
          </ns3:TrackPointExtension>
        </extensions>
      </trkpt>
      <trkpt lat="24.48862605728209018707275390625" lon="118.10404297895729541778564453125">
        <ele>5</ele>
        <time>2025-05-03T13:06:09.000Z</time>
        <extensions>
          <ns3:TrackPointExtension>
            <ns3:hr>130</ns3:hr>
          </ns3:TrackPointExtension>
        </extensions>
      </trkpt>
      <trkpt lat="24.4886536337435245513916015625" lon="118.10404985211789608001708984375">
        <ele>5.19999980926513671875</ele>
        <time>2025-05-03T13:06:10.000Z</time>
        <extensions>
          <ns3:TrackPointExtension>
            <ns3:hr>130</ns3:hr>
          </ns3:TrackPointExtension>
        </extensions>
      </trkpt>
      <trkpt lat="24.48868037201464176177978515625" lon="118.10405404306948184967041015625">
        <ele>5.19999980926513671875</ele>
        <time>2025-05-03T13:06:11.000Z</time>
        <extensions>
          <ns3:TrackPointExtension>
            <ns3:hr>130</ns3:hr>
          </ns3:TrackPointExtension>
        </extensions>
      </trkpt>
      <trkpt lat="24.488703422248363494873046875" lon="118.104056976735591888427734375">
        <ele>5.400000095367431640625</ele>
        <time>2025-05-03T13:06:12.000Z</time>
        <extensions>
          <ns3:TrackPointExtension>
            <ns3:hr>130</ns3:hr>
          </ns3:TrackPointExtension>
        </extensions>
      </trkpt>
      <trkpt lat="24.48872446082532405853271484375" lon="118.10405923984944820404052734375">
        <ele>5.400000095367431640625</ele>
        <time>2025-05-03T13:06:13.000Z</time>
        <extensions>
          <ns3:TrackPointExtension>
            <ns3:hr>130</ns3:hr>
          </ns3:TrackPointExtension>
        </extensions>
      </trkpt>
      <trkpt lat="24.488744996488094329833984375" lon="118.10405907221138477325439453125">
        <ele>6</ele>
        <time>2025-05-03T13:06:14.000Z</time>
        <extensions>
          <ns3:TrackPointExtension>
            <ns3:hr>130</ns3:hr>
          </ns3:TrackPointExtension>
        </extensions>
      </trkpt>
      <trkpt lat="24.48876553215086460113525390625" lon="118.10405605472624301910400390625">
        <ele>6.400000095367431640625</ele>
        <time>2025-05-03T13:06:15.000Z</time>
        <extensions>
          <ns3:TrackPointExtension>
            <ns3:hr>130</ns3:hr>
          </ns3:TrackPointExtension>
        </extensions>
      </trkpt>
      <trkpt lat="24.48878732509911060333251953125" lon="118.10405136086046695709228515625">
        <ele>6.80000019073486328125</ele>
        <time>2025-05-03T13:06:16.000Z</time>
        <extensions>
          <ns3:TrackPointExtension>
            <ns3:hr>130</ns3:hr>
          </ns3:TrackPointExtension>
        </extensions>
      </trkpt>
      <trkpt lat="24.48880895040929317474365234375" lon="118.10404599644243717193603515625">
        <ele>7.19999980926513671875</ele>
        <time>2025-05-03T13:06:17.000Z</time>
        <extensions>
          <ns3:TrackPointExtension>
            <ns3:hr>130</ns3:hr>
          </ns3:TrackPointExtension>
        </extensions>
      </trkpt>
      <trkpt lat="24.4888298213481903076171875" lon="118.1040398776531219482421875">
        <ele>7.599999904632568359375</ele>
        <time>2025-05-03T13:06:18.000Z</time>
        <extensions>
          <ns3:TrackPointExtension>
            <ns3:hr>130</ns3:hr>
          </ns3:TrackPointExtension>
        </extensions>
      </trkpt>
      <trkpt lat="24.4888497702777385711669921875" lon="118.1040333397686481475830078125">
        <ele>7.80000019073486328125</ele>
        <time>2025-05-03T13:06:19.000Z</time>
        <extensions>
          <ns3:TrackPointExtension>
            <ns3:hr>130</ns3:hr>
          </ns3:TrackPointExtension>
        </extensions>
      </trkpt>
      <trkpt lat="24.48886913247406482696533203125" lon="118.10402713716030120849609375">
        <ele>8</ele>
        <time>2025-05-03T13:06:20.000Z</time>
        <extensions>
          <ns3:TrackPointExtension>
            <ns3:hr>130</ns3:hr>
          </ns3:TrackPointExtension>
        </extensions>
      </trkpt>
      <trkpt lat="24.48888857848942279815673828125" lon="118.10402085073292255401611328125">
        <ele>8.19999980926513671875</ele>
        <time>2025-05-03T13:06:21.000Z</time>
        <extensions>
          <ns3:TrackPointExtension>
            <ns3:hr>130</ns3:hr>
          </ns3:TrackPointExtension>
        </extensions>
      </trkpt>
      <trkpt lat="24.4889081083238124847412109375" lon="118.104014731943607330322265625">
        <ele>8.3999996185302734375</ele>
        <time>2025-05-03T13:06:22.000Z</time>
        <extensions>
          <ns3:TrackPointExtension>
            <ns3:hr>130</ns3:hr>
          </ns3:TrackPointExtension>
        </extensions>
      </trkpt>
      <trkpt lat="24.4889275543391704559326171875" lon="118.10400836169719696044921875">
        <ele>8.6000003814697265625</ele>
        <time>2025-05-03T13:06:23.000Z</time>
        <extensions>
          <ns3:TrackPointExtension>
            <ns3:hr>130</ns3:hr>
          </ns3:TrackPointExtension>
        </extensions>
      </trkpt>
      <trkpt lat="24.48894691653549671173095703125" lon="118.10400140471756458282470703125">
        <ele>8.80000019073486328125</ele>
        <time>2025-05-03T13:06:24.000Z</time>
        <extensions>
          <ns3:TrackPointExtension>
            <ns3:hr>130</ns3:hr>
          </ns3:TrackPointExtension>
        </extensions>
      </trkpt>
      <trkpt lat="24.48896594345569610595703125" lon="118.103993944823741912841796875">
        <ele>9</ele>
        <time>2025-05-03T13:06:25.000Z</time>
        <extensions>
          <ns3:TrackPointExtension>
            <ns3:hr>130</ns3:hr>
          </ns3:TrackPointExtension>
        </extensions>
      </trkpt>
      <trkpt lat="24.4889848865568637847900390625" lon="118.1039864011108875274658203125">
        <ele>9.19999980926513671875</ele>
        <time>2025-05-03T13:06:26.000Z</time>
        <extensions>
          <ns3:TrackPointExtension>
            <ns3:hr>130</ns3:hr>
          </ns3:TrackPointExtension>
        </extensions>
      </trkpt>
      <trkpt lat="24.48900408111512660980224609375" lon="118.1039793603122234344482421875">
        <ele>9.3999996185302734375</ele>
        <time>2025-05-03T13:06:27.000Z</time>
        <extensions>
          <ns3:TrackPointExtension>
            <ns3:hr>130</ns3:hr>
          </ns3:TrackPointExtension>
        </extensions>
      </trkpt>
      <trkpt lat="24.489023946225643157958984375" lon="118.1039728224277496337890625">
        <ele>9.19999980926513671875</ele>
        <time>2025-05-03T13:06:28.000Z</time>
        <extensions>
          <ns3:TrackPointExtension>
            <ns3:hr>130</ns3:hr>
          </ns3:TrackPointExtension>
        </extensions>
      </trkpt>
      <trkpt lat="24.48904431425034999847412109375" lon="118.10396636836230754852294921875">
        <ele>9.3999996185302734375</ele>
        <time>2025-05-03T13:06:29.000Z</time>
        <extensions>
          <ns3:TrackPointExtension>
            <ns3:hr>130</ns3:hr>
          </ns3:TrackPointExtension>
        </extensions>
      </trkpt>
      <trkpt lat="24.48906510137021541595458984375" lon="118.10395966283977031707763671875">
        <ele>9.6000003814697265625</ele>
        <time>2025-05-03T13:06:30.000Z</time>
        <extensions>
          <ns3:TrackPointExtension>
            <ns3:hr>130</ns3:hr>
          </ns3:TrackPointExtension>
        </extensions>
      </trkpt>
      <trkpt lat="24.48908605612814426422119140625" lon="118.10395278967916965484619140625">
        <ele>9.80000019073486328125</ele>
        <time>2025-05-03T13:06:31.000Z</time>
        <extensions>
          <ns3:TrackPointExtension>
            <ns3:hr>130</ns3:hr>
          </ns3:TrackPointExtension>
        </extensions>
      </trkpt>
      <trkpt lat="24.489107094705104827880859375" lon="118.1039458326995372772216796875">
        <ele>10.19999980926513671875</ele>
        <time>2025-05-03T13:06:32.000Z</time>
        <extensions>
          <ns3:TrackPointExtension>
            <ns3:hr>130</ns3:hr>
          </ns3:TrackPointExtension>
        </extensions>
      </trkpt>
      <trkpt lat="24.489127881824970245361328125" lon="118.10393887571990489959716796875">
        <ele>10.3999996185302734375</ele>
        <time>2025-05-03T13:06:33.000Z</time>
        <extensions>
          <ns3:TrackPointExtension>
            <ns3:hr>130</ns3:hr>
          </ns3:TrackPointExtension>
        </extensions>
      </trkpt>
      <trkpt lat="24.48914858512580394744873046875" lon="118.1039320863783359527587890625">
        <ele>10.6000003814697265625</ele>
        <time>2025-05-03T13:06:34.000Z</time>
        <extensions>
          <ns3:TrackPointExtension>
            <ns3:hr>130</ns3:hr>
          </ns3:TrackPointExtension>
        </extensions>
      </trkpt>
      <trkpt lat="24.48916937224566936492919921875" lon="118.103925548493862152099609375">
        <ele>10.80000019073486328125</ele>
        <time>2025-05-03T13:06:35.000Z</time>
        <extensions>
          <ns3:TrackPointExtension>
            <ns3:hr>130</ns3:hr>
          </ns3:TrackPointExtension>
        </extensions>
      </trkpt>
      <trkpt lat="24.48918990790843963623046875" lon="118.103918842971324920654296875">
        <ele>10.80000019073486328125</ele>
        <time>2025-05-03T13:06:36.000Z</time>
        <extensions>
          <ns3:TrackPointExtension>
            <ns3:hr>130</ns3:hr>
          </ns3:TrackPointExtension>
        </extensions>
      </trkpt>
      <trkpt lat="24.4892108626663684844970703125" lon="118.10391247272491455078125">
        <ele>11</ele>
        <time>2025-05-03T13:06:37.000Z</time>
        <extensions>
          <ns3:TrackPointExtension>
            <ns3:hr>130</ns3:hr>
          </ns3:TrackPointExtension>
        </extensions>
      </trkpt>
      <trkpt lat="24.48923240415751934051513671875" lon="118.10390702448785305023193359375">
        <ele>11.19999980926513671875</ele>
        <time>2025-05-03T13:06:38.000Z</time>
        <extensions>
          <ns3:TrackPointExtension>
            <ns3:hr>130</ns3:hr>
          </ns3:TrackPointExtension>
        </extensions>
      </trkpt>
      <trkpt lat="24.4892544485628604888916015625" lon="118.10390182770788669586181640625">
        <ele>11.3999996185302734375</ele>
        <time>2025-05-03T13:06:39.000Z</time>
        <extensions>
          <ns3:TrackPointExtension>
            <ns3:hr>130</ns3:hr>
          </ns3:TrackPointExtension>
        </extensions>
      </trkpt>
      <trkpt lat="24.48927682824432849884033203125" lon="118.10389679856598377227783203125">
        <ele>11.6000003814697265625</ele>
        <time>2025-05-03T13:06:40.000Z</time>
        <extensions>
          <ns3:TrackPointExtension>
            <ns3:hr>130</ns3:hr>
          </ns3:TrackPointExtension>
        </extensions>
      </trkpt>
      <trkpt lat="24.48929987847805023193359375" lon="118.10389193706214427947998046875">
        <ele>11.19999980926513671875</ele>
        <time>2025-05-03T13:06:41.000Z</time>
        <extensions>
          <ns3:TrackPointExtension>
            <ns3:hr>130</ns3:hr>
          </ns3:TrackPointExtension>
        </extensions>
      </trkpt>
      <trkpt lat="24.4893215037882328033447265625" lon="118.10388674028217792510986328125">
        <ele>10.6000003814697265625</ele>
        <time>2025-05-03T13:06:42.000Z</time>
        <extensions>
          <ns3:TrackPointExtension>
            <ns3:hr>130</ns3:hr>
          </ns3:TrackPointExtension>
        </extensions>
      </trkpt>
      <trkpt lat="24.48934103362262248992919921875" lon="118.10387969948351383209228515625">
        <ele>10.19999980926513671875</ele>
        <time>2025-05-03T13:06:43.000Z</time>
        <extensions>
          <ns3:TrackPointExtension>
            <ns3:hr>130</ns3:hr>
          </ns3:TrackPointExtension>
        </extensions>
      </trkpt>
      <trkpt lat="24.4893617369234561920166015625" lon="118.10387148521840572357177734375">
        <ele>9.80000019073486328125</ele>
        <time>2025-05-03T13:06:44.000Z</time>
        <extensions>
          <ns3:TrackPointExtension>
            <ns3:hr>130</ns3:hr>
          </ns3:TrackPointExtension>
        </extensions>
      </trkpt>
      <trkpt lat="24.489384032785892486572265625" lon="118.103864192962646484375">
        <ele>9.19999980926513671875</ele>
        <time>2025-05-03T13:06:45.000Z</time>
        <extensions>
          <ns3:TrackPointExtension>
            <ns3:hr>130</ns3:hr>
          </ns3:TrackPointExtension>
        </extensions>
      </trkpt>
      <trkpt lat="24.489405490458011627197265625" lon="118.1038573198020458221435546875">
        <ele>8.80000019073486328125</ele>
        <time>2025-05-03T13:06:46.000Z</time>
        <extensions>
          <ns3:TrackPointExtension>
            <ns3:hr>130</ns3:hr>
          </ns3:TrackPointExtension>
        </extensions>
      </trkpt>
      <trkpt lat="24.48942552320659160614013671875" lon="118.1038486026227474212646484375">
        <ele>8.3999996185302734375</ele>
        <time>2025-05-03T13:06:47.000Z</time>
        <extensions>
          <ns3:TrackPointExtension>
            <ns3:hr>130</ns3:hr>
          </ns3:TrackPointExtension>
        </extensions>
      </trkpt>
      <trkpt lat="24.489445388317108154296875" lon="118.10383862815797328948974609375">
        <ele>8</ele>
        <time>2025-05-03T13:06:48.000Z</time>
        <extensions>
          <ns3:TrackPointExtension>
            <ns3:hr>130</ns3:hr>
          </ns3:TrackPointExtension>
        </extensions>
      </trkpt>
      <trkpt lat="24.48946491815149784088134765625" lon="118.10382940806448459625244140625">
        <ele>7.599999904632568359375</ele>
        <time>2025-05-03T13:06:49.000Z</time>
        <extensions>
          <ns3:TrackPointExtension>
            <ns3:hr>130</ns3:hr>
          </ns3:TrackPointExtension>
        </extensions>
      </trkpt>
      <trkpt lat="24.48948386125266551971435546875" lon="118.10381968505680561065673828125">
        <ele>7.400000095367431640625</ele>
        <time>2025-05-03T13:06:50.000Z</time>
        <extensions>
          <ns3:TrackPointExtension>
            <ns3:hr>130</ns3:hr>
          </ns3:TrackPointExtension>
        </extensions>
      </trkpt>
      <trkpt lat="24.48950313962996006011962890625" lon="118.10380828566849231719970703125">
        <ele>7.19999980926513671875</ele>
        <time>2025-05-03T13:06:51.000Z</time>
        <extensions>
          <ns3:TrackPointExtension>
            <ns3:hr>130</ns3:hr>
          </ns3:TrackPointExtension>
        </extensions>
      </trkpt>
      <trkpt lat="24.4895230047404766082763671875" lon="118.10379504226148128509521484375">
        <ele>6.80000019073486328125</ele>
        <time>2025-05-03T13:06:52.000Z</time>
        <extensions>
          <ns3:TrackPointExtension>
            <ns3:hr>130</ns3:hr>
          </ns3:TrackPointExtension>
        </extensions>
      </trkpt>
      <trkpt lat="24.48954152874648571014404296875" lon="118.10378062538802623748779296875">
        <ele>6.599999904632568359375</ele>
        <time>2025-05-03T13:06:53.000Z</time>
        <extensions>
          <ns3:TrackPointExtension>
            <ns3:hr>130</ns3:hr>
          </ns3:TrackPointExtension>
        </extensions>
      </trkpt>
      <trkpt lat="24.48955862782895565032958984375" lon="118.10376570560038089752197265625">
        <ele>6.400000095367431640625</ele>
        <time>2025-05-03T13:06:54.000Z</time>
        <extensions>
          <ns3:TrackPointExtension>
            <ns3:hr>130</ns3:hr>
          </ns3:TrackPointExtension>
        </extensions>
      </trkpt>
      <trkpt lat="24.4895749725401401519775390625" lon="118.10375086963176727294921875">
        <ele>6.19999980926513671875</ele>
        <time>2025-05-03T13:06:55.000Z</time>
        <extensions>
          <ns3:TrackPointExtension>
            <ns3:hr>130</ns3:hr>
          </ns3:TrackPointExtension>
        </extensions>
      </trkpt>
      <trkpt lat="24.48959064669907093048095703125" lon="118.1037359498441219329833984375">
        <ele>6.19999980926513671875</ele>
        <time>2025-05-03T13:06:56.000Z</time>
        <extensions>
          <ns3:TrackPointExtension>
            <ns3:hr>130</ns3:hr>
          </ns3:TrackPointExtension>
        </extensions>
      </trkpt>
      <trkpt lat="24.48960623703896999359130859375" lon="118.1037195213139057159423828125">
        <ele>6</ele>
        <time>2025-05-03T13:06:57.000Z</time>
        <extensions>
          <ns3:TrackPointExtension>
            <ns3:hr>130</ns3:hr>
          </ns3:TrackPointExtension>
        </extensions>
      </trkpt>
      <trkpt lat="24.4896212406456470489501953125" lon="118.10370124876499176025390625">
        <ele>6</ele>
        <time>2025-05-03T13:06:58.000Z</time>
        <extensions>
          <ns3:TrackPointExtension>
            <ns3:hr>130</ns3:hr>
          </ns3:TrackPointExtension>
        </extensions>
      </trkpt>
      <trkpt lat="24.4896353222429752349853515625" lon="118.10368138365447521209716796875">
        <ele>5.80000019073486328125</ele>
        <time>2025-05-03T13:06:59.000Z</time>
        <extensions>
          <ns3:TrackPointExtension>
            <ns3:hr>130</ns3:hr>
          </ns3:TrackPointExtension>
        </extensions>
      </trkpt>
      <trkpt lat="24.48964781127870082855224609375" lon="118.10366101562976837158203125">
        <ele>5.599999904632568359375</ele>
        <time>2025-05-03T13:07:00.000Z</time>
        <extensions>
          <ns3:TrackPointExtension>
            <ns3:hr>130</ns3:hr>
          </ns3:TrackPointExtension>
        </extensions>
      </trkpt>
      <trkpt lat="24.48965870775282382965087890625" lon="118.10363980941474437713623046875">
        <ele>5.599999904632568359375</ele>
        <time>2025-05-03T13:07:01.000Z</time>
        <extensions>
          <ns3:TrackPointExtension>
            <ns3:hr>130</ns3:hr>
          </ns3:TrackPointExtension>
        </extensions>
      </trkpt>
      <trkpt lat="24.489668346941471099853515625" lon="118.1036175973713397979736328125">
        <ele>5.599999904632568359375</ele>
        <time>2025-05-03T13:07:02.000Z</time>
        <extensions>
          <ns3:TrackPointExtension>
            <ns3:hr>130</ns3:hr>
          </ns3:TrackPointExtension>
        </extensions>
      </trkpt>
      <trkpt lat="24.48967731557786464691162109375" lon="118.1035951338708400726318359375">
        <ele>5.599999904632568359375</ele>
        <time>2025-05-03T13:07:03.000Z</time>
        <extensions>
          <ns3:TrackPointExtension>
            <ns3:hr>130</ns3:hr>
          </ns3:TrackPointExtension>
        </extensions>
      </trkpt>
      <trkpt lat="24.4896854460239410400390625" lon="118.10357376001775264739990234375">
        <ele>5.599999904632568359375</ele>
        <time>2025-05-03T13:07:04.000Z</time>
        <extensions>
          <ns3:TrackPointExtension>
            <ns3:hr>130</ns3:hr>
          </ns3:TrackPointExtension>
        </extensions>
      </trkpt>
      <trkpt lat="24.48969173245131969451904296875" lon="118.103552721440792083740234375">
        <ele>5.599999904632568359375</ele>
        <time>2025-05-03T13:07:05.000Z</time>
        <extensions>
          <ns3:TrackPointExtension>
            <ns3:hr>130</ns3:hr>
          </ns3:TrackPointExtension>
        </extensions>
      </trkpt>
      <trkpt lat="24.48969642631709575653076171875" lon="118.10352967120707035064697265625">
        <ele>5.400000095367431640625</ele>
        <time>2025-05-03T13:07:06.000Z</time>
        <extensions>
          <ns3:TrackPointExtension>
            <ns3:hr>130</ns3:hr>
          </ns3:TrackPointExtension>
        </extensions>
      </trkpt>
      <trkpt lat="24.48970095254480838775634765625" lon="118.103505112230777740478515625">
        <ele>5.400000095367431640625</ele>
        <time>2025-05-03T13:07:07.000Z</time>
        <extensions>
          <ns3:TrackPointExtension>
            <ns3:hr>130</ns3:hr>
          </ns3:TrackPointExtension>
        </extensions>
      </trkpt>
      <trkpt lat="24.489704556763172149658203125" lon="118.10348038561642169952392578125">
        <ele>5.400000095367431640625</ele>
        <time>2025-05-03T13:07:08.000Z</time>
        <extensions>
          <ns3:TrackPointExtension>
            <ns3:hr>130</ns3:hr>
          </ns3:TrackPointExtension>
        </extensions>
      </trkpt>
      <trkpt lat="24.48970598168671131134033203125" lon="118.10345624573528766632080078125">
        <ele>5.400000095367431640625</ele>
        <time>2025-05-03T13:07:09.000Z</time>
        <extensions>
          <ns3:TrackPointExtension>
            <ns3:hr>130</ns3:hr>
          </ns3:TrackPointExtension>
        </extensions>
      </trkpt>
      <trkpt lat="24.48970623314380645751953125" lon="118.10343244113028049468994140625">
        <ele>5.400000095367431640625</ele>
        <time>2025-05-03T13:07:10.000Z</time>
        <extensions>
          <ns3:TrackPointExtension>
            <ns3:hr>130</ns3:hr>
          </ns3:TrackPointExtension>
        </extensions>
      </trkpt>
      <trkpt lat="24.48970581404864788055419921875" lon="118.1034093908965587615966796875">
        <ele>5.400000095367431640625</ele>
        <time>2025-05-03T13:07:11.000Z</time>
        <extensions>
          <ns3:TrackPointExtension>
            <ns3:hr>130</ns3:hr>
          </ns3:TrackPointExtension>
        </extensions>
      </trkpt>
      <trkpt lat="24.4897040538489818572998046875" lon="118.1033865921199321746826171875">
        <ele>5.400000095367431640625</ele>
        <time>2025-05-03T13:07:12.000Z</time>
        <extensions>
          <ns3:TrackPointExtension>
            <ns3:hr>130</ns3:hr>
          </ns3:TrackPointExtension>
        </extensions>
      </trkpt>
      <trkpt lat="24.4897015392780303955078125" lon="118.1033644638955593109130859375">
        <ele>5.599999904632568359375</ele>
        <time>2025-05-03T13:07:13.000Z</time>
        <extensions>
          <ns3:TrackPointExtension>
            <ns3:hr>130</ns3:hr>
          </ns3:TrackPointExtension>
        </extensions>
      </trkpt>
      <trkpt lat="24.48969776742160320281982421875" lon="118.10334309004247188568115234375">
        <ele>5.599999904632568359375</ele>
        <time>2025-05-03T13:07:14.000Z</time>
        <extensions>
          <ns3:TrackPointExtension>
            <ns3:hr>130</ns3:hr>
          </ns3:TrackPointExtension>
        </extensions>
      </trkpt>
      <trkpt lat="24.48969290591776371002197265625" lon="118.1033205427229404449462890625">
        <ele>5.80000019073486328125</ele>
        <time>2025-05-03T13:07:15.000Z</time>
        <extensions>
          <ns3:TrackPointExtension>
            <ns3:hr>130</ns3:hr>
          </ns3:TrackPointExtension>
        </extensions>
      </trkpt>
      <trkpt lat="24.4896869547665119171142578125" lon="118.10329833067953586578369140625">
        <ele>5.80000019073486328125</ele>
        <time>2025-05-03T13:07:16.000Z</time>
        <extensions>
          <ns3:TrackPointExtension>
            <ns3:hr>130</ns3:hr>
          </ns3:TrackPointExtension>
        </extensions>
      </trkpt>
      <trkpt lat="24.48967848904430866241455078125" lon="118.1032766215503215789794921875">
        <ele>6</ele>
        <time>2025-05-03T13:07:17.000Z</time>
        <extensions>
          <ns3:TrackPointExtension>
            <ns3:hr>130</ns3:hr>
          </ns3:TrackPointExtension>
        </extensions>
      </trkpt>
      <trkpt lat="24.48966792784631252288818359375" lon="118.103255331516265869140625">
        <ele>6</ele>
        <time>2025-05-03T13:07:18.000Z</time>
        <extensions>
          <ns3:TrackPointExtension>
            <ns3:hr>130</ns3:hr>
          </ns3:TrackPointExtension>
        </extensions>
      </trkpt>
      <trkpt lat="24.4896564446389675140380859375" lon="118.10323513112962245941162109375">
        <ele>6.19999980926513671875</ele>
        <time>2025-05-03T13:07:19.000Z</time>
        <extensions>
          <ns3:TrackPointExtension>
            <ns3:hr>130</ns3:hr>
          </ns3:TrackPointExtension>
        </extensions>
      </trkpt>
      <trkpt lat="24.48964429087936878204345703125" lon="118.10321576893329620361328125">
        <ele>6.19999980926513671875</ele>
        <time>2025-05-03T13:07:20.000Z</time>
        <extensions>
          <ns3:TrackPointExtension>
            <ns3:hr>130</ns3:hr>
          </ns3:TrackPointExtension>
        </extensions>
      </trkpt>
      <trkpt lat="24.4896316342055797576904296875" lon="118.10319674201309680938720703125">
        <ele>6.400000095367431640625</ele>
        <time>2025-05-03T13:07:21.000Z</time>
        <extensions>
          <ns3:TrackPointExtension>
            <ns3:hr>130</ns3:hr>
          </ns3:TrackPointExtension>
        </extensions>
      </trkpt>
      <trkpt lat="24.48961931280791759490966796875" lon="118.1031790561974048614501953125">
        <ele>6.599999904632568359375</ele>
        <time>2025-05-03T13:07:22.000Z</time>
        <extensions>
          <ns3:TrackPointExtension>
            <ns3:hr>130</ns3:hr>
          </ns3:TrackPointExtension>
        </extensions>
      </trkpt>
      <trkpt lat="24.4896071590483188629150390625" lon="118.1031629629433155059814453125">
        <ele>6.599999904632568359375</ele>
        <time>2025-05-03T13:07:23.000Z</time>
        <extensions>
          <ns3:TrackPointExtension>
            <ns3:hr>130</ns3:hr>
          </ns3:TrackPointExtension>
        </extensions>
      </trkpt>
      <trkpt lat="24.48959399946033954620361328125" lon="118.1031472049653530120849609375">
        <ele>6.80000019073486328125</ele>
        <time>2025-05-03T13:07:24.000Z</time>
        <extensions>
          <ns3:TrackPointExtension>
            <ns3:hr>130</ns3:hr>
          </ns3:TrackPointExtension>
        </extensions>
      </trkpt>
      <trkpt lat="24.4895800016820430755615234375" lon="118.103131614625453948974609375">
        <ele>6.80000019073486328125</ele>
        <time>2025-05-03T13:07:25.000Z</time>
        <extensions>
          <ns3:TrackPointExtension>
            <ns3:hr>130</ns3:hr>
          </ns3:TrackPointExtension>
        </extensions>
      </trkpt>
      <trkpt lat="24.4895647466182708740234375" lon="118.10311744920909404754638671875">
        <ele>7</ele>
        <time>2025-05-03T13:07:26.000Z</time>
        <extensions>
          <ns3:TrackPointExtension>
            <ns3:hr>130</ns3:hr>
          </ns3:TrackPointExtension>
        </extensions>
      </trkpt>
      <trkpt lat="24.4895481504499912261962890625" lon="118.10310437344014644622802734375">
        <ele>7</ele>
        <time>2025-05-03T13:07:27.000Z</time>
        <extensions>
          <ns3:TrackPointExtension>
            <ns3:hr>130</ns3:hr>
          </ns3:TrackPointExtension>
        </extensions>
      </trkpt>
      <trkpt lat="24.48953113518655300140380859375" lon="118.10309213586151599884033203125">
        <ele>7.19999980926513671875</ele>
        <time>2025-05-03T13:07:28.000Z</time>
        <extensions>
          <ns3:TrackPointExtension>
            <ns3:hr>130</ns3:hr>
          </ns3:TrackPointExtension>
        </extensions>
      </trkpt>
      <trkpt lat="24.489512778818607330322265625" lon="118.1030818261206150054931640625">
        <ele>7.19999980926513671875</ele>
        <time>2025-05-03T13:07:29.000Z</time>
        <extensions>
          <ns3:TrackPointExtension>
            <ns3:hr>130</ns3:hr>
          </ns3:TrackPointExtension>
        </extensions>
      </trkpt>
      <trkpt lat="24.48949140496551990509033203125" lon="118.10307302512228488922119140625">
        <ele>7.400000095367431640625</ele>
        <time>2025-05-03T13:07:30.000Z</time>
        <extensions>
          <ns3:TrackPointExtension>
            <ns3:hr>130</ns3:hr>
          </ns3:TrackPointExtension>
        </extensions>
      </trkpt>
      <trkpt lat="24.4894686900079250335693359375" lon="118.10306422412395477294921875">
        <ele>7.400000095367431640625</ele>
        <time>2025-05-03T13:07:31.000Z</time>
        <extensions>
          <ns3:TrackPointExtension>
            <ns3:hr>130</ns3:hr>
          </ns3:TrackPointExtension>
        </extensions>
      </trkpt>
      <trkpt lat="24.489447064697742462158203125" lon="118.103056512773036956787109375">
        <ele>7.599999904632568359375</ele>
        <time>2025-05-03T13:07:32.000Z</time>
        <extensions>
          <ns3:TrackPointExtension>
            <ns3:hr>130</ns3:hr>
          </ns3:TrackPointExtension>
        </extensions>
      </trkpt>
      <trkpt lat="24.48942636139690876007080078125" lon="118.10305089689791202545166015625">
        <ele>7.599999904632568359375</ele>
        <time>2025-05-03T13:07:33.000Z</time>
        <extensions>
          <ns3:TrackPointExtension>
            <ns3:hr>130</ns3:hr>
          </ns3:TrackPointExtension>
        </extensions>
      </trkpt>
      <trkpt lat="24.48940540663897991180419921875" lon="118.10304603539407253265380859375">
        <ele>7.80000019073486328125</ele>
        <time>2025-05-03T13:07:34.000Z</time>
        <extensions>
          <ns3:TrackPointExtension>
            <ns3:hr>130</ns3:hr>
          </ns3:TrackPointExtension>
        </extensions>
      </trkpt>
      <trkpt lat="24.48938411660492420196533203125" lon="118.10304150916635990142822265625">
        <ele>7.80000019073486328125</ele>
        <time>2025-05-03T13:07:35.000Z</time>
        <extensions>
          <ns3:TrackPointExtension>
            <ns3:hr>130</ns3:hr>
          </ns3:TrackPointExtension>
        </extensions>
      </trkpt>
      <trkpt lat="24.4893637485802173614501953125" lon="118.10303798876702785491943359375">
        <ele>8</ele>
        <time>2025-05-03T13:07:36.000Z</time>
        <extensions>
          <ns3:TrackPointExtension>
            <ns3:hr>130</ns3:hr>
          </ns3:TrackPointExtension>
        </extensions>
      </trkpt>
      <trkpt lat="24.48934321291744709014892578125" lon="118.10303614474833011627197265625">
        <ele>8</ele>
        <time>2025-05-03T13:07:37.000Z</time>
        <extensions>
          <ns3:TrackPointExtension>
            <ns3:hr>130</ns3:hr>
          </ns3:TrackPointExtension>
        </extensions>
      </trkpt>
      <trkpt lat="24.48932209052145481109619140625" lon="118.103035055100917816162109375">
        <ele>8</ele>
        <time>2025-05-03T13:07:38.000Z</time>
        <extensions>
          <ns3:TrackPointExtension>
            <ns3:hr>130</ns3:hr>
          </ns3:TrackPointExtension>
        </extensions>
      </trkpt>
      <trkpt lat="24.48930147103965282440185546875" lon="118.103035725653171539306640625">
        <ele>8.19999980926513671875</ele>
        <time>2025-05-03T13:07:39.000Z</time>
        <extensions>
          <ns3:TrackPointExtension>
            <ns3:hr>130</ns3:hr>
          </ns3:TrackPointExtension>
        </extensions>
      </trkpt>
      <trkpt lat="24.4892809353768825531005859375" lon="118.1030379049479961395263671875">
        <ele>8.19999980926513671875</ele>
        <time>2025-05-03T13:07:40.000Z</time>
        <extensions>
          <ns3:TrackPointExtension>
            <ns3:hr>130</ns3:hr>
          </ns3:TrackPointExtension>
        </extensions>
      </trkpt>
      <trkpt lat="24.48926056735217571258544921875" lon="118.103041090071201324462890625">
        <ele>8.19999980926513671875</ele>
        <time>2025-05-03T13:07:41.000Z</time>
        <extensions>
          <ns3:TrackPointExtension>
            <ns3:hr>130</ns3:hr>
          </ns3:TrackPointExtension>
        </extensions>
      </trkpt>
      <trkpt lat="24.48923952877521514892578125" lon="118.10304570011794567108154296875">
        <ele>8.3999996185302734375</ele>
        <time>2025-05-03T13:07:42.000Z</time>
        <extensions>
          <ns3:TrackPointExtension>
            <ns3:hr>130</ns3:hr>
          </ns3:TrackPointExtension>
        </extensions>
      </trkpt>
      <trkpt lat="24.489218406379222869873046875" lon="118.10305072925984859466552734375">
        <ele>8.3999996185302734375</ele>
        <time>2025-05-03T13:07:43.000Z</time>
        <extensions>
          <ns3:TrackPointExtension>
            <ns3:hr>130</ns3:hr>
          </ns3:TrackPointExtension>
        </extensions>
      </trkpt>
      <trkpt lat="24.489197619259357452392578125" lon="118.10305659659206867218017578125">
        <ele>8.19999980926513671875</ele>
        <time>2025-05-03T13:07:44.000Z</time>
        <extensions>
          <ns3:TrackPointExtension>
            <ns3:hr>130</ns3:hr>
          </ns3:TrackPointExtension>
        </extensions>
      </trkpt>
      <trkpt lat="24.48917649686336517333984375" lon="118.10306330211460590362548828125">
        <ele>8</ele>
        <time>2025-05-03T13:07:45.000Z</time>
        <extensions>
          <ns3:TrackPointExtension>
            <ns3:hr>130</ns3:hr>
          </ns3:TrackPointExtension>
        </extensions>
      </trkpt>
      <trkpt lat="24.4891565479338169097900390625" lon="118.10307101346552371978759765625">
        <ele>8</ele>
        <time>2025-05-03T13:07:46.000Z</time>
        <extensions>
          <ns3:TrackPointExtension>
            <ns3:hr>130</ns3:hr>
          </ns3:TrackPointExtension>
        </extensions>
      </trkpt>
      <trkpt lat="24.4891367666423320770263671875" lon="118.103079982101917266845703125">
        <ele>7.80000019073486328125</ele>
        <time>2025-05-03T13:07:47.000Z</time>
        <extensions>
          <ns3:TrackPointExtension>
            <ns3:hr>130</ns3:hr>
          </ns3:TrackPointExtension>
        </extensions>
      </trkpt>
      <trkpt lat="24.489115811884403228759765625" lon="118.1030892021954059600830078125">
        <ele>7.599999904632568359375</ele>
        <time>2025-05-03T13:07:48.000Z</time>
        <extensions>
          <ns3:TrackPointExtension>
            <ns3:hr>130</ns3:hr>
          </ns3:TrackPointExtension>
        </extensions>
      </trkpt>
      <trkpt lat="24.48909494094550609588623046875" lon="118.10309775173664093017578125">
        <ele>7.400000095367431640625</ele>
        <time>2025-05-03T13:07:49.000Z</time>
        <extensions>
          <ns3:TrackPointExtension>
            <ns3:hr>130</ns3:hr>
          </ns3:TrackPointExtension>
        </extensions>
      </trkpt>
      <trkpt lat="24.48907465673983097076416015625" lon="118.10310571454465389251708984375">
        <ele>7.19999980926513671875</ele>
        <time>2025-05-03T13:07:50.000Z</time>
        <extensions>
          <ns3:TrackPointExtension>
            <ns3:hr>130</ns3:hr>
          </ns3:TrackPointExtension>
        </extensions>
      </trkpt>
      <trkpt lat="24.48905504308640956878662109375" lon="118.10311309061944484710693359375">
        <ele>7.19999980926513671875</ele>
        <time>2025-05-03T13:07:51.000Z</time>
        <extensions>
          <ns3:TrackPointExtension>
            <ns3:hr>130</ns3:hr>
          </ns3:TrackPointExtension>
        </extensions>
      </trkpt>
      <trkpt lat="24.4890355132520198822021484375" lon="118.103120215237140655517578125">
        <ele>7</ele>
        <time>2025-05-03T13:07:52.000Z</time>
        <extensions>
          <ns3:TrackPointExtension>
            <ns3:hr>130</ns3:hr>
          </ns3:TrackPointExtension>
        </extensions>
      </trkpt>
      <trkpt lat="24.489014558494091033935546875" lon="118.10312767513096332550048828125">
        <ele>7</ele>
        <time>2025-05-03T13:07:53.000Z</time>
        <extensions>
          <ns3:TrackPointExtension>
            <ns3:hr>130</ns3:hr>
          </ns3:TrackPointExtension>
        </extensions>
      </trkpt>
      <trkpt lat="24.48899385519325733184814453125" lon="118.10313488356769084930419921875">
        <ele>7</ele>
        <time>2025-05-03T13:07:54.000Z</time>
        <extensions>
          <ns3:TrackPointExtension>
            <ns3:hr>130</ns3:hr>
          </ns3:TrackPointExtension>
        </extensions>
      </trkpt>
      <trkpt lat="24.48897357098758220672607421875" lon="118.10314259491860866546630859375">
        <ele>7.19999980926513671875</ele>
        <time>2025-05-03T13:07:55.000Z</time>
        <extensions>
          <ns3:TrackPointExtension>
            <ns3:hr>130</ns3:hr>
          </ns3:TrackPointExtension>
        </extensions>
      </trkpt>
      <trkpt lat="24.48895253241062164306640625" lon="118.1031502224504947662353515625">
        <ele>7.400000095367431640625</ele>
        <time>2025-05-03T13:07:56.000Z</time>
        <extensions>
          <ns3:TrackPointExtension>
            <ns3:hr>130</ns3:hr>
          </ns3:TrackPointExtension>
        </extensions>
      </trkpt>
      <trkpt lat="24.4889319129288196563720703125" lon="118.103157095611095428466796875">
        <ele>7.400000095367431640625</ele>
        <time>2025-05-03T13:07:57.000Z</time>
        <extensions>
          <ns3:TrackPointExtension>
            <ns3:hr>130</ns3:hr>
          </ns3:TrackPointExtension>
        </extensions>
      </trkpt>
      <trkpt lat="24.4889129698276519775390625" lon="118.103164136409759521484375">
        <ele>7.599999904632568359375</ele>
        <time>2025-05-03T13:07:58.000Z</time>
        <extensions>
          <ns3:TrackPointExtension>
            <ns3:hr>130</ns3:hr>
          </ns3:TrackPointExtension>
        </extensions>
      </trkpt>
      <trkpt lat="24.4888941943645477294921875" lon="118.10317151248455047607421875">
        <ele>7.80000019073486328125</ele>
        <time>2025-05-03T13:07:59.000Z</time>
        <extensions>
          <ns3:TrackPointExtension>
            <ns3:hr>130</ns3:hr>
          </ns3:TrackPointExtension>
        </extensions>
      </trkpt>
      <trkpt lat="24.4888749159872531890869140625" lon="118.1031790561974048614501953125">
        <ele>8</ele>
        <time>2025-05-03T13:08:00.000Z</time>
        <extensions>
          <ns3:TrackPointExtension>
            <ns3:hr>130</ns3:hr>
          </ns3:TrackPointExtension>
        </extensions>
      </trkpt>
      <trkpt lat="24.488855302333831787109375" lon="118.10318618081510066986083984375">
        <ele>8</ele>
        <time>2025-05-03T13:08:01.000Z</time>
        <extensions>
          <ns3:TrackPointExtension>
            <ns3:hr>130</ns3:hr>
          </ns3:TrackPointExtension>
        </extensions>
      </trkpt>
      <trkpt lat="24.4888346828520298004150390625" lon="118.1031924672424793243408203125">
        <ele>8.19999980926513671875</ele>
        <time>2025-05-03T13:08:02.000Z</time>
        <extensions>
          <ns3:TrackPointExtension>
            <ns3:hr>130</ns3:hr>
          </ns3:TrackPointExtension>
        </extensions>
      </trkpt>
      <trkpt lat="24.4888145662844181060791015625" lon="118.10319724492728710174560546875">
        <ele>8.3999996185302734375</ele>
        <time>2025-05-03T13:08:03.000Z</time>
        <extensions>
          <ns3:TrackPointExtension>
            <ns3:hr>130</ns3:hr>
          </ns3:TrackPointExtension>
        </extensions>
      </trkpt>
      <trkpt lat="24.48879570700228214263916015625" lon="118.10320277698338031768798828125">
        <ele>8.19999980926513671875</ele>
        <time>2025-05-03T13:08:04.000Z</time>
        <extensions>
          <ns3:TrackPointExtension>
            <ns3:hr>131</ns3:hr>
          </ns3:TrackPointExtension>
        </extensions>
      </trkpt>
      <trkpt lat="24.48877659626305103302001953125" lon="118.10320981778204441070556640625">
        <ele>8</ele>
        <time>2025-05-03T13:08:05.000Z</time>
        <extensions>
          <ns3:TrackPointExtension>
            <ns3:hr>131</ns3:hr>
          </ns3:TrackPointExtension>
        </extensions>
      </trkpt>
      <trkpt lat="24.4887572340667247772216796875" lon="118.10321669094264507293701171875">
        <ele>8</ele>
        <time>2025-05-03T13:08:06.000Z</time>
        <extensions>
          <ns3:TrackPointExtension>
            <ns3:hr>131</ns3:hr>
          </ns3:TrackPointExtension>
        </extensions>
      </trkpt>
      <trkpt lat="24.488737620413303375244140625" lon="118.1032239831984043121337890625">
        <ele>7.80000019073486328125</ele>
        <time>2025-05-03T13:08:07.000Z</time>
        <extensions>
          <ns3:TrackPointExtension>
            <ns3:hr>131</ns3:hr>
          </ns3:TrackPointExtension>
        </extensions>
      </trkpt>
      <trkpt lat="24.4887173362076282501220703125" lon="118.1032325327396392822265625">
        <ele>7.599999904632568359375</ele>
        <time>2025-05-03T13:08:08.000Z</time>
        <extensions>
          <ns3:TrackPointExtension>
            <ns3:hr>131</ns3:hr>
          </ns3:TrackPointExtension>
        </extensions>
      </trkpt>
      <trkpt lat="24.4886972196400165557861328125" lon="118.10324124991893768310546875">
        <ele>7.599999904632568359375</ele>
        <time>2025-05-03T13:08:09.000Z</time>
        <extensions>
          <ns3:TrackPointExtension>
            <ns3:hr>131</ns3:hr>
          </ns3:TrackPointExtension>
        </extensions>
      </trkpt>
      <trkpt lat="24.48867760598659515380859375" lon="118.10324837453663349151611328125">
        <ele>7.400000095367431640625</ele>
        <time>2025-05-03T13:08:10.000Z</time>
        <extensions>
          <ns3:TrackPointExtension>
            <ns3:hr>131</ns3:hr>
          </ns3:TrackPointExtension>
        </extensions>
      </trkpt>
      <trkpt lat="24.48865841142833232879638671875" lon="118.10325491242110729217529296875">
        <ele>7.400000095367431640625</ele>
        <time>2025-05-03T13:08:11.000Z</time>
        <extensions>
          <ns3:TrackPointExtension>
            <ns3:hr>131</ns3:hr>
          </ns3:TrackPointExtension>
        </extensions>
      </trkpt>
      <trkpt lat="24.4886388815939426422119140625" lon="118.1032620370388031005859375">
        <ele>7.400000095367431640625</ele>
        <time>2025-05-03T13:08:12.000Z</time>
        <extensions>
          <ns3:TrackPointExtension>
            <ns3:hr>131</ns3:hr>
          </ns3:TrackPointExtension>
        </extensions>
      </trkpt>
      <trkpt lat="24.48861817829310894012451171875" lon="118.10326941311359405517578125">
        <ele>7.19999980926513671875</ele>
        <time>2025-05-03T13:08:13.000Z</time>
        <extensions>
          <ns3:TrackPointExtension>
            <ns3:hr>129</ns3:hr>
          </ns3:TrackPointExtension>
        </extensions>
      </trkpt>
      <trkpt lat="24.488597474992275238037109375" lon="118.10327637009322643280029296875">
        <ele>7.19999980926513671875</ele>
        <time>2025-05-03T13:08:14.000Z</time>
        <extensions>
          <ns3:TrackPointExtension>
            <ns3:hr>129</ns3:hr>
          </ns3:TrackPointExtension>
        </extensions>
      </trkpt>
      <trkpt lat="24.4885781966149806976318359375" lon="118.10328416526317596435546875">
        <ele>7.400000095367431640625</ele>
        <time>2025-05-03T13:08:15.000Z</time>
        <extensions>
          <ns3:TrackPointExtension>
            <ns3:hr>129</ns3:hr>
          </ns3:TrackPointExtension>
        </extensions>
      </trkpt>
      <trkpt lat="24.48855883441865444183349609375" lon="118.103293217718601226806640625">
        <ele>7.599999904632568359375</ele>
        <time>2025-05-03T13:08:16.000Z</time>
        <extensions>
          <ns3:TrackPointExtension>
            <ns3:hr>129</ns3:hr>
          </ns3:TrackPointExtension>
        </extensions>
      </trkpt>
      <trkpt lat="24.48853922076523303985595703125" lon="118.1033014319837093353271484375">
        <ele>7.599999904632568359375</ele>
        <time>2025-05-03T13:08:17.000Z</time>
        <extensions>
          <ns3:TrackPointExtension>
            <ns3:hr>129</ns3:hr>
          </ns3:TrackPointExtension>
        </extensions>
      </trkpt>
      <trkpt lat="24.48851893655955791473388671875" lon="118.10330822132527828216552734375">
        <ele>7.80000019073486328125</ele>
        <time>2025-05-03T13:08:18.000Z</time>
        <extensions>
          <ns3:TrackPointExtension>
            <ns3:hr>129</ns3:hr>
          </ns3:TrackPointExtension>
        </extensions>
      </trkpt>
      <trkpt lat="24.48849814943969249725341796875" lon="118.10331375338137149810791015625">
        <ele>7.80000019073486328125</ele>
        <time>2025-05-03T13:08:19.000Z</time>
        <extensions>
          <ns3:TrackPointExtension>
            <ns3:hr>129</ns3:hr>
          </ns3:TrackPointExtension>
        </extensions>
      </trkpt>
      <trkpt lat="24.488478116691112518310546875" lon="118.10331945307552814483642578125">
        <ele>8</ele>
        <time>2025-05-03T13:08:20.000Z</time>
        <extensions>
          <ns3:TrackPointExtension>
            <ns3:hr>129</ns3:hr>
          </ns3:TrackPointExtension>
        </extensions>
      </trkpt>
      <trkpt lat="24.4884585030376911163330078125" lon="118.10332615859806537628173828125">
        <ele>8.19999980926513671875</ele>
        <time>2025-05-03T13:08:21.000Z</time>
        <extensions>
          <ns3:TrackPointExtension>
            <ns3:hr>129</ns3:hr>
          </ns3:TrackPointExtension>
        </extensions>
      </trkpt>
      <trkpt lat="24.488437883555889129638671875" lon="118.10333437286317348480224609375">
        <ele>8.19999980926513671875</ele>
        <time>2025-05-03T13:08:22.000Z</time>
        <extensions>
          <ns3:TrackPointExtension>
            <ns3:hr>128</ns3:hr>
          </ns3:TrackPointExtension>
        </extensions>
      </trkpt>
      <trkpt lat="24.48841684497892856597900390625" lon="118.1033426709473133087158203125">
        <ele>8</ele>
        <time>2025-05-03T13:08:23.000Z</time>
        <extensions>
          <ns3:TrackPointExtension>
            <ns3:hr>128</ns3:hr>
          </ns3:TrackPointExtension>
        </extensions>
      </trkpt>
      <trkpt lat="24.48839605785906314849853515625" lon="118.10335163958370685577392578125">
        <ele>8.19999980926513671875</ele>
        <time>2025-05-03T13:08:24.000Z</time>
        <extensions>
          <ns3:TrackPointExtension>
            <ns3:hr>128</ns3:hr>
          </ns3:TrackPointExtension>
        </extensions>
      </trkpt>
      <trkpt lat="24.4883760251104831695556640625" lon="118.10336287133395671844482421875">
        <ele>8.6000003814697265625</ele>
        <time>2025-05-03T13:08:25.000Z</time>
        <extensions>
          <ns3:TrackPointExtension>
            <ns3:hr>128</ns3:hr>
          </ns3:TrackPointExtension>
        </extensions>
      </trkpt>
      <trkpt lat="24.48835909366607666015625" lon="118.103375025093555450439453125">
        <ele>8.80000019073486328125</ele>
        <time>2025-05-03T13:08:26.000Z</time>
        <extensions>
          <ns3:TrackPointExtension>
            <ns3:hr>129</ns3:hr>
          </ns3:TrackPointExtension>
        </extensions>
      </trkpt>
      <trkpt lat="24.4883445091545581817626953125" lon="118.10338784940540790557861328125">
        <ele>9</ele>
        <time>2025-05-03T13:08:27.000Z</time>
        <extensions>
          <ns3:TrackPointExtension>
            <ns3:hr>129</ns3:hr>
          </ns3:TrackPointExtension>
        </extensions>
      </trkpt>
      <trkpt lat="24.488330595195293426513671875" lon="118.10340209864079952239990234375">
        <ele>9</ele>
        <time>2025-05-03T13:08:28.000Z</time>
        <extensions>
          <ns3:TrackPointExtension>
            <ns3:hr>129</ns3:hr>
          </ns3:TrackPointExtension>
        </extensions>
      </trkpt>
      <trkpt lat="24.4883163459599018096923828125" lon="118.103418610990047454833984375">
        <ele>9.19999980926513671875</ele>
        <time>2025-05-03T13:08:29.000Z</time>
        <extensions>
          <ns3:TrackPointExtension>
            <ns3:hr>129</ns3:hr>
          </ns3:TrackPointExtension>
        </extensions>
      </trkpt>
      <trkpt lat="24.48830167762935161590576171875" lon="118.1034365482628345489501953125">
        <ele>9.19999980926513671875</ele>
        <time>2025-05-03T13:08:30.000Z</time>
        <extensions>
          <ns3:TrackPointExtension>
            <ns3:hr>129</ns3:hr>
          </ns3:TrackPointExtension>
        </extensions>
      </trkpt>
      <trkpt lat="24.48828742839395999908447265625" lon="118.1034546531736850738525390625">
        <ele>9.19999980926513671875</ele>
        <time>2025-05-03T13:08:31.000Z</time>
        <extensions>
          <ns3:TrackPointExtension>
            <ns3:hr>129</ns3:hr>
          </ns3:TrackPointExtension>
        </extensions>
      </trkpt>
      <trkpt lat="24.48827384971082210540771484375" lon="118.1034737639129161834716796875">
        <ele>9.19999980926513671875</ele>
        <time>2025-05-03T13:08:32.000Z</time>
        <extensions>
          <ns3:TrackPointExtension>
            <ns3:hr>129</ns3:hr>
          </ns3:TrackPointExtension>
        </extensions>
      </trkpt>
      <trkpt lat="24.48826186358928680419921875" lon="118.1034942157566547393798828125">
        <ele>9.19999980926513671875</ele>
        <time>2025-05-03T13:08:33.000Z</time>
        <extensions>
          <ns3:TrackPointExtension>
            <ns3:hr>129</ns3:hr>
          </ns3:TrackPointExtension>
        </extensions>
      </trkpt>
      <trkpt lat="24.48825113475322723388671875" lon="118.10351441614329814910888671875">
        <ele>9.3999996185302734375</ele>
        <time>2025-05-03T13:08:34.000Z</time>
        <extensions>
          <ns3:TrackPointExtension>
            <ns3:hr>129</ns3:hr>
          </ns3:TrackPointExtension>
        </extensions>
      </trkpt>
      <trkpt lat="24.488241411745548248291015625" lon="118.1035327725112438201904296875">
        <ele>9.3999996185302734375</ele>
        <time>2025-05-03T13:08:35.000Z</time>
        <extensions>
          <ns3:TrackPointExtension>
            <ns3:hr>129</ns3:hr>
          </ns3:TrackPointExtension>
        </extensions>
      </trkpt>
      <trkpt lat="24.4882328622043132781982421875" lon="118.10355179943144321441650390625">
        <ele>9.3999996185302734375</ele>
        <time>2025-05-03T13:08:36.000Z</time>
        <extensions>
          <ns3:TrackPointExtension>
            <ns3:hr>129</ns3:hr>
          </ns3:TrackPointExtension>
        </extensions>
      </trkpt>
      <trkpt lat="24.4882268272340297698974609375" lon="118.10357342474162578582763671875">
        <ele>9.3999996185302734375</ele>
        <time>2025-05-03T13:08:37.000Z</time>
        <extensions>
          <ns3:TrackPointExtension>
            <ns3:hr>129</ns3:hr>
          </ns3:TrackPointExtension>
        </extensions>
      </trkpt>
      <trkpt lat="24.488222636282444000244140625" lon="118.1035954691469669342041015625">
        <ele>9.3999996185302734375</ele>
        <time>2025-05-03T13:08:38.000Z</time>
        <extensions>
          <ns3:TrackPointExtension>
            <ns3:hr>129</ns3:hr>
          </ns3:TrackPointExtension>
        </extensions>
      </trkpt>
      <trkpt lat="24.4882181100547313690185546875" lon="118.10361734591424465179443359375">
        <ele>9.3999996185302734375</ele>
        <time>2025-05-03T13:08:39.000Z</time>
        <extensions>
          <ns3:TrackPointExtension>
            <ns3:hr>128</ns3:hr>
          </ns3:TrackPointExtension>
        </extensions>
      </trkpt>
      <trkpt lat="24.48821282945573329925537109375" lon="118.103639893233776092529296875">
        <ele>9.3999996185302734375</ele>
        <time>2025-05-03T13:08:40.000Z</time>
        <extensions>
          <ns3:TrackPointExtension>
            <ns3:hr>128</ns3:hr>
          </ns3:TrackPointExtension>
        </extensions>
      </trkpt>
      <trkpt lat="24.4882075488567352294921875" lon="118.10366210527718067169189453125">
        <ele>9.3999996185302734375</ele>
        <time>2025-05-03T13:08:41.000Z</time>
        <extensions>
          <ns3:TrackPointExtension>
            <ns3:hr>128</ns3:hr>
          </ns3:TrackPointExtension>
        </extensions>
      </trkpt>
      <trkpt lat="24.488203190267086029052734375" lon="118.10368389822542667388916015625">
        <ele>9.3999996185302734375</ele>
        <time>2025-05-03T13:08:42.000Z</time>
        <extensions>
          <ns3:TrackPointExtension>
            <ns3:hr>128</ns3:hr>
          </ns3:TrackPointExtension>
        </extensions>
      </trkpt>
      <trkpt lat="24.4881963171064853668212890625" lon="118.103704936802387237548828125">
        <ele>9.19999980926513671875</ele>
        <time>2025-05-03T13:08:43.000Z</time>
        <extensions>
          <ns3:TrackPointExtension>
            <ns3:hr>128</ns3:hr>
          </ns3:TrackPointExtension>
        </extensions>
      </trkpt>
      <trkpt lat="24.48818810284137725830078125" lon="118.1037252210080623626708984375">
        <ele>9</ele>
        <time>2025-05-03T13:08:44.000Z</time>
        <extensions>
          <ns3:TrackPointExtension>
            <ns3:hr>128</ns3:hr>
          </ns3:TrackPointExtension>
        </extensions>
      </trkpt>
      <trkpt lat="24.488183073699474334716796875" lon="118.103747181594371795654296875">
        <ele>8.6000003814697265625</ele>
        <time>2025-05-03T13:08:45.000Z</time>
        <extensions>
          <ns3:TrackPointExtension>
            <ns3:hr>128</ns3:hr>
          </ns3:TrackPointExtension>
        </extensions>
      </trkpt>
      <trkpt lat="24.4881802238523960113525390625" lon="118.10377039946615695953369140625">
        <ele>8.3999996185302734375</ele>
        <time>2025-05-03T13:08:46.000Z</time>
        <extensions>
          <ns3:TrackPointExtension>
            <ns3:hr>128</ns3:hr>
          </ns3:TrackPointExtension>
        </extensions>
      </trkpt>
      <trkpt lat="24.4881788827478885650634765625" lon="118.10379487462341785430908203125">
        <ele>8</ele>
        <time>2025-05-03T13:08:47.000Z</time>
        <extensions>
          <ns3:TrackPointExtension>
            <ns3:hr>128</ns3:hr>
          </ns3:TrackPointExtension>
        </extensions>
      </trkpt>
      <trkpt lat="24.48818131349980831146240234375" lon="118.10381901450455188751220703125">
        <ele>7.599999904632568359375</ele>
        <time>2025-05-03T13:08:48.000Z</time>
        <extensions>
          <ns3:TrackPointExtension>
            <ns3:hr>127</ns3:hr>
          </ns3:TrackPointExtension>
        </extensions>
      </trkpt>
      <trkpt lat="24.4881886057555675506591796875" lon="118.1038413941860198974609375">
        <ele>7.19999980926513671875</ele>
        <time>2025-05-03T13:08:49.000Z</time>
        <extensions>
          <ns3:TrackPointExtension>
            <ns3:hr>127</ns3:hr>
          </ns3:TrackPointExtension>
        </extensions>
      </trkpt>
      <trkpt lat="24.4881983287632465362548828125" lon="118.103863857686519622802734375">
        <ele>6.80000019073486328125</ele>
        <time>2025-05-03T13:08:50.000Z</time>
        <extensions>
          <ns3:TrackPointExtension>
            <ns3:hr>127</ns3:hr>
          </ns3:TrackPointExtension>
        </extensions>
      </trkpt>
      <trkpt lat="24.48820897378027439117431640625" lon="118.10388657264411449432373046875">
        <ele>6.400000095367431640625</ele>
        <time>2025-05-03T13:08:51.000Z</time>
        <extensions>
          <ns3:TrackPointExtension>
            <ns3:hr>127</ns3:hr>
          </ns3:TrackPointExtension>
        </extensions>
      </trkpt>
      <trkpt lat="24.48822037316858768463134765625" lon="118.10390786267817020416259765625">
        <ele>6</ele>
        <time>2025-05-03T13:08:52.000Z</time>
        <extensions>
          <ns3:TrackPointExtension>
            <ns3:hr>127</ns3:hr>
          </ns3:TrackPointExtension>
        </extensions>
      </trkpt>
      <trkpt lat="24.48823277838528156280517578125" lon="118.1039270572364330291748046875">
        <ele>5.80000019073486328125</ele>
        <time>2025-05-03T13:08:53.000Z</time>
        <extensions>
          <ns3:TrackPointExtension>
            <ns3:hr>128</ns3:hr>
          </ns3:TrackPointExtension>
        </extensions>
      </trkpt>
      <trkpt lat="24.48824669234454631805419921875" lon="118.10394532978534698486328125">
        <ele>5.400000095367431640625</ele>
        <time>2025-05-03T13:08:54.000Z</time>
        <extensions>
          <ns3:TrackPointExtension>
            <ns3:hr>128</ns3:hr>
          </ns3:TrackPointExtension>
        </extensions>
      </trkpt>
      <trkpt lat="24.48826110921800136566162109375" lon="118.10396418906748294830322265625">
        <ele>5.400000095367431640625</ele>
        <time>2025-05-03T13:08:55.000Z</time>
        <extensions>
          <ns3:TrackPointExtension>
            <ns3:hr>128</ns3:hr>
          </ns3:TrackPointExtension>
        </extensions>
      </trkpt>
      <trkpt lat="24.48827535845339298248291015625" lon="118.10398229397833347320556640625">
        <ele>5.19999980926513671875</ele>
        <time>2025-05-03T13:08:56.000Z</time>
        <extensions>
          <ns3:TrackPointExtension>
            <ns3:hr>128</ns3:hr>
          </ns3:TrackPointExtension>
        </extensions>
      </trkpt>
      <trkpt lat="24.4882895238697528839111328125" lon="118.1039981357753276824951171875">
        <ele>5.19999980926513671875</ele>
        <time>2025-05-03T13:08:57.000Z</time>
        <extensions>
          <ns3:TrackPointExtension>
            <ns3:hr>128</ns3:hr>
          </ns3:TrackPointExtension>
        </extensions>
      </trkpt>
      <trkpt lat="24.48830419220030307769775390625" lon="118.104012049734592437744140625">
        <ele>5</ele>
        <time>2025-05-03T13:08:58.000Z</time>
        <extensions>
          <ns3:TrackPointExtension>
            <ns3:hr>128</ns3:hr>
          </ns3:TrackPointExtension>
        </extensions>
      </trkpt>
      <trkpt lat="24.48831995017826557159423828125" lon="118.10402453877031803131103515625">
        <ele>4.80000019073486328125</ele>
        <time>2025-05-03T13:08:59.000Z</time>
        <extensions>
          <ns3:TrackPointExtension>
            <ns3:hr>127</ns3:hr>
          </ns3:TrackPointExtension>
        </extensions>
      </trkpt>
      <trkpt lat="24.48833721689879894256591796875" lon="118.10403593815863132476806640625">
        <ele>4.80000019073486328125</ele>
        <time>2025-05-03T13:09:00.000Z</time>
        <extensions>
          <ns3:TrackPointExtension>
            <ns3:hr>127</ns3:hr>
          </ns3:TrackPointExtension>
        </extensions>
      </trkpt>
      <trkpt lat="24.488355405628681182861328125" lon="118.1040464155375957489013671875">
        <ele>4.599999904632568359375</ele>
        <time>2025-05-03T13:09:01.000Z</time>
        <extensions>
          <ns3:TrackPointExtension>
            <ns3:hr>127</ns3:hr>
          </ns3:TrackPointExtension>
        </extensions>
      </trkpt>
      <trkpt lat="24.48837392963469028472900390625" lon="118.1040568090975284576416015625">
        <ele>4.599999904632568359375</ele>
        <time>2025-05-03T13:09:02.000Z</time>
        <extensions>
          <ns3:TrackPointExtension>
            <ns3:hr>127</ns3:hr>
          </ns3:TrackPointExtension>
        </extensions>
      </trkpt>
      <trkpt lat="24.48839329183101654052734375" lon="118.10406711883842945098876953125">
        <ele>4.400000095367431640625</ele>
        <time>2025-05-03T13:09:03.000Z</time>
        <extensions>
          <ns3:TrackPointExtension>
            <ns3:hr>127</ns3:hr>
          </ns3:TrackPointExtension>
        </extensions>
      </trkpt>
      <trkpt lat="24.48841265402734279632568359375" lon="118.10407650656998157501220703125">
        <ele>4.19999980926513671875</ele>
        <time>2025-05-03T13:09:04.000Z</time>
        <extensions>
          <ns3:TrackPointExtension>
            <ns3:hr>127</ns3:hr>
          </ns3:TrackPointExtension>
        </extensions>
      </trkpt>
      <trkpt lat="24.4884328544139862060546875" lon="118.1040854752063751220703125">
        <ele>4</ele>
        <time>2025-05-03T13:09:05.000Z</time>
        <extensions>
          <ns3:TrackPointExtension>
            <ns3:hr>127</ns3:hr>
          </ns3:TrackPointExtension>
        </extensions>
      </trkpt>
      <trkpt lat="24.48845389299094676971435546875" lon="118.104093857109546661376953125">
        <ele>4</ele>
        <time>2025-05-03T13:09:06.000Z</time>
        <extensions>
          <ns3:TrackPointExtension>
            <ns3:hr>127</ns3:hr>
          </ns3:TrackPointExtension>
        </extensions>
      </trkpt>
      <trkpt lat="24.48847509920597076416015625" lon="118.10410089790821075439453125">
        <ele>4.19999980926513671875</ele>
        <time>2025-05-03T13:09:07.000Z</time>
        <extensions>
          <ns3:TrackPointExtension>
            <ns3:hr>127</ns3:hr>
          </ns3:TrackPointExtension>
        </extensions>
      </trkpt>
      <trkpt lat="24.488497562706470489501953125" lon="118.10410684905946254730224609375">
        <ele>4.400000095367431640625</ele>
        <time>2025-05-03T13:09:08.000Z</time>
        <extensions>
          <ns3:TrackPointExtension>
            <ns3:hr>127</ns3:hr>
          </ns3:TrackPointExtension>
        </extensions>
      </trkpt>
      <trkpt lat="24.48852002620697021484375" lon="118.104111962020397186279296875">
        <ele>4.599999904632568359375</ele>
        <time>2025-05-03T13:09:09.000Z</time>
        <extensions>
          <ns3:TrackPointExtension>
            <ns3:hr>127</ns3:hr>
          </ns3:TrackPointExtension>
        </extensions>
      </trkpt>
      <trkpt lat="24.48854257352650165557861328125" lon="118.104115985333919525146484375">
        <ele>4.80000019073486328125</ele>
        <time>2025-05-03T13:09:10.000Z</time>
        <extensions>
          <ns3:TrackPointExtension>
            <ns3:hr>127</ns3:hr>
          </ns3:TrackPointExtension>
        </extensions>
      </trkpt>
      <trkpt lat="24.4885657913982868194580078125" lon="118.1041191704571247100830078125">
        <ele>4.80000019073486328125</ele>
        <time>2025-05-03T13:09:11.000Z</time>
        <extensions>
          <ns3:TrackPointExtension>
            <ns3:hr>127</ns3:hr>
          </ns3:TrackPointExtension>
        </extensions>
      </trkpt>
      <trkpt lat="24.48858917690813541412353515625" lon="118.1041205115616321563720703125">
        <ele>5</ele>
        <time>2025-05-03T13:09:12.000Z</time>
        <extensions>
          <ns3:TrackPointExtension>
            <ns3:hr>127</ns3:hr>
          </ns3:TrackPointExtension>
        </extensions>
      </trkpt>
      <trkpt lat="24.48861164040863513946533203125" lon="118.10411942191421985626220703125">
        <ele>5.19999980926513671875</ele>
        <time>2025-05-03T13:09:13.000Z</time>
        <extensions>
          <ns3:TrackPointExtension>
            <ns3:hr>127</ns3:hr>
          </ns3:TrackPointExtension>
        </extensions>
      </trkpt>
      <trkpt lat="24.4886338524520397186279296875" lon="118.10411632061004638671875">
        <ele>5.400000095367431640625</ele>
        <time>2025-05-03T13:09:14.000Z</time>
        <extensions>
          <ns3:TrackPointExtension>
            <ns3:hr>127</ns3:hr>
          </ns3:TrackPointExtension>
        </extensions>
      </trkpt>
      <trkpt lat="24.48865606449544429779052734375" lon="118.10411154292523860931396484375">
        <ele>5.400000095367431640625</ele>
        <time>2025-05-03T13:09:15.000Z</time>
        <extensions>
          <ns3:TrackPointExtension>
            <ns3:hr>127</ns3:hr>
          </ns3:TrackPointExtension>
        </extensions>
      </trkpt>
      <trkpt lat="24.48867760598659515380859375" lon="118.1041054241359233856201171875">
        <ele>5.400000095367431640625</ele>
        <time>2025-05-03T13:09:16.000Z</time>
        <extensions>
          <ns3:TrackPointExtension>
            <ns3:hr>127</ns3:hr>
          </ns3:TrackPointExtension>
        </extensions>
      </trkpt>
      <trkpt lat="24.4886988960206508636474609375" lon="118.10409813188016414642333984375">
        <ele>5.400000095367431640625</ele>
        <time>2025-05-03T13:09:17.000Z</time>
        <extensions>
          <ns3:TrackPointExtension>
            <ns3:hr>127</ns3:hr>
          </ns3:TrackPointExtension>
        </extensions>
      </trkpt>
      <trkpt lat="24.488720186054706573486328125" lon="118.10408941470086574554443359375">
        <ele>5.599999904632568359375</ele>
        <time>2025-05-03T13:09:18.000Z</time>
        <extensions>
          <ns3:TrackPointExtension>
            <ns3:hr>127</ns3:hr>
          </ns3:TrackPointExtension>
        </extensions>
      </trkpt>
      <trkpt lat="24.48874122463166713714599609375" lon="118.10407918877899646759033203125">
        <ele>6</ele>
        <time>2025-05-03T13:09:19.000Z</time>
        <extensions>
          <ns3:TrackPointExtension>
            <ns3:hr>127</ns3:hr>
          </ns3:TrackPointExtension>
        </extensions>
      </trkpt>
      <trkpt lat="24.48876167647540569305419921875" lon="118.10406871140003204345703125">
        <ele>6.400000095367431640625</ele>
        <time>2025-05-03T13:09:20.000Z</time>
        <extensions>
          <ns3:TrackPointExtension>
            <ns3:hr>127</ns3:hr>
          </ns3:TrackPointExtension>
        </extensions>
      </trkpt>
      <trkpt lat="24.488781876862049102783203125" lon="118.104058317840099334716796875">
        <ele>6.80000019073486328125</ele>
        <time>2025-05-03T13:09:21.000Z</time>
        <extensions>
          <ns3:TrackPointExtension>
            <ns3:hr>127</ns3:hr>
          </ns3:TrackPointExtension>
        </extensions>
      </trkpt>
      <trkpt lat="24.48880241252481937408447265625" lon="118.104049265384674072265625">
        <ele>7.19999980926513671875</ele>
        <time>2025-05-03T13:09:22.000Z</time>
        <extensions>
          <ns3:TrackPointExtension>
            <ns3:hr>127</ns3:hr>
          </ns3:TrackPointExtension>
        </extensions>
      </trkpt>
      <trkpt lat="24.48882437311112880706787109375" lon="118.10404130257666110992431640625">
        <ele>7.599999904632568359375</ele>
        <time>2025-05-03T13:09:23.000Z</time>
        <extensions>
          <ns3:TrackPointExtension>
            <ns3:hr>127</ns3:hr>
          </ns3:TrackPointExtension>
        </extensions>
      </trkpt>
      <trkpt lat="24.488846920430660247802734375" lon="118.10403442941606044769287109375">
        <ele>7.80000019073486328125</ele>
        <time>2025-05-03T13:09:24.000Z</time>
        <extensions>
          <ns3:TrackPointExtension>
            <ns3:hr>127</ns3:hr>
          </ns3:TrackPointExtension>
        </extensions>
      </trkpt>
      <trkpt lat="24.48886913247406482696533203125" lon="118.10402847826480865478515625">
        <ele>8</ele>
        <time>2025-05-03T13:09:25.000Z</time>
        <extensions>
          <ns3:TrackPointExtension>
            <ns3:hr>127</ns3:hr>
          </ns3:TrackPointExtension>
        </extensions>
      </trkpt>
      <trkpt lat="24.488891176879405975341796875" lon="118.10402202419936656951904296875">
        <ele>8.3999996185302734375</ele>
        <time>2025-05-03T13:09:26.000Z</time>
        <extensions>
          <ns3:TrackPointExtension>
            <ns3:hr>126</ns3:hr>
          </ns3:TrackPointExtension>
        </extensions>
      </trkpt>
      <trkpt lat="24.488913305103778839111328125" lon="118.10401448048651218414306640625">
        <ele>8.6000003814697265625</ele>
        <time>2025-05-03T13:09:27.000Z</time>
        <extensions>
          <ns3:TrackPointExtension>
            <ns3:hr>126</ns3:hr>
          </ns3:TrackPointExtension>
        </extensions>
      </trkpt>
      <trkpt lat="24.48893467895686626434326171875" lon="118.10400676913559436798095703125">
        <ele>8.80000019073486328125</ele>
        <time>2025-05-03T13:09:28.000Z</time>
        <extensions>
          <ns3:TrackPointExtension>
            <ns3:hr>126</ns3:hr>
          </ns3:TrackPointExtension>
        </extensions>
      </trkpt>
      <trkpt lat="24.48895496316254138946533203125" lon="118.103999309241771697998046875">
        <ele>9</ele>
        <time>2025-05-03T13:09:29.000Z</time>
        <extensions>
          <ns3:TrackPointExtension>
            <ns3:hr>126</ns3:hr>
          </ns3:TrackPointExtension>
        </extensions>
      </trkpt>
      <trkpt lat="24.48897524736821651458740234375" lon="118.1039910949766635894775390625">
        <ele>9.19999980926513671875</ele>
        <time>2025-05-03T13:09:30.000Z</time>
        <extensions>
          <ns3:TrackPointExtension>
            <ns3:hr>126</ns3:hr>
          </ns3:TrackPointExtension>
        </extensions>
      </trkpt>
      <trkpt lat="24.48899586685001850128173828125" lon="118.10398246161639690399169921875">
        <ele>9.3999996185302734375</ele>
        <time>2025-05-03T13:09:31.000Z</time>
        <extensions>
          <ns3:TrackPointExtension>
            <ns3:hr>125</ns3:hr>
          </ns3:TrackPointExtension>
        </extensions>
      </trkpt>
      <trkpt lat="24.48901715688407421112060546875" lon="118.1039733253419399261474609375">
        <ele>9.3999996185302734375</ele>
        <time>2025-05-03T13:09:32.000Z</time>
        <extensions>
          <ns3:TrackPointExtension>
            <ns3:hr>125</ns3:hr>
          </ns3:TrackPointExtension>
        </extensions>
      </trkpt>
      <trkpt lat="24.48903794400393962860107421875" lon="118.1039652787148952484130859375">
        <ele>9.3999996185302734375</ele>
        <time>2025-05-03T13:09:33.000Z</time>
        <extensions>
          <ns3:TrackPointExtension>
            <ns3:hr>125</ns3:hr>
          </ns3:TrackPointExtension>
        </extensions>
      </trkpt>
      <trkpt lat="24.48905847966670989990234375" lon="118.10395798645913600921630859375">
        <ele>9.6000003814697265625</ele>
        <time>2025-05-03T13:09:34.000Z</time>
        <extensions>
          <ns3:TrackPointExtension>
            <ns3:hr>125</ns3:hr>
          </ns3:TrackPointExtension>
        </extensions>
      </trkpt>
      <trkpt lat="24.48907935060560703277587890625" lon="118.103950023651123046875">
        <ele>9.80000019073486328125</ele>
        <time>2025-05-03T13:09:35.000Z</time>
        <extensions>
          <ns3:TrackPointExtension>
            <ns3:hr>125</ns3:hr>
          </ns3:TrackPointExtension>
        </extensions>
      </trkpt>
      <trkpt lat="24.48910030536353588104248046875" lon="118.10394105501472949981689453125">
        <ele>10</ele>
        <time>2025-05-03T13:09:36.000Z</time>
        <extensions>
          <ns3:TrackPointExtension>
            <ns3:hr>126</ns3:hr>
          </ns3:TrackPointExtension>
        </extensions>
      </trkpt>
      <trkpt lat="24.48912126012146472930908203125" lon="118.10393284074962139129638671875">
        <ele>10.19999980926513671875</ele>
        <time>2025-05-03T13:09:37.000Z</time>
        <extensions>
          <ns3:TrackPointExtension>
            <ns3:hr>126</ns3:hr>
          </ns3:TrackPointExtension>
        </extensions>
      </trkpt>
      <trkpt lat="24.48914255015552043914794921875" lon="118.1039272248744964599609375">
        <ele>10.3999996185302734375</ele>
        <time>2025-05-03T13:09:38.000Z</time>
        <extensions>
          <ns3:TrackPointExtension>
            <ns3:hr>126</ns3:hr>
          </ns3:TrackPointExtension>
        </extensions>
      </trkpt>
      <trkpt lat="24.489164091646671295166015625" lon="118.10392227955162525177001953125">
        <ele>10.6000003814697265625</ele>
        <time>2025-05-03T13:09:39.000Z</time>
        <extensions>
          <ns3:TrackPointExtension>
            <ns3:hr>126</ns3:hr>
          </ns3:TrackPointExtension>
        </extensions>
      </trkpt>
      <trkpt lat="24.48918546549975872039794921875" lon="118.10391582548618316650390625">
        <ele>10.80000019073486328125</ele>
        <time>2025-05-03T13:09:40.000Z</time>
        <extensions>
          <ns3:TrackPointExtension>
            <ns3:hr>126</ns3:hr>
          </ns3:TrackPointExtension>
        </extensions>
      </trkpt>
      <trkpt lat="24.4892078451812267303466796875" lon="118.10390819795429706573486328125">
        <ele>11</ele>
        <time>2025-05-03T13:09:41.000Z</time>
        <extensions>
          <ns3:TrackPointExtension>
            <ns3:hr>127</ns3:hr>
          </ns3:TrackPointExtension>
        </extensions>
      </trkpt>
      <trkpt lat="24.4892309792339801788330078125" lon="118.10390115715563297271728515625">
        <ele>11.19999980926513671875</ele>
        <time>2025-05-03T13:09:42.000Z</time>
        <extensions>
          <ns3:TrackPointExtension>
            <ns3:hr>127</ns3:hr>
          </ns3:TrackPointExtension>
        </extensions>
      </trkpt>
      <trkpt lat="24.48925386182963848114013671875" lon="118.10389461927115917205810546875">
        <ele>11.3999996185302734375</ele>
        <time>2025-05-03T13:09:43.000Z</time>
        <extensions>
          <ns3:TrackPointExtension>
            <ns3:hr>127</ns3:hr>
          </ns3:TrackPointExtension>
        </extensions>
      </trkpt>
      <trkpt lat="24.48927666060626506805419921875" lon="118.10388824902474880218505859375">
        <ele>11.3999996185302734375</ele>
        <time>2025-05-03T13:09:44.000Z</time>
        <extensions>
          <ns3:TrackPointExtension>
            <ns3:hr>127</ns3:hr>
          </ns3:TrackPointExtension>
        </extensions>
      </trkpt>
      <trkpt lat="24.4892992079257965087890625" lon="118.10388104058802127838134765625">
        <ele>11</ele>
        <time>2025-05-03T13:09:45.000Z</time>
        <extensions>
          <ns3:TrackPointExtension>
            <ns3:hr>127</ns3:hr>
          </ns3:TrackPointExtension>
        </extensions>
      </trkpt>
      <trkpt lat="24.4893204979598522186279296875" lon="118.1038727425038814544677734375">
        <ele>10.6000003814697265625</ele>
        <time>2025-05-03T13:09:46.000Z</time>
        <extensions>
          <ns3:TrackPointExtension>
            <ns3:hr>127</ns3:hr>
          </ns3:TrackPointExtension>
        </extensions>
      </trkpt>
      <trkpt lat="24.4893421232700347900390625" lon="118.1038630194962024688720703125">
        <ele>10</ele>
        <time>2025-05-03T13:09:47.000Z</time>
        <extensions>
          <ns3:TrackPointExtension>
            <ns3:hr>127</ns3:hr>
          </ns3:TrackPointExtension>
        </extensions>
      </trkpt>
      <trkpt lat="24.4893640838563442230224609375" lon="118.10385279357433319091796875">
        <ele>9.6000003814697265625</ele>
        <time>2025-05-03T13:09:48.000Z</time>
        <extensions>
          <ns3:TrackPointExtension>
            <ns3:hr>127</ns3:hr>
          </ns3:TrackPointExtension>
        </extensions>
      </trkpt>
      <trkpt lat="24.48938579298555850982666015625" lon="118.10384298674762248992919921875">
        <ele>9</ele>
        <time>2025-05-03T13:09:49.000Z</time>
        <extensions>
          <ns3:TrackPointExtension>
            <ns3:hr>127</ns3:hr>
          </ns3:TrackPointExtension>
        </extensions>
      </trkpt>
      <trkpt lat="24.48940842412412166595458984375" lon="118.10383401811122894287109375">
        <ele>8.6000003814697265625</ele>
        <time>2025-05-03T13:09:50.000Z</time>
        <extensions>
          <ns3:TrackPointExtension>
            <ns3:hr>128</ns3:hr>
          </ns3:TrackPointExtension>
        </extensions>
      </trkpt>
      <trkpt lat="24.48943172581493854522705078125" lon="118.1038254685699939727783203125">
        <ele>8</ele>
        <time>2025-05-03T13:09:51.000Z</time>
        <extensions>
          <ns3:TrackPointExtension>
            <ns3:hr>128</ns3:hr>
          </ns3:TrackPointExtension>
        </extensions>
      </trkpt>
      <trkpt lat="24.4894542731344699859619140625" lon="118.103816248476505279541015625">
        <ele>7.599999904632568359375</ele>
        <time>2025-05-03T13:09:52.000Z</time>
        <extensions>
          <ns3:TrackPointExtension>
            <ns3:hr>128</ns3:hr>
          </ns3:TrackPointExtension>
        </extensions>
      </trkpt>
      <trkpt lat="24.489475227892398834228515625" lon="118.1038066931068897247314453125">
        <ele>7.400000095367431640625</ele>
        <time>2025-05-03T13:09:53.000Z</time>
        <extensions>
          <ns3:TrackPointExtension>
            <ns3:hr>128</ns3:hr>
          </ns3:TrackPointExtension>
        </extensions>
      </trkpt>
      <trkpt lat="24.4894958473742008209228515625" lon="118.10379537753760814666748046875">
        <ele>7.19999980926513671875</ele>
        <time>2025-05-03T13:09:54.000Z</time>
        <extensions>
          <ns3:TrackPointExtension>
            <ns3:hr>130</ns3:hr>
          </ns3:TrackPointExtension>
        </extensions>
      </trkpt>
      <trkpt lat="24.48951705358922481536865234375" lon="118.1037825532257556915283203125">
        <ele>6.80000019073486328125</ele>
        <time>2025-05-03T13:09:55.000Z</time>
        <extensions>
          <ns3:TrackPointExtension>
            <ns3:hr>130</ns3:hr>
          </ns3:TrackPointExtension>
        </extensions>
      </trkpt>
      <trkpt lat="24.489537589251995086669921875" lon="118.10376972891390323638916015625">
        <ele>6.599999904632568359375</ele>
        <time>2025-05-03T13:09:56.000Z</time>
        <extensions>
          <ns3:TrackPointExtension>
            <ns3:hr>130</ns3:hr>
          </ns3:TrackPointExtension>
        </extensions>
      </trkpt>
      <trkpt lat="24.489557705819606781005859375" lon="118.10375623404979705810546875">
        <ele>6.400000095367431640625</ele>
        <time>2025-05-03T13:09:57.000Z</time>
        <extensions>
          <ns3:TrackPointExtension>
            <ns3:hr>130</ns3:hr>
          </ns3:TrackPointExtension>
        </extensions>
      </trkpt>
      <trkpt lat="24.4895769841969013214111328125" lon="118.1037406437098979949951171875">
        <ele>6.19999980926513671875</ele>
        <time>2025-05-03T13:09:58.000Z</time>
        <extensions>
          <ns3:TrackPointExtension>
            <ns3:hr>130</ns3:hr>
          </ns3:TrackPointExtension>
        </extensions>
      </trkpt>
      <trkpt lat="24.48959416709840297698974609375" lon="118.10372312553226947784423828125">
        <ele>6</ele>
        <time>2025-05-03T13:09:59.000Z</time>
        <extensions>
          <ns3:TrackPointExtension>
            <ns3:hr>130</ns3:hr>
          </ns3:TrackPointExtension>
        </extensions>
      </trkpt>
      <trkpt lat="24.48960967361927032470703125" lon="118.1037054397165775299072265625">
        <ele>6</ele>
        <time>2025-05-03T13:10:00.000Z</time>
        <extensions>
          <ns3:TrackPointExtension>
            <ns3:hr>130</ns3:hr>
          </ns3:TrackPointExtension>
        </extensions>
      </trkpt>
      <trkpt lat="24.489624090492725372314453125" lon="118.1036873348057270050048828125">
        <ele>5.80000019073486328125</ele>
        <time>2025-05-03T13:10:01.000Z</time>
        <extensions>
          <ns3:TrackPointExtension>
            <ns3:hr>131</ns3:hr>
          </ns3:TrackPointExtension>
        </extensions>
      </trkpt>
      <trkpt lat="24.4896369986236095428466796875" lon="118.10366814024746417999267578125">
        <ele>5.80000019073486328125</ele>
        <time>2025-05-03T13:10:02.000Z</time>
        <extensions>
          <ns3:TrackPointExtension>
            <ns3:hr>131</ns3:hr>
          </ns3:TrackPointExtension>
        </extensions>
      </trkpt>
      <trkpt lat="24.4896490685641765594482421875" lon="118.10364601202309131622314453125">
        <ele>5.599999904632568359375</ele>
        <time>2025-05-03T13:10:03.000Z</time>
        <extensions>
          <ns3:TrackPointExtension>
            <ns3:hr>131</ns3:hr>
          </ns3:TrackPointExtension>
        </extensions>
      </trkpt>
      <trkpt lat="24.4896614737808704376220703125" lon="118.1036216206848621368408203125">
        <ele>5.599999904632568359375</ele>
        <time>2025-05-03T13:10:04.000Z</time>
        <extensions>
          <ns3:TrackPointExtension>
            <ns3:hr>131</ns3:hr>
          </ns3:TrackPointExtension>
        </extensions>
      </trkpt>
      <trkpt lat="24.48967278935015201568603515625" lon="118.1035973131656646728515625">
        <ele>5.599999904632568359375</ele>
        <time>2025-05-03T13:10:05.000Z</time>
        <extensions>
          <ns3:TrackPointExtension>
            <ns3:hr>131</ns3:hr>
          </ns3:TrackPointExtension>
        </extensions>
      </trkpt>
      <trkpt lat="24.4896827638149261474609375" lon="118.1035740114748477935791015625">
        <ele>5.599999904632568359375</ele>
        <time>2025-05-03T13:10:06.000Z</time>
        <extensions>
          <ns3:TrackPointExtension>
            <ns3:hr>131</ns3:hr>
          </ns3:TrackPointExtension>
        </extensions>
      </trkpt>
      <trkpt lat="24.48969139717519283294677734375" lon="118.1035508774220943450927734375">
        <ele>5.599999904632568359375</ele>
        <time>2025-05-03T13:10:07.000Z</time>
        <extensions>
          <ns3:TrackPointExtension>
            <ns3:hr>131</ns3:hr>
          </ns3:TrackPointExtension>
        </extensions>
      </trkpt>
      <trkpt lat="24.4896976836025714874267578125" lon="118.1035277433693408966064453125">
        <ele>5.400000095367431640625</ele>
        <time>2025-05-03T13:10:08.000Z</time>
        <extensions>
          <ns3:TrackPointExtension>
            <ns3:hr>132</ns3:hr>
          </ns3:TrackPointExtension>
        </extensions>
      </trkpt>
      <trkpt lat="24.489702545106410980224609375" lon="118.10350435785949230194091796875">
        <ele>5.400000095367431640625</ele>
        <time>2025-05-03T13:10:09.000Z</time>
        <extensions>
          <ns3:TrackPointExtension>
            <ns3:hr>133</ns3:hr>
          </ns3:TrackPointExtension>
        </extensions>
      </trkpt>
      <trkpt lat="24.48970623314380645751953125" lon="118.10348021797835826873779296875">
        <ele>5.400000095367431640625</ele>
        <time>2025-05-03T13:10:10.000Z</time>
        <extensions>
          <ns3:TrackPointExtension>
            <ns3:hr>133</ns3:hr>
          </ns3:TrackPointExtension>
        </extensions>
      </trkpt>
      <trkpt lat="24.48970891535282135009765625" lon="118.10345641337335109710693359375">
        <ele>5.400000095367431640625</ele>
        <time>2025-05-03T13:10:11.000Z</time>
        <extensions>
          <ns3:TrackPointExtension>
            <ns3:hr>133</ns3:hr>
          </ns3:TrackPointExtension>
        </extensions>
      </trkpt>
      <trkpt lat="24.48971025645732879638671875" lon="118.1034318543970584869384765625">
        <ele>5.400000095367431640625</ele>
        <time>2025-05-03T13:10:12.000Z</time>
        <extensions>
          <ns3:TrackPointExtension>
            <ns3:hr>133</ns3:hr>
          </ns3:TrackPointExtension>
        </extensions>
      </trkpt>
      <trkpt lat="24.4897104240953922271728515625" lon="118.1034068763256072998046875">
        <ele>5.400000095367431640625</ele>
        <time>2025-05-03T13:10:13.000Z</time>
        <extensions>
          <ns3:TrackPointExtension>
            <ns3:hr>133</ns3:hr>
          </ns3:TrackPointExtension>
        </extensions>
      </trkpt>
      <trkpt lat="24.48970899917185306549072265625" lon="118.103382401168346405029296875">
        <ele>5.400000095367431640625</ele>
        <time>2025-05-03T13:10:14.000Z</time>
        <extensions>
          <ns3:TrackPointExtension>
            <ns3:hr>133</ns3:hr>
          </ns3:TrackPointExtension>
        </extensions>
      </trkpt>
      <trkpt lat="24.48970614932477474212646484375" lon="118.103358261287212371826171875">
        <ele>5.599999904632568359375</ele>
        <time>2025-05-03T13:10:15.000Z</time>
        <extensions>
          <ns3:TrackPointExtension>
            <ns3:hr>133</ns3:hr>
          </ns3:TrackPointExtension>
        </extensions>
      </trkpt>
      <trkpt lat="24.48970229364931583404541015625" lon="118.10333370231091976165771484375">
        <ele>5.599999904632568359375</ele>
        <time>2025-05-03T13:10:16.000Z</time>
        <extensions>
          <ns3:TrackPointExtension>
            <ns3:hr>133</ns3:hr>
          </ns3:TrackPointExtension>
        </extensions>
      </trkpt>
      <trkpt lat="24.48969726450741291046142578125" lon="118.10330939479172229766845703125">
        <ele>5.80000019073486328125</ele>
        <time>2025-05-03T13:10:17.000Z</time>
        <extensions>
          <ns3:TrackPointExtension>
            <ns3:hr>133</ns3:hr>
          </ns3:TrackPointExtension>
        </extensions>
      </trkpt>
      <trkpt lat="24.4896906428039073944091796875" lon="118.10328676365315914154052734375">
        <ele>5.80000019073486328125</ele>
        <time>2025-05-03T13:10:18.000Z</time>
        <extensions>
          <ns3:TrackPointExtension>
            <ns3:hr>132</ns3:hr>
          </ns3:TrackPointExtension>
        </extensions>
      </trkpt>
      <trkpt lat="24.48968209326267242431640625" lon="118.1032645516097545623779296875">
        <ele>6</ele>
        <time>2025-05-03T13:10:19.000Z</time>
        <extensions>
          <ns3:TrackPointExtension>
            <ns3:hr>132</ns3:hr>
          </ns3:TrackPointExtension>
        </extensions>
      </trkpt>
      <trkpt lat="24.48967228643596172332763671875" lon="118.10324150137603282928466796875">
        <ele>6</ele>
        <time>2025-05-03T13:10:20.000Z</time>
        <extensions>
          <ns3:TrackPointExtension>
            <ns3:hr>132</ns3:hr>
          </ns3:TrackPointExtension>
        </extensions>
      </trkpt>
      <trkpt lat="24.4896613061428070068359375" lon="118.10321903787553310394287109375">
        <ele>6.19999980926513671875</ele>
        <time>2025-05-03T13:10:21.000Z</time>
        <extensions>
          <ns3:TrackPointExtension>
            <ns3:hr>132</ns3:hr>
          </ns3:TrackPointExtension>
        </extensions>
      </trkpt>
      <trkpt lat="24.489649236202239990234375" lon="118.10319892130792140960693359375">
        <ele>6.400000095367431640625</ele>
        <time>2025-05-03T13:10:22.000Z</time>
        <extensions>
          <ns3:TrackPointExtension>
            <ns3:hr>132</ns3:hr>
          </ns3:TrackPointExtension>
        </extensions>
      </trkpt>
      <trkpt lat="24.48963557370007038116455078125" lon="118.10317947529256343841552734375">
        <ele>6.400000095367431640625</ele>
        <time>2025-05-03T13:10:23.000Z</time>
        <extensions>
          <ns3:TrackPointExtension>
            <ns3:hr>133</ns3:hr>
          </ns3:TrackPointExtension>
        </extensions>
      </trkpt>
      <trkpt lat="24.4896205700933933258056640625" lon="118.1031606160104274749755859375">
        <ele>6.599999904632568359375</ele>
        <time>2025-05-03T13:10:24.000Z</time>
        <extensions>
          <ns3:TrackPointExtension>
            <ns3:hr>133</ns3:hr>
          </ns3:TrackPointExtension>
        </extensions>
      </trkpt>
      <trkpt lat="24.48960472829639911651611328125" lon="118.10314293019473552703857421875">
        <ele>6.599999904632568359375</ele>
        <time>2025-05-03T13:10:25.000Z</time>
        <extensions>
          <ns3:TrackPointExtension>
            <ns3:hr>133</ns3:hr>
          </ns3:TrackPointExtension>
        </extensions>
      </trkpt>
      <trkpt lat="24.48958796449005603790283203125" lon="118.10312566347420215606689453125">
        <ele>6.80000019073486328125</ele>
        <time>2025-05-03T13:10:26.000Z</time>
        <extensions>
          <ns3:TrackPointExtension>
            <ns3:hr>133</ns3:hr>
          </ns3:TrackPointExtension>
        </extensions>
      </trkpt>
      <trkpt lat="24.4895701110363006591796875" lon="118.1031096540391445159912109375">
        <ele>7</ele>
        <time>2025-05-03T13:10:27.000Z</time>
        <extensions>
          <ns3:TrackPointExtension>
            <ns3:hr>133</ns3:hr>
          </ns3:TrackPointExtension>
        </extensions>
      </trkpt>
      <trkpt lat="24.48955125175416469573974609375" lon="118.10309481807053089141845703125">
        <ele>7</ele>
        <time>2025-05-03T13:10:28.000Z</time>
        <extensions>
          <ns3:TrackPointExtension>
            <ns3:hr>133</ns3:hr>
          </ns3:TrackPointExtension>
        </extensions>
      </trkpt>
      <trkpt lat="24.4895323924720287322998046875" lon="118.10308073647320270538330078125">
        <ele>7.19999980926513671875</ele>
        <time>2025-05-03T13:10:29.000Z</time>
        <extensions>
          <ns3:TrackPointExtension>
            <ns3:hr>133</ns3:hr>
          </ns3:TrackPointExtension>
        </extensions>
      </trkpt>
      <trkpt lat="24.48951303027570247650146484375" lon="118.10306833125650882720947265625">
        <ele>7.19999980926513671875</ele>
        <time>2025-05-03T13:10:30.000Z</time>
        <extensions>
          <ns3:TrackPointExtension>
            <ns3:hr>133</ns3:hr>
          </ns3:TrackPointExtension>
        </extensions>
      </trkpt>
      <trkpt lat="24.48949291370809078216552734375" lon="118.10305777005851268768310546875">
        <ele>7.400000095367431640625</ele>
        <time>2025-05-03T13:10:31.000Z</time>
        <extensions>
          <ns3:TrackPointExtension>
            <ns3:hr>133</ns3:hr>
          </ns3:TrackPointExtension>
        </extensions>
      </trkpt>
      <trkpt lat="24.48947128839790821075439453125" lon="118.1030489690601825714111328125">
        <ele>7.599999904632568359375</ele>
        <time>2025-05-03T13:10:32.000Z</time>
        <extensions>
          <ns3:TrackPointExtension>
            <ns3:hr>133</ns3:hr>
          </ns3:TrackPointExtension>
        </extensions>
      </trkpt>
      <trkpt lat="24.48944916017353534698486328125" lon="118.1030415929853916168212890625">
        <ele>7.599999904632568359375</ele>
        <time>2025-05-03T13:10:33.000Z</time>
        <extensions>
          <ns3:TrackPointExtension>
            <ns3:hr>133</ns3:hr>
          </ns3:TrackPointExtension>
        </extensions>
      </trkpt>
      <trkpt lat="24.48942753486335277557373046875" lon="118.10303580947220325469970703125">
        <ele>7.80000019073486328125</ele>
        <time>2025-05-03T13:10:34.000Z</time>
        <extensions>
          <ns3:TrackPointExtension>
            <ns3:hr>131</ns3:hr>
          </ns3:TrackPointExtension>
        </extensions>
      </trkpt>
      <trkpt lat="24.4894053228199481964111328125" lon="118.10303111560642719268798828125">
        <ele>7.80000019073486328125</ele>
        <time>2025-05-03T13:10:35.000Z</time>
        <extensions>
          <ns3:TrackPointExtension>
            <ns3:hr>131</ns3:hr>
          </ns3:TrackPointExtension>
        </extensions>
      </trkpt>
      <trkpt lat="24.4893821887671947479248046875" lon="118.10302759520709514617919921875">
        <ele>8</ele>
        <time>2025-05-03T13:10:36.000Z</time>
        <extensions>
          <ns3:TrackPointExtension>
            <ns3:hr>131</ns3:hr>
          </ns3:TrackPointExtension>
        </extensions>
      </trkpt>
      <trkpt lat="24.48935897089540958404541015625" lon="118.103025667369365692138671875">
        <ele>8</ele>
        <time>2025-05-03T13:10:37.000Z</time>
        <extensions>
          <ns3:TrackPointExtension>
            <ns3:hr>131</ns3:hr>
          </ns3:TrackPointExtension>
        </extensions>
      </trkpt>
      <trkpt lat="24.4893362559378147125244140625" lon="118.10302491299808025360107421875">
        <ele>8</ele>
        <time>2025-05-03T13:10:38.000Z</time>
        <extensions>
          <ns3:TrackPointExtension>
            <ns3:hr>131</ns3:hr>
          </ns3:TrackPointExtension>
        </extensions>
      </trkpt>
      <trkpt lat="24.4893134571611881256103515625" lon="118.10302558355033397674560546875">
        <ele>8.19999980926513671875</ele>
        <time>2025-05-03T13:10:39.000Z</time>
        <extensions>
          <ns3:TrackPointExtension>
            <ns3:hr>131</ns3:hr>
          </ns3:TrackPointExtension>
        </extensions>
      </trkpt>
      <trkpt lat="24.4892909936606884002685546875" lon="118.10302801430225372314453125">
        <ele>8.19999980926513671875</ele>
        <time>2025-05-03T13:10:40.000Z</time>
        <extensions>
          <ns3:TrackPointExtension>
            <ns3:hr>131</ns3:hr>
          </ns3:TrackPointExtension>
        </extensions>
      </trkpt>
      <trkpt lat="24.4892681948840618133544921875" lon="118.1030322052538394927978515625">
        <ele>8.19999980926513671875</ele>
        <time>2025-05-03T13:10:41.000Z</time>
        <extensions>
          <ns3:TrackPointExtension>
            <ns3:hr>131</ns3:hr>
          </ns3:TrackPointExtension>
        </extensions>
      </trkpt>
      <trkpt lat="24.48924489319324493408203125" lon="118.1030368991196155548095703125">
        <ele>8.3999996185302734375</ele>
        <time>2025-05-03T13:10:42.000Z</time>
        <extensions>
          <ns3:TrackPointExtension>
            <ns3:hr>130</ns3:hr>
          </ns3:TrackPointExtension>
        </extensions>
      </trkpt>
      <trkpt lat="24.48922201059758663177490234375" lon="118.10304234735667705535888671875">
        <ele>8.3999996185302734375</ele>
        <time>2025-05-03T13:10:43.000Z</time>
        <extensions>
          <ns3:TrackPointExtension>
            <ns3:hr>130</ns3:hr>
          </ns3:TrackPointExtension>
        </extensions>
      </trkpt>
      <trkpt lat="24.489200972020626068115234375" lon="118.10304871760308742523193359375">
        <ele>8.3999996185302734375</ele>
        <time>2025-05-03T13:10:44.000Z</time>
        <extensions>
          <ns3:TrackPointExtension>
            <ns3:hr>130</ns3:hr>
          </ns3:TrackPointExtension>
        </extensions>
      </trkpt>
      <trkpt lat="24.48918052017688751220703125" lon="118.10305617749691009521484375">
        <ele>8.19999980926513671875</ele>
        <time>2025-05-03T13:10:45.000Z</time>
        <extensions>
          <ns3:TrackPointExtension>
            <ns3:hr>130</ns3:hr>
          </ns3:TrackPointExtension>
        </extensions>
      </trkpt>
      <trkpt lat="24.489159397780895233154296875" lon="118.103065229952335357666015625">
        <ele>8</ele>
        <time>2025-05-03T13:10:46.000Z</time>
        <extensions>
          <ns3:TrackPointExtension>
            <ns3:hr>130</ns3:hr>
          </ns3:TrackPointExtension>
        </extensions>
      </trkpt>
      <trkpt lat="24.4891382753849029541015625" lon="118.103074617683887481689453125">
        <ele>7.80000019073486328125</ele>
        <time>2025-05-03T13:10:47.000Z</time>
        <extensions>
          <ns3:TrackPointExtension>
            <ns3:hr>130</ns3:hr>
          </ns3:TrackPointExtension>
        </extensions>
      </trkpt>
      <trkpt lat="24.48911614716053009033203125" lon="118.10308492742478847503662109375">
        <ele>7.599999904632568359375</ele>
        <time>2025-05-03T13:10:48.000Z</time>
        <extensions>
          <ns3:TrackPointExtension>
            <ns3:hr>130</ns3:hr>
          </ns3:TrackPointExtension>
        </extensions>
      </trkpt>
      <trkpt lat="24.48909309692680835723876953125" lon="118.10309498570859432220458984375">
        <ele>7.400000095367431640625</ele>
        <time>2025-05-03T13:10:49.000Z</time>
        <extensions>
          <ns3:TrackPointExtension>
            <ns3:hr>130</ns3:hr>
          </ns3:TrackPointExtension>
        </extensions>
      </trkpt>
      <trkpt lat="24.4890703819692134857177734375" lon="118.1031039543449878692626953125">
        <ele>7.19999980926513671875</ele>
        <time>2025-05-03T13:10:50.000Z</time>
        <extensions>
          <ns3:TrackPointExtension>
            <ns3:hr>130</ns3:hr>
          </ns3:TrackPointExtension>
        </extensions>
      </trkpt>
      <trkpt lat="24.48904850520193576812744140625" lon="118.10311242006719112396240234375">
        <ele>7.19999980926513671875</ele>
        <time>2025-05-03T13:10:51.000Z</time>
        <extensions>
          <ns3:TrackPointExtension>
            <ns3:hr>130</ns3:hr>
          </ns3:TrackPointExtension>
        </extensions>
      </trkpt>
      <trkpt lat="24.48902637697756290435791015625" lon="118.1031213887035846710205078125">
        <ele>7</ele>
        <time>2025-05-03T13:10:52.000Z</time>
        <extensions>
          <ns3:TrackPointExtension>
            <ns3:hr>130</ns3:hr>
          </ns3:TrackPointExtension>
        </extensions>
      </trkpt>
      <trkpt lat="24.48900357820093631744384765625" lon="118.10313069261610507965087890625">
        <ele>7</ele>
        <time>2025-05-03T13:10:53.000Z</time>
        <extensions>
          <ns3:TrackPointExtension>
            <ns3:hr>130</ns3:hr>
          </ns3:TrackPointExtension>
        </extensions>
      </trkpt>
      <trkpt lat="24.48898094706237316131591796875" lon="118.1031394936144351959228515625">
        <ele>7.19999980926513671875</ele>
        <time>2025-05-03T13:10:54.000Z</time>
        <extensions>
          <ns3:TrackPointExtension>
            <ns3:hr>130</ns3:hr>
          </ns3:TrackPointExtension>
        </extensions>
      </trkpt>
      <trkpt lat="24.48895848356187343597412109375" lon="118.10314762406051158905029296875">
        <ele>7.400000095367431640625</ele>
        <time>2025-05-03T13:10:55.000Z</time>
        <extensions>
          <ns3:TrackPointExtension>
            <ns3:hr>130</ns3:hr>
          </ns3:TrackPointExtension>
        </extensions>
      </trkpt>
      <trkpt lat="24.488935768604278564453125" lon="118.10315667651593685150146484375">
        <ele>7.400000095367431640625</ele>
        <time>2025-05-03T13:10:56.000Z</time>
        <extensions>
          <ns3:TrackPointExtension>
            <ns3:hr>130</ns3:hr>
          </ns3:TrackPointExtension>
        </extensions>
      </trkpt>
      <trkpt lat="24.48891372419893741607666015625" lon="118.1031663157045841217041015625">
        <ele>7.599999904632568359375</ele>
        <time>2025-05-03T13:10:57.000Z</time>
        <extensions>
          <ns3:TrackPointExtension>
            <ns3:hr>130</ns3:hr>
          </ns3:TrackPointExtension>
        </extensions>
      </trkpt>
      <trkpt lat="24.48889209888875484466552734375" lon="118.1031757034361362457275390625">
        <ele>7.80000019073486328125</ele>
        <time>2025-05-03T13:10:58.000Z</time>
        <extensions>
          <ns3:TrackPointExtension>
            <ns3:hr>131</ns3:hr>
          </ns3:TrackPointExtension>
        </extensions>
      </trkpt>
      <trkpt lat="24.48887013830244541168212890625" lon="118.10318450443446636199951171875">
        <ele>8</ele>
        <time>2025-05-03T13:10:59.000Z</time>
        <extensions>
          <ns3:TrackPointExtension>
            <ns3:hr>131</ns3:hr>
          </ns3:TrackPointExtension>
        </extensions>
      </trkpt>
      <trkpt lat="24.4888477586209774017333984375" lon="118.10319238342344760894775390625">
        <ele>8</ele>
        <time>2025-05-03T13:11:00.000Z</time>
        <extensions>
          <ns3:TrackPointExtension>
            <ns3:hr>131</ns3:hr>
          </ns3:TrackPointExtension>
        </extensions>
      </trkpt>
      <trkpt lat="24.48882487602531909942626953125" lon="118.1031998433172702789306640625">
        <ele>8.19999980926513671875</ele>
        <time>2025-05-03T13:11:01.000Z</time>
        <extensions>
          <ns3:TrackPointExtension>
            <ns3:hr>131</ns3:hr>
          </ns3:TrackPointExtension>
        </extensions>
      </trkpt>
      <trkpt lat="24.48880140669643878936767578125" lon="118.10320797376334667205810546875">
        <ele>8.19999980926513671875</ele>
        <time>2025-05-03T13:11:02.000Z</time>
        <extensions>
          <ns3:TrackPointExtension>
            <ns3:hr>131</ns3:hr>
          </ns3:TrackPointExtension>
        </extensions>
      </trkpt>
      <trkpt lat="24.48877827264368534088134765625" lon="118.1032162718474864959716796875">
        <ele>8</ele>
        <time>2025-05-03T13:11:03.000Z</time>
        <extensions>
          <ns3:TrackPointExtension>
            <ns3:hr>131</ns3:hr>
          </ns3:TrackPointExtension>
        </extensions>
      </trkpt>
      <trkpt lat="24.488756395876407623291015625" lon="118.10322339646518230438232421875">
        <ele>7.80000019073486328125</ele>
        <time>2025-05-03T13:11:04.000Z</time>
        <extensions>
          <ns3:TrackPointExtension>
            <ns3:hr>131</ns3:hr>
          </ns3:TrackPointExtension>
        </extensions>
      </trkpt>
      <trkpt lat="24.488734938204288482666015625" lon="118.10323043726384639739990234375">
        <ele>7.599999904632568359375</ele>
        <time>2025-05-03T13:11:05.000Z</time>
        <extensions>
          <ns3:TrackPointExtension>
            <ns3:hr>134</ns3:hr>
          </ns3:TrackPointExtension>
        </extensions>
      </trkpt>
      <trkpt lat="24.48871314525604248046875" lon="118.10323814861476421356201171875">
        <ele>7.599999904632568359375</ele>
        <time>2025-05-03T13:11:06.000Z</time>
        <extensions>
          <ns3:TrackPointExtension>
            <ns3:hr>134</ns3:hr>
          </ns3:TrackPointExtension>
        </extensions>
      </trkpt>
      <trkpt lat="24.48869110085070133209228515625" lon="118.1032437644898891448974609375">
        <ele>7.599999904632568359375</ele>
        <time>2025-05-03T13:11:07.000Z</time>
        <extensions>
          <ns3:TrackPointExtension>
            <ns3:hr>134</ns3:hr>
          </ns3:TrackPointExtension>
        </extensions>
      </trkpt>
      <trkpt lat="24.48866796679794788360595703125" lon="118.10324870981276035308837890625">
        <ele>7.400000095367431640625</ele>
        <time>2025-05-03T13:11:08.000Z</time>
        <extensions>
          <ns3:TrackPointExtension>
            <ns3:hr>134</ns3:hr>
          </ns3:TrackPointExtension>
        </extensions>
      </trkpt>
      <trkpt lat="24.48864449746906757354736328125" lon="118.10325508005917072296142578125">
        <ele>7.400000095367431640625</ele>
        <time>2025-05-03T13:11:09.000Z</time>
        <extensions>
          <ns3:TrackPointExtension>
            <ns3:hr>134</ns3:hr>
          </ns3:TrackPointExtension>
        </extensions>
      </trkpt>
      <trkpt lat="24.48862253688275814056396484375" lon="118.1032625399529933929443359375">
        <ele>7.19999980926513671875</ele>
        <time>2025-05-03T13:11:10.000Z</time>
        <extensions>
          <ns3:TrackPointExtension>
            <ns3:hr>134</ns3:hr>
          </ns3:TrackPointExtension>
        </extensions>
      </trkpt>
      <trkpt lat="24.4886020012199878692626953125" lon="118.10327100567519664764404296875">
        <ele>7.19999980926513671875</ele>
        <time>2025-05-03T13:11:11.000Z</time>
        <extensions>
          <ns3:TrackPointExtension>
            <ns3:hr>134</ns3:hr>
          </ns3:TrackPointExtension>
        </extensions>
      </trkpt>
      <trkpt lat="24.48858104646205902099609375" lon="118.10327955521643161773681640625">
        <ele>7.400000095367431640625</ele>
        <time>2025-05-03T13:11:12.000Z</time>
        <extensions>
          <ns3:TrackPointExtension>
            <ns3:hr>134</ns3:hr>
          </ns3:TrackPointExtension>
        </extensions>
      </trkpt>
      <trkpt lat="24.488559253513813018798828125" lon="118.103287853300571441650390625">
        <ele>7.599999904632568359375</ele>
        <time>2025-05-03T13:11:13.000Z</time>
        <extensions>
          <ns3:TrackPointExtension>
            <ns3:hr>134</ns3:hr>
          </ns3:TrackPointExtension>
        </extensions>
      </trkpt>
      <trkpt lat="24.48853838257491588592529296875" lon="118.10329564847052097320556640625">
        <ele>7.599999904632568359375</ele>
        <time>2025-05-03T13:11:14.000Z</time>
        <extensions>
          <ns3:TrackPointExtension>
            <ns3:hr>134</ns3:hr>
          </ns3:TrackPointExtension>
        </extensions>
      </trkpt>
      <trkpt lat="24.48851742781698703765869140625" lon="118.10330319218337535858154296875">
        <ele>7.80000019073486328125</ele>
        <time>2025-05-03T13:11:15.000Z</time>
        <extensions>
          <ns3:TrackPointExtension>
            <ns3:hr>134</ns3:hr>
          </ns3:TrackPointExtension>
        </extensions>
      </trkpt>
      <trkpt lat="24.48849496431648731231689453125" lon="118.10330973006784915924072265625">
        <ele>8</ele>
        <time>2025-05-03T13:11:16.000Z</time>
        <extensions>
          <ns3:TrackPointExtension>
            <ns3:hr>135</ns3:hr>
          </ns3:TrackPointExtension>
        </extensions>
      </trkpt>
      <trkpt lat="24.4884725846350193023681640625" lon="118.10331643559038639068603515625">
        <ele>8</ele>
        <time>2025-05-03T13:11:17.000Z</time>
        <extensions>
          <ns3:TrackPointExtension>
            <ns3:hr>135</ns3:hr>
          </ns3:TrackPointExtension>
        </extensions>
      </trkpt>
      <trkpt lat="24.48845171369612216949462890625" lon="118.10332464985549449920654296875">
        <ele>8.19999980926513671875</ele>
        <time>2025-05-03T13:11:18.000Z</time>
        <extensions>
          <ns3:TrackPointExtension>
            <ns3:hr>135</ns3:hr>
          </ns3:TrackPointExtension>
        </extensions>
      </trkpt>
      <trkpt lat="24.48843042366206645965576171875" lon="118.10333420522511005401611328125">
        <ele>8.19999980926513671875</ele>
        <time>2025-05-03T13:11:19.000Z</time>
        <extensions>
          <ns3:TrackPointExtension>
            <ns3:hr>135</ns3:hr>
          </ns3:TrackPointExtension>
        </extensions>
      </trkpt>
      <trkpt lat="24.4884095527231693267822265625" lon="118.10334443114697933197021484375">
        <ele>8</ele>
        <time>2025-05-03T13:11:20.000Z</time>
        <extensions>
          <ns3:TrackPointExtension>
            <ns3:hr>135</ns3:hr>
          </ns3:TrackPointExtension>
        </extensions>
      </trkpt>
      <trkpt lat="24.48839086107909679412841796875" lon="118.10335515998303890228271484375">
        <ele>8.19999980926513671875</ele>
        <time>2025-05-03T13:11:21.000Z</time>
        <extensions>
          <ns3:TrackPointExtension>
            <ns3:hr>135</ns3:hr>
          </ns3:TrackPointExtension>
        </extensions>
      </trkpt>
      <trkpt lat="24.48837426491081714630126953125" lon="118.10336790047585964202880859375">
        <ele>8.6000003814697265625</ele>
        <time>2025-05-03T13:11:22.000Z</time>
        <extensions>
          <ns3:TrackPointExtension>
            <ns3:hr>135</ns3:hr>
          </ns3:TrackPointExtension>
        </extensions>
      </trkpt>
      <trkpt lat="24.48835850693285465240478515625" lon="118.10338332317769527435302734375">
        <ele>9</ele>
        <time>2025-05-03T13:11:23.000Z</time>
        <extensions>
          <ns3:TrackPointExtension>
            <ns3:hr>135</ns3:hr>
          </ns3:TrackPointExtension>
        </extensions>
      </trkpt>
      <trkpt lat="24.488341994583606719970703125" lon="118.10340058989822864532470703125">
        <ele>9</ele>
        <time>2025-05-03T13:11:24.000Z</time>
        <extensions>
          <ns3:TrackPointExtension>
            <ns3:hr>135</ns3:hr>
          </ns3:TrackPointExtension>
        </extensions>
      </trkpt>
      <trkpt lat="24.48832531459629535675048828125" lon="118.10341869480907917022705078125">
        <ele>9</ele>
        <time>2025-05-03T13:11:25.000Z</time>
        <extensions>
          <ns3:TrackPointExtension>
            <ns3:hr>135</ns3:hr>
          </ns3:TrackPointExtension>
        </extensions>
      </trkpt>
      <trkpt lat="24.48830905370414257049560546875" lon="118.1034372188150882720947265625">
        <ele>9</ele>
        <time>2025-05-03T13:11:26.000Z</time>
        <extensions>
          <ns3:TrackPointExtension>
            <ns3:hr>135</ns3:hr>
          </ns3:TrackPointExtension>
        </extensions>
      </trkpt>
      <trkpt lat="24.48829413391649723052978515625" lon="118.103456161916255950927734375">
        <ele>9</ele>
        <time>2025-05-03T13:11:27.000Z</time>
        <extensions>
          <ns3:TrackPointExtension>
            <ns3:hr>135</ns3:hr>
          </ns3:TrackPointExtension>
        </extensions>
      </trkpt>
      <trkpt lat="24.48828089050948619842529296875" lon="118.10347602702677249908447265625">
        <ele>9</ele>
        <time>2025-05-03T13:11:28.000Z</time>
        <extensions>
          <ns3:TrackPointExtension>
            <ns3:hr>135</ns3:hr>
          </ns3:TrackPointExtension>
        </extensions>
      </trkpt>
      <trkpt lat="24.48826856911182403564453125" lon="118.1034972332417964935302734375">
        <ele>9.19999980926513671875</ele>
        <time>2025-05-03T13:11:29.000Z</time>
        <extensions>
          <ns3:TrackPointExtension>
            <ns3:hr>135</ns3:hr>
          </ns3:TrackPointExtension>
        </extensions>
      </trkpt>
      <trkpt lat="24.488256834447383880615234375" lon="118.1035196967422962188720703125">
        <ele>9.19999980926513671875</ele>
        <time>2025-05-03T13:11:30.000Z</time>
        <extensions>
          <ns3:TrackPointExtension>
            <ns3:hr>135</ns3:hr>
          </ns3:TrackPointExtension>
        </extensions>
      </trkpt>
      <trkpt lat="24.488246105611324310302734375" lon="118.10354207642376422882080078125">
        <ele>9.19999980926513671875</ele>
        <time>2025-05-03T13:11:31.000Z</time>
        <extensions>
          <ns3:TrackPointExtension>
            <ns3:hr>135</ns3:hr>
          </ns3:TrackPointExtension>
        </extensions>
      </trkpt>
      <trkpt lat="24.4882368855178356170654296875" lon="118.10356453992426395416259765625">
        <ele>9.3999996185302734375</ele>
        <time>2025-05-03T13:11:32.000Z</time>
        <extensions>
          <ns3:TrackPointExtension>
            <ns3:hr>135</ns3:hr>
          </ns3:TrackPointExtension>
        </extensions>
      </trkpt>
      <trkpt lat="24.488229341804981231689453125" lon="118.10358717106282711029052734375">
        <ele>9.3999996185302734375</ele>
        <time>2025-05-03T13:11:33.000Z</time>
        <extensions>
          <ns3:TrackPointExtension>
            <ns3:hr>135</ns3:hr>
          </ns3:TrackPointExtension>
        </extensions>
      </trkpt>
      <trkpt lat="24.48822339065372943878173828125" lon="118.10360996983945369720458984375">
        <ele>9.3999996185302734375</ele>
        <time>2025-05-03T13:11:34.000Z</time>
        <extensions>
          <ns3:TrackPointExtension>
            <ns3:hr>135</ns3:hr>
          </ns3:TrackPointExtension>
        </extensions>
      </trkpt>
      <trkpt lat="24.48821852914988994598388671875" lon="118.10363360680639743804931640625">
        <ele>9.3999996185302734375</ele>
        <time>2025-05-03T13:11:35.000Z</time>
        <extensions>
          <ns3:TrackPointExtension>
            <ns3:hr>136</ns3:hr>
          </ns3:TrackPointExtension>
        </extensions>
      </trkpt>
      <trkpt lat="24.48821400292217731475830078125" lon="118.10365791432559490203857421875">
        <ele>9.3999996185302734375</ele>
        <time>2025-05-03T13:11:36.000Z</time>
        <extensions>
          <ns3:TrackPointExtension>
            <ns3:hr>136</ns3:hr>
          </ns3:TrackPointExtension>
        </extensions>
      </trkpt>
      <trkpt lat="24.48820964433252811431884765625" lon="118.1036823056638240814208984375">
        <ele>9.19999980926513671875</ele>
        <time>2025-05-03T13:11:37.000Z</time>
        <extensions>
          <ns3:TrackPointExtension>
            <ns3:hr>136</ns3:hr>
          </ns3:TrackPointExtension>
        </extensions>
      </trkpt>
      <trkpt lat="24.48820662684738636016845703125" lon="118.10370669700205326080322265625">
        <ele>9</ele>
        <time>2025-05-03T13:11:38.000Z</time>
        <extensions>
          <ns3:TrackPointExtension>
            <ns3:hr>136</ns3:hr>
          </ns3:TrackPointExtension>
        </extensions>
      </trkpt>
      <trkpt lat="24.488206207752227783203125" lon="118.10373075306415557861328125">
        <ele>8.80000019073486328125</ele>
        <time>2025-05-03T13:11:39.000Z</time>
        <extensions>
          <ns3:TrackPointExtension>
            <ns3:hr>136</ns3:hr>
          </ns3:TrackPointExtension>
        </extensions>
      </trkpt>
      <trkpt lat="24.48820821940898895263671875" lon="118.1037543900310993194580078125">
        <ele>8.3999996185302734375</ele>
        <time>2025-05-03T13:11:40.000Z</time>
        <extensions>
          <ns3:TrackPointExtension>
            <ns3:hr>136</ns3:hr>
          </ns3:TrackPointExtension>
        </extensions>
      </trkpt>
      <trkpt lat="24.48821249417960643768310546875" lon="118.1037785299122333526611328125">
        <ele>8</ele>
        <time>2025-05-03T13:11:41.000Z</time>
        <extensions>
          <ns3:TrackPointExtension>
            <ns3:hr>136</ns3:hr>
          </ns3:TrackPointExtension>
        </extensions>
      </trkpt>
      <trkpt lat="24.4882184453308582305908203125" lon="118.10380308888852596282958984375">
        <ele>7.599999904632568359375</ele>
        <time>2025-05-03T13:11:42.000Z</time>
        <extensions>
          <ns3:TrackPointExtension>
            <ns3:hr>136</ns3:hr>
          </ns3:TrackPointExtension>
        </extensions>
      </trkpt>
      <trkpt lat="24.488224647939205169677734375" lon="118.1038278155028820037841796875">
        <ele>7.19999980926513671875</ele>
        <time>2025-05-03T13:11:43.000Z</time>
        <extensions>
          <ns3:TrackPointExtension>
            <ns3:hr>136</ns3:hr>
          </ns3:TrackPointExtension>
        </extensions>
      </trkpt>
      <trkpt lat="24.4882308505475521087646484375" lon="118.10385145246982574462890625">
        <ele>6.80000019073486328125</ele>
        <time>2025-05-03T13:11:44.000Z</time>
        <extensions>
          <ns3:TrackPointExtension>
            <ns3:hr>136</ns3:hr>
          </ns3:TrackPointExtension>
        </extensions>
      </trkpt>
      <trkpt lat="24.4882378913462162017822265625" lon="118.1038740836083889007568359375">
        <ele>6.400000095367431640625</ele>
        <time>2025-05-03T13:11:45.000Z</time>
        <extensions>
          <ns3:TrackPointExtension>
            <ns3:hr>136</ns3:hr>
          </ns3:TrackPointExtension>
        </extensions>
      </trkpt>
      <trkpt lat="24.48824685998260974884033203125" lon="118.10389545746147632598876953125">
        <ele>6</ele>
        <time>2025-05-03T13:11:46.000Z</time>
        <extensions>
          <ns3:TrackPointExtension>
            <ns3:hr>136</ns3:hr>
          </ns3:TrackPointExtension>
        </extensions>
      </trkpt>
      <trkpt lat="24.48825742118060588836669921875" lon="118.10391657985746860504150390625">
        <ele>5.599999904632568359375</ele>
        <time>2025-05-03T13:11:47.000Z</time>
        <extensions>
          <ns3:TrackPointExtension>
            <ns3:hr>136</ns3:hr>
          </ns3:TrackPointExtension>
        </extensions>
      </trkpt>
      <trkpt lat="24.4882690720260143280029296875" lon="118.10393719933927059173583984375">
        <ele>5.19999980926513671875</ele>
        <time>2025-05-03T13:11:48.000Z</time>
        <extensions>
          <ns3:TrackPointExtension>
            <ns3:hr>136</ns3:hr>
          </ns3:TrackPointExtension>
        </extensions>
      </trkpt>
      <trkpt lat="24.48828273452818393707275390625" lon="118.10395631007850170135498046875">
        <ele>5.19999980926513671875</ele>
        <time>2025-05-03T13:11:49.000Z</time>
        <extensions>
          <ns3:TrackPointExtension>
            <ns3:hr>136</ns3:hr>
          </ns3:TrackPointExtension>
        </extensions>
      </trkpt>
      <trkpt lat="24.48829765431582927703857421875" lon="118.1039739958941936492919921875">
        <ele>5</ele>
        <time>2025-05-03T13:11:50.000Z</time>
        <extensions>
          <ns3:TrackPointExtension>
            <ns3:hr>136</ns3:hr>
          </ns3:TrackPointExtension>
        </extensions>
      </trkpt>
      <trkpt lat="24.48831341229379177093505859375" lon="118.1039907597005367279052734375">
        <ele>5</ele>
        <time>2025-05-03T13:11:51.000Z</time>
        <extensions>
          <ns3:TrackPointExtension>
            <ns3:hr>136</ns3:hr>
          </ns3:TrackPointExtension>
        </extensions>
      </trkpt>
      <trkpt lat="24.48833084665238857269287109375" lon="118.1040065176784992218017578125">
        <ele>4.80000019073486328125</ele>
        <time>2025-05-03T13:11:52.000Z</time>
        <extensions>
          <ns3:TrackPointExtension>
            <ns3:hr>136</ns3:hr>
          </ns3:TrackPointExtension>
        </extensions>
      </trkpt>
      <trkpt lat="24.48835029266774654388427734375" lon="118.10402085073292255401611328125">
        <ele>4.599999904632568359375</ele>
        <time>2025-05-03T13:11:53.000Z</time>
        <extensions>
          <ns3:TrackPointExtension>
            <ns3:hr>136</ns3:hr>
          </ns3:TrackPointExtension>
        </extensions>
      </trkpt>
      <trkpt lat="24.488370828330516815185546875" lon="118.10403459705412387847900390625">
        <ele>4.599999904632568359375</ele>
        <time>2025-05-03T13:11:54.000Z</time>
        <extensions>
          <ns3:TrackPointExtension>
            <ns3:hr>136</ns3:hr>
          </ns3:TrackPointExtension>
        </extensions>
      </trkpt>
      <trkpt lat="24.48839169926941394805908203125" lon="118.10404834337532520294189453125">
        <ele>4.400000095367431640625</ele>
        <time>2025-05-03T13:11:55.000Z</time>
        <extensions>
          <ns3:TrackPointExtension>
            <ns3:hr>136</ns3:hr>
          </ns3:TrackPointExtension>
        </extensions>
      </trkpt>
      <trkpt lat="24.488412402570247650146484375" lon="118.10406066477298736572265625">
        <ele>4.19999980926513671875</ele>
        <time>2025-05-03T13:11:56.000Z</time>
        <extensions>
          <ns3:TrackPointExtension>
            <ns3:hr>136</ns3:hr>
          </ns3:TrackPointExtension>
        </extensions>
      </trkpt>
      <trkpt lat="24.48843344114720821380615234375" lon="118.1040692143142223358154296875">
        <ele>4</ele>
        <time>2025-05-03T13:11:57.000Z</time>
        <extensions>
          <ns3:TrackPointExtension>
            <ns3:hr>136</ns3:hr>
          </ns3:TrackPointExtension>
        </extensions>
      </trkpt>
      <trkpt lat="24.48845573700964450836181640625" lon="118.1040752492845058441162109375">
        <ele>4</ele>
        <time>2025-05-03T13:11:58.000Z</time>
        <extensions>
          <ns3:TrackPointExtension>
            <ns3:hr>136</ns3:hr>
          </ns3:TrackPointExtension>
        </extensions>
      </trkpt>
      <trkpt lat="24.48847870342433452606201171875" lon="118.10408120043575763702392578125">
        <ele>4.19999980926513671875</ele>
        <time>2025-05-03T13:11:59.000Z</time>
        <extensions>
          <ns3:TrackPointExtension>
            <ns3:hr>136</ns3:hr>
          </ns3:TrackPointExtension>
        </extensions>
      </trkpt>
      <trkpt lat="24.48850192129611968994140625" lon="118.1040873192250728607177734375">
        <ele>4.400000095367431640625</ele>
        <time>2025-05-03T13:12:00.000Z</time>
        <extensions>
          <ns3:TrackPointExtension>
            <ns3:hr>136</ns3:hr>
          </ns3:TrackPointExtension>
        </extensions>
      </trkpt>
      <trkpt lat="24.48852547444403171539306640625" lon="118.10409192927181720733642578125">
        <ele>4.599999904632568359375</ele>
        <time>2025-05-03T13:12:01.000Z</time>
        <extensions>
          <ns3:TrackPointExtension>
            <ns3:hr>136</ns3:hr>
          </ns3:TrackPointExtension>
        </extensions>
      </trkpt>
      <trkpt lat="24.48854944668710231781005859375" lon="118.1040935218334197998046875">
        <ele>4.80000019073486328125</ele>
        <time>2025-05-03T13:12:02.000Z</time>
        <extensions>
          <ns3:TrackPointExtension>
            <ns3:hr>136</ns3:hr>
          </ns3:TrackPointExtension>
        </extensions>
      </trkpt>
      <trkpt lat="24.48857408948242664337158203125" lon="118.10409293510019779205322265625">
        <ele>5</ele>
        <time>2025-05-03T13:12:03.000Z</time>
        <extensions>
          <ns3:TrackPointExtension>
            <ns3:hr>135</ns3:hr>
          </ns3:TrackPointExtension>
        </extensions>
      </trkpt>
      <trkpt lat="24.4885993190109729766845703125" lon="118.10409176163375377655029296875">
        <ele>5.19999980926513671875</ele>
        <time>2025-05-03T13:12:04.000Z</time>
        <extensions>
          <ns3:TrackPointExtension>
            <ns3:hr>134</ns3:hr>
          </ns3:TrackPointExtension>
        </extensions>
      </trkpt>
      <trkpt lat="24.488624297082424163818359375" lon="118.10408974997699260711669921875">
        <ele>5.19999980926513671875</ele>
        <time>2025-05-03T13:12:05.000Z</time>
        <extensions>
          <ns3:TrackPointExtension>
            <ns3:hr>134</ns3:hr>
          </ns3:TrackPointExtension>
        </extensions>
      </trkpt>
      <trkpt lat="24.488648436963558197021484375" lon="118.10408572666347026824951171875">
        <ele>5.19999980926513671875</ele>
        <time>2025-05-03T13:12:06.000Z</time>
        <extensions>
          <ns3:TrackPointExtension>
            <ns3:hr>134</ns3:hr>
          </ns3:TrackPointExtension>
        </extensions>
      </trkpt>
      <trkpt lat="24.48867131955921649932861328125" lon="118.10407969169318675994873046875">
        <ele>5.400000095367431640625</ele>
        <time>2025-05-03T13:12:07.000Z</time>
        <extensions>
          <ns3:TrackPointExtension>
            <ns3:hr>134</ns3:hr>
          </ns3:TrackPointExtension>
        </extensions>
      </trkpt>
      <trkpt lat="24.48869311250746250152587890625" lon="118.1040718965232372283935546875">
        <ele>5.400000095367431640625</ele>
        <time>2025-05-03T13:12:08.000Z</time>
        <extensions>
          <ns3:TrackPointExtension>
            <ns3:hr>134</ns3:hr>
          </ns3:TrackPointExtension>
        </extensions>
      </trkpt>
      <trkpt lat="24.4887149892747402191162109375" lon="118.10406334698200225830078125">
        <ele>5.400000095367431640625</ele>
        <time>2025-05-03T13:12:09.000Z</time>
        <extensions>
          <ns3:TrackPointExtension>
            <ns3:hr>134</ns3:hr>
          </ns3:TrackPointExtension>
        </extensions>
      </trkpt>
      <trkpt lat="24.488738290965557098388671875" lon="118.10405471362173557281494140625">
        <ele>5.80000019073486328125</ele>
        <time>2025-05-03T13:12:10.000Z</time>
        <extensions>
          <ns3:TrackPointExtension>
            <ns3:hr>134</ns3:hr>
          </ns3:TrackPointExtension>
        </extensions>
      </trkpt>
      <trkpt lat="24.48876201175153255462646484375" lon="118.1040464155375957489013671875">
        <ele>6.19999980926513671875</ele>
        <time>2025-05-03T13:12:11.000Z</time>
        <extensions>
          <ns3:TrackPointExtension>
            <ns3:hr>133</ns3:hr>
          </ns3:TrackPointExtension>
        </extensions>
      </trkpt>
      <trkpt lat="24.48878514580428600311279296875" lon="118.10403786599636077880859375">
        <ele>6.80000019073486328125</ele>
        <time>2025-05-03T13:12:12.000Z</time>
        <extensions>
          <ns3:TrackPointExtension>
            <ns3:hr>133</ns3:hr>
          </ns3:TrackPointExtension>
        </extensions>
      </trkpt>
      <trkpt lat="24.48880760930478572845458984375" lon="118.10402839444577693939208984375">
        <ele>7.19999980926513671875</ele>
        <time>2025-05-03T13:12:13.000Z</time>
        <extensions>
          <ns3:TrackPointExtension>
            <ns3:hr>133</ns3:hr>
          </ns3:TrackPointExtension>
        </extensions>
      </trkpt>
      <trkpt lat="24.48882923461496829986572265625" lon="118.10401867143809795379638671875">
        <ele>7.400000095367431640625</ele>
        <time>2025-05-03T13:12:14.000Z</time>
        <extensions>
          <ns3:TrackPointExtension>
            <ns3:hr>133</ns3:hr>
          </ns3:TrackPointExtension>
        </extensions>
      </trkpt>
      <trkpt lat="24.48885069228708744049072265625" lon="118.10400894843041896820068359375">
        <ele>7.599999904632568359375</ele>
        <time>2025-05-03T13:12:15.000Z</time>
        <extensions>
          <ns3:TrackPointExtension>
            <ns3:hr>133</ns3:hr>
          </ns3:TrackPointExtension>
        </extensions>
      </trkpt>
      <trkpt lat="24.4888725690543651580810546875" lon="118.10399956069886684417724609375">
        <ele>7.80000019073486328125</ele>
        <time>2025-05-03T13:12:16.000Z</time>
        <extensions>
          <ns3:TrackPointExtension>
            <ns3:hr>133</ns3:hr>
          </ns3:TrackPointExtension>
        </extensions>
      </trkpt>
      <trkpt lat="24.48889511637389659881591796875" lon="118.103991933166980743408203125">
        <ele>8</ele>
        <time>2025-05-03T13:12:17.000Z</time>
        <extensions>
          <ns3:TrackPointExtension>
            <ns3:hr>133</ns3:hr>
          </ns3:TrackPointExtension>
        </extensions>
      </trkpt>
      <trkpt lat="24.48891766369342803955078125" lon="118.1039860658347606658935546875">
        <ele>8.3999996185302734375</ele>
        <time>2025-05-03T13:12:18.000Z</time>
        <extensions>
          <ns3:TrackPointExtension>
            <ns3:hr>133</ns3:hr>
          </ns3:TrackPointExtension>
        </extensions>
      </trkpt>
      <trkpt lat="24.488940797746181488037109375" lon="118.10397994704544544219970703125">
        <ele>8.6000003814697265625</ele>
        <time>2025-05-03T13:12:19.000Z</time>
        <extensions>
          <ns3:TrackPointExtension>
            <ns3:hr>133</ns3:hr>
          </ns3:TrackPointExtension>
        </extensions>
      </trkpt>
      <trkpt lat="24.488964937627315521240234375" lon="118.10397324152290821075439453125">
        <ele>8.80000019073486328125</ele>
        <time>2025-05-03T13:12:20.000Z</time>
        <extensions>
          <ns3:TrackPointExtension>
            <ns3:hr>133</ns3:hr>
          </ns3:TrackPointExtension>
        </extensions>
      </trkpt>
      <trkpt lat="24.488989412784576416015625" lon="118.1039662845432758331298828125">
        <ele>9.19999980926513671875</ele>
        <time>2025-05-03T13:12:21.000Z</time>
        <extensions>
          <ns3:TrackPointExtension>
            <ns3:hr>132</ns3:hr>
          </ns3:TrackPointExtension>
        </extensions>
      </trkpt>
      <trkpt lat="24.48901279829442501068115234375" lon="118.10395915992558002471923828125">
        <ele>9.19999980926513671875</ele>
        <time>2025-05-03T13:12:22.000Z</time>
        <extensions>
          <ns3:TrackPointExtension>
            <ns3:hr>132</ns3:hr>
          </ns3:TrackPointExtension>
        </extensions>
      </trkpt>
      <trkpt lat="24.48903492651879787445068359375" lon="118.1039513647556304931640625">
        <ele>9.3999996185302734375</ele>
        <time>2025-05-03T13:12:23.000Z</time>
        <extensions>
          <ns3:TrackPointExtension>
            <ns3:hr>132</ns3:hr>
          </ns3:TrackPointExtension>
        </extensions>
      </trkpt>
      <trkpt lat="24.48905713856220245361328125" lon="118.1039433181285858154296875">
        <ele>9.6000003814697265625</ele>
        <time>2025-05-03T13:12:24.000Z</time>
        <extensions>
          <ns3:TrackPointExtension>
            <ns3:hr>132</ns3:hr>
          </ns3:TrackPointExtension>
        </extensions>
      </trkpt>
      <trkpt lat="24.48907985351979732513427734375" lon="118.10393569059669971466064453125">
        <ele>9.80000019073486328125</ele>
        <time>2025-05-03T13:12:25.000Z</time>
        <extensions>
          <ns3:TrackPointExtension>
            <ns3:hr>132</ns3:hr>
          </ns3:TrackPointExtension>
        </extensions>
      </trkpt>
      <trkpt lat="24.48910248465836048126220703125" lon="118.10392864979803562164306640625">
        <ele>10</ele>
        <time>2025-05-03T13:12:26.000Z</time>
        <extensions>
          <ns3:TrackPointExtension>
            <ns3:hr>131</ns3:hr>
          </ns3:TrackPointExtension>
        </extensions>
      </trkpt>
      <trkpt lat="24.489123858511447906494140625" lon="118.103920854628086090087890625">
        <ele>10.19999980926513671875</ele>
        <time>2025-05-03T13:12:27.000Z</time>
        <extensions>
          <ns3:TrackPointExtension>
            <ns3:hr>131</ns3:hr>
          </ns3:TrackPointExtension>
        </extensions>
      </trkpt>
      <trkpt lat="24.48914405889809131622314453125" lon="118.10391138307750225067138671875">
        <ele>10.3999996185302734375</ele>
        <time>2025-05-03T13:12:28.000Z</time>
        <extensions>
          <ns3:TrackPointExtension>
            <ns3:hr>131</ns3:hr>
          </ns3:TrackPointExtension>
        </extensions>
      </trkpt>
      <trkpt lat="24.48916434310376644134521484375" lon="118.103901408612728118896484375">
        <ele>10.3999996185302734375</ele>
        <time>2025-05-03T13:12:29.000Z</time>
        <extensions>
          <ns3:TrackPointExtension>
            <ns3:hr>131</ns3:hr>
          </ns3:TrackPointExtension>
        </extensions>
      </trkpt>
      <trkpt lat="24.4891853816807270050048828125" lon="118.10389168560504913330078125">
        <ele>10.6000003814697265625</ele>
        <time>2025-05-03T13:12:30.000Z</time>
        <extensions>
          <ns3:TrackPointExtension>
            <ns3:hr>131</ns3:hr>
          </ns3:TrackPointExtension>
        </extensions>
      </trkpt>
      <trkpt lat="24.48920759372413158416748046875" lon="118.10388288460671901702880859375">
        <ele>10.80000019073486328125</ele>
        <time>2025-05-03T13:12:31.000Z</time>
        <extensions>
          <ns3:TrackPointExtension>
            <ns3:hr>131</ns3:hr>
          </ns3:TrackPointExtension>
        </extensions>
      </trkpt>
      <trkpt lat="24.489230811595916748046875" lon="118.10387550853192806243896484375">
        <ele>11</ele>
        <time>2025-05-03T13:12:32.000Z</time>
        <extensions>
          <ns3:TrackPointExtension>
            <ns3:hr>131</ns3:hr>
          </ns3:TrackPointExtension>
        </extensions>
      </trkpt>
      <trkpt lat="24.48925369419157505035400390625" lon="118.10386913828551769256591796875">
        <ele>11</ele>
        <time>2025-05-03T13:12:33.000Z</time>
        <extensions>
          <ns3:TrackPointExtension>
            <ns3:hr>131</ns3:hr>
          </ns3:TrackPointExtension>
        </extensions>
      </trkpt>
      <trkpt lat="24.489276073873043060302734375" lon="118.10386310331523418426513671875">
        <ele>11.19999980926513671875</ele>
        <time>2025-05-03T13:12:34.000Z</time>
        <extensions>
          <ns3:TrackPointExtension>
            <ns3:hr>131</ns3:hr>
          </ns3:TrackPointExtension>
        </extensions>
      </trkpt>
      <trkpt lat="24.4892987050116062164306640625" lon="118.1038566492497920989990234375">
        <ele>10.80000019073486328125</ele>
        <time>2025-05-03T13:12:35.000Z</time>
        <extensions>
          <ns3:TrackPointExtension>
            <ns3:hr>131</ns3:hr>
          </ns3:TrackPointExtension>
        </extensions>
      </trkpt>
      <trkpt lat="24.48932175524532794952392578125" lon="118.10384969227015972137451171875">
        <ele>10.19999980926513671875</ele>
        <time>2025-05-03T13:12:36.000Z</time>
        <extensions>
          <ns3:TrackPointExtension>
            <ns3:hr>131</ns3:hr>
          </ns3:TrackPointExtension>
        </extensions>
      </trkpt>
      <trkpt lat="24.48934472166001796722412109375" lon="118.103843070566654205322265625">
        <ele>9.80000019073486328125</ele>
        <time>2025-05-03T13:12:37.000Z</time>
        <extensions>
          <ns3:TrackPointExtension>
            <ns3:hr>130</ns3:hr>
          </ns3:TrackPointExtension>
        </extensions>
      </trkpt>
      <trkpt lat="24.48936701752245426177978515625" lon="118.10383670032024383544921875">
        <ele>9.3999996185302734375</ele>
        <time>2025-05-03T13:12:38.000Z</time>
        <extensions>
          <ns3:TrackPointExtension>
            <ns3:hr>130</ns3:hr>
          </ns3:TrackPointExtension>
        </extensions>
      </trkpt>
      <trkpt lat="24.48938881047070026397705078125" lon="118.1038304977118968963623046875">
        <ele>8.80000019073486328125</ele>
        <time>2025-05-03T13:12:39.000Z</time>
        <extensions>
          <ns3:TrackPointExtension>
            <ns3:hr>130</ns3:hr>
          </ns3:TrackPointExtension>
        </extensions>
      </trkpt>
      <trkpt lat="24.48941060341894626617431640625" lon="118.1038237921893596649169921875">
        <ele>8.3999996185302734375</ele>
        <time>2025-05-03T13:12:40.000Z</time>
        <extensions>
          <ns3:TrackPointExtension>
            <ns3:hr>131</ns3:hr>
          </ns3:TrackPointExtension>
        </extensions>
      </trkpt>
      <trkpt lat="24.4894324801862239837646484375" lon="118.1038167513906955718994140625">
        <ele>8</ele>
        <time>2025-05-03T13:12:41.000Z</time>
        <extensions>
          <ns3:TrackPointExtension>
            <ns3:hr>131</ns3:hr>
          </ns3:TrackPointExtension>
        </extensions>
      </trkpt>
      <trkpt lat="24.48945402167737483978271484375" lon="118.1038092076778411865234375">
        <ele>7.599999904632568359375</ele>
        <time>2025-05-03T13:12:42.000Z</time>
        <extensions>
          <ns3:TrackPointExtension>
            <ns3:hr>131</ns3:hr>
          </ns3:TrackPointExtension>
        </extensions>
      </trkpt>
      <trkpt lat="24.48947547934949398040771484375" lon="118.10379990376532077789306640625">
        <ele>7.400000095367431640625</ele>
        <time>2025-05-03T13:12:43.000Z</time>
        <extensions>
          <ns3:TrackPointExtension>
            <ns3:hr>131</ns3:hr>
          </ns3:TrackPointExtension>
        </extensions>
      </trkpt>
      <trkpt lat="24.48949635028839111328125" lon="118.10378842055797576904296875">
        <ele>7.19999980926513671875</ele>
        <time>2025-05-03T13:12:44.000Z</time>
        <extensions>
          <ns3:TrackPointExtension>
            <ns3:hr>132</ns3:hr>
          </ns3:TrackPointExtension>
        </extensions>
      </trkpt>
      <trkpt lat="24.48951688595116138458251953125" lon="118.10377509333193302154541015625">
        <ele>6.80000019073486328125</ele>
        <time>2025-05-03T13:12:45.000Z</time>
        <extensions>
          <ns3:TrackPointExtension>
            <ns3:hr>132</ns3:hr>
          </ns3:TrackPointExtension>
        </extensions>
      </trkpt>
      <trkpt lat="24.48953666724264621734619140625" lon="118.10376050882041454315185546875">
        <ele>6.599999904632568359375</ele>
        <time>2025-05-03T13:12:46.000Z</time>
        <extensions>
          <ns3:TrackPointExtension>
            <ns3:hr>132</ns3:hr>
          </ns3:TrackPointExtension>
        </extensions>
      </trkpt>
      <trkpt lat="24.48955561034381389617919921875" lon="118.1037446670234203338623046875">
        <ele>6.400000095367431640625</ele>
        <time>2025-05-03T13:12:47.000Z</time>
        <extensions>
          <ns3:TrackPointExtension>
            <ns3:hr>132</ns3:hr>
          </ns3:TrackPointExtension>
        </extensions>
      </trkpt>
      <trkpt lat="24.48957388289272785186767578125" lon="118.10372815467417240142822265625">
        <ele>6.19999980926513671875</ele>
        <time>2025-05-03T13:12:48.000Z</time>
        <extensions>
          <ns3:TrackPointExtension>
            <ns3:hr>132</ns3:hr>
          </ns3:TrackPointExtension>
        </extensions>
      </trkpt>
      <trkpt lat="24.4895920716226100921630859375" lon="118.10371139086782932281494140625">
        <ele>6</ele>
        <time>2025-05-03T13:12:49.000Z</time>
        <extensions>
          <ns3:TrackPointExtension>
            <ns3:hr>132</ns3:hr>
          </ns3:TrackPointExtension>
        </extensions>
      </trkpt>
      <trkpt lat="24.4896091707050800323486328125" lon="118.10369395650923252105712890625">
        <ele>6</ele>
        <time>2025-05-03T13:12:50.000Z</time>
        <extensions>
          <ns3:TrackPointExtension>
            <ns3:hr>133</ns3:hr>
          </ns3:TrackPointExtension>
        </extensions>
      </trkpt>
      <trkpt lat="24.4896239228546619415283203125" lon="118.1036749295890331268310546875">
        <ele>5.80000019073486328125</ele>
        <time>2025-05-03T13:12:51.000Z</time>
        <extensions>
          <ns3:TrackPointExtension>
            <ns3:hr>133</ns3:hr>
          </ns3:TrackPointExtension>
        </extensions>
      </trkpt>
      <trkpt lat="24.4896371662616729736328125" lon="118.10365523211658000946044921875">
        <ele>5.80000019073486328125</ele>
        <time>2025-05-03T13:12:52.000Z</time>
        <extensions>
          <ns3:TrackPointExtension>
            <ns3:hr>133</ns3:hr>
          </ns3:TrackPointExtension>
        </extensions>
      </trkpt>
      <trkpt lat="24.48964932002127170562744140625" lon="118.10363528318703174591064453125">
        <ele>5.599999904632568359375</ele>
        <time>2025-05-03T13:12:53.000Z</time>
        <extensions>
          <ns3:TrackPointExtension>
            <ns3:hr>133</ns3:hr>
          </ns3:TrackPointExtension>
        </extensions>
      </trkpt>
      <trkpt lat="24.4896608032286167144775390625" lon="118.10361365787684917449951171875">
        <ele>5.599999904632568359375</ele>
        <time>2025-05-03T13:12:54.000Z</time>
        <extensions>
          <ns3:TrackPointExtension>
            <ns3:hr>133</ns3:hr>
          </ns3:TrackPointExtension>
        </extensions>
      </trkpt>
      <trkpt lat="24.489671029150485992431640625" lon="118.10359035618603229522705078125">
        <ele>5.599999904632568359375</ele>
        <time>2025-05-03T13:12:55.000Z</time>
        <extensions>
          <ns3:TrackPointExtension>
            <ns3:hr>133</ns3:hr>
          </ns3:TrackPointExtension>
        </extensions>
      </trkpt>
      <trkpt lat="24.48967932723462581634521484375" lon="118.10356671921908855438232421875">
        <ele>5.599999904632568359375</ele>
        <time>2025-05-03T13:12:56.000Z</time>
        <extensions>
          <ns3:TrackPointExtension>
            <ns3:hr>134</ns3:hr>
          </ns3:TrackPointExtension>
        </extensions>
      </trkpt>
      <trkpt lat="24.4896849431097507476806640625" lon="118.10354324989020824432373046875">
        <ele>5.599999904632568359375</ele>
        <time>2025-05-03T13:12:57.000Z</time>
        <extensions>
          <ns3:TrackPointExtension>
            <ns3:hr>134</ns3:hr>
          </ns3:TrackPointExtension>
        </extensions>
      </trkpt>
      <trkpt lat="24.4896886311471462249755859375" lon="118.10351911000907421112060546875">
        <ele>5.599999904632568359375</ele>
        <time>2025-05-03T13:12:58.000Z</time>
        <extensions>
          <ns3:TrackPointExtension>
            <ns3:hr>134</ns3:hr>
          </ns3:TrackPointExtension>
        </extensions>
      </trkpt>
      <trkpt lat="24.489692486822605133056640625" lon="118.1034938804805278778076171875">
        <ele>5.599999904632568359375</ele>
        <time>2025-05-03T13:12:59.000Z</time>
        <extensions>
          <ns3:TrackPointExtension>
            <ns3:hr>134</ns3:hr>
          </ns3:TrackPointExtension>
        </extensions>
      </trkpt>
      <trkpt lat="24.48969684541225433349609375" lon="118.10346881859004497528076171875">
        <ele>5.400000095367431640625</ele>
        <time>2025-05-03T13:13:00.000Z</time>
        <extensions>
          <ns3:TrackPointExtension>
            <ns3:hr>135</ns3:hr>
          </ns3:TrackPointExtension>
        </extensions>
      </trkpt>
      <trkpt lat="24.4897003658115863800048828125" lon="118.10344451107084751129150390625">
        <ele>5.400000095367431640625</ele>
        <time>2025-05-03T13:13:01.000Z</time>
        <extensions>
          <ns3:TrackPointExtension>
            <ns3:hr>135</ns3:hr>
          </ns3:TrackPointExtension>
        </extensions>
      </trkpt>
      <trkpt lat="24.48970179073512554168701171875" lon="118.10342087410390377044677734375">
        <ele>5.400000095367431640625</ele>
        <time>2025-05-03T13:13:02.000Z</time>
        <extensions>
          <ns3:TrackPointExtension>
            <ns3:hr>135</ns3:hr>
          </ns3:TrackPointExtension>
        </extensions>
      </trkpt>
      <trkpt lat="24.48970179073512554168701171875" lon="118.10339774005115032196044921875">
        <ele>5.400000095367431640625</ele>
        <time>2025-05-03T13:13:03.000Z</time>
        <extensions>
          <ns3:TrackPointExtension>
            <ns3:hr>135</ns3:hr>
          </ns3:TrackPointExtension>
        </extensions>
      </trkpt>
      <trkpt lat="24.48970112018287181854248046875" lon="118.103374354541301727294921875">
        <ele>5.599999904632568359375</ele>
        <time>2025-05-03T13:13:04.000Z</time>
        <extensions>
          <ns3:TrackPointExtension>
            <ns3:hr>134</ns3:hr>
          </ns3:TrackPointExtension>
        </extensions>
      </trkpt>
      <trkpt lat="24.48969894088804721832275390625" lon="118.10334996320307254791259765625">
        <ele>5.599999904632568359375</ele>
        <time>2025-05-03T13:13:05.000Z</time>
        <extensions>
          <ns3:TrackPointExtension>
            <ns3:hr>134</ns3:hr>
          </ns3:TrackPointExtension>
        </extensions>
      </trkpt>
      <trkpt lat="24.48969491757452487945556640625" lon="118.103325068950653076171875">
        <ele>5.80000019073486328125</ele>
        <time>2025-05-03T13:13:06.000Z</time>
        <extensions>
          <ns3:TrackPointExtension>
            <ns3:hr>134</ns3:hr>
          </ns3:TrackPointExtension>
        </extensions>
      </trkpt>
      <trkpt lat="24.48968888260424137115478515625" lon="118.103301264345645904541015625">
        <ele>5.80000019073486328125</ele>
        <time>2025-05-03T13:13:07.000Z</time>
        <extensions>
          <ns3:TrackPointExtension>
            <ns3:hr>134</ns3:hr>
          </ns3:TrackPointExtension>
        </extensions>
      </trkpt>
      <trkpt lat="24.48968083597719669342041015625" lon="118.10327854938805103302001953125">
        <ele>6</ele>
        <time>2025-05-03T13:13:08.000Z</time>
        <extensions>
          <ns3:TrackPointExtension>
            <ns3:hr>134</ns3:hr>
          </ns3:TrackPointExtension>
        </extensions>
      </trkpt>
      <trkpt lat="24.48967195115983486175537109375" lon="118.10325600206851959228515625">
        <ele>6</ele>
        <time>2025-05-03T13:13:09.000Z</time>
        <extensions>
          <ns3:TrackPointExtension>
            <ns3:hr>134</ns3:hr>
          </ns3:TrackPointExtension>
        </extensions>
      </trkpt>
      <trkpt lat="24.48966256342828273773193359375" lon="118.1032323651015758514404296875">
        <ele>6.19999980926513671875</ele>
        <time>2025-05-03T13:13:10.000Z</time>
        <extensions>
          <ns3:TrackPointExtension>
            <ns3:hr>135</ns3:hr>
          </ns3:TrackPointExtension>
        </extensions>
      </trkpt>
      <trkpt lat="24.4896520860493183135986328125" lon="118.1032099016010761260986328125">
        <ele>6.19999980926513671875</ele>
        <time>2025-05-03T13:13:11.000Z</time>
        <extensions>
          <ns3:TrackPointExtension>
            <ns3:hr>135</ns3:hr>
          </ns3:TrackPointExtension>
        </extensions>
      </trkpt>
      <trkpt lat="24.4896393455564975738525390625" lon="118.10318986885249614715576171875">
        <ele>6.400000095367431640625</ele>
        <time>2025-05-03T13:13:12.000Z</time>
        <extensions>
          <ns3:TrackPointExtension>
            <ns3:hr>135</ns3:hr>
          </ns3:TrackPointExtension>
        </extensions>
      </trkpt>
      <trkpt lat="24.48962501250207424163818359375" lon="118.10317109338939189910888671875">
        <ele>6.599999904632568359375</ele>
        <time>2025-05-03T13:13:13.000Z</time>
        <extensions>
          <ns3:TrackPointExtension>
            <ns3:hr>135</ns3:hr>
          </ns3:TrackPointExtension>
        </extensions>
      </trkpt>
      <trkpt lat="24.489610008895397186279296875" lon="118.10315273702144622802734375">
        <ele>6.599999904632568359375</ele>
        <time>2025-05-03T13:13:14.000Z</time>
        <extensions>
          <ns3:TrackPointExtension>
            <ns3:hr>135</ns3:hr>
          </ns3:TrackPointExtension>
        </extensions>
      </trkpt>
      <trkpt lat="24.48959433473646640777587890625" lon="118.10313521884381771087646484375">
        <ele>6.80000019073486328125</ele>
        <time>2025-05-03T13:13:15.000Z</time>
        <extensions>
          <ns3:TrackPointExtension>
            <ns3:hr>134</ns3:hr>
          </ns3:TrackPointExtension>
        </extensions>
      </trkpt>
      <trkpt lat="24.48957723565399646759033203125" lon="118.10311853885650634765625">
        <ele>6.80000019073486328125</ele>
        <time>2025-05-03T13:13:16.000Z</time>
        <extensions>
          <ns3:TrackPointExtension>
            <ns3:hr>134</ns3:hr>
          </ns3:TrackPointExtension>
        </extensions>
      </trkpt>
      <trkpt lat="24.48955871164798736572265625" lon="118.103102110326290130615234375">
        <ele>7</ele>
        <time>2025-05-03T13:13:17.000Z</time>
        <extensions>
          <ns3:TrackPointExtension>
            <ns3:hr>134</ns3:hr>
          </ns3:TrackPointExtension>
        </extensions>
      </trkpt>
      <trkpt lat="24.48953951708972454071044921875" lon="118.1030868552625179290771484375">
        <ele>7.19999980926513671875</ele>
        <time>2025-05-03T13:13:18.000Z</time>
        <extensions>
          <ns3:TrackPointExtension>
            <ns3:hr>134</ns3:hr>
          </ns3:TrackPointExtension>
        </extensions>
      </trkpt>
      <trkpt lat="24.48951956816017627716064453125" lon="118.103073947131633758544921875">
        <ele>7.19999980926513671875</ele>
        <time>2025-05-03T13:13:19.000Z</time>
        <extensions>
          <ns3:TrackPointExtension>
            <ns3:hr>134</ns3:hr>
          </ns3:TrackPointExtension>
        </extensions>
      </trkpt>
      <trkpt lat="24.48949894867837429046630859375" lon="118.10306296683847904205322265625">
        <ele>7.400000095367431640625</ele>
        <time>2025-05-03T13:13:20.000Z</time>
        <extensions>
          <ns3:TrackPointExtension>
            <ns3:hr>134</ns3:hr>
          </ns3:TrackPointExtension>
        </extensions>
      </trkpt>
      <trkpt lat="24.4894774071872234344482421875" lon="118.1030529923737049102783203125">
        <ele>7.400000095367431640625</ele>
        <time>2025-05-03T13:13:21.000Z</time>
        <extensions>
          <ns3:TrackPointExtension>
            <ns3:hr>134</ns3:hr>
          </ns3:TrackPointExtension>
        </extensions>
      </trkpt>
      <trkpt lat="24.4894547760486602783203125" lon="118.10304452665150165557861328125">
        <ele>7.599999904632568359375</ele>
        <time>2025-05-03T13:13:22.000Z</time>
        <extensions>
          <ns3:TrackPointExtension>
            <ns3:hr>134</ns3:hr>
          </ns3:TrackPointExtension>
        </extensions>
      </trkpt>
      <trkpt lat="24.48943088762462139129638671875" lon="118.10303798876702785491943359375">
        <ele>7.599999904632568359375</ele>
        <time>2025-05-03T13:13:23.000Z</time>
        <extensions>
          <ns3:TrackPointExtension>
            <ns3:hr>134</ns3:hr>
          </ns3:TrackPointExtension>
        </extensions>
      </trkpt>
      <trkpt lat="24.489407502114772796630859375" lon="118.10303270816802978515625">
        <ele>7.80000019073486328125</ele>
        <time>2025-05-03T13:13:24.000Z</time>
        <extensions>
          <ns3:TrackPointExtension>
            <ns3:hr>134</ns3:hr>
          </ns3:TrackPointExtension>
        </extensions>
      </trkpt>
      <trkpt lat="24.48938461951911449432373046875" lon="118.1030295230448246002197265625">
        <ele>7.80000019073486328125</ele>
        <time>2025-05-03T13:13:25.000Z</time>
        <extensions>
          <ns3:TrackPointExtension>
            <ns3:hr>134</ns3:hr>
          </ns3:TrackPointExtension>
        </extensions>
      </trkpt>
      <trkpt lat="24.4893607310950756072998046875" lon="118.1030281819403171539306640625">
        <ele>8</ele>
        <time>2025-05-03T13:13:26.000Z</time>
        <extensions>
          <ns3:TrackPointExtension>
            <ns3:hr>134</ns3:hr>
          </ns3:TrackPointExtension>
        </extensions>
      </trkpt>
      <trkpt lat="24.48933650739490985870361328125" lon="118.10302809812128543853759765625">
        <ele>8</ele>
        <time>2025-05-03T13:13:27.000Z</time>
        <extensions>
          <ns3:TrackPointExtension>
            <ns3:hr>134</ns3:hr>
          </ns3:TrackPointExtension>
        </extensions>
      </trkpt>
      <trkpt lat="24.4893127866089344024658203125" lon="118.10302860103547573089599609375">
        <ele>8.19999980926513671875</ele>
        <time>2025-05-03T13:13:28.000Z</time>
        <extensions>
          <ns3:TrackPointExtension>
            <ns3:hr>134</ns3:hr>
          </ns3:TrackPointExtension>
        </extensions>
      </trkpt>
      <trkpt lat="24.48928956873714923858642578125" lon="118.10303010977804660797119140625">
        <ele>8.19999980926513671875</ele>
        <time>2025-05-03T13:13:29.000Z</time>
        <extensions>
          <ns3:TrackPointExtension>
            <ns3:hr>134</ns3:hr>
          </ns3:TrackPointExtension>
        </extensions>
      </trkpt>
      <trkpt lat="24.48926635086536407470703125" lon="118.10303346253931522369384765625">
        <ele>8.19999980926513671875</ele>
        <time>2025-05-03T13:13:30.000Z</time>
        <extensions>
          <ns3:TrackPointExtension>
            <ns3:hr>134</ns3:hr>
          </ns3:TrackPointExtension>
        </extensions>
      </trkpt>
      <trkpt lat="24.48924296535551548004150390625" lon="118.10303899459540843963623046875">
        <ele>8.3999996185302734375</ele>
        <time>2025-05-03T13:13:31.000Z</time>
        <extensions>
          <ns3:TrackPointExtension>
            <ns3:hr>136</ns3:hr>
          </ns3:TrackPointExtension>
        </extensions>
      </trkpt>
      <trkpt lat="24.48921941220760345458984375" lon="118.103045783936977386474609375">
        <ele>8.3999996185302734375</ele>
        <time>2025-05-03T13:13:32.000Z</time>
        <extensions>
          <ns3:TrackPointExtension>
            <ns3:hr>136</ns3:hr>
          </ns3:TrackPointExtension>
        </extensions>
      </trkpt>
      <trkpt lat="24.4891964457929134368896484375" lon="118.1030526570975780487060546875">
        <ele>8.19999980926513671875</ele>
        <time>2025-05-03T13:13:33.000Z</time>
        <extensions>
          <ns3:TrackPointExtension>
            <ns3:hr>136</ns3:hr>
          </ns3:TrackPointExtension>
        </extensions>
      </trkpt>
      <trkpt lat="24.4891739822924137115478515625" lon="118.10306045226752758026123046875">
        <ele>8.19999980926513671875</ele>
        <time>2025-05-03T13:13:34.000Z</time>
        <extensions>
          <ns3:TrackPointExtension>
            <ns3:hr>136</ns3:hr>
          </ns3:TrackPointExtension>
        </extensions>
      </trkpt>
      <trkpt lat="24.48915160261094570159912109375" lon="118.10306950472295284271240234375">
        <ele>8</ele>
        <time>2025-05-03T13:13:35.000Z</time>
        <extensions>
          <ns3:TrackPointExtension>
            <ns3:hr>135</ns3:hr>
          </ns3:TrackPointExtension>
        </extensions>
      </trkpt>
      <trkpt lat="24.48912930674850940704345703125" lon="118.10307906009256839752197265625">
        <ele>7.80000019073486328125</ele>
        <time>2025-05-03T13:13:36.000Z</time>
        <extensions>
          <ns3:TrackPointExtension>
            <ns3:hr>135</ns3:hr>
          </ns3:TrackPointExtension>
        </extensions>
      </trkpt>
      <trkpt lat="24.489106424152851104736328125" lon="118.10308777727186679840087890625">
        <ele>7.599999904632568359375</ele>
        <time>2025-05-03T13:13:37.000Z</time>
        <extensions>
          <ns3:TrackPointExtension>
            <ns3:hr>135</ns3:hr>
          </ns3:TrackPointExtension>
        </extensions>
      </trkpt>
      <trkpt lat="24.4890837930142879486083984375" lon="118.1030962429940700531005859375">
        <ele>7.400000095367431640625</ele>
        <time>2025-05-03T13:13:38.000Z</time>
        <extensions>
          <ns3:TrackPointExtension>
            <ns3:hr>135</ns3:hr>
          </ns3:TrackPointExtension>
        </extensions>
      </trkpt>
      <trkpt lat="24.48906208388507366180419921875" lon="118.10310504399240016937255859375">
        <ele>7.19999980926513671875</ele>
        <time>2025-05-03T13:13:39.000Z</time>
        <extensions>
          <ns3:TrackPointExtension>
            <ns3:hr>135</ns3:hr>
          </ns3:TrackPointExtension>
        </extensions>
      </trkpt>
      <trkpt lat="24.489040374755859375" lon="118.1031143479049205780029296875">
        <ele>7.19999980926513671875</ele>
        <time>2025-05-03T13:13:40.000Z</time>
        <extensions>
          <ns3:TrackPointExtension>
            <ns3:hr>136</ns3:hr>
          </ns3:TrackPointExtension>
        </extensions>
      </trkpt>
      <trkpt lat="24.4890174083411693572998046875" lon="118.10312432236969470977783203125">
        <ele>7</ele>
        <time>2025-05-03T13:13:41.000Z</time>
        <extensions>
          <ns3:TrackPointExtension>
            <ns3:hr>136</ns3:hr>
          </ns3:TrackPointExtension>
        </extensions>
      </trkpt>
      <trkpt lat="24.48899385519325733184814453125" lon="118.10313488356769084930419921875">
        <ele>7</ele>
        <time>2025-05-03T13:13:42.000Z</time>
        <extensions>
          <ns3:TrackPointExtension>
            <ns3:hr>136</ns3:hr>
          </ns3:TrackPointExtension>
        </extensions>
      </trkpt>
      <trkpt lat="24.48897072114050388336181640625" lon="118.1031445227563381195068359375">
        <ele>7.19999980926513671875</ele>
        <time>2025-05-03T13:13:43.000Z</time>
        <extensions>
          <ns3:TrackPointExtension>
            <ns3:hr>136</ns3:hr>
          </ns3:TrackPointExtension>
        </extensions>
      </trkpt>
      <trkpt lat="24.48894842527806758880615234375" lon="118.103153407573699951171875">
        <ele>7.400000095367431640625</ele>
        <time>2025-05-03T13:13:44.000Z</time>
        <extensions>
          <ns3:TrackPointExtension>
            <ns3:hr>136</ns3:hr>
          </ns3:TrackPointExtension>
        </extensions>
      </trkpt>
      <trkpt lat="24.4889263808727264404296875" lon="118.10316187329590320587158203125">
        <ele>7.599999904632568359375</ele>
        <time>2025-05-03T13:13:45.000Z</time>
        <extensions>
          <ns3:TrackPointExtension>
            <ns3:hr>136</ns3:hr>
          </ns3:TrackPointExtension>
        </extensions>
      </trkpt>
      <trkpt lat="24.48890450410544872283935546875" lon="118.103170506656169891357421875">
        <ele>7.599999904632568359375</ele>
        <time>2025-05-03T13:13:46.000Z</time>
        <extensions>
          <ns3:TrackPointExtension>
            <ns3:hr>136</ns3:hr>
          </ns3:TrackPointExtension>
        </extensions>
      </trkpt>
      <trkpt lat="24.4888832978904247283935546875" lon="118.10317981056869029998779296875">
        <ele>7.80000019073486328125</ele>
        <time>2025-05-03T13:13:47.000Z</time>
        <extensions>
          <ns3:TrackPointExtension>
            <ns3:hr>136</ns3:hr>
          </ns3:TrackPointExtension>
        </extensions>
      </trkpt>
      <trkpt lat="24.48886209167540073394775390625" lon="118.10318936593830585479736328125">
        <ele>8</ele>
        <time>2025-05-03T13:13:48.000Z</time>
        <extensions>
          <ns3:TrackPointExtension>
            <ns3:hr>136</ns3:hr>
          </ns3:TrackPointExtension>
        </extensions>
      </trkpt>
      <trkpt lat="24.4888405501842498779296875" lon="118.1031988374888896942138671875">
        <ele>8.19999980926513671875</ele>
        <time>2025-05-03T13:13:49.000Z</time>
        <extensions>
          <ns3:TrackPointExtension>
            <ns3:hr>136</ns3:hr>
          </ns3:TrackPointExtension>
        </extensions>
      </trkpt>
      <trkpt lat="24.4888195954263210296630859375" lon="118.1032083928585052490234375">
        <ele>8.19999980926513671875</ele>
        <time>2025-05-03T13:13:50.000Z</time>
        <extensions>
          <ns3:TrackPointExtension>
            <ns3:hr>136</ns3:hr>
          </ns3:TrackPointExtension>
        </extensions>
      </trkpt>
      <trkpt lat="24.4887991435825824737548828125" lon="118.1032179482281208038330078125">
        <ele>8</ele>
        <time>2025-05-03T13:13:51.000Z</time>
        <extensions>
          <ns3:TrackPointExtension>
            <ns3:hr>136</ns3:hr>
          </ns3:TrackPointExtension>
        </extensions>
      </trkpt>
      <trkpt lat="24.48877818882465362548828125" lon="118.103226833045482635498046875">
        <ele>7.80000019073486328125</ele>
        <time>2025-05-03T13:13:52.000Z</time>
        <extensions>
          <ns3:TrackPointExtension>
            <ns3:hr>136</ns3:hr>
          </ns3:TrackPointExtension>
        </extensions>
      </trkpt>
      <trkpt lat="24.48875597678124904632568359375" lon="118.10323454439640045166015625">
        <ele>7.80000019073486328125</ele>
        <time>2025-05-03T13:13:53.000Z</time>
        <extensions>
          <ns3:TrackPointExtension>
            <ns3:hr>136</ns3:hr>
          </ns3:TrackPointExtension>
        </extensions>
      </trkpt>
      <trkpt lat="24.4887334294617176055908203125" lon="118.10324066318571567535400390625">
        <ele>7.599999904632568359375</ele>
        <time>2025-05-03T13:13:54.000Z</time>
        <extensions>
          <ns3:TrackPointExtension>
            <ns3:hr>136</ns3:hr>
          </ns3:TrackPointExtension>
        </extensions>
      </trkpt>
      <trkpt lat="24.4887109659612178802490234375" lon="118.1032464466989040374755859375">
        <ele>7.400000095367431640625</ele>
        <time>2025-05-03T13:13:55.000Z</time>
        <extensions>
          <ns3:TrackPointExtension>
            <ns3:hr>136</ns3:hr>
          </ns3:TrackPointExtension>
        </extensions>
      </trkpt>
      <trkpt lat="24.48868833482265472412109375" lon="118.10325306840240955352783203125">
        <ele>7.400000095367431640625</ele>
        <time>2025-05-03T13:13:56.000Z</time>
        <extensions>
          <ns3:TrackPointExtension>
            <ns3:hr>137</ns3:hr>
          </ns3:TrackPointExtension>
        </extensions>
      </trkpt>
      <trkpt lat="24.4886657036840915679931640625" lon="118.10326010920107364654541015625">
        <ele>7.400000095367431640625</ele>
        <time>2025-05-03T13:13:57.000Z</time>
        <extensions>
          <ns3:TrackPointExtension>
            <ns3:hr>137</ns3:hr>
          </ns3:TrackPointExtension>
        </extensions>
      </trkpt>
      <trkpt lat="24.48864273726940155029296875" lon="118.103266395628452301025390625">
        <ele>7.19999980926513671875</ele>
        <time>2025-05-03T13:13:58.000Z</time>
        <extensions>
          <ns3:TrackPointExtension>
            <ns3:hr>137</ns3:hr>
          </ns3:TrackPointExtension>
        </extensions>
      </trkpt>
      <trkpt lat="24.488619603216648101806640625" lon="118.10327209532260894775390625">
        <ele>7.19999980926513671875</ele>
        <time>2025-05-03T13:13:59.000Z</time>
        <extensions>
          <ns3:TrackPointExtension>
            <ns3:hr>137</ns3:hr>
          </ns3:TrackPointExtension>
        </extensions>
      </trkpt>
      <trkpt lat="24.488596804440021514892578125" lon="118.103277795016765594482421875">
        <ele>7.19999980926513671875</ele>
        <time>2025-05-03T13:14:00.000Z</time>
        <extensions>
          <ns3:TrackPointExtension>
            <ns3:hr>137</ns3:hr>
          </ns3:TrackPointExtension>
        </extensions>
      </trkpt>
      <trkpt lat="24.48857459239661693572998046875" lon="118.103283829987049102783203125">
        <ele>7.400000095367431640625</ele>
        <time>2025-05-03T13:14:01.000Z</time>
        <extensions>
          <ns3:TrackPointExtension>
            <ns3:hr>137</ns3:hr>
          </ns3:TrackPointExtension>
        </extensions>
      </trkpt>
      <trkpt lat="24.48855279944837093353271484375" lon="118.1032903678715229034423828125">
        <ele>7.599999904632568359375</ele>
        <time>2025-05-03T13:14:02.000Z</time>
        <extensions>
          <ns3:TrackPointExtension>
            <ns3:hr>137</ns3:hr>
          </ns3:TrackPointExtension>
        </extensions>
      </trkpt>
      <trkpt lat="24.48853142559528350830078125" lon="118.10329749248921871185302734375">
        <ele>7.599999904632568359375</ele>
        <time>2025-05-03T13:14:03.000Z</time>
        <extensions>
          <ns3:TrackPointExtension>
            <ns3:hr>137</ns3:hr>
          </ns3:TrackPointExtension>
        </extensions>
      </trkpt>
      <trkpt lat="24.48850971646606922149658203125" lon="118.103305287659168243408203125">
        <ele>7.80000019073486328125</ele>
        <time>2025-05-03T13:14:04.000Z</time>
        <extensions>
          <ns3:TrackPointExtension>
            <ns3:hr>137</ns3:hr>
          </ns3:TrackPointExtension>
        </extensions>
      </trkpt>
      <trkpt lat="24.48848792351782321929931640625" lon="118.10331375338137149810791015625">
        <ele>8</ele>
        <time>2025-05-03T13:14:05.000Z</time>
        <extensions>
          <ns3:TrackPointExtension>
            <ns3:hr>137</ns3:hr>
          </ns3:TrackPointExtension>
        </extensions>
      </trkpt>
      <trkpt lat="24.48846646584570407867431640625" lon="118.10332238674163818359375">
        <ele>8</ele>
        <time>2025-05-03T13:14:06.000Z</time>
        <extensions>
          <ns3:TrackPointExtension>
            <ns3:hr>137</ns3:hr>
          </ns3:TrackPointExtension>
        </extensions>
      </trkpt>
      <trkpt lat="24.48844551108777523040771484375" lon="118.10333085246384143829345703125">
        <ele>8.19999980926513671875</ele>
        <time>2025-05-03T13:14:07.000Z</time>
        <extensions>
          <ns3:TrackPointExtension>
            <ns3:hr>136</ns3:hr>
          </ns3:TrackPointExtension>
        </extensions>
      </trkpt>
      <trkpt lat="24.48842539452016353607177734375" lon="118.10334141366183757781982421875">
        <ele>8</ele>
        <time>2025-05-03T13:14:08.000Z</time>
        <extensions>
          <ns3:TrackPointExtension>
            <ns3:hr>136</ns3:hr>
          </ns3:TrackPointExtension>
        </extensions>
      </trkpt>
      <trkpt lat="24.48840628378093242645263671875" lon="118.1033547408878803253173828125">
        <ele>8.19999980926513671875</ele>
        <time>2025-05-03T13:14:09.000Z</time>
        <extensions>
          <ns3:TrackPointExtension>
            <ns3:hr>136</ns3:hr>
          </ns3:TrackPointExtension>
        </extensions>
      </trkpt>
      <trkpt lat="24.4883872568607330322265625" lon="118.1033701635897159576416015625">
        <ele>8.3999996185302734375</ele>
        <time>2025-05-03T13:14:10.000Z</time>
        <extensions>
          <ns3:TrackPointExtension>
            <ns3:hr>136</ns3:hr>
          </ns3:TrackPointExtension>
        </extensions>
      </trkpt>
      <trkpt lat="24.48836806230247020721435546875" lon="118.10338600538671016693115234375">
        <ele>8.80000019073486328125</ele>
        <time>2025-05-03T13:14:11.000Z</time>
        <extensions>
          <ns3:TrackPointExtension>
            <ns3:hr>136</ns3:hr>
          </ns3:TrackPointExtension>
        </extensions>
      </trkpt>
      <trkpt lat="24.4883497059345245361328125" lon="118.103401847183704376220703125">
        <ele>8.80000019073486328125</ele>
        <time>2025-05-03T13:14:12.000Z</time>
        <extensions>
          <ns3:TrackPointExtension>
            <ns3:hr>136</ns3:hr>
          </ns3:TrackPointExtension>
        </extensions>
      </trkpt>
      <trkpt lat="24.4883317686617374420166015625" lon="118.103417940437793731689453125">
        <ele>9</ele>
        <time>2025-05-03T13:14:13.000Z</time>
        <extensions>
          <ns3:TrackPointExtension>
            <ns3:hr>136</ns3:hr>
          </ns3:TrackPointExtension>
        </extensions>
      </trkpt>
      <trkpt lat="24.48831458576023578643798828125" lon="118.10343495570123195648193359375">
        <ele>9</ele>
        <time>2025-05-03T13:14:14.000Z</time>
        <extensions>
          <ns3:TrackPointExtension>
            <ns3:hr>136</ns3:hr>
          </ns3:TrackPointExtension>
        </extensions>
      </trkpt>
      <trkpt lat="24.48829899542033672332763671875" lon="118.103453814983367919921875">
        <ele>9</ele>
        <time>2025-05-03T13:14:15.000Z</time>
        <extensions>
          <ns3:TrackPointExtension>
            <ns3:hr>136</ns3:hr>
          </ns3:TrackPointExtension>
        </extensions>
      </trkpt>
      <trkpt lat="24.48828491382300853729248046875" lon="118.103473596274852752685546875">
        <ele>9</ele>
        <time>2025-05-03T13:14:16.000Z</time>
        <extensions>
          <ns3:TrackPointExtension>
            <ns3:hr>135</ns3:hr>
          </ns3:TrackPointExtension>
        </extensions>
      </trkpt>
      <trkpt lat="24.4882717542350292205810546875" lon="118.10349404811859130859375">
        <ele>9</ele>
        <time>2025-05-03T13:14:17.000Z</time>
        <extensions>
          <ns3:TrackPointExtension>
            <ns3:hr>135</ns3:hr>
          </ns3:TrackPointExtension>
        </extensions>
      </trkpt>
      <trkpt lat="24.488260187208652496337890625" lon="118.1035160087049007415771484375">
        <ele>9.19999980926513671875</ele>
        <time>2025-05-03T13:14:18.000Z</time>
        <extensions>
          <ns3:TrackPointExtension>
            <ns3:hr>135</ns3:hr>
          </ns3:TrackPointExtension>
        </extensions>
      </trkpt>
      <trkpt lat="24.48824979364871978759765625" lon="118.103537969291210174560546875">
        <ele>9.19999980926513671875</ele>
        <time>2025-05-03T13:14:19.000Z</time>
        <extensions>
          <ns3:TrackPointExtension>
            <ns3:hr>135</ns3:hr>
          </ns3:TrackPointExtension>
        </extensions>
      </trkpt>
      <trkpt lat="24.48824032209813594818115234375" lon="118.10355917550623416900634765625">
        <ele>9.3999996185302734375</ele>
        <time>2025-05-03T13:14:20.000Z</time>
        <extensions>
          <ns3:TrackPointExtension>
            <ns3:hr>135</ns3:hr>
          </ns3:TrackPointExtension>
        </extensions>
      </trkpt>
      <trkpt lat="24.48823210783302783966064453125" lon="118.10358113609254360198974609375">
        <ele>9.3999996185302734375</ele>
        <time>2025-05-03T13:14:21.000Z</time>
        <extensions>
          <ns3:TrackPointExtension>
            <ns3:hr>135</ns3:hr>
          </ns3:TrackPointExtension>
        </extensions>
      </trkpt>
      <trkpt lat="24.48822489939630031585693359375" lon="118.10360443778336048126220703125">
        <ele>9.3999996185302734375</ele>
        <time>2025-05-03T13:14:22.000Z</time>
        <extensions>
          <ns3:TrackPointExtension>
            <ns3:hr>135</ns3:hr>
          </ns3:TrackPointExtension>
        </extensions>
      </trkpt>
      <trkpt lat="24.488218612968921661376953125" lon="118.10362790711224079132080078125">
        <ele>9.3999996185302734375</ele>
        <time>2025-05-03T13:14:23.000Z</time>
        <extensions>
          <ns3:TrackPointExtension>
            <ns3:hr>135</ns3:hr>
          </ns3:TrackPointExtension>
        </extensions>
      </trkpt>
      <trkpt lat="24.48821333236992359161376953125" lon="118.10365020297467708587646484375">
        <ele>9.3999996185302734375</ele>
        <time>2025-05-03T13:14:24.000Z</time>
        <extensions>
          <ns3:TrackPointExtension>
            <ns3:hr>135</ns3:hr>
          </ns3:TrackPointExtension>
        </extensions>
      </trkpt>
      <trkpt lat="24.4882093928754329681396484375" lon="118.10367308557033538818359375">
        <ele>9.3999996185302734375</ele>
        <time>2025-05-03T13:14:25.000Z</time>
        <extensions>
          <ns3:TrackPointExtension>
            <ns3:hr>135</ns3:hr>
          </ns3:TrackPointExtension>
        </extensions>
      </trkpt>
      <trkpt lat="24.4882070459425449371337890625" lon="118.10369730927050113677978515625">
        <ele>9.19999980926513671875</ele>
        <time>2025-05-03T13:14:26.000Z</time>
        <extensions>
          <ns3:TrackPointExtension>
            <ns3:hr>135</ns3:hr>
          </ns3:TrackPointExtension>
        </extensions>
      </trkpt>
      <trkpt lat="24.48820645920932292938232421875" lon="118.10372211970388889312744140625">
        <ele>8.80000019073486328125</ele>
        <time>2025-05-03T13:14:27.000Z</time>
        <extensions>
          <ns3:TrackPointExtension>
            <ns3:hr>135</ns3:hr>
          </ns3:TrackPointExtension>
        </extensions>
      </trkpt>
      <trkpt lat="24.48820679448544979095458984375" lon="118.1037461757659912109375">
        <ele>8.3999996185302734375</ele>
        <time>2025-05-03T13:14:28.000Z</time>
        <extensions>
          <ns3:TrackPointExtension>
            <ns3:hr>135</ns3:hr>
          </ns3:TrackPointExtension>
        </extensions>
      </trkpt>
      <trkpt lat="24.48820880614221096038818359375" lon="118.10376889072358608245849609375">
        <ele>8.19999980926513671875</ele>
        <time>2025-05-03T13:14:29.000Z</time>
        <extensions>
          <ns3:TrackPointExtension>
            <ns3:hr>134</ns3:hr>
          </ns3:TrackPointExtension>
        </extensions>
      </trkpt>
      <trkpt lat="24.4882127456367015838623046875" lon="118.1037916056811809539794921875">
        <ele>7.80000019073486328125</ele>
        <time>2025-05-03T13:14:30.000Z</time>
        <extensions>
          <ns3:TrackPointExtension>
            <ns3:hr>134</ns3:hr>
          </ns3:TrackPointExtension>
        </extensions>
      </trkpt>
      <trkpt lat="24.4882184453308582305908203125" lon="118.10381524264812469482421875">
        <ele>7.400000095367431640625</ele>
        <time>2025-05-03T13:14:31.000Z</time>
        <extensions>
          <ns3:TrackPointExtension>
            <ns3:hr>134</ns3:hr>
          </ns3:TrackPointExtension>
        </extensions>
      </trkpt>
      <trkpt lat="24.48822498321533203125" lon="118.10383846051990985870361328125">
        <ele>7</ele>
        <time>2025-05-03T13:14:32.000Z</time>
        <extensions>
          <ns3:TrackPointExtension>
            <ns3:hr>134</ns3:hr>
          </ns3:TrackPointExtension>
        </extensions>
      </trkpt>
      <trkpt lat="24.48823227547109127044677734375" lon="118.1038601696491241455078125">
        <ele>6.599999904632568359375</ele>
        <time>2025-05-03T13:14:33.000Z</time>
        <extensions>
          <ns3:TrackPointExtension>
            <ns3:hr>134</ns3:hr>
          </ns3:TrackPointExtension>
        </extensions>
      </trkpt>
      <trkpt lat="24.48824065737426280975341796875" lon="118.1038811244070529937744140625">
        <ele>6.400000095367431640625</ele>
        <time>2025-05-03T13:14:34.000Z</time>
        <extensions>
          <ns3:TrackPointExtension>
            <ns3:hr>133</ns3:hr>
          </ns3:TrackPointExtension>
        </extensions>
      </trkpt>
      <trkpt lat="24.4882499612867832183837890625" lon="118.10390249826014041900634765625">
        <ele>6</ele>
        <time>2025-05-03T13:14:35.000Z</time>
        <extensions>
          <ns3:TrackPointExtension>
            <ns3:hr>133</ns3:hr>
          </ns3:TrackPointExtension>
        </extensions>
      </trkpt>
      <trkpt lat="24.48826010338962078094482421875" lon="118.103924207389354705810546875">
        <ele>5.599999904632568359375</ele>
        <time>2025-05-03T13:14:36.000Z</time>
        <extensions>
          <ns3:TrackPointExtension>
            <ns3:hr>133</ns3:hr>
          </ns3:TrackPointExtension>
        </extensions>
      </trkpt>
      <trkpt lat="24.48827200569212436676025390625" lon="118.103944994509220123291015625">
        <ele>5.19999980926513671875</ele>
        <time>2025-05-03T13:14:37.000Z</time>
        <extensions>
          <ns3:TrackPointExtension>
            <ns3:hr>133</ns3:hr>
          </ns3:TrackPointExtension>
        </extensions>
      </trkpt>
      <trkpt lat="24.4882853329181671142578125" lon="118.10396452434360980987548828125">
        <ele>5.19999980926513671875</ele>
        <time>2025-05-03T13:14:38.000Z</time>
        <extensions>
          <ns3:TrackPointExtension>
            <ns3:hr>133</ns3:hr>
          </ns3:TrackPointExtension>
        </extensions>
      </trkpt>
      <trkpt lat="24.48829941451549530029296875" lon="118.1039830483496189117431640625">
        <ele>5</ele>
        <time>2025-05-03T13:14:39.000Z</time>
        <extensions>
          <ns3:TrackPointExtension>
            <ns3:hr>133</ns3:hr>
          </ns3:TrackPointExtension>
        </extensions>
      </trkpt>
      <trkpt lat="24.48831542395055294036865234375" lon="118.10400023125112056732177734375">
        <ele>5</ele>
        <time>2025-05-03T13:14:40.000Z</time>
        <extensions>
          <ns3:TrackPointExtension>
            <ns3:hr>133</ns3:hr>
          </ns3:TrackPointExtension>
        </extensions>
      </trkpt>
      <trkpt lat="24.48833302594721317291259765625" lon="118.104015402495861053466796875">
        <ele>4.80000019073486328125</ele>
        <time>2025-05-03T13:14:41.000Z</time>
        <extensions>
          <ns3:TrackPointExtension>
            <ns3:hr>131</ns3:hr>
          </ns3:TrackPointExtension>
        </extensions>
      </trkpt>
      <trkpt lat="24.4883505441248416900634765625" lon="118.10402981936931610107421875">
        <ele>4.599999904632568359375</ele>
        <time>2025-05-03T13:14:42.000Z</time>
        <extensions>
          <ns3:TrackPointExtension>
            <ns3:hr>131</ns3:hr>
          </ns3:TrackPointExtension>
        </extensions>
      </trkpt>
      <trkpt lat="24.4883686490356922149658203125" lon="118.10404398478567600250244140625">
        <ele>4.599999904632568359375</ele>
        <time>2025-05-03T13:14:43.000Z</time>
        <extensions>
          <ns3:TrackPointExtension>
            <ns3:hr>131</ns3:hr>
          </ns3:TrackPointExtension>
        </extensions>
      </trkpt>
      <trkpt lat="24.488388597965240478515625" lon="118.10405739583075046539306640625">
        <ele>4.400000095367431640625</ele>
        <time>2025-05-03T13:14:44.000Z</time>
        <extensions>
          <ns3:TrackPointExtension>
            <ns3:hr>131</ns3:hr>
          </ns3:TrackPointExtension>
        </extensions>
      </trkpt>
      <trkpt lat="24.48840930126607418060302734375" lon="118.10407013632357120513916015625">
        <ele>4.19999980926513671875</ele>
        <time>2025-05-03T13:14:45.000Z</time>
        <extensions>
          <ns3:TrackPointExtension>
            <ns3:hr>131</ns3:hr>
          </ns3:TrackPointExtension>
        </extensions>
      </trkpt>
      <trkpt lat="24.48842992074787616729736328125" lon="118.10408153571188449859619140625">
        <ele>4.19999980926513671875</ele>
        <time>2025-05-03T13:14:46.000Z</time>
        <extensions>
          <ns3:TrackPointExtension>
            <ns3:hr>131</ns3:hr>
          </ns3:TrackPointExtension>
        </extensions>
      </trkpt>
      <trkpt lat="24.48845054022967815399169921875" lon="118.1040908396244049072265625">
        <ele>4</ele>
        <time>2025-05-03T13:14:47.000Z</time>
        <extensions>
          <ns3:TrackPointExtension>
            <ns3:hr>131</ns3:hr>
          </ns3:TrackPointExtension>
        </extensions>
      </trkpt>
      <trkpt lat="24.48847183026373386383056640625" lon="118.10409829951822757720947265625">
        <ele>4.19999980926513671875</ele>
        <time>2025-05-03T13:14:48.000Z</time>
        <extensions>
          <ns3:TrackPointExtension>
            <ns3:hr>131</ns3:hr>
          </ns3:TrackPointExtension>
        </extensions>
      </trkpt>
      <trkpt lat="24.4884947128593921661376953125" lon="118.1041044183075428009033203125">
        <ele>4.400000095367431640625</ele>
        <time>2025-05-03T13:14:49.000Z</time>
        <extensions>
          <ns3:TrackPointExtension>
            <ns3:hr>131</ns3:hr>
          </ns3:TrackPointExtension>
        </extensions>
      </trkpt>
      <trkpt lat="24.48851876892149448394775390625" lon="118.10410886071622371673583984375">
        <ele>4.599999904632568359375</ele>
        <time>2025-05-03T13:14:50.000Z</time>
        <extensions>
          <ns3:TrackPointExtension>
            <ns3:hr>131</ns3:hr>
          </ns3:TrackPointExtension>
        </extensions>
      </trkpt>
      <trkpt lat="24.48854290880262851715087890625" lon="118.10411204583942890167236328125">
        <ele>4.80000019073486328125</ele>
        <time>2025-05-03T13:14:51.000Z</time>
        <extensions>
          <ns3:TrackPointExtension>
            <ns3:hr>132</ns3:hr>
          </ns3:TrackPointExtension>
        </extensions>
      </trkpt>
      <trkpt lat="24.488566629588603973388671875" lon="118.10411472804844379425048828125">
        <ele>4.80000019073486328125</ele>
        <time>2025-05-03T13:14:52.000Z</time>
        <extensions>
          <ns3:TrackPointExtension>
            <ns3:hr>132</ns3:hr>
          </ns3:TrackPointExtension>
        </extensions>
      </trkpt>
      <trkpt lat="24.48859068565070629119873046875" lon="118.1041168235242366790771484375">
        <ele>5</ele>
        <time>2025-05-03T13:14:53.000Z</time>
        <extensions>
          <ns3:TrackPointExtension>
            <ns3:hr>132</ns3:hr>
          </ns3:TrackPointExtension>
        </extensions>
      </trkpt>
      <trkpt lat="24.4886154122650623321533203125" lon="118.104116655886173248291015625">
        <ele>5.19999980926513671875</ele>
        <time>2025-05-03T13:14:54.000Z</time>
        <extensions>
          <ns3:TrackPointExtension>
            <ns3:hr>134</ns3:hr>
          </ns3:TrackPointExtension>
        </extensions>
      </trkpt>
      <trkpt lat="24.48863980360329151153564453125" lon="118.10411305166780948638916015625">
        <ele>5.400000095367431640625</ele>
        <time>2025-05-03T13:14:55.000Z</time>
        <extensions>
          <ns3:TrackPointExtension>
            <ns3:hr>134</ns3:hr>
          </ns3:TrackPointExtension>
        </extensions>
      </trkpt>
      <trkpt lat="24.4886635243892669677734375" lon="118.1041069328784942626953125">
        <ele>5.400000095367431640625</ele>
        <time>2025-05-03T13:14:56.000Z</time>
        <extensions>
          <ns3:TrackPointExtension>
            <ns3:hr>134</ns3:hr>
          </ns3:TrackPointExtension>
        </extensions>
      </trkpt>
      <trkpt lat="24.4886871613562107086181640625" lon="118.1041003949940204620361328125">
        <ele>5.400000095367431640625</ele>
        <time>2025-05-03T13:14:57.000Z</time>
        <extensions>
          <ns3:TrackPointExtension>
            <ns3:hr>134</ns3:hr>
          </ns3:TrackPointExtension>
        </extensions>
      </trkpt>
      <trkpt lat="24.48871037922799587249755859375" lon="118.10409394092857837677001953125">
        <ele>5.599999904632568359375</ele>
        <time>2025-05-03T13:14:58.000Z</time>
        <extensions>
          <ns3:TrackPointExtension>
            <ns3:hr>134</ns3:hr>
          </ns3:TrackPointExtension>
        </extensions>
      </trkpt>
      <trkpt lat="24.48873368091881275177001953125" lon="118.10408723540604114532470703125">
        <ele>5.80000019073486328125</ele>
        <time>2025-05-03T13:14:59.000Z</time>
        <extensions>
          <ns3:TrackPointExtension>
            <ns3:hr>134</ns3:hr>
          </ns3:TrackPointExtension>
        </extensions>
      </trkpt>
      <trkpt lat="24.4887572340667247772216796875" lon="118.1040792725980281829833984375">
        <ele>6.19999980926513671875</ele>
        <time>2025-05-03T13:15:00.000Z</time>
        <extensions>
          <ns3:TrackPointExtension>
            <ns3:hr>134</ns3:hr>
          </ns3:TrackPointExtension>
        </extensions>
      </trkpt>
      <trkpt lat="24.4887810386717319488525390625" lon="118.10407013632357120513916015625">
        <ele>6.80000019073486328125</ele>
        <time>2025-05-03T13:15:01.000Z</time>
        <extensions>
          <ns3:TrackPointExtension>
            <ns3:hr>134</ns3:hr>
          </ns3:TrackPointExtension>
        </extensions>
      </trkpt>
      <trkpt lat="24.48880526237189769744873046875" lon="118.104061000049114227294921875">
        <ele>7.19999980926513671875</ele>
        <time>2025-05-03T13:15:02.000Z</time>
        <extensions>
          <ns3:TrackPointExtension>
            <ns3:hr>134</ns3:hr>
          </ns3:TrackPointExtension>
        </extensions>
      </trkpt>
      <trkpt lat="24.4888298213481903076171875" lon="118.10405203141272068023681640625">
        <ele>7.80000019073486328125</ele>
        <time>2025-05-03T13:15:03.000Z</time>
        <extensions>
          <ns3:TrackPointExtension>
            <ns3:hr>134</ns3:hr>
          </ns3:TrackPointExtension>
        </extensions>
      </trkpt>
      <trkpt lat="24.488854296505451202392578125" lon="118.10404364950954914093017578125">
        <ele>8</ele>
        <time>2025-05-03T13:15:04.000Z</time>
        <extensions>
          <ns3:TrackPointExtension>
            <ns3:hr>135</ns3:hr>
          </ns3:TrackPointExtension>
        </extensions>
      </trkpt>
      <trkpt lat="24.48887835256755352020263671875" lon="118.1040356867015361785888671875">
        <ele>8.19999980926513671875</ele>
        <time>2025-05-03T13:15:05.000Z</time>
        <extensions>
          <ns3:TrackPointExtension>
            <ns3:hr>135</ns3:hr>
          </ns3:TrackPointExtension>
        </extensions>
      </trkpt>
      <trkpt lat="24.488901905715465545654296875" lon="118.1040279753506183624267578125">
        <ele>8.6000003814697265625</ele>
        <time>2025-05-03T13:15:06.000Z</time>
        <extensions>
          <ns3:TrackPointExtension>
            <ns3:hr>135</ns3:hr>
          </ns3:TrackPointExtension>
        </extensions>
      </trkpt>
      <trkpt lat="24.48892512358725070953369140625" lon="118.10402001254260540008544921875">
        <ele>8.80000019073486328125</ele>
        <time>2025-05-03T13:15:07.000Z</time>
        <extensions>
          <ns3:TrackPointExtension>
            <ns3:hr>135</ns3:hr>
          </ns3:TrackPointExtension>
        </extensions>
      </trkpt>
      <trkpt lat="24.48894850909709930419921875" lon="118.1040103733539581298828125">
        <ele>9</ele>
        <time>2025-05-03T13:15:08.000Z</time>
        <extensions>
          <ns3:TrackPointExtension>
            <ns3:hr>135</ns3:hr>
          </ns3:TrackPointExtension>
        </extensions>
      </trkpt>
      <trkpt lat="24.4889719784259796142578125" lon="118.10399972833693027496337890625">
        <ele>9.19999980926513671875</ele>
        <time>2025-05-03T13:15:09.000Z</time>
        <extensions>
          <ns3:TrackPointExtension>
            <ns3:hr>135</ns3:hr>
          </ns3:TrackPointExtension>
        </extensions>
      </trkpt>
      <trkpt lat="24.48899553157389163970947265625" lon="118.1039890833199024200439453125">
        <ele>9.3999996185302734375</ele>
        <time>2025-05-03T13:15:10.000Z</time>
        <extensions>
          <ns3:TrackPointExtension>
            <ns3:hr>135</ns3:hr>
          </ns3:TrackPointExtension>
        </extensions>
      </trkpt>
      <trkpt lat="24.489019252359867095947265625" lon="118.10397927649319171905517578125">
        <ele>9.3999996185302734375</ele>
        <time>2025-05-03T13:15:11.000Z</time>
        <extensions>
          <ns3:TrackPointExtension>
            <ns3:hr>135</ns3:hr>
          </ns3:TrackPointExtension>
        </extensions>
      </trkpt>
      <trkpt lat="24.48904314078390598297119140625" lon="118.10397089459002017974853515625">
        <ele>9.3999996185302734375</ele>
        <time>2025-05-03T13:15:12.000Z</time>
        <extensions>
          <ns3:TrackPointExtension>
            <ns3:hr>135</ns3:hr>
          </ns3:TrackPointExtension>
        </extensions>
      </trkpt>
      <trkpt lat="24.48906728066504001617431640625" lon="118.103962428867816925048828125">
        <ele>9.6000003814697265625</ele>
        <time>2025-05-03T13:15:13.000Z</time>
        <extensions>
          <ns3:TrackPointExtension>
            <ns3:hr>135</ns3:hr>
          </ns3:TrackPointExtension>
        </extensions>
      </trkpt>
      <trkpt lat="24.48909158818423748016357421875" lon="118.10395429842174053192138671875">
        <ele>10</ele>
        <time>2025-05-03T13:15:14.000Z</time>
        <extensions>
          <ns3:TrackPointExtension>
            <ns3:hr>135</ns3:hr>
          </ns3:TrackPointExtension>
        </extensions>
      </trkpt>
      <trkpt lat="24.48911723680794239044189453125" lon="118.10394809581339359283447265625">
        <ele>10.19999980926513671875</ele>
        <time>2025-05-03T13:15:15.000Z</time>
        <extensions>
          <ns3:TrackPointExtension>
            <ns3:hr>136</ns3:hr>
          </ns3:TrackPointExtension>
        </extensions>
      </trkpt>
      <trkpt lat="24.48914422653615474700927734375" lon="118.10394222848117351531982421875">
        <ele>10.6000003814697265625</ele>
        <time>2025-05-03T13:15:16.000Z</time>
        <extensions>
          <ns3:TrackPointExtension>
            <ns3:hr>136</ns3:hr>
          </ns3:TrackPointExtension>
        </extensions>
      </trkpt>
      <trkpt lat="24.4891689531505107879638671875" lon="118.10393502004444599151611328125">
        <ele>10.80000019073486328125</ele>
        <time>2025-05-03T13:15:17.000Z</time>
        <extensions>
          <ns3:TrackPointExtension>
            <ns3:hr>136</ns3:hr>
          </ns3:TrackPointExtension>
        </extensions>
      </trkpt>
      <trkpt lat="24.48918948881328105926513671875" lon="118.10392630286514759063720703125">
        <ele>11</ele>
        <time>2025-05-03T13:15:18.000Z</time>
        <extensions>
          <ns3:TrackPointExtension>
            <ns3:hr>136</ns3:hr>
          </ns3:TrackPointExtension>
        </extensions>
      </trkpt>
      <trkpt lat="24.48920893482863903045654296875" lon="118.10391674749553203582763671875">
        <ele>11</ele>
        <time>2025-05-03T13:15:19.000Z</time>
        <extensions>
          <ns3:TrackPointExtension>
            <ns3:hr>136</ns3:hr>
          </ns3:TrackPointExtension>
        </extensions>
      </trkpt>
      <trkpt lat="24.4892313145101070404052734375" lon="118.103907108306884765625">
        <ele>11.19999980926513671875</ele>
        <time>2025-05-03T13:15:20.000Z</time>
        <extensions>
          <ns3:TrackPointExtension>
            <ns3:hr>136</ns3:hr>
          </ns3:TrackPointExtension>
        </extensions>
      </trkpt>
      <trkpt lat="24.489255286753177642822265625" lon="118.1038982234895229339599609375">
        <ele>11.3999996185302734375</ele>
        <time>2025-05-03T13:15:21.000Z</time>
        <extensions>
          <ns3:TrackPointExtension>
            <ns3:hr>136</ns3:hr>
          </ns3:TrackPointExtension>
        </extensions>
      </trkpt>
      <trkpt lat="24.489279426634311676025390625" lon="118.10389034450054168701171875">
        <ele>11.3999996185302734375</ele>
        <time>2025-05-03T13:15:22.000Z</time>
        <extensions>
          <ns3:TrackPointExtension>
            <ns3:hr>136</ns3:hr>
          </ns3:TrackPointExtension>
        </extensions>
      </trkpt>
      <trkpt lat="24.4893033988773822784423828125" lon="118.10388305224478244781494140625">
        <ele>11</ele>
        <time>2025-05-03T13:15:23.000Z</time>
        <extensions>
          <ns3:TrackPointExtension>
            <ns3:hr>137</ns3:hr>
          </ns3:TrackPointExtension>
        </extensions>
      </trkpt>
      <trkpt lat="24.489327035844326019287109375" lon="118.10387584380805492401123046875">
        <ele>10.3999996185302734375</ele>
        <time>2025-05-03T13:15:24.000Z</time>
        <extensions>
          <ns3:TrackPointExtension>
            <ns3:hr>137</ns3:hr>
          </ns3:TrackPointExtension>
        </extensions>
      </trkpt>
      <trkpt lat="24.48935008607804775238037109375" lon="118.1038683839142322540283203125">
        <ele>10</ele>
        <time>2025-05-03T13:15:25.000Z</time>
        <extensions>
          <ns3:TrackPointExtension>
            <ns3:hr>137</ns3:hr>
          </ns3:TrackPointExtension>
        </extensions>
      </trkpt>
      <trkpt lat="24.489371962845325469970703125" lon="118.10385941527783870697021484375">
        <ele>9.3999996185302734375</ele>
        <time>2025-05-03T13:15:26.000Z</time>
        <extensions>
          <ns3:TrackPointExtension>
            <ns3:hr>137</ns3:hr>
          </ns3:TrackPointExtension>
        </extensions>
      </trkpt>
      <trkpt lat="24.4893935881555080413818359375" lon="118.1038499437272548675537109375">
        <ele>9</ele>
        <time>2025-05-03T13:15:27.000Z</time>
        <extensions>
          <ns3:TrackPointExtension>
            <ns3:hr>137</ns3:hr>
          </ns3:TrackPointExtension>
        </extensions>
      </trkpt>
      <trkpt lat="24.48941546492278575897216796875" lon="118.1038405559957027435302734375">
        <ele>8.3999996185302734375</ele>
        <time>2025-05-03T13:15:28.000Z</time>
        <extensions>
          <ns3:TrackPointExtension>
            <ns3:hr>137</ns3:hr>
          </ns3:TrackPointExtension>
        </extensions>
      </trkpt>
      <trkpt lat="24.4894375093281269073486328125" lon="118.10383125208318233489990234375">
        <ele>8</ele>
        <time>2025-05-03T13:15:29.000Z</time>
        <extensions>
          <ns3:TrackPointExtension>
            <ns3:hr>137</ns3:hr>
          </ns3:TrackPointExtension>
        </extensions>
      </trkpt>
      <trkpt lat="24.489459805190563201904296875" lon="118.1038221158087253570556640625">
        <ele>7.599999904632568359375</ele>
        <time>2025-05-03T13:15:30.000Z</time>
        <extensions>
          <ns3:TrackPointExtension>
            <ns3:hr>137</ns3:hr>
          </ns3:TrackPointExtension>
        </extensions>
      </trkpt>
      <trkpt lat="24.48948285542428493499755859375" lon="118.10381281189620494842529296875">
        <ele>7.400000095367431640625</ele>
        <time>2025-05-03T13:15:31.000Z</time>
        <extensions>
          <ns3:TrackPointExtension>
            <ns3:hr>137</ns3:hr>
          </ns3:TrackPointExtension>
        </extensions>
      </trkpt>
      <trkpt lat="24.489506073296070098876953125" lon="118.10380241833627223968505859375">
        <ele>7</ele>
        <time>2025-05-03T13:15:32.000Z</time>
        <extensions>
          <ns3:TrackPointExtension>
            <ns3:hr>137</ns3:hr>
          </ns3:TrackPointExtension>
        </extensions>
      </trkpt>
      <trkpt lat="24.4895280338823795318603515625" lon="118.1037902645766735076904296875">
        <ele>6.80000019073486328125</ele>
        <time>2025-05-03T13:15:33.000Z</time>
        <extensions>
          <ns3:TrackPointExtension>
            <ns3:hr>137</ns3:hr>
          </ns3:TrackPointExtension>
        </extensions>
      </trkpt>
      <trkpt lat="24.48954789899289608001708984375" lon="118.10377626679837703704833984375">
        <ele>6.599999904632568359375</ele>
        <time>2025-05-03T13:15:34.000Z</time>
        <extensions>
          <ns3:TrackPointExtension>
            <ns3:hr>138</ns3:hr>
          </ns3:TrackPointExtension>
        </extensions>
      </trkpt>
      <trkpt lat="24.48956684209406375885009765625" lon="118.10376067645847797393798828125">
        <ele>6.400000095367431640625</ele>
        <time>2025-05-03T13:15:35.000Z</time>
        <extensions>
          <ns3:TrackPointExtension>
            <ns3:hr>138</ns3:hr>
          </ns3:TrackPointExtension>
        </extensions>
      </trkpt>
      <trkpt lat="24.489584863185882568359375" lon="118.10374416410923004150390625">
        <ele>6.19999980926513671875</ele>
        <time>2025-05-03T13:15:36.000Z</time>
        <extensions>
          <ns3:TrackPointExtension>
            <ns3:hr>138</ns3:hr>
          </ns3:TrackPointExtension>
        </extensions>
      </trkpt>
      <trkpt lat="24.48960171081125736236572265625" lon="118.1037260591983795166015625">
        <ele>6</ele>
        <time>2025-05-03T13:15:37.000Z</time>
        <extensions>
          <ns3:TrackPointExtension>
            <ns3:hr>138</ns3:hr>
          </ns3:TrackPointExtension>
        </extensions>
      </trkpt>
      <trkpt lat="24.48961713351309299468994140625" lon="118.10370636172592639923095703125">
        <ele>6</ele>
        <time>2025-05-03T13:15:38.000Z</time>
        <extensions>
          <ns3:TrackPointExtension>
            <ns3:hr>138</ns3:hr>
          </ns3:TrackPointExtension>
        </extensions>
      </trkpt>
      <trkpt lat="24.4896312989294528961181640625" lon="118.1036858260631561279296875">
        <ele>5.80000019073486328125</ele>
        <time>2025-05-03T13:15:39.000Z</time>
        <extensions>
          <ns3:TrackPointExtension>
            <ns3:hr>138</ns3:hr>
          </ns3:TrackPointExtension>
        </extensions>
      </trkpt>
      <trkpt lat="24.48964454233646392822265625" lon="118.10366529040038585662841796875">
        <ele>5.599999904632568359375</ele>
        <time>2025-05-03T13:15:40.000Z</time>
        <extensions>
          <ns3:TrackPointExtension>
            <ns3:hr>138</ns3:hr>
          </ns3:TrackPointExtension>
        </extensions>
      </trkpt>
      <trkpt lat="24.48965753428637981414794921875" lon="118.10364349745213985443115234375">
        <ele>5.599999904632568359375</ele>
        <time>2025-05-03T13:15:41.000Z</time>
        <extensions>
          <ns3:TrackPointExtension>
            <ns3:hr>138</ns3:hr>
          </ns3:TrackPointExtension>
        </extensions>
      </trkpt>
      <trkpt lat="24.48966943658888339996337890625" lon="118.1036209501326084136962890625">
        <ele>5.599999904632568359375</ele>
        <time>2025-05-03T13:15:42.000Z</time>
        <extensions>
          <ns3:TrackPointExtension>
            <ns3:hr>138</ns3:hr>
          </ns3:TrackPointExtension>
        </extensions>
      </trkpt>
      <trkpt lat="24.48967949487268924713134765625" lon="118.10359722934663295745849609375">
        <ele>5.599999904632568359375</ele>
        <time>2025-05-03T13:15:43.000Z</time>
        <extensions>
          <ns3:TrackPointExtension>
            <ns3:hr>138</ns3:hr>
          </ns3:TrackPointExtension>
        </extensions>
      </trkpt>
      <trkpt lat="24.48968787677586078643798828125" lon="118.10357241891324520111083984375">
        <ele>5.599999904632568359375</ele>
        <time>2025-05-03T13:15:44.000Z</time>
        <extensions>
          <ns3:TrackPointExtension>
            <ns3:hr>138</ns3:hr>
          </ns3:TrackPointExtension>
        </extensions>
      </trkpt>
      <trkpt lat="24.489695169031620025634765625" lon="118.10354727320373058319091796875">
        <ele>5.599999904632568359375</ele>
        <time>2025-05-03T13:15:45.000Z</time>
        <extensions>
          <ns3:TrackPointExtension>
            <ns3:hr>138</ns3:hr>
          </ns3:TrackPointExtension>
        </extensions>
      </trkpt>
      <trkpt lat="24.48970128782093524932861328125" lon="118.10352279804646968841552734375">
        <ele>5.400000095367431640625</ele>
        <time>2025-05-03T13:15:46.000Z</time>
        <extensions>
          <ns3:TrackPointExtension>
            <ns3:hr>138</ns3:hr>
          </ns3:TrackPointExtension>
        </extensions>
      </trkpt>
      <trkpt lat="24.489705227315425872802734375" lon="118.1034985743463039398193359375">
        <ele>5.400000095367431640625</ele>
        <time>2025-05-03T13:15:47.000Z</time>
        <extensions>
          <ns3:TrackPointExtension>
            <ns3:hr>138</ns3:hr>
          </ns3:TrackPointExtension>
        </extensions>
      </trkpt>
      <trkpt lat="24.48970681987702846527099609375" lon="118.103472925722599029541015625">
        <ele>5.400000095367431640625</ele>
        <time>2025-05-03T13:15:48.000Z</time>
        <extensions>
          <ns3:TrackPointExtension>
            <ns3:hr>138</ns3:hr>
          </ns3:TrackPointExtension>
        </extensions>
      </trkpt>
      <trkpt lat="24.48970732279121875762939453125" lon="118.1034466065466403961181640625">
        <ele>5.400000095367431640625</ele>
        <time>2025-05-03T13:15:49.000Z</time>
        <extensions>
          <ns3:TrackPointExtension>
            <ns3:hr>138</ns3:hr>
          </ns3:TrackPointExtension>
        </extensions>
      </trkpt>
      <trkpt lat="24.48970749042928218841552734375" lon="118.103420622646808624267578125">
        <ele>5.400000095367431640625</ele>
        <time>2025-05-03T13:15:50.000Z</time>
        <extensions>
          <ns3:TrackPointExtension>
            <ns3:hr>139</ns3:hr>
          </ns3:TrackPointExtension>
        </extensions>
      </trkpt>
      <trkpt lat="24.48970732279121875762939453125" lon="118.103394806385040283203125">
        <ele>5.400000095367431640625</ele>
        <time>2025-05-03T13:15:51.000Z</time>
        <extensions>
          <ns3:TrackPointExtension>
            <ns3:hr>139</ns3:hr>
          </ns3:TrackPointExtension>
        </extensions>
      </trkpt>
      <trkpt lat="24.48970631696283817291259765625" lon="118.1033694930374622344970703125">
        <ele>5.599999904632568359375</ele>
        <time>2025-05-03T13:15:52.000Z</time>
        <extensions>
          <ns3:TrackPointExtension>
            <ns3:hr>139</ns3:hr>
          </ns3:TrackPointExtension>
        </extensions>
      </trkpt>
      <trkpt lat="24.4897030480206012725830078125" lon="118.10334476642310619354248046875">
        <ele>5.599999904632568359375</ele>
        <time>2025-05-03T13:15:53.000Z</time>
        <extensions>
          <ns3:TrackPointExtension>
            <ns3:hr>139</ns3:hr>
          </ns3:TrackPointExtension>
        </extensions>
      </trkpt>
      <trkpt lat="24.48969709686934947967529296875" lon="118.10332079418003559112548828125">
        <ele>5.80000019073486328125</ele>
        <time>2025-05-03T13:15:54.000Z</time>
        <extensions>
          <ns3:TrackPointExtension>
            <ns3:hr>139</ns3:hr>
          </ns3:TrackPointExtension>
        </extensions>
      </trkpt>
      <trkpt lat="24.489689134061336517333984375" lon="118.10329766012728214263916015625">
        <ele>5.80000019073486328125</ele>
        <time>2025-05-03T13:15:55.000Z</time>
        <extensions>
          <ns3:TrackPointExtension>
            <ns3:hr>139</ns3:hr>
          </ns3:TrackPointExtension>
        </extensions>
      </trkpt>
      <trkpt lat="24.48967966251075267791748046875" lon="118.1032741069793701171875">
        <ele>6</ele>
        <time>2025-05-03T13:15:56.000Z</time>
        <extensions>
          <ns3:TrackPointExtension>
            <ns3:hr>139</ns3:hr>
          </ns3:TrackPointExtension>
        </extensions>
      </trkpt>
      <trkpt lat="24.48966868221759796142578125" lon="118.1032501347362995147705078125">
        <ele>6</ele>
        <time>2025-05-03T13:15:57.000Z</time>
        <extensions>
          <ns3:TrackPointExtension>
            <ns3:hr>139</ns3:hr>
          </ns3:TrackPointExtension>
        </extensions>
      </trkpt>
      <trkpt lat="24.48965669609606266021728515625" lon="118.10322708450257778167724609375">
        <ele>6.19999980926513671875</ele>
        <time>2025-05-03T13:15:58.000Z</time>
        <extensions>
          <ns3:TrackPointExtension>
            <ns3:hr>139</ns3:hr>
          </ns3:TrackPointExtension>
        </extensions>
      </trkpt>
      <trkpt lat="24.48964462615549564361572265625" lon="118.103205375373363494873046875">
        <ele>6.400000095367431640625</ele>
        <time>2025-05-03T13:15:59.000Z</time>
        <extensions>
          <ns3:TrackPointExtension>
            <ns3:hr>139</ns3:hr>
          </ns3:TrackPointExtension>
        </extensions>
      </trkpt>
      <trkpt lat="24.4896319694817066192626953125" lon="118.10318450443446636199951171875">
        <ele>6.400000095367431640625</ele>
        <time>2025-05-03T13:16:00.000Z</time>
        <extensions>
          <ns3:TrackPointExtension>
            <ns3:hr>139</ns3:hr>
          </ns3:TrackPointExtension>
        </extensions>
      </trkpt>
      <trkpt lat="24.48961797170341014862060546875" lon="118.10316472314298152923583984375">
        <ele>6.599999904632568359375</ele>
        <time>2025-05-03T13:16:01.000Z</time>
        <extensions>
          <ns3:TrackPointExtension>
            <ns3:hr>139</ns3:hr>
          </ns3:TrackPointExtension>
        </extensions>
      </trkpt>
      <trkpt lat="24.48960187844932079315185546875" lon="118.10314603149890899658203125">
        <ele>6.599999904632568359375</ele>
        <time>2025-05-03T13:16:02.000Z</time>
        <extensions>
          <ns3:TrackPointExtension>
            <ns3:hr>139</ns3:hr>
          </ns3:TrackPointExtension>
        </extensions>
      </trkpt>
      <trkpt lat="24.489583857357501983642578125" lon="118.10312817804515361785888671875">
        <ele>6.80000019073486328125</ele>
        <time>2025-05-03T13:16:03.000Z</time>
        <extensions>
          <ns3:TrackPointExtension>
            <ns3:hr>139</ns3:hr>
          </ns3:TrackPointExtension>
        </extensions>
      </trkpt>
      <trkpt lat="24.48956432752311229705810546875" lon="118.10311158187687397003173828125">
        <ele>7</ele>
        <time>2025-05-03T13:16:04.000Z</time>
        <extensions>
          <ns3:TrackPointExtension>
            <ns3:hr>139</ns3:hr>
          </ns3:TrackPointExtension>
        </extensions>
      </trkpt>
      <trkpt lat="24.4895447976887226104736328125" lon="118.10309615917503833770751953125">
        <ele>7</ele>
        <time>2025-05-03T13:16:05.000Z</time>
        <extensions>
          <ns3:TrackPointExtension>
            <ns3:hr>139</ns3:hr>
          </ns3:TrackPointExtension>
        </extensions>
      </trkpt>
      <trkpt lat="24.4895245134830474853515625" lon="118.1030818261206150054931640625">
        <ele>7.19999980926513671875</ele>
        <time>2025-05-03T13:16:06.000Z</time>
        <extensions>
          <ns3:TrackPointExtension>
            <ns3:hr>139</ns3:hr>
          </ns3:TrackPointExtension>
        </extensions>
      </trkpt>
      <trkpt lat="24.48950330726802349090576171875" lon="118.10306900180876255035400390625">
        <ele>7.400000095367431640625</ele>
        <time>2025-05-03T13:16:07.000Z</time>
        <extensions>
          <ns3:TrackPointExtension>
            <ns3:hr>139</ns3:hr>
          </ns3:TrackPointExtension>
        </extensions>
      </trkpt>
      <trkpt lat="24.48948134668171405792236328125" lon="118.10305827297270298004150390625">
        <ele>7.400000095367431640625</ele>
        <time>2025-05-03T13:16:08.000Z</time>
        <extensions>
          <ns3:TrackPointExtension>
            <ns3:hr>140</ns3:hr>
          </ns3:TrackPointExtension>
        </extensions>
      </trkpt>
      <trkpt lat="24.489458464086055755615234375" lon="118.10304905287921428680419921875">
        <ele>7.599999904632568359375</ele>
        <time>2025-05-03T13:16:09.000Z</time>
        <extensions>
          <ns3:TrackPointExtension>
            <ns3:hr>140</ns3:hr>
          </ns3:TrackPointExtension>
        </extensions>
      </trkpt>
      <trkpt lat="24.48943541385233402252197265625" lon="118.10304117389023303985595703125">
        <ele>7.599999904632568359375</ele>
        <time>2025-05-03T13:16:10.000Z</time>
        <extensions>
          <ns3:TrackPointExtension>
            <ns3:hr>140</ns3:hr>
          </ns3:TrackPointExtension>
        </extensions>
      </trkpt>
      <trkpt lat="24.48941194452345371246337890625" lon="118.10303471982479095458984375">
        <ele>7.80000019073486328125</ele>
        <time>2025-05-03T13:16:11.000Z</time>
        <extensions>
          <ns3:TrackPointExtension>
            <ns3:hr>140</ns3:hr>
          </ns3:TrackPointExtension>
        </extensions>
      </trkpt>
      <trkpt lat="24.48938797228038311004638671875" lon="118.10303061269223690032958984375">
        <ele>7.80000019073486328125</ele>
        <time>2025-05-03T13:16:12.000Z</time>
        <extensions>
          <ns3:TrackPointExtension>
            <ns3:hr>139</ns3:hr>
          </ns3:TrackPointExtension>
        </extensions>
      </trkpt>
      <trkpt lat="24.4893635809421539306640625" lon="118.10302876867353916168212890625">
        <ele>8</ele>
        <time>2025-05-03T13:16:13.000Z</time>
        <extensions>
          <ns3:TrackPointExtension>
            <ns3:hr>139</ns3:hr>
          </ns3:TrackPointExtension>
        </extensions>
      </trkpt>
      <trkpt lat="24.489339105784893035888671875" lon="118.1030285172164440155029296875">
        <ele>8</ele>
        <time>2025-05-03T13:16:14.000Z</time>
        <extensions>
          <ns3:TrackPointExtension>
            <ns3:hr>139</ns3:hr>
          </ns3:TrackPointExtension>
        </extensions>
      </trkpt>
      <trkpt lat="24.489314295351505279541015625" lon="118.10302943922579288482666015625">
        <ele>8.19999980926513671875</ele>
        <time>2025-05-03T13:16:15.000Z</time>
        <extensions>
          <ns3:TrackPointExtension>
            <ns3:hr>139</ns3:hr>
          </ns3:TrackPointExtension>
        </extensions>
      </trkpt>
      <trkpt lat="24.48928923346102237701416015625" lon="118.1030308641493320465087890625">
        <ele>8.19999980926513671875</ele>
        <time>2025-05-03T13:16:16.000Z</time>
        <extensions>
          <ns3:TrackPointExtension>
            <ns3:hr>139</ns3:hr>
          </ns3:TrackPointExtension>
        </extensions>
      </trkpt>
      <trkpt lat="24.48926408775150775909423828125" lon="118.10303270816802978515625">
        <ele>8.3999996185302734375</ele>
        <time>2025-05-03T13:16:17.000Z</time>
        <extensions>
          <ns3:TrackPointExtension>
            <ns3:hr>139</ns3:hr>
          </ns3:TrackPointExtension>
        </extensions>
      </trkpt>
      <trkpt lat="24.48923944495618343353271484375" lon="118.10303564183413982391357421875">
        <ele>8.3999996185302734375</ele>
        <time>2025-05-03T13:16:18.000Z</time>
        <extensions>
          <ns3:TrackPointExtension>
            <ns3:hr>139</ns3:hr>
          </ns3:TrackPointExtension>
        </extensions>
      </trkpt>
      <trkpt lat="24.48921496979892253875732421875" lon="118.1030409224331378936767578125">
        <ele>8.3999996185302734375</ele>
        <time>2025-05-03T13:16:19.000Z</time>
        <extensions>
          <ns3:TrackPointExtension>
            <ns3:hr>137</ns3:hr>
          </ns3:TrackPointExtension>
        </extensions>
      </trkpt>
      <trkpt lat="24.48919082991778850555419921875" lon="118.10304804705083370208740234375">
        <ele>8.19999980926513671875</ele>
        <time>2025-05-03T13:16:20.000Z</time>
        <extensions>
          <ns3:TrackPointExtension>
            <ns3:hr>137</ns3:hr>
          </ns3:TrackPointExtension>
        </extensions>
      </trkpt>
      <trkpt lat="24.48916669003665447235107421875" lon="118.1030560098588466644287109375">
        <ele>8.19999980926513671875</ele>
        <time>2025-05-03T13:16:21.000Z</time>
        <extensions>
          <ns3:TrackPointExtension>
            <ns3:hr>137</ns3:hr>
          </ns3:TrackPointExtension>
        </extensions>
      </trkpt>
      <trkpt lat="24.4891424663364887237548828125" lon="118.10306430794298648834228515625">
        <ele>8</ele>
        <time>2025-05-03T13:16:22.000Z</time>
        <extensions>
          <ns3:TrackPointExtension>
            <ns3:hr>137</ns3:hr>
          </ns3:TrackPointExtension>
        </extensions>
      </trkpt>
      <trkpt lat="24.4891186617314815521240234375" lon="118.10307319276034832000732421875">
        <ele>7.80000019073486328125</ele>
        <time>2025-05-03T13:16:23.000Z</time>
        <extensions>
          <ns3:TrackPointExtension>
            <ns3:hr>137</ns3:hr>
          </ns3:TrackPointExtension>
        </extensions>
      </trkpt>
      <trkpt lat="24.48909494094550609588623046875" lon="118.10308165848255157470703125">
        <ele>7.599999904632568359375</ele>
        <time>2025-05-03T13:16:24.000Z</time>
        <extensions>
          <ns3:TrackPointExtension>
            <ns3:hr>137</ns3:hr>
          </ns3:TrackPointExtension>
        </extensions>
      </trkpt>
      <trkpt lat="24.48907189071178436279296875" lon="118.103089369833469390869140625">
        <ele>7.400000095367431640625</ele>
        <time>2025-05-03T13:16:25.000Z</time>
        <extensions>
          <ns3:TrackPointExtension>
            <ns3:hr>137</ns3:hr>
          </ns3:TrackPointExtension>
        </extensions>
      </trkpt>
      <trkpt lat="24.4890492595732212066650390625" lon="118.1030969135463237762451171875">
        <ele>7.19999980926513671875</ele>
        <time>2025-05-03T13:16:26.000Z</time>
        <extensions>
          <ns3:TrackPointExtension>
            <ns3:hr>137</ns3:hr>
          </ns3:TrackPointExtension>
        </extensions>
      </trkpt>
      <trkpt lat="24.48902620933949947357177734375" lon="118.103105127811431884765625">
        <ele>7</ele>
        <time>2025-05-03T13:16:27.000Z</time>
        <extensions>
          <ns3:TrackPointExtension>
            <ns3:hr>137</ns3:hr>
          </ns3:TrackPointExtension>
        </extensions>
      </trkpt>
      <trkpt lat="24.48900240473449230194091796875" lon="118.10311376117169857025146484375">
        <ele>7</ele>
        <time>2025-05-03T13:16:28.000Z</time>
        <extensions>
          <ns3:TrackPointExtension>
            <ns3:hr>137</ns3:hr>
          </ns3:TrackPointExtension>
        </extensions>
      </trkpt>
      <trkpt lat="24.48897935450077056884765625" lon="118.10312314890325069427490234375">
        <ele>7.19999980926513671875</ele>
        <time>2025-05-03T13:16:29.000Z</time>
        <extensions>
          <ns3:TrackPointExtension>
            <ns3:hr>137</ns3:hr>
          </ns3:TrackPointExtension>
        </extensions>
      </trkpt>
      <trkpt lat="24.4889577291905879974365234375" lon="118.1031334586441516876220703125">
        <ele>7.400000095367431640625</ele>
        <time>2025-05-03T13:16:30.000Z</time>
        <extensions>
          <ns3:TrackPointExtension>
            <ns3:hr>137</ns3:hr>
          </ns3:TrackPointExtension>
        </extensions>
      </trkpt>
      <trkpt lat="24.48893618769943714141845703125" lon="118.1031440198421478271484375">
        <ele>7.400000095367431640625</ele>
        <time>2025-05-03T13:16:31.000Z</time>
        <extensions>
          <ns3:TrackPointExtension>
            <ns3:hr>137</ns3:hr>
          </ns3:TrackPointExtension>
        </extensions>
      </trkpt>
      <trkpt lat="24.48891338892281055450439453125" lon="118.10315466485917568206787109375">
        <ele>7.599999904632568359375</ele>
        <time>2025-05-03T13:16:32.000Z</time>
        <extensions>
          <ns3:TrackPointExtension>
            <ns3:hr>136</ns3:hr>
          </ns3:TrackPointExtension>
        </extensions>
      </trkpt>
      <trkpt lat="24.48888958431780338287353515625" lon="118.10316472314298152923583984375">
        <ele>7.80000019073486328125</ele>
        <time>2025-05-03T13:16:33.000Z</time>
        <extensions>
          <ns3:TrackPointExtension>
            <ns3:hr>136</ns3:hr>
          </ns3:TrackPointExtension>
        </extensions>
      </trkpt>
      <trkpt lat="24.4888655282557010650634765625" lon="118.1031733565032482147216796875">
        <ele>8</ele>
        <time>2025-05-03T13:16:34.000Z</time>
        <extensions>
          <ns3:TrackPointExtension>
            <ns3:hr>136</ns3:hr>
          </ns3:TrackPointExtension>
        </extensions>
      </trkpt>
      <trkpt lat="24.48884189128875732421875" lon="118.1031807325780391693115234375">
        <ele>8.19999980926513671875</ele>
        <time>2025-05-03T13:16:35.000Z</time>
        <extensions>
          <ns3:TrackPointExtension>
            <ns3:hr>136</ns3:hr>
          </ns3:TrackPointExtension>
        </extensions>
      </trkpt>
      <trkpt lat="24.48881884105503559112548828125" lon="118.10318735428154468536376953125">
        <ele>8.3999996185302734375</ele>
        <time>2025-05-03T13:16:36.000Z</time>
        <extensions>
          <ns3:TrackPointExtension>
            <ns3:hr>137</ns3:hr>
          </ns3:TrackPointExtension>
        </extensions>
      </trkpt>
      <trkpt lat="24.48879553936421871185302734375" lon="118.1031944788992404937744140625">
        <ele>8.19999980926513671875</ele>
        <time>2025-05-03T13:16:37.000Z</time>
        <extensions>
          <ns3:TrackPointExtension>
            <ns3:hr>137</ns3:hr>
          </ns3:TrackPointExtension>
        </extensions>
      </trkpt>
      <trkpt lat="24.48877156712114810943603515625" lon="118.10320193879306316375732421875">
        <ele>8.19999980926513671875</ele>
        <time>2025-05-03T13:16:38.000Z</time>
        <extensions>
          <ns3:TrackPointExtension>
            <ns3:hr>137</ns3:hr>
          </ns3:TrackPointExtension>
        </extensions>
      </trkpt>
      <trkpt lat="24.48874809779226779937744140625" lon="118.10320897959172725677490234375">
        <ele>8</ele>
        <time>2025-05-03T13:16:39.000Z</time>
        <extensions>
          <ns3:TrackPointExtension>
            <ns3:hr>137</ns3:hr>
          </ns3:TrackPointExtension>
        </extensions>
      </trkpt>
      <trkpt lat="24.48872529901564121246337890625" lon="118.10321635566651821136474609375">
        <ele>7.80000019073486328125</ele>
        <time>2025-05-03T13:16:40.000Z</time>
        <extensions>
          <ns3:TrackPointExtension>
            <ns3:hr>137</ns3:hr>
          </ns3:TrackPointExtension>
        </extensions>
      </trkpt>
      <trkpt lat="24.4887022487819194793701171875" lon="118.1032243184745311737060546875">
        <ele>7.80000019073486328125</ele>
        <time>2025-05-03T13:16:41.000Z</time>
        <extensions>
          <ns3:TrackPointExtension>
            <ns3:hr>137</ns3:hr>
          </ns3:TrackPointExtension>
        </extensions>
      </trkpt>
      <trkpt lat="24.48867894709110260009765625" lon="118.1032327003777027130126953125">
        <ele>7.599999904632568359375</ele>
        <time>2025-05-03T13:16:42.000Z</time>
        <extensions>
          <ns3:TrackPointExtension>
            <ns3:hr>137</ns3:hr>
          </ns3:TrackPointExtension>
        </extensions>
      </trkpt>
      <trkpt lat="24.488656483590602874755859375" lon="118.10324133373796939849853515625">
        <ele>7.599999904632568359375</ele>
        <time>2025-05-03T13:16:43.000Z</time>
        <extensions>
          <ns3:TrackPointExtension>
            <ns3:hr>137</ns3:hr>
          </ns3:TrackPointExtension>
        </extensions>
      </trkpt>
      <trkpt lat="24.48863410390913486480712890625" lon="118.10325005091726779937744140625">
        <ele>7.400000095367431640625</ele>
        <time>2025-05-03T13:16:44.000Z</time>
        <extensions>
          <ns3:TrackPointExtension>
            <ns3:hr>137</ns3:hr>
          </ns3:TrackPointExtension>
        </extensions>
      </trkpt>
      <trkpt lat="24.48861113749444484710693359375" lon="118.10325893573462963104248046875">
        <ele>7.400000095367431640625</ele>
        <time>2025-05-03T13:16:45.000Z</time>
        <extensions>
          <ns3:TrackPointExtension>
            <ns3:hr>135</ns3:hr>
          </ns3:TrackPointExtension>
        </extensions>
      </trkpt>
      <trkpt lat="24.48858766816556453704833984375" lon="118.10326807200908660888671875">
        <ele>7.400000095367431640625</ele>
        <time>2025-05-03T13:16:46.000Z</time>
        <extensions>
          <ns3:TrackPointExtension>
            <ns3:hr>135</ns3:hr>
          </ns3:TrackPointExtension>
        </extensions>
      </trkpt>
      <trkpt lat="24.4885641150176525115966796875" lon="118.10327704064548015594482421875">
        <ele>7.599999904632568359375</ele>
        <time>2025-05-03T13:16:47.000Z</time>
        <extensions>
          <ns3:TrackPointExtension>
            <ns3:hr>135</ns3:hr>
          </ns3:TrackPointExtension>
        </extensions>
      </trkpt>
      <trkpt lat="24.488540478050708770751953125" lon="118.10328525491058826446533203125">
        <ele>7.599999904632568359375</ele>
        <time>2025-05-03T13:16:48.000Z</time>
        <extensions>
          <ns3:TrackPointExtension>
            <ns3:hr>135</ns3:hr>
          </ns3:TrackPointExtension>
        </extensions>
      </trkpt>
      <trkpt lat="24.4885171763598918914794921875" lon="118.10329196043312549591064453125">
        <ele>7.80000019073486328125</ele>
        <time>2025-05-03T13:16:49.000Z</time>
        <extensions>
          <ns3:TrackPointExtension>
            <ns3:hr>135</ns3:hr>
          </ns3:TrackPointExtension>
        </extensions>
      </trkpt>
      <trkpt lat="24.48849395848810672760009765625" lon="118.10329883359372615814208984375">
        <ele>8</ele>
        <time>2025-05-03T13:16:50.000Z</time>
        <extensions>
          <ns3:TrackPointExtension>
            <ns3:hr>135</ns3:hr>
          </ns3:TrackPointExtension>
        </extensions>
      </trkpt>
      <trkpt lat="24.488470740616321563720703125" lon="118.1033071316778659820556640625">
        <ele>8</ele>
        <time>2025-05-03T13:16:51.000Z</time>
        <extensions>
          <ns3:TrackPointExtension>
            <ns3:hr>135</ns3:hr>
          </ns3:TrackPointExtension>
        </extensions>
      </trkpt>
      <trkpt lat="24.488447606563568115234375" lon="118.10331635177135467529296875">
        <ele>8.19999980926513671875</ele>
        <time>2025-05-03T13:16:52.000Z</time>
        <extensions>
          <ns3:TrackPointExtension>
            <ns3:hr>135</ns3:hr>
          </ns3:TrackPointExtension>
        </extensions>
      </trkpt>
      <trkpt lat="24.4884256459772586822509765625" lon="118.10332716442644596099853515625">
        <ele>8.19999980926513671875</ele>
        <time>2025-05-03T13:16:53.000Z</time>
        <extensions>
          <ns3:TrackPointExtension>
            <ns3:hr>135</ns3:hr>
          </ns3:TrackPointExtension>
        </extensions>
      </trkpt>
      <trkpt lat="24.488404355943202972412109375" lon="118.1033403240144252777099609375">
        <ele>8</ele>
        <time>2025-05-03T13:16:54.000Z</time>
        <extensions>
          <ns3:TrackPointExtension>
            <ns3:hr>135</ns3:hr>
          </ns3:TrackPointExtension>
        </extensions>
      </trkpt>
      <trkpt lat="24.48838331736624240875244140625" lon="118.1033550761640071868896484375">
        <ele>8.3999996185302734375</ele>
        <time>2025-05-03T13:16:55.000Z</time>
        <extensions>
          <ns3:TrackPointExtension>
            <ns3:hr>135</ns3:hr>
          </ns3:TrackPointExtension>
        </extensions>
      </trkpt>
      <trkpt lat="24.4883636198937892913818359375" lon="118.10337024740874767303466796875">
        <ele>8.80000019073486328125</ele>
        <time>2025-05-03T13:16:56.000Z</time>
        <extensions>
          <ns3:TrackPointExtension>
            <ns3:hr>135</ns3:hr>
          </ns3:TrackPointExtension>
        </extensions>
      </trkpt>
      <trkpt lat="24.4883448444306850433349609375" lon="118.1033855862915515899658203125">
        <ele>9</ele>
        <time>2025-05-03T13:16:57.000Z</time>
        <extensions>
          <ns3:TrackPointExtension>
            <ns3:hr>135</ns3:hr>
          </ns3:TrackPointExtension>
        </extensions>
      </trkpt>
      <trkpt lat="24.48832632042467594146728515625" lon="118.103402517735958099365234375">
        <ele>9.19999980926513671875</ele>
        <time>2025-05-03T13:16:58.000Z</time>
        <extensions>
          <ns3:TrackPointExtension>
            <ns3:hr>135</ns3:hr>
          </ns3:TrackPointExtension>
        </extensions>
      </trkpt>
      <trkpt lat="24.4883086346089839935302734375" lon="118.103421628475189208984375">
        <ele>9.19999980926513671875</ele>
        <time>2025-05-03T13:16:59.000Z</time>
        <extensions>
          <ns3:TrackPointExtension>
            <ns3:hr>135</ns3:hr>
          </ns3:TrackPointExtension>
        </extensions>
      </trkpt>
      <trkpt lat="24.48829312808811664581298828125" lon="118.1034422479569911956787109375">
        <ele>9.19999980926513671875</ele>
        <time>2025-05-03T13:17:00.000Z</time>
        <extensions>
          <ns3:TrackPointExtension>
            <ns3:hr>135</ns3:hr>
          </ns3:TrackPointExtension>
        </extensions>
      </trkpt>
      <trkpt lat="24.48827971704304218292236328125" lon="118.1034643761813640594482421875">
        <ele>9.19999980926513671875</ele>
        <time>2025-05-03T13:17:01.000Z</time>
        <extensions>
          <ns3:TrackPointExtension>
            <ns3:hr>135</ns3:hr>
          </ns3:TrackPointExtension>
        </extensions>
      </trkpt>
      <trkpt lat="24.48826722800731658935546875" lon="118.10348759405314922332763671875">
        <ele>9.19999980926513671875</ele>
        <time>2025-05-03T13:17:02.000Z</time>
        <extensions>
          <ns3:TrackPointExtension>
            <ns3:hr>135</ns3:hr>
          </ns3:TrackPointExtension>
        </extensions>
      </trkpt>
      <trkpt lat="24.48825524188578128814697265625" lon="118.103511817753314971923828125">
        <ele>9.19999980926513671875</ele>
        <time>2025-05-03T13:17:03.000Z</time>
        <extensions>
          <ns3:TrackPointExtension>
            <ns3:hr>135</ns3:hr>
          </ns3:TrackPointExtension>
        </extensions>
      </trkpt>
      <trkpt lat="24.4882442615926265716552734375" lon="118.10353604145348072052001953125">
        <ele>9.3999996185302734375</ele>
        <time>2025-05-03T13:17:04.000Z</time>
        <extensions>
          <ns3:TrackPointExtension>
            <ns3:hr>135</ns3:hr>
          </ns3:TrackPointExtension>
        </extensions>
      </trkpt>
      <trkpt lat="24.4882343709468841552734375" lon="118.10356018133461475372314453125">
        <ele>9.3999996185302734375</ele>
        <time>2025-05-03T13:17:05.000Z</time>
        <extensions>
          <ns3:TrackPointExtension>
            <ns3:hr>135</ns3:hr>
          </ns3:TrackPointExtension>
        </extensions>
      </trkpt>
      <trkpt lat="24.48822565376758575439453125" lon="118.10358381830155849456787109375">
        <ele>9.3999996185302734375</ele>
        <time>2025-05-03T13:17:06.000Z</time>
        <extensions>
          <ns3:TrackPointExtension>
            <ns3:hr>135</ns3:hr>
          </ns3:TrackPointExtension>
        </extensions>
      </trkpt>
      <trkpt lat="24.48821869678795337677001953125" lon="118.10360779054462909698486328125">
        <ele>9.3999996185302734375</ele>
        <time>2025-05-03T13:17:07.000Z</time>
        <extensions>
          <ns3:TrackPointExtension>
            <ns3:hr>137</ns3:hr>
          </ns3:TrackPointExtension>
        </extensions>
      </trkpt>
      <trkpt lat="24.488213248550891876220703125" lon="118.10363276861608028411865234375">
        <ele>9.3999996185302734375</ele>
        <time>2025-05-03T13:17:08.000Z</time>
        <extensions>
          <ns3:TrackPointExtension>
            <ns3:hr>137</ns3:hr>
          </ns3:TrackPointExtension>
        </extensions>
      </trkpt>
      <trkpt lat="24.4882083870470523834228515625" lon="118.1036585010588169097900390625">
        <ele>9.3999996185302734375</ele>
        <time>2025-05-03T13:17:09.000Z</time>
        <extensions>
          <ns3:TrackPointExtension>
            <ns3:hr>137</ns3:hr>
          </ns3:TrackPointExtension>
        </extensions>
      </trkpt>
      <trkpt lat="24.488203525543212890625" lon="118.1036843173205852508544921875">
        <ele>9.3999996185302734375</ele>
        <time>2025-05-03T13:17:10.000Z</time>
        <extensions>
          <ns3:TrackPointExtension>
            <ns3:hr>137</ns3:hr>
          </ns3:TrackPointExtension>
        </extensions>
      </trkpt>
      <trkpt lat="24.4881995022296905517578125" lon="118.10371038503944873809814453125">
        <ele>9</ele>
        <time>2025-05-03T13:17:11.000Z</time>
        <extensions>
          <ns3:TrackPointExtension>
            <ns3:hr>137</ns3:hr>
          </ns3:TrackPointExtension>
        </extensions>
      </trkpt>
      <trkpt lat="24.48819749057292938232421875" lon="118.1037362851202487945556640625">
        <ele>8.6000003814697265625</ele>
        <time>2025-05-03T13:17:12.000Z</time>
        <extensions>
          <ns3:TrackPointExtension>
            <ns3:hr>137</ns3:hr>
          </ns3:TrackPointExtension>
        </extensions>
      </trkpt>
      <trkpt lat="24.4881983287632465362548828125" lon="118.10376218520104885101318359375">
        <ele>8.3999996185302734375</ele>
        <time>2025-05-03T13:17:13.000Z</time>
        <extensions>
          <ns3:TrackPointExtension>
            <ns3:hr>137</ns3:hr>
          </ns3:TrackPointExtension>
        </extensions>
      </trkpt>
      <trkpt lat="24.48820126242935657501220703125" lon="118.10378800146281719207763671875">
        <ele>8</ele>
        <time>2025-05-03T13:17:14.000Z</time>
        <extensions>
          <ns3:TrackPointExtension>
            <ns3:hr>137</ns3:hr>
          </ns3:TrackPointExtension>
        </extensions>
      </trkpt>
      <trkpt lat="24.4882053695619106292724609375" lon="118.103812895715236663818359375">
        <ele>7.599999904632568359375</ele>
        <time>2025-05-03T13:17:15.000Z</time>
        <extensions>
          <ns3:TrackPointExtension>
            <ns3:hr>137</ns3:hr>
          </ns3:TrackPointExtension>
        </extensions>
      </trkpt>
      <trkpt lat="24.48820997960865497589111328125" lon="118.10383737087249755859375">
        <ele>7.19999980926513671875</ele>
        <time>2025-05-03T13:17:16.000Z</time>
        <extensions>
          <ns3:TrackPointExtension>
            <ns3:hr>137</ns3:hr>
          </ns3:TrackPointExtension>
        </extensions>
      </trkpt>
      <trkpt lat="24.48821584694087505340576171875" lon="118.10386109165847301483154296875">
        <ele>6.80000019073486328125</ele>
        <time>2025-05-03T13:17:17.000Z</time>
        <extensions>
          <ns3:TrackPointExtension>
            <ns3:hr>137</ns3:hr>
          </ns3:TrackPointExtension>
        </extensions>
      </trkpt>
      <trkpt lat="24.4882238097488880157470703125" lon="118.10388355515897274017333984375">
        <ele>6.400000095367431640625</ele>
        <time>2025-05-03T13:17:18.000Z</time>
        <extensions>
          <ns3:TrackPointExtension>
            <ns3:hr>137</ns3:hr>
          </ns3:TrackPointExtension>
        </extensions>
      </trkpt>
      <trkpt lat="24.488234035670757293701171875" lon="118.10390618629753589630126953125">
        <ele>6</ele>
        <time>2025-05-03T13:17:19.000Z</time>
        <extensions>
          <ns3:TrackPointExtension>
            <ns3:hr>137</ns3:hr>
          </ns3:TrackPointExtension>
        </extensions>
      </trkpt>
      <trkpt lat="24.48824585415422916412353515625" lon="118.10392948798835277557373046875">
        <ele>5.599999904632568359375</ele>
        <time>2025-05-03T13:17:20.000Z</time>
        <extensions>
          <ns3:TrackPointExtension>
            <ns3:hr>137</ns3:hr>
          </ns3:TrackPointExtension>
        </extensions>
      </trkpt>
      <trkpt lat="24.48825892992317676544189453125" lon="118.10395211912691593170166015625">
        <ele>5.400000095367431640625</ele>
        <time>2025-05-03T13:17:21.000Z</time>
        <extensions>
          <ns3:TrackPointExtension>
            <ns3:hr>138</ns3:hr>
          </ns3:TrackPointExtension>
        </extensions>
      </trkpt>
      <trkpt lat="24.488273598253726959228515625" lon="118.1039733253419399261474609375">
        <ele>5.19999980926513671875</ele>
        <time>2025-05-03T13:17:22.000Z</time>
        <extensions>
          <ns3:TrackPointExtension>
            <ns3:hr>138</ns3:hr>
          </ns3:TrackPointExtension>
        </extensions>
      </trkpt>
      <trkpt lat="24.48828927241265773773193359375" lon="118.10399335809051990509033203125">
        <ele>5.19999980926513671875</ele>
        <time>2025-05-03T13:17:23.000Z</time>
        <extensions>
          <ns3:TrackPointExtension>
            <ns3:hr>138</ns3:hr>
          </ns3:TrackPointExtension>
        </extensions>
      </trkpt>
      <trkpt lat="24.4883059523999691009521484375" lon="118.10401246882975101470947265625">
        <ele>5</ele>
        <time>2025-05-03T13:17:24.000Z</time>
        <extensions>
          <ns3:TrackPointExtension>
            <ns3:hr>138</ns3:hr>
          </ns3:TrackPointExtension>
        </extensions>
      </trkpt>
      <trkpt lat="24.488323889672756195068359375" lon="118.1040299870073795318603515625">
        <ele>4.80000019073486328125</ele>
        <time>2025-05-03T13:17:25.000Z</time>
        <extensions>
          <ns3:TrackPointExtension>
            <ns3:hr>138</ns3:hr>
          </ns3:TrackPointExtension>
        </extensions>
      </trkpt>
      <trkpt lat="24.48834308423101902008056640625" lon="118.10404599644243717193603515625">
        <ele>4.80000019073486328125</ele>
        <time>2025-05-03T13:17:26.000Z</time>
        <extensions>
          <ns3:TrackPointExtension>
            <ns3:hr>138</ns3:hr>
          </ns3:TrackPointExtension>
        </extensions>
      </trkpt>
      <trkpt lat="24.48836320079863071441650390625" lon="118.1040615029633045196533203125">
        <ele>4.599999904632568359375</ele>
        <time>2025-05-03T13:17:27.000Z</time>
        <extensions>
          <ns3:TrackPointExtension>
            <ns3:hr>138</ns3:hr>
          </ns3:TrackPointExtension>
        </extensions>
      </trkpt>
      <trkpt lat="24.488384909927845001220703125" lon="118.1040765903890132904052734375">
        <ele>4.400000095367431640625</ele>
        <time>2025-05-03T13:17:28.000Z</time>
        <extensions>
          <ns3:TrackPointExtension>
            <ns3:hr>137</ns3:hr>
          </ns3:TrackPointExtension>
        </extensions>
      </trkpt>
      <trkpt lat="24.4884072057902812957763671875" lon="118.1040903367102146148681640625">
        <ele>4.19999980926513671875</ele>
        <time>2025-05-03T13:17:29.000Z</time>
        <extensions>
          <ns3:TrackPointExtension>
            <ns3:hr>137</ns3:hr>
          </ns3:TrackPointExtension>
        </extensions>
      </trkpt>
      <trkpt lat="24.4884296692907810211181640625" lon="118.10410223901271820068359375">
        <ele>4.19999980926513671875</ele>
        <time>2025-05-03T13:17:30.000Z</time>
        <extensions>
          <ns3:TrackPointExtension>
            <ns3:hr>137</ns3:hr>
          </ns3:TrackPointExtension>
        </extensions>
      </trkpt>
      <trkpt lat="24.488452635705471038818359375" lon="118.10411162674427032470703125">
        <ele>4</ele>
        <time>2025-05-03T13:17:31.000Z</time>
        <extensions>
          <ns3:TrackPointExtension>
            <ns3:hr>137</ns3:hr>
          </ns3:TrackPointExtension>
        </extensions>
      </trkpt>
      <trkpt lat="24.4884762726724147796630859375" lon="118.10411824844777584075927734375">
        <ele>4.19999980926513671875</ele>
        <time>2025-05-03T13:17:32.000Z</time>
        <extensions>
          <ns3:TrackPointExtension>
            <ns3:hr>137</ns3:hr>
          </ns3:TrackPointExtension>
        </extensions>
      </trkpt>
      <trkpt lat="24.48850066401064395904541015625" lon="118.104122690856456756591796875">
        <ele>4.400000095367431640625</ele>
        <time>2025-05-03T13:17:33.000Z</time>
        <extensions>
          <ns3:TrackPointExtension>
            <ns3:hr>137</ns3:hr>
          </ns3:TrackPointExtension>
        </extensions>
      </trkpt>
      <trkpt lat="24.48852513916790485382080078125" lon="118.10412512160837650299072265625">
        <ele>4.599999904632568359375</ele>
        <time>2025-05-03T13:17:34.000Z</time>
        <extensions>
          <ns3:TrackPointExtension>
            <ns3:hr>137</ns3:hr>
          </ns3:TrackPointExtension>
        </extensions>
      </trkpt>
      <trkpt lat="24.488549865782260894775390625" lon="118.10412679798901081085205078125">
        <ele>4.80000019073486328125</ele>
        <time>2025-05-03T13:17:35.000Z</time>
        <extensions>
          <ns3:TrackPointExtension>
            <ns3:hr>137</ns3:hr>
          </ns3:TrackPointExtension>
        </extensions>
      </trkpt>
      <trkpt lat="24.48857509531080722808837890625" lon="118.1041275523602962493896484375">
        <ele>5</ele>
        <time>2025-05-03T13:17:36.000Z</time>
        <extensions>
          <ns3:TrackPointExtension>
            <ns3:hr>137</ns3:hr>
          </ns3:TrackPointExtension>
        </extensions>
      </trkpt>
      <trkpt lat="24.48860141448676586151123046875" lon="118.10412780381739139556884765625">
        <ele>5.19999980926513671875</ele>
        <time>2025-05-03T13:17:37.000Z</time>
        <extensions>
          <ns3:TrackPointExtension>
            <ns3:hr>137</ns3:hr>
          </ns3:TrackPointExtension>
        </extensions>
      </trkpt>
      <trkpt lat="24.48862924240529537200927734375" lon="118.10412663035094738006591796875">
        <ele>5.400000095367431640625</ele>
        <time>2025-05-03T13:17:38.000Z</time>
        <extensions>
          <ns3:TrackPointExtension>
            <ns3:hr>137</ns3:hr>
          </ns3:TrackPointExtension>
        </extensions>
      </trkpt>
      <trkpt lat="24.488657824695110321044921875" lon="118.1041238643229007720947265625">
        <ele>5.400000095367431640625</ele>
        <time>2025-05-03T13:17:39.000Z</time>
        <extensions>
          <ns3:TrackPointExtension>
            <ns3:hr>137</ns3:hr>
          </ns3:TrackPointExtension>
        </extensions>
      </trkpt>
      <trkpt lat="24.4886851496994495391845703125" lon="118.10411891900002956390380859375">
        <ele>5.599999904632568359375</ele>
        <time>2025-05-03T13:17:40.000Z</time>
        <extensions>
          <ns3:TrackPointExtension>
            <ns3:hr>137</ns3:hr>
          </ns3:TrackPointExtension>
        </extensions>
      </trkpt>
      <trkpt lat="24.48871088214218616485595703125" lon="118.1041117943823337554931640625">
        <ele>5.599999904632568359375</ele>
        <time>2025-05-03T13:17:41.000Z</time>
        <extensions>
          <ns3:TrackPointExtension>
            <ns3:hr>137</ns3:hr>
          </ns3:TrackPointExtension>
        </extensions>
      </trkpt>
      <trkpt lat="24.48873485438525676727294921875" lon="118.10410366393625736236572265625">
        <ele>5.80000019073486328125</ele>
        <time>2025-05-03T13:17:42.000Z</time>
        <extensions>
          <ns3:TrackPointExtension>
            <ns3:hr>137</ns3:hr>
          </ns3:TrackPointExtension>
        </extensions>
      </trkpt>
      <trkpt lat="24.4887585751712322235107421875" lon="118.10409461148083209991455078125">
        <ele>6.400000095367431640625</ele>
        <time>2025-05-03T13:17:43.000Z</time>
        <extensions>
          <ns3:TrackPointExtension>
            <ns3:hr>137</ns3:hr>
          </ns3:TrackPointExtension>
        </extensions>
      </trkpt>
      <trkpt lat="24.48878330178558826446533203125" lon="118.1040853075683116912841796875">
        <ele>6.80000019073486328125</ele>
        <time>2025-05-03T13:17:44.000Z</time>
        <extensions>
          <ns3:TrackPointExtension>
            <ns3:hr>137</ns3:hr>
          </ns3:TrackPointExtension>
        </extensions>
      </trkpt>
      <trkpt lat="24.48880844749510288238525390625" lon="118.10407684184610843658447265625">
        <ele>7.400000095367431640625</ele>
        <time>2025-05-03T13:17:45.000Z</time>
        <extensions>
          <ns3:TrackPointExtension>
            <ns3:hr>137</ns3:hr>
          </ns3:TrackPointExtension>
        </extensions>
      </trkpt>
      <trkpt lat="24.48883325792849063873291015625" lon="118.10406862758100032806396484375">
        <ele>7.80000019073486328125</ele>
        <time>2025-05-03T13:17:46.000Z</time>
        <extensions>
          <ns3:TrackPointExtension>
            <ns3:hr>137</ns3:hr>
          </ns3:TrackPointExtension>
        </extensions>
      </trkpt>
      <trkpt lat="24.4888571463525295257568359375" lon="118.10405907221138477325439453125">
        <ele>8.19999980926513671875</ele>
        <time>2025-05-03T13:17:47.000Z</time>
        <extensions>
          <ns3:TrackPointExtension>
            <ns3:hr>137</ns3:hr>
          </ns3:TrackPointExtension>
        </extensions>
      </trkpt>
      <trkpt lat="24.4888802804052829742431640625" lon="118.1040484271943569183349609375">
        <ele>8.3999996185302734375</ele>
        <time>2025-05-03T13:17:48.000Z</time>
        <extensions>
          <ns3:TrackPointExtension>
            <ns3:hr>138</ns3:hr>
          </ns3:TrackPointExtension>
        </extensions>
      </trkpt>
      <trkpt lat="24.4889030791819095611572265625" lon="118.104037530720233917236328125">
        <ele>8.6000003814697265625</ele>
        <time>2025-05-03T13:17:49.000Z</time>
        <extensions>
          <ns3:TrackPointExtension>
            <ns3:hr>138</ns3:hr>
          </ns3:TrackPointExtension>
        </extensions>
      </trkpt>
      <trkpt lat="24.48892571032047271728515625" lon="118.1040266342461109161376953125">
        <ele>8.80000019073486328125</ele>
        <time>2025-05-03T13:17:50.000Z</time>
        <extensions>
          <ns3:TrackPointExtension>
            <ns3:hr>138</ns3:hr>
          </ns3:TrackPointExtension>
        </extensions>
      </trkpt>
      <trkpt lat="24.488948173820972442626953125" lon="118.104015402495861053466796875">
        <ele>9</ele>
        <time>2025-05-03T13:17:51.000Z</time>
        <extensions>
          <ns3:TrackPointExtension>
            <ns3:hr>138</ns3:hr>
          </ns3:TrackPointExtension>
        </extensions>
      </trkpt>
      <trkpt lat="24.48897088877856731414794921875" lon="118.10400408692657947540283203125">
        <ele>9.19999980926513671875</ele>
        <time>2025-05-03T13:17:52.000Z</time>
        <extensions>
          <ns3:TrackPointExtension>
            <ns3:hr>138</ns3:hr>
          </ns3:TrackPointExtension>
        </extensions>
      </trkpt>
      <trkpt lat="24.488993771374225616455078125" lon="118.10399335809051990509033203125">
        <ele>9.3999996185302734375</ele>
        <time>2025-05-03T13:17:53.000Z</time>
        <extensions>
          <ns3:TrackPointExtension>
            <ns3:hr>138</ns3:hr>
          </ns3:TrackPointExtension>
        </extensions>
      </trkpt>
      <trkpt lat="24.48901631869375705718994140625" lon="118.10398380272090435028076171875">
        <ele>9.3999996185302734375</ele>
        <time>2025-05-03T13:17:54.000Z</time>
        <extensions>
          <ns3:TrackPointExtension>
            <ns3:hr>139</ns3:hr>
          </ns3:TrackPointExtension>
        </extensions>
      </trkpt>
      <trkpt lat="24.48903836309909820556640625" lon="118.10397475026547908782958984375">
        <ele>9.19999980926513671875</ele>
        <time>2025-05-03T13:17:55.000Z</time>
        <extensions>
          <ns3:TrackPointExtension>
            <ns3:hr>139</ns3:hr>
          </ns3:TrackPointExtension>
        </extensions>
      </trkpt>
      <trkpt lat="24.48906007222831249237060546875" lon="118.10396502725780010223388671875">
        <ele>9.6000003814697265625</ele>
        <time>2025-05-03T13:17:56.000Z</time>
        <extensions>
          <ns3:TrackPointExtension>
            <ns3:hr>139</ns3:hr>
          </ns3:TrackPointExtension>
        </extensions>
      </trkpt>
      <trkpt lat="24.48908169753849506378173828125" lon="118.10395471751689910888671875">
        <ele>9.80000019073486328125</ele>
        <time>2025-05-03T13:17:57.000Z</time>
        <extensions>
          <ns3:TrackPointExtension>
            <ns3:hr>139</ns3:hr>
          </ns3:TrackPointExtension>
        </extensions>
      </trkpt>
      <trkpt lat="24.48910382576286792755126953125" lon="118.10394424013793468475341796875">
        <ele>10</ele>
        <time>2025-05-03T13:17:58.000Z</time>
        <extensions>
          <ns3:TrackPointExtension>
            <ns3:hr>139</ns3:hr>
          </ns3:TrackPointExtension>
        </extensions>
      </trkpt>
      <trkpt lat="24.489126540720462799072265625" lon="118.103933595120906829833984375">
        <ele>10.3999996185302734375</ele>
        <time>2025-05-03T13:17:59.000Z</time>
        <extensions>
          <ns3:TrackPointExtension>
            <ns3:hr>139</ns3:hr>
          </ns3:TrackPointExtension>
        </extensions>
      </trkpt>
      <trkpt lat="24.48914925567805767059326171875" lon="118.10392387211322784423828125">
        <ele>10.3999996185302734375</ele>
        <time>2025-05-03T13:18:00.000Z</time>
        <extensions>
          <ns3:TrackPointExtension>
            <ns3:hr>139</ns3:hr>
          </ns3:TrackPointExtension>
        </extensions>
      </trkpt>
      <trkpt lat="24.48917222209274768829345703125" lon="118.10391490347683429718017578125">
        <ele>10.6000003814697265625</ele>
        <time>2025-05-03T13:18:01.000Z</time>
        <extensions>
          <ns3:TrackPointExtension>
            <ns3:hr>139</ns3:hr>
          </ns3:TrackPointExtension>
        </extensions>
      </trkpt>
      <trkpt lat="24.4891954399645328521728515625" lon="118.10390643775463104248046875">
        <ele>10.80000019073486328125</ele>
        <time>2025-05-03T13:18:02.000Z</time>
        <extensions>
          <ns3:TrackPointExtension>
            <ns3:hr>140</ns3:hr>
          </ns3:TrackPointExtension>
        </extensions>
      </trkpt>
      <trkpt lat="24.48921832256019115447998046875" lon="118.10389797203242778778076171875">
        <ele>11</ele>
        <time>2025-05-03T13:18:03.000Z</time>
        <extensions>
          <ns3:TrackPointExtension>
            <ns3:hr>140</ns3:hr>
          </ns3:TrackPointExtension>
        </extensions>
      </trkpt>
      <trkpt lat="24.48924128897488117218017578125" lon="118.10388900339603424072265625">
        <ele>11.19999980926513671875</ele>
        <time>2025-05-03T13:18:04.000Z</time>
        <extensions>
          <ns3:TrackPointExtension>
            <ns3:hr>140</ns3:hr>
          </ns3:TrackPointExtension>
        </extensions>
      </trkpt>
      <trkpt lat="24.489264674484729766845703125" lon="118.10388003475964069366455078125">
        <ele>11.19999980926513671875</ele>
        <time>2025-05-03T13:18:05.000Z</time>
        <extensions>
          <ns3:TrackPointExtension>
            <ns3:hr>140</ns3:hr>
          </ns3:TrackPointExtension>
        </extensions>
      </trkpt>
      <trkpt lat="24.4892883114516735076904296875" lon="118.10387098230421543121337890625">
        <ele>11</ele>
        <time>2025-05-03T13:18:06.000Z</time>
        <extensions>
          <ns3:TrackPointExtension>
            <ns3:hr>140</ns3:hr>
          </ns3:TrackPointExtension>
        </extensions>
      </trkpt>
      <trkpt lat="24.4893121160566806793212890625" lon="118.10386218130588531494140625">
        <ele>10.6000003814697265625</ele>
        <time>2025-05-03T13:18:07.000Z</time>
        <extensions>
          <ns3:TrackPointExtension>
            <ns3:hr>139</ns3:hr>
          </ns3:TrackPointExtension>
        </extensions>
      </trkpt>
      <trkpt lat="24.48933600448071956634521484375" lon="118.103853799402713775634765625">
        <ele>10</ele>
        <time>2025-05-03T13:18:08.000Z</time>
        <extensions>
          <ns3:TrackPointExtension>
            <ns3:hr>139</ns3:hr>
          </ns3:TrackPointExtension>
        </extensions>
      </trkpt>
      <trkpt lat="24.4893593899905681610107421875" lon="118.103846423327922821044921875">
        <ele>9.6000003814697265625</ele>
        <time>2025-05-03T13:18:09.000Z</time>
        <extensions>
          <ns3:TrackPointExtension>
            <ns3:hr>139</ns3:hr>
          </ns3:TrackPointExtension>
        </extensions>
      </trkpt>
      <trkpt lat="24.48938244022428989410400390625" lon="118.10383963398635387420654296875">
        <ele>9</ele>
        <time>2025-05-03T13:18:10.000Z</time>
        <extensions>
          <ns3:TrackPointExtension>
            <ns3:hr>139</ns3:hr>
          </ns3:TrackPointExtension>
        </extensions>
      </trkpt>
      <trkpt lat="24.48940624482929706573486328125" lon="118.1038328446447849273681640625">
        <ele>8.6000003814697265625</ele>
        <time>2025-05-03T13:18:11.000Z</time>
        <extensions>
          <ns3:TrackPointExtension>
            <ns3:hr>139</ns3:hr>
          </ns3:TrackPointExtension>
        </extensions>
      </trkpt>
      <trkpt lat="24.4894301332533359527587890625" lon="118.10382555238902568817138671875">
        <ele>8</ele>
        <time>2025-05-03T13:18:12.000Z</time>
        <extensions>
          <ns3:TrackPointExtension>
            <ns3:hr>139</ns3:hr>
          </ns3:TrackPointExtension>
        </extensions>
      </trkpt>
      <trkpt lat="24.48945385403931140899658203125" lon="118.10381800867617130279541015625">
        <ele>7.599999904632568359375</ele>
        <time>2025-05-03T13:18:13.000Z</time>
        <extensions>
          <ns3:TrackPointExtension>
            <ns3:hr>139</ns3:hr>
          </ns3:TrackPointExtension>
        </extensions>
      </trkpt>
      <trkpt lat="24.48947782628238201141357421875" lon="118.10380945913493633270263671875">
        <ele>7.400000095367431640625</ele>
        <time>2025-05-03T13:18:14.000Z</time>
        <extensions>
          <ns3:TrackPointExtension>
            <ns3:hr>139</ns3:hr>
          </ns3:TrackPointExtension>
        </extensions>
      </trkpt>
      <trkpt lat="24.489501379430294036865234375" lon="118.1037993170320987701416015625">
        <ele>7</ele>
        <time>2025-05-03T13:18:15.000Z</time>
        <extensions>
          <ns3:TrackPointExtension>
            <ns3:hr>138</ns3:hr>
          </ns3:TrackPointExtension>
        </extensions>
      </trkpt>
      <trkpt lat="24.4895233400166034698486328125" lon="118.103787414729595184326171875">
        <ele>6.80000019073486328125</ele>
        <time>2025-05-03T13:18:16.000Z</time>
        <extensions>
          <ns3:TrackPointExtension>
            <ns3:hr>138</ns3:hr>
          </ns3:TrackPointExtension>
        </extensions>
      </trkpt>
      <trkpt lat="24.48954454623162746429443359375" lon="118.1037743389606475830078125">
        <ele>6.599999904632568359375</ele>
        <time>2025-05-03T13:18:17.000Z</time>
        <extensions>
          <ns3:TrackPointExtension>
            <ns3:hr>138</ns3:hr>
          </ns3:TrackPointExtension>
        </extensions>
      </trkpt>
      <trkpt lat="24.4895660877227783203125" lon="118.1037637777626514434814453125">
        <ele>6.400000095367431640625</ele>
        <time>2025-05-03T13:18:18.000Z</time>
        <extensions>
          <ns3:TrackPointExtension>
            <ns3:hr>138</ns3:hr>
          </ns3:TrackPointExtension>
        </extensions>
      </trkpt>
      <trkpt lat="24.489588551223278045654296875" lon="118.10375330038368701934814453125">
        <ele>6.19999980926513671875</ele>
        <time>2025-05-03T13:18:19.000Z</time>
        <extensions>
          <ns3:TrackPointExtension>
            <ns3:hr>138</ns3:hr>
          </ns3:TrackPointExtension>
        </extensions>
      </trkpt>
      <trkpt lat="24.48960925452411174774169921875" lon="118.10373771004378795623779296875">
        <ele>6</ele>
        <time>2025-05-03T13:18:20.000Z</time>
        <extensions>
          <ns3:TrackPointExtension>
            <ns3:hr>138</ns3:hr>
          </ns3:TrackPointExtension>
        </extensions>
      </trkpt>
      <trkpt lat="24.48962702415883541107177734375" lon="118.10371759347617626190185546875">
        <ele>6</ele>
        <time>2025-05-03T13:18:21.000Z</time>
        <extensions>
          <ns3:TrackPointExtension>
            <ns3:hr>138</ns3:hr>
          </ns3:TrackPointExtension>
        </extensions>
      </trkpt>
      <trkpt lat="24.4896425306797027587890625" lon="118.103696219623088836669921875">
        <ele>5.80000019073486328125</ele>
        <time>2025-05-03T13:18:22.000Z</time>
        <extensions>
          <ns3:TrackPointExtension>
            <ns3:hr>138</ns3:hr>
          </ns3:TrackPointExtension>
        </extensions>
      </trkpt>
      <trkpt lat="24.48965569026768207550048828125" lon="118.1036742590367794036865234375">
        <ele>5.599999904632568359375</ele>
        <time>2025-05-03T13:18:23.000Z</time>
        <extensions>
          <ns3:TrackPointExtension>
            <ns3:hr>138</ns3:hr>
          </ns3:TrackPointExtension>
        </extensions>
      </trkpt>
      <trkpt lat="24.48966734111309051513671875" lon="118.10365104116499423980712890625">
        <ele>5.599999904632568359375</ele>
        <time>2025-05-03T13:18:24.000Z</time>
        <extensions>
          <ns3:TrackPointExtension>
            <ns3:hr>138</ns3:hr>
          </ns3:TrackPointExtension>
        </extensions>
      </trkpt>
      <trkpt lat="24.48967882432043552398681640625" lon="118.103626482188701629638671875">
        <ele>5.599999904632568359375</ele>
        <time>2025-05-03T13:18:25.000Z</time>
        <extensions>
          <ns3:TrackPointExtension>
            <ns3:hr>138</ns3:hr>
          </ns3:TrackPointExtension>
        </extensions>
      </trkpt>
      <trkpt lat="24.48968854732811450958251953125" lon="118.10360142029821872711181640625">
        <ele>5.599999904632568359375</ele>
        <time>2025-05-03T13:18:26.000Z</time>
        <extensions>
          <ns3:TrackPointExtension>
            <ns3:hr>138</ns3:hr>
          </ns3:TrackPointExtension>
        </extensions>
      </trkpt>
      <trkpt lat="24.48969575576484203338623046875" lon="118.10357610695064067840576171875">
        <ele>5.400000095367431640625</ele>
        <time>2025-05-03T13:18:27.000Z</time>
        <extensions>
          <ns3:TrackPointExtension>
            <ns3:hr>138</ns3:hr>
          </ns3:TrackPointExtension>
        </extensions>
      </trkpt>
      <trkpt lat="24.48970220983028411865234375" lon="118.1035505421459674835205078125">
        <ele>5.400000095367431640625</ele>
        <time>2025-05-03T13:18:28.000Z</time>
        <extensions>
          <ns3:TrackPointExtension>
            <ns3:hr>138</ns3:hr>
          </ns3:TrackPointExtension>
        </extensions>
      </trkpt>
      <trkpt lat="24.489707909524440765380859375" lon="118.1035240553319454193115234375">
        <ele>5.400000095367431640625</ele>
        <time>2025-05-03T13:18:29.000Z</time>
        <extensions>
          <ns3:TrackPointExtension>
            <ns3:hr>138</ns3:hr>
          </ns3:TrackPointExtension>
        </extensions>
      </trkpt>
      <trkpt lat="24.48971268720924854278564453125" lon="118.1034965626895427703857421875">
        <ele>5.400000095367431640625</ele>
        <time>2025-05-03T13:18:30.000Z</time>
        <extensions>
          <ns3:TrackPointExtension>
            <ns3:hr>138</ns3:hr>
          </ns3:TrackPointExtension>
        </extensions>
      </trkpt>
      <trkpt lat="24.48971603997051715850830078125" lon="118.1034685671329498291015625">
        <ele>5.400000095367431640625</ele>
        <time>2025-05-03T13:18:31.000Z</time>
        <extensions>
          <ns3:TrackPointExtension>
            <ns3:hr>138</ns3:hr>
          </ns3:TrackPointExtension>
        </extensions>
      </trkpt>
      <trkpt lat="24.48971696197986602783203125" lon="118.10344015248119831085205078125">
        <ele>5.400000095367431640625</ele>
        <time>2025-05-03T13:18:32.000Z</time>
        <extensions>
          <ns3:TrackPointExtension>
            <ns3:hr>138</ns3:hr>
          </ns3:TrackPointExtension>
        </extensions>
      </trkpt>
      <trkpt lat="24.489715285599231719970703125" lon="118.10341299511492252349853515625">
        <ele>5.400000095367431640625</ele>
        <time>2025-05-03T13:18:33.000Z</time>
        <extensions>
          <ns3:TrackPointExtension>
            <ns3:hr>138</ns3:hr>
          </ns3:TrackPointExtension>
        </extensions>
      </trkpt>
      <trkpt lat="24.48971268720924854278564453125" lon="118.1033872626721858978271484375">
        <ele>5.400000095367431640625</ele>
        <time>2025-05-03T13:18:34.000Z</time>
        <extensions>
          <ns3:TrackPointExtension>
            <ns3:hr>138</ns3:hr>
          </ns3:TrackPointExtension>
        </extensions>
      </trkpt>
      <trkpt lat="24.489709250628948211669921875" lon="118.1033614464104175567626953125">
        <ele>5.599999904632568359375</ele>
        <time>2025-05-03T13:18:35.000Z</time>
        <extensions>
          <ns3:TrackPointExtension>
            <ns3:hr>138</ns3:hr>
          </ns3:TrackPointExtension>
        </extensions>
      </trkpt>
      <trkpt lat="24.48970430530607700347900390625" lon="118.10333521105349063873291015625">
        <ele>5.599999904632568359375</ele>
        <time>2025-05-03T13:18:36.000Z</time>
        <extensions>
          <ns3:TrackPointExtension>
            <ns3:hr>138</ns3:hr>
          </ns3:TrackPointExtension>
        </extensions>
      </trkpt>
      <trkpt lat="24.489697851240634918212890625" lon="118.103308975696563720703125">
        <ele>5.80000019073486328125</ele>
        <time>2025-05-03T13:18:37.000Z</time>
        <extensions>
          <ns3:TrackPointExtension>
            <ns3:hr>140</ns3:hr>
          </ns3:TrackPointExtension>
        </extensions>
      </trkpt>
      <trkpt lat="24.4896903075277805328369140625" lon="118.10328324325382709503173828125">
        <ele>5.80000019073486328125</ele>
        <time>2025-05-03T13:18:38.000Z</time>
        <extensions>
          <ns3:TrackPointExtension>
            <ns3:hr>140</ns3:hr>
          </ns3:TrackPointExtension>
        </extensions>
      </trkpt>
      <trkpt lat="24.48968100361526012420654296875" lon="118.10325826518237590789794921875">
        <ele>6</ele>
        <time>2025-05-03T13:18:39.000Z</time>
        <extensions>
          <ns3:TrackPointExtension>
            <ns3:hr>140</ns3:hr>
          </ns3:TrackPointExtension>
        </extensions>
      </trkpt>
      <trkpt lat="24.4896698556840419769287109375" lon="118.10323429293930530548095703125">
        <ele>6.19999980926513671875</ele>
        <time>2025-05-03T13:18:40.000Z</time>
        <extensions>
          <ns3:TrackPointExtension>
            <ns3:hr>140</ns3:hr>
          </ns3:TrackPointExtension>
        </extensions>
      </trkpt>
      <trkpt lat="24.4896584562957286834716796875" lon="118.1032105721533298492431640625">
        <ele>6.19999980926513671875</ele>
        <time>2025-05-03T13:18:41.000Z</time>
        <extensions>
          <ns3:TrackPointExtension>
            <ns3:hr>140</ns3:hr>
          </ns3:TrackPointExtension>
        </extensions>
      </trkpt>
      <trkpt lat="24.48964596726000308990478515625" lon="118.10318768955767154693603515625">
        <ele>6.400000095367431640625</ele>
        <time>2025-05-03T13:18:42.000Z</time>
        <extensions>
          <ns3:TrackPointExtension>
            <ns3:hr>140</ns3:hr>
          </ns3:TrackPointExtension>
        </extensions>
      </trkpt>
      <trkpt lat="24.48963104747235774993896484375" lon="118.10316614806652069091796875">
        <ele>6.599999904632568359375</ele>
        <time>2025-05-03T13:18:43.000Z</time>
        <extensions>
          <ns3:TrackPointExtension>
            <ns3:hr>140</ns3:hr>
          </ns3:TrackPointExtension>
        </extensions>
      </trkpt>
      <trkpt lat="24.48961478658020496368408203125" lon="118.1031455285847187042236328125">
        <ele>6.599999904632568359375</ele>
        <time>2025-05-03T13:18:44.000Z</time>
        <extensions>
          <ns3:TrackPointExtension>
            <ns3:hr>140</ns3:hr>
          </ns3:TrackPointExtension>
        </extensions>
      </trkpt>
      <trkpt lat="24.4895974360406398773193359375" lon="118.10312599875032901763916015625">
        <ele>6.80000019073486328125</ele>
        <time>2025-05-03T13:18:45.000Z</time>
        <extensions>
          <ns3:TrackPointExtension>
            <ns3:hr>140</ns3:hr>
          </ns3:TrackPointExtension>
        </extensions>
      </trkpt>
      <trkpt lat="24.48957857675850391387939453125" lon="118.10310772620141506195068359375">
        <ele>7</ele>
        <time>2025-05-03T13:18:46.000Z</time>
        <extensions>
          <ns3:TrackPointExtension>
            <ns3:hr>140</ns3:hr>
          </ns3:TrackPointExtension>
        </extensions>
      </trkpt>
      <trkpt lat="24.48955812491476535797119140625" lon="118.10309104621410369873046875">
        <ele>7</ele>
        <time>2025-05-03T13:18:47.000Z</time>
        <extensions>
          <ns3:TrackPointExtension>
            <ns3:hr>140</ns3:hr>
          </ns3:TrackPointExtension>
        </extensions>
      </trkpt>
      <trkpt lat="24.48953649960458278656005859375" lon="118.1030757911503314971923828125">
        <ele>7.19999980926513671875</ele>
        <time>2025-05-03T13:18:48.000Z</time>
        <extensions>
          <ns3:TrackPointExtension>
            <ns3:hr>141</ns3:hr>
          </ns3:TrackPointExtension>
        </extensions>
      </trkpt>
      <trkpt lat="24.48951420374214649200439453125" lon="118.10306179337203502655029296875">
        <ele>7.400000095367431640625</ele>
        <time>2025-05-03T13:18:49.000Z</time>
        <extensions>
          <ns3:TrackPointExtension>
            <ns3:hr>141</ns3:hr>
          </ns3:TrackPointExtension>
        </extensions>
      </trkpt>
      <trkpt lat="24.489491321146488189697265625" lon="118.103049807250499725341796875">
        <ele>7.400000095367431640625</ele>
        <time>2025-05-03T13:18:50.000Z</time>
        <extensions>
          <ns3:TrackPointExtension>
            <ns3:hr>141</ns3:hr>
          </ns3:TrackPointExtension>
        </extensions>
      </trkpt>
      <trkpt lat="24.48946810327470302581787109375" lon="118.10304008424282073974609375">
        <ele>7.599999904632568359375</ele>
        <time>2025-05-03T13:18:51.000Z</time>
        <extensions>
          <ns3:TrackPointExtension>
            <ns3:hr>141</ns3:hr>
          </ns3:TrackPointExtension>
        </extensions>
      </trkpt>
      <trkpt lat="24.4894440472126007080078125" lon="118.103031702339649200439453125">
        <ele>7.599999904632568359375</ele>
        <time>2025-05-03T13:18:52.000Z</time>
        <extensions>
          <ns3:TrackPointExtension>
            <ns3:hr>141</ns3:hr>
          </ns3:TrackPointExtension>
        </extensions>
      </trkpt>
      <trkpt lat="24.48941915296018123626708984375" lon="118.103024661540985107421875">
        <ele>7.80000019073486328125</ele>
        <time>2025-05-03T13:18:53.000Z</time>
        <extensions>
          <ns3:TrackPointExtension>
            <ns3:hr>141</ns3:hr>
          </ns3:TrackPointExtension>
        </extensions>
      </trkpt>
      <trkpt lat="24.4893939234316349029541015625" lon="118.10301954858005046844482421875">
        <ele>7.80000019073486328125</ele>
        <time>2025-05-03T13:18:54.000Z</time>
        <extensions>
          <ns3:TrackPointExtension>
            <ns3:hr>141</ns3:hr>
          </ns3:TrackPointExtension>
        </extensions>
      </trkpt>
      <trkpt lat="24.4893681071698665618896484375" lon="118.10301594436168670654296875">
        <ele>8</ele>
        <time>2025-05-03T13:18:55.000Z</time>
        <extensions>
          <ns3:TrackPointExtension>
            <ns3:hr>141</ns3:hr>
          </ns3:TrackPointExtension>
        </extensions>
      </trkpt>
      <trkpt lat="24.48934153653681278228759765625" lon="118.10301368124783039093017578125">
        <ele>8.19999980926513671875</ele>
        <time>2025-05-03T13:18:56.000Z</time>
        <extensions>
          <ns3:TrackPointExtension>
            <ns3:hr>141</ns3:hr>
          </ns3:TrackPointExtension>
        </extensions>
      </trkpt>
      <trkpt lat="24.4893151335418224334716796875" lon="118.103013597428798675537109375">
        <ele>8.19999980926513671875</ele>
        <time>2025-05-03T13:18:57.000Z</time>
        <extensions>
          <ns3:TrackPointExtension>
            <ns3:hr>141</ns3:hr>
          </ns3:TrackPointExtension>
        </extensions>
      </trkpt>
      <trkpt lat="24.48928940109908580780029296875" lon="118.10301594436168670654296875">
        <ele>8.19999980926513671875</ele>
        <time>2025-05-03T13:18:58.000Z</time>
        <extensions>
          <ns3:TrackPointExtension>
            <ns3:hr>141</ns3:hr>
          </ns3:TrackPointExtension>
        </extensions>
      </trkpt>
      <trkpt lat="24.48926366865634918212890625" lon="118.10301971621811389923095703125">
        <ele>8.3999996185302734375</ele>
        <time>2025-05-03T13:18:59.000Z</time>
        <extensions>
          <ns3:TrackPointExtension>
            <ns3:hr>141</ns3:hr>
          </ns3:TrackPointExtension>
        </extensions>
      </trkpt>
      <trkpt lat="24.48923776857554912567138671875" lon="118.103024661540985107421875">
        <ele>8.3999996185302734375</ele>
        <time>2025-05-03T13:19:00.000Z</time>
        <extensions>
          <ns3:TrackPointExtension>
            <ns3:hr>140</ns3:hr>
          </ns3:TrackPointExtension>
        </extensions>
      </trkpt>
      <trkpt lat="24.48921245522797107696533203125" lon="118.10303128324449062347412109375">
        <ele>8.6000003814697265625</ele>
        <time>2025-05-03T13:19:01.000Z</time>
        <extensions>
          <ns3:TrackPointExtension>
            <ns3:hr>140</ns3:hr>
          </ns3:TrackPointExtension>
        </extensions>
      </trkpt>
      <trkpt lat="24.48918722569942474365234375" lon="118.1030389107763767242431640625">
        <ele>8.3999996185302734375</ele>
        <time>2025-05-03T13:19:02.000Z</time>
        <extensions>
          <ns3:TrackPointExtension>
            <ns3:hr>140</ns3:hr>
          </ns3:TrackPointExtension>
        </extensions>
      </trkpt>
      <trkpt lat="24.48916182853281497955322265625" lon="118.10304771177470684051513671875">
        <ele>8.19999980926513671875</ele>
        <time>2025-05-03T13:19:03.000Z</time>
        <extensions>
          <ns3:TrackPointExtension>
            <ns3:hr>140</ns3:hr>
          </ns3:TrackPointExtension>
        </extensions>
      </trkpt>
      <trkpt lat="24.4891360960900783538818359375" lon="118.1030581891536712646484375">
        <ele>8</ele>
        <time>2025-05-03T13:19:04.000Z</time>
        <extensions>
          <ns3:TrackPointExtension>
            <ns3:hr>140</ns3:hr>
          </ns3:TrackPointExtension>
        </extensions>
      </trkpt>
      <trkpt lat="24.489110447466373443603515625" lon="118.10306824743747711181640625">
        <ele>7.80000019073486328125</ele>
        <time>2025-05-03T13:19:05.000Z</time>
        <extensions>
          <ns3:TrackPointExtension>
            <ns3:hr>140</ns3:hr>
          </ns3:TrackPointExtension>
        </extensions>
      </trkpt>
      <trkpt lat="24.48908555321395397186279296875" lon="118.103077970445156097412109375">
        <ele>7.599999904632568359375</ele>
        <time>2025-05-03T13:19:06.000Z</time>
        <extensions>
          <ns3:TrackPointExtension>
            <ns3:hr>140</ns3:hr>
          </ns3:TrackPointExtension>
        </extensions>
      </trkpt>
      <trkpt lat="24.4890613295137882232666015625" lon="118.10308744199573993682861328125">
        <ele>7.400000095367431640625</ele>
        <time>2025-05-03T13:19:07.000Z</time>
        <extensions>
          <ns3:TrackPointExtension>
            <ns3:hr>140</ns3:hr>
          </ns3:TrackPointExtension>
        </extensions>
      </trkpt>
      <trkpt lat="24.4890378601849079132080078125" lon="118.10309716500341892242431640625">
        <ele>7.19999980926513671875</ele>
        <time>2025-05-03T13:19:08.000Z</time>
        <extensions>
          <ns3:TrackPointExtension>
            <ns3:hr>139</ns3:hr>
          </ns3:TrackPointExtension>
        </extensions>
      </trkpt>
      <trkpt lat="24.4890148937702178955078125" lon="118.10310739092528820037841796875">
        <ele>7</ele>
        <time>2025-05-03T13:19:09.000Z</time>
        <extensions>
          <ns3:TrackPointExtension>
            <ns3:hr>139</ns3:hr>
          </ns3:TrackPointExtension>
        </extensions>
      </trkpt>
      <trkpt lat="24.48899134062230587005615234375" lon="118.10311728157103061676025390625">
        <ele>7</ele>
        <time>2025-05-03T13:19:10.000Z</time>
        <extensions>
          <ns3:TrackPointExtension>
            <ns3:hr>139</ns3:hr>
          </ns3:TrackPointExtension>
        </extensions>
      </trkpt>
      <trkpt lat="24.48896686546504497528076171875" lon="118.10312666930258274078369140625">
        <ele>7.19999980926513671875</ele>
        <time>2025-05-03T13:19:11.000Z</time>
        <extensions>
          <ns3:TrackPointExtension>
            <ns3:hr>138</ns3:hr>
          </ns3:TrackPointExtension>
        </extensions>
      </trkpt>
      <trkpt lat="24.4889423064887523651123046875" lon="118.10313655994832515716552734375">
        <ele>7.400000095367431640625</ele>
        <time>2025-05-03T13:19:12.000Z</time>
        <extensions>
          <ns3:TrackPointExtension>
            <ns3:hr>138</ns3:hr>
          </ns3:TrackPointExtension>
        </extensions>
      </trkpt>
      <trkpt lat="24.488917998969554901123046875" lon="118.10314611531794071197509765625">
        <ele>7.599999904632568359375</ele>
        <time>2025-05-03T13:19:13.000Z</time>
        <extensions>
          <ns3:TrackPointExtension>
            <ns3:hr>138</ns3:hr>
          </ns3:TrackPointExtension>
        </extensions>
      </trkpt>
      <trkpt lat="24.4888941943645477294921875" lon="118.10315466485917568206787109375">
        <ele>7.80000019073486328125</ele>
        <time>2025-05-03T13:19:14.000Z</time>
        <extensions>
          <ns3:TrackPointExtension>
            <ns3:hr>138</ns3:hr>
          </ns3:TrackPointExtension>
        </extensions>
      </trkpt>
      <trkpt lat="24.48887097649276256561279296875" lon="118.10316237621009349822998046875">
        <ele>8</ele>
        <time>2025-05-03T13:19:15.000Z</time>
        <extensions>
          <ns3:TrackPointExtension>
            <ns3:hr>138</ns3:hr>
          </ns3:TrackPointExtension>
        </extensions>
      </trkpt>
      <trkpt lat="24.48884792625904083251953125" lon="118.10316883027553558349609375">
        <ele>8</ele>
        <time>2025-05-03T13:19:16.000Z</time>
        <extensions>
          <ns3:TrackPointExtension>
            <ns3:hr>138</ns3:hr>
          </ns3:TrackPointExtension>
        </extensions>
      </trkpt>
      <trkpt lat="24.488824792206287384033203125" lon="118.103175200521945953369140625">
        <ele>8.19999980926513671875</ele>
        <time>2025-05-03T13:19:17.000Z</time>
        <extensions>
          <ns3:TrackPointExtension>
            <ns3:hr>138</ns3:hr>
          </ns3:TrackPointExtension>
        </extensions>
      </trkpt>
      <trkpt lat="24.48880207724869251251220703125" lon="118.10318215750157833099365234375">
        <ele>8.3999996185302734375</ele>
        <time>2025-05-03T13:19:18.000Z</time>
        <extensions>
          <ns3:TrackPointExtension>
            <ns3:hr>139</ns3:hr>
          </ns3:TrackPointExtension>
        </extensions>
      </trkpt>
      <trkpt lat="24.48877911083400249481201171875" lon="118.1031904555857181549072265625">
        <ele>8.19999980926513671875</ele>
        <time>2025-05-03T13:19:19.000Z</time>
        <extensions>
          <ns3:TrackPointExtension>
            <ns3:hr>139</ns3:hr>
          </ns3:TrackPointExtension>
        </extensions>
      </trkpt>
      <trkpt lat="24.488755054771900177001953125" lon="118.1031991727650165557861328125">
        <ele>8.19999980926513671875</ele>
        <time>2025-05-03T13:19:20.000Z</time>
        <extensions>
          <ns3:TrackPointExtension>
            <ns3:hr>139</ns3:hr>
          </ns3:TrackPointExtension>
        </extensions>
      </trkpt>
      <trkpt lat="24.48873083107173442840576171875" lon="118.103207387030124664306640625">
        <ele>8</ele>
        <time>2025-05-03T13:19:21.000Z</time>
        <extensions>
          <ns3:TrackPointExtension>
            <ns3:hr>139</ns3:hr>
          </ns3:TrackPointExtension>
        </extensions>
      </trkpt>
      <trkpt lat="24.48870836757123470306396484375" lon="118.1032152660191059112548828125">
        <ele>7.80000019073486328125</ele>
        <time>2025-05-03T13:19:22.000Z</time>
        <extensions>
          <ns3:TrackPointExtension>
            <ns3:hr>139</ns3:hr>
          </ns3:TrackPointExtension>
        </extensions>
      </trkpt>
      <trkpt lat="24.48868699371814727783203125" lon="118.1032229773700237274169921875">
        <ele>7.80000019073486328125</ele>
        <time>2025-05-03T13:19:23.000Z</time>
        <extensions>
          <ns3:TrackPointExtension>
            <ns3:hr>139</ns3:hr>
          </ns3:TrackPointExtension>
        </extensions>
      </trkpt>
      <trkpt lat="24.4886650331318378448486328125" lon="118.10323110781610012054443359375">
        <ele>7.599999904632568359375</ele>
        <time>2025-05-03T13:19:24.000Z</time>
        <extensions>
          <ns3:TrackPointExtension>
            <ns3:hr>139</ns3:hr>
          </ns3:TrackPointExtension>
        </extensions>
      </trkpt>
      <trkpt lat="24.488642401993274688720703125" lon="118.10323915444314479827880859375">
        <ele>7.599999904632568359375</ele>
        <time>2025-05-03T13:19:25.000Z</time>
        <extensions>
          <ns3:TrackPointExtension>
            <ns3:hr>139</ns3:hr>
          </ns3:TrackPointExtension>
        </extensions>
      </trkpt>
      <trkpt lat="24.48862052522599697113037109375" lon="118.1032467819750308990478515625">
        <ele>7.400000095367431640625</ele>
        <time>2025-05-03T13:19:26.000Z</time>
        <extensions>
          <ns3:TrackPointExtension>
            <ns3:hr>136</ns3:hr>
          </ns3:TrackPointExtension>
        </extensions>
      </trkpt>
      <trkpt lat="24.48860040865838527679443359375" lon="118.1032531522214412689208984375">
        <ele>7.400000095367431640625</ele>
        <time>2025-05-03T13:19:27.000Z</time>
        <extensions>
          <ns3:TrackPointExtension>
            <ns3:hr>136</ns3:hr>
          </ns3:TrackPointExtension>
        </extensions>
      </trkpt>
      <trkpt lat="24.48858045972883701324462890625" lon="118.103257007896900177001953125">
        <ele>7.400000095367431640625</ele>
        <time>2025-05-03T13:19:28.000Z</time>
        <extensions>
          <ns3:TrackPointExtension>
            <ns3:hr>136</ns3:hr>
          </ns3:TrackPointExtension>
        </extensions>
      </trkpt>
      <trkpt lat="24.48856319300830364227294921875" lon="118.10326061211526393890380859375">
        <ele>7.599999904632568359375</ele>
        <time>2025-05-03T13:19:29.000Z</time>
        <extensions>
          <ns3:TrackPointExtension>
            <ns3:hr>136</ns3:hr>
          </ns3:TrackPointExtension>
        </extensions>
      </trkpt>
      <trkpt lat="24.48854994960129261016845703125" lon="118.1032665632665157318115234375">
        <ele>7.599999904632568359375</ele>
        <time>2025-05-03T13:19:30.000Z</time>
        <extensions>
          <ns3:TrackPointExtension>
            <ns3:hr>136</ns3:hr>
          </ns3:TrackPointExtension>
        </extensions>
      </trkpt>
      <trkpt lat="24.4885374605655670166015625" lon="118.10327268205583095550537109375">
        <ele>7.80000019073486328125</ele>
        <time>2025-05-03T13:19:31.000Z</time>
        <extensions>
          <ns3:TrackPointExtension>
            <ns3:hr>136</ns3:hr>
          </ns3:TrackPointExtension>
        </extensions>
      </trkpt>
      <trkpt lat="24.48852463625371456146240234375" lon="118.1032772921025753021240234375">
        <ele>7.80000019073486328125</ele>
        <time>2025-05-03T13:19:32.000Z</time>
        <extensions>
          <ns3:TrackPointExtension>
            <ns3:hr>136</ns3:hr>
          </ns3:TrackPointExtension>
        </extensions>
      </trkpt>
      <trkpt lat="24.488511644303798675537109375" lon="118.1032808125019073486328125">
        <ele>7.80000019073486328125</ele>
        <time>2025-05-03T13:19:33.000Z</time>
        <extensions>
          <ns3:TrackPointExtension>
            <ns3:hr>136</ns3:hr>
          </ns3:TrackPointExtension>
        </extensions>
      </trkpt>
      <trkpt lat="24.4884987361729145050048828125" lon="118.1032843329012393951416015625">
        <ele>8</ele>
        <time>2025-05-03T13:19:34.000Z</time>
        <extensions>
          <ns3:TrackPointExtension>
            <ns3:hr>131</ns3:hr>
          </ns3:TrackPointExtension>
        </extensions>
      </trkpt>
      <trkpt lat="24.48848607949912548065185546875" lon="118.103288523852825164794921875">
        <ele>8</ele>
        <time>2025-05-03T13:19:35.000Z</time>
        <extensions>
          <ns3:TrackPointExtension>
            <ns3:hr>131</ns3:hr>
          </ns3:TrackPointExtension>
        </extensions>
      </trkpt>
      <trkpt lat="24.4884739257395267486572265625" lon="118.103293217718601226806640625">
        <ele>8.19999980926513671875</ele>
        <time>2025-05-03T13:19:36.000Z</time>
        <extensions>
          <ns3:TrackPointExtension>
            <ns3:hr>131</ns3:hr>
          </ns3:TrackPointExtension>
        </extensions>
      </trkpt>
      <trkpt lat="24.48846344836056232452392578125" lon="118.10329782776534557342529296875">
        <ele>8.19999980926513671875</ele>
        <time>2025-05-03T13:19:37.000Z</time>
        <extensions>
          <ns3:TrackPointExtension>
            <ns3:hr>131</ns3:hr>
          </ns3:TrackPointExtension>
        </extensions>
      </trkpt>
      <trkpt lat="24.4884551502764225006103515625" lon="118.1033024378120899200439453125">
        <ele>8.19999980926513671875</ele>
        <time>2025-05-03T13:19:38.000Z</time>
        <extensions>
          <ns3:TrackPointExtension>
            <ns3:hr>131</ns3:hr>
          </ns3:TrackPointExtension>
        </extensions>
      </trkpt>
      <trkpt lat="24.4884467683732509613037109375" lon="118.10330771841108798980712890625">
        <ele>8.19999980926513671875</ele>
        <time>2025-05-03T13:19:39.000Z</time>
        <extensions>
          <ns3:TrackPointExtension>
            <ns3:hr>131</ns3:hr>
          </ns3:TrackPointExtension>
        </extensions>
      </trkpt>
      <trkpt lat="24.4884382188320159912109375" lon="118.10331241227686405181884765625">
        <ele>8.19999980926513671875</ele>
        <time>2025-05-03T13:19:40.000Z</time>
        <extensions>
          <ns3:TrackPointExtension>
            <ns3:hr>124</ns3:hr>
          </ns3:TrackPointExtension>
        </extensions>
      </trkpt>
      <trkpt lat="24.48842950165271759033203125" lon="118.1033158488571643829345703125">
        <ele>8.19999980926513671875</ele>
        <time>2025-05-03T13:19:41.000Z</time>
        <extensions>
          <ns3:TrackPointExtension>
            <ns3:hr>124</ns3:hr>
          </ns3:TrackPointExtension>
        </extensions>
      </trkpt>
      <trkpt lat="24.48841969482600688934326171875" lon="118.1033183634281158447265625">
        <ele>8.19999980926513671875</ele>
        <time>2025-05-03T13:19:42.000Z</time>
        <extensions>
          <ns3:TrackPointExtension>
            <ns3:hr>124</ns3:hr>
          </ns3:TrackPointExtension>
        </extensions>
      </trkpt>
      <trkpt lat="24.4884092174470424652099609375" lon="118.10331995598971843719482421875">
        <ele>8</ele>
        <time>2025-05-03T13:19:43.000Z</time>
        <extensions>
          <ns3:TrackPointExtension>
            <ns3:hr>124</ns3:hr>
          </ns3:TrackPointExtension>
        </extensions>
      </trkpt>
      <trkpt lat="24.48839865624904632568359375" lon="118.10332096181809902191162109375">
        <ele>8</ele>
        <time>2025-05-03T13:19:44.000Z</time>
        <extensions>
          <ns3:TrackPointExtension>
            <ns3:hr>124</ns3:hr>
          </ns3:TrackPointExtension>
        </extensions>
      </trkpt>
      <trkpt lat="24.48838792741298675537109375" lon="118.103322051465511322021484375">
        <ele>8</ele>
        <time>2025-05-03T13:19:45.000Z</time>
        <extensions>
          <ns3:TrackPointExtension>
            <ns3:hr>124</ns3:hr>
          </ns3:TrackPointExtension>
        </extensions>
      </trkpt>
      <trkpt lat="24.48837728239595890045166015625" lon="118.1033228896558284759521484375">
        <ele>8</ele>
        <time>2025-05-03T13:19:46.000Z</time>
        <extensions>
          <ns3:TrackPointExtension>
            <ns3:hr>124</ns3:hr>
          </ns3:TrackPointExtension>
        </extensions>
      </trkpt>
      <trkpt lat="24.488367140293121337890625" lon="118.10332364402711391448974609375">
        <ele>8.19999980926513671875</ele>
        <time>2025-05-03T13:19:47.000Z</time>
        <extensions>
          <ns3:TrackPointExtension>
            <ns3:hr>122</ns3:hr>
          </ns3:TrackPointExtension>
        </extensions>
      </trkpt>
      <trkpt lat="24.48835632763803005218505859375" lon="118.10332481749355792999267578125">
        <ele>8.3999996185302734375</ele>
        <time>2025-05-03T13:19:48.000Z</time>
        <extensions>
          <ns3:TrackPointExtension>
            <ns3:hr>122</ns3:hr>
          </ns3:TrackPointExtension>
        </extensions>
      </trkpt>
      <trkpt lat="24.48834459297358989715576171875" lon="118.10332632623612880706787109375">
        <ele>8.3999996185302734375</ele>
        <time>2025-05-03T13:19:49.000Z</time>
        <extensions>
          <ns3:TrackPointExtension>
            <ns3:hr>122</ns3:hr>
          </ns3:TrackPointExtension>
        </extensions>
      </trkpt>
      <trkpt lat="24.48833302594721317291259765625" lon="118.10332749970257282257080078125">
        <ele>8.6000003814697265625</ele>
        <time>2025-05-03T13:19:50.000Z</time>
        <extensions>
          <ns3:TrackPointExtension>
            <ns3:hr>122</ns3:hr>
          </ns3:TrackPointExtension>
        </extensions>
      </trkpt>
      <trkpt lat="24.48832263238728046417236328125" lon="118.10332749970257282257080078125">
        <ele>8.80000019073486328125</ele>
        <time>2025-05-03T13:19:51.000Z</time>
        <extensions>
          <ns3:TrackPointExtension>
            <ns3:hr>122</ns3:hr>
          </ns3:TrackPointExtension>
        </extensions>
      </trkpt>
    </trkseg>
  </trk>
</gpx>
