<gpx xmlns:ns3="http://www.garmin.com/xmlschemas/TrackPointExtension/v1" xmlns="http://www.topografix.com/GPX/1/1" xmlns:xsi="http://www.w3.org/2001/XMLSchema-instance" xmlns:ns2="http://www.garmin.com/xmlschemas/GpxExtensions/v3" creator="Garmin Connect" version="1.1" xsi:schemaLocation="http://www.topografix.com/GPX/1/1 http://www.topografix.com/GPX/11.xsd">
  <extensions>
<distance>7911.39</distance>
<average_hr>153.0</average_hr>
<average_speed>2.8717866595296764</average_speed>
<start_time>2025-05-04T09:42:40+00:00</start_time>
<end_time>2025-05-04T10:28:34.867000+00:00</end_time>
<moving_time>2731.621</moving_time>
<elapsed_time>2754.867</elapsed_time>
</extensions>
<metadata>
    <link href="connect.garmin.com">
      <text>Garmin Connect</text>
    </link>
    <time>2025-05-04T09:42:40.000Z</time>
  </metadata>
  <trk>
    <name>厦门市 跑步</name>
    <type>running</type>
    <trkseg>
      <trkpt lat="24.48862471617758274078369140625" lon="118.10327209532260894775390625">
        <ele>7.19999980926513671875</ele>
        <time>2025-05-04T09:42:57.000Z</time>
        <extensions>
          <ns3:TrackPointExtension>
            <ns3:hr>122</ns3:hr>
          </ns3:TrackPointExtension>
        </extensions>
      </trkpt>
      <trkpt lat="24.48860493488609790802001953125" lon="118.10327871702611446380615234375">
        <ele>7.19999980926513671875</ele>
        <time>2025-05-04T09:42:58.000Z</time>
        <extensions>
          <ns3:TrackPointExtension>
            <ns3:hr>129</ns3:hr>
          </ns3:TrackPointExtension>
        </extensions>
      </trkpt>
      <trkpt lat="24.4885842315852642059326171875" lon="118.1032853387296199798583984375">
        <ele>7.400000095367431640625</ele>
        <time>2025-05-04T09:42:59.000Z</time>
        <extensions>
          <ns3:TrackPointExtension>
            <ns3:hr>129</ns3:hr>
          </ns3:TrackPointExtension>
        </extensions>
      </trkpt>
      <trkpt lat="24.488562606275081634521484375" lon="118.10329095460474491119384765625">
        <ele>7.400000095367431640625</ele>
        <time>2025-05-04T09:43:00.000Z</time>
        <extensions>
          <ns3:TrackPointExtension>
            <ns3:hr>129</ns3:hr>
          </ns3:TrackPointExtension>
        </extensions>
      </trkpt>
      <trkpt lat="24.488540478050708770751953125" lon="118.1032955646514892578125">
        <ele>7.599999904632568359375</ele>
        <time>2025-05-04T09:43:01.000Z</time>
        <extensions>
          <ns3:TrackPointExtension>
            <ns3:hr>129</ns3:hr>
          </ns3:TrackPointExtension>
        </extensions>
      </trkpt>
      <trkpt lat="24.48851801455020904541015625" lon="118.10330101288855075836181640625">
        <ele>7.80000019073486328125</ele>
        <time>2025-05-04T09:43:02.000Z</time>
        <extensions>
          <ns3:TrackPointExtension>
            <ns3:hr>129</ns3:hr>
          </ns3:TrackPointExtension>
        </extensions>
      </trkpt>
      <trkpt lat="24.488495551049709320068359375" lon="118.10330973006784915924072265625">
        <ele>7.80000019073486328125</ele>
        <time>2025-05-04T09:43:03.000Z</time>
        <extensions>
          <ns3:TrackPointExtension>
            <ns3:hr>138</ns3:hr>
          </ns3:TrackPointExtension>
        </extensions>
      </trkpt>
      <trkpt lat="24.48847350664436817169189453125" lon="118.10332146473228931427001953125">
        <ele>8</ele>
        <time>2025-05-04T09:43:04.000Z</time>
        <extensions>
          <ns3:TrackPointExtension>
            <ns3:hr>138</ns3:hr>
          </ns3:TrackPointExtension>
        </extensions>
      </trkpt>
      <trkpt lat="24.4884517975151538848876953125" lon="118.103334121406078338623046875">
        <ele>8.19999980926513671875</ele>
        <time>2025-05-04T09:43:05.000Z</time>
        <extensions>
          <ns3:TrackPointExtension>
            <ns3:hr>138</ns3:hr>
          </ns3:TrackPointExtension>
        </extensions>
      </trkpt>
      <trkpt lat="24.4884303398430347442626953125" lon="118.1033477000892162322998046875">
        <ele>8</ele>
        <time>2025-05-04T09:43:06.000Z</time>
        <extensions>
          <ns3:TrackPointExtension>
            <ns3:hr>138</ns3:hr>
          </ns3:TrackPointExtension>
        </extensions>
      </trkpt>
      <trkpt lat="24.48840896598994731903076171875" lon="118.1033624522387981414794921875">
        <ele>8.19999980926513671875</ele>
        <time>2025-05-04T09:43:07.000Z</time>
        <extensions>
          <ns3:TrackPointExtension>
            <ns3:hr>138</ns3:hr>
          </ns3:TrackPointExtension>
        </extensions>
      </trkpt>
      <trkpt lat="24.48838817887008190155029296875" lon="118.1033788807690143585205078125">
        <ele>8.6000003814697265625</ele>
        <time>2025-05-04T09:43:08.000Z</time>
        <extensions>
          <ns3:TrackPointExtension>
            <ns3:hr>138</ns3:hr>
          </ns3:TrackPointExtension>
        </extensions>
      </trkpt>
      <trkpt lat="24.488368146121501922607421875" lon="118.103397153317928314208984375">
        <ele>8.80000019073486328125</ele>
        <time>2025-05-04T09:43:09.000Z</time>
        <extensions>
          <ns3:TrackPointExtension>
            <ns3:hr>138</ns3:hr>
          </ns3:TrackPointExtension>
        </extensions>
      </trkpt>
      <trkpt lat="24.48834836483001708984375" lon="118.103415928781032562255859375">
        <ele>8.80000019073486328125</ele>
        <time>2025-05-04T09:43:10.000Z</time>
        <extensions>
          <ns3:TrackPointExtension>
            <ns3:hr>143</ns3:hr>
          </ns3:TrackPointExtension>
        </extensions>
      </trkpt>
      <trkpt lat="24.4883297570049762725830078125" lon="118.1034362129867076873779296875">
        <ele>8.80000019073486328125</ele>
        <time>2025-05-04T09:43:11.000Z</time>
        <extensions>
          <ns3:TrackPointExtension>
            <ns3:hr>143</ns3:hr>
          </ns3:TrackPointExtension>
        </extensions>
      </trkpt>
      <trkpt lat="24.48831282556056976318359375" lon="118.10345825739204883575439453125">
        <ele>8.80000019073486328125</ele>
        <time>2025-05-04T09:43:12.000Z</time>
        <extensions>
          <ns3:TrackPointExtension>
            <ns3:hr>143</ns3:hr>
          </ns3:TrackPointExtension>
        </extensions>
      </trkpt>
      <trkpt lat="24.4882975704967975616455078125" lon="118.10348206199705600738525390625">
        <ele>8.80000019073486328125</ele>
        <time>2025-05-04T09:43:13.000Z</time>
        <extensions>
          <ns3:TrackPointExtension>
            <ns3:hr>143</ns3:hr>
          </ns3:TrackPointExtension>
        </extensions>
      </trkpt>
      <trkpt lat="24.48828508146107196807861328125" lon="118.10350812971591949462890625">
        <ele>8.80000019073486328125</ele>
        <time>2025-05-04T09:43:14.000Z</time>
        <extensions>
          <ns3:TrackPointExtension>
            <ns3:hr>143</ns3:hr>
          </ns3:TrackPointExtension>
        </extensions>
      </trkpt>
      <trkpt lat="24.48827535845339298248291015625" lon="118.1035357899963855743408203125">
        <ele>8.80000019073486328125</ele>
        <time>2025-05-04T09:43:15.000Z</time>
        <extensions>
          <ns3:TrackPointExtension>
            <ns3:hr>143</ns3:hr>
          </ns3:TrackPointExtension>
        </extensions>
      </trkpt>
      <trkpt lat="24.4882678985595703125" lon="118.10356437228620052337646484375">
        <ele>8.80000019073486328125</ele>
        <time>2025-05-04T09:43:16.000Z</time>
        <extensions>
          <ns3:TrackPointExtension>
            <ns3:hr>143</ns3:hr>
          </ns3:TrackPointExtension>
        </extensions>
      </trkpt>
      <trkpt lat="24.48826194740831851959228515625" lon="118.10359337367117404937744140625">
        <ele>8.80000019073486328125</ele>
        <time>2025-05-04T09:43:17.000Z</time>
        <extensions>
          <ns3:TrackPointExtension>
            <ns3:hr>144</ns3:hr>
          </ns3:TrackPointExtension>
        </extensions>
      </trkpt>
      <trkpt lat="24.48825708590447902679443359375" lon="118.1036226265132427215576171875">
        <ele>8.80000019073486328125</ele>
        <time>2025-05-04T09:43:18.000Z</time>
        <extensions>
          <ns3:TrackPointExtension>
            <ns3:hr>144</ns3:hr>
          </ns3:TrackPointExtension>
        </extensions>
      </trkpt>
      <trkpt lat="24.4882531464099884033203125" lon="118.10365187935531139373779296875">
        <ele>8.80000019073486328125</ele>
        <time>2025-05-04T09:43:19.000Z</time>
        <extensions>
          <ns3:TrackPointExtension>
            <ns3:hr>147</ns3:hr>
          </ns3:TrackPointExtension>
        </extensions>
      </trkpt>
      <trkpt lat="24.48825004510581493377685546875" lon="118.10368138365447521209716796875">
        <ele>8.6000003814697265625</ele>
        <time>2025-05-04T09:43:20.000Z</time>
        <extensions>
          <ns3:TrackPointExtension>
            <ns3:hr>147</ns3:hr>
          </ns3:TrackPointExtension>
        </extensions>
      </trkpt>
      <trkpt lat="24.48824753053486347198486328125" lon="118.10371088795363903045654296875">
        <ele>8.3999996185302734375</ele>
        <time>2025-05-04T09:43:21.000Z</time>
        <extensions>
          <ns3:TrackPointExtension>
            <ns3:hr>147</ns3:hr>
          </ns3:TrackPointExtension>
        </extensions>
      </trkpt>
      <trkpt lat="24.48824602179229259490966796875" lon="118.103740476071834564208984375">
        <ele>8.19999980926513671875</ele>
        <time>2025-05-04T09:43:22.000Z</time>
        <extensions>
          <ns3:TrackPointExtension>
            <ns3:hr>147</ns3:hr>
          </ns3:TrackPointExtension>
        </extensions>
      </trkpt>
      <trkpt lat="24.48824652470648288726806640625" lon="118.103770315647125244140625">
        <ele>7.80000019073486328125</ele>
        <time>2025-05-04T09:43:23.000Z</time>
        <extensions>
          <ns3:TrackPointExtension>
            <ns3:hr>147</ns3:hr>
          </ns3:TrackPointExtension>
        </extensions>
      </trkpt>
      <trkpt lat="24.4882492907345294952392578125" lon="118.1037999875843524932861328125">
        <ele>7.400000095367431640625</ele>
        <time>2025-05-04T09:43:24.000Z</time>
        <extensions>
          <ns3:TrackPointExtension>
            <ns3:hr>147</ns3:hr>
          </ns3:TrackPointExtension>
        </extensions>
      </trkpt>
      <trkpt lat="24.48825406841933727264404296875" lon="118.10382924042642116546630859375">
        <ele>7</ele>
        <time>2025-05-04T09:43:25.000Z</time>
        <extensions>
          <ns3:TrackPointExtension>
            <ns3:hr>147</ns3:hr>
          </ns3:TrackPointExtension>
        </extensions>
      </trkpt>
      <trkpt lat="24.4882606901228427886962890625" lon="118.10385807417333126068115234375">
        <ele>6.400000095367431640625</ele>
        <time>2025-05-04T09:43:26.000Z</time>
        <extensions>
          <ns3:TrackPointExtension>
            <ns3:hr>149</ns3:hr>
          </ns3:TrackPointExtension>
        </extensions>
      </trkpt>
      <trkpt lat="24.488268233835697174072265625" lon="118.1038864888250827789306640625">
        <ele>6</ele>
        <time>2025-05-04T09:43:27.000Z</time>
        <extensions>
          <ns3:TrackPointExtension>
            <ns3:hr>149</ns3:hr>
          </ns3:TrackPointExtension>
        </extensions>
      </trkpt>
      <trkpt lat="24.4882771186530590057373046875" lon="118.10391456820070743560791015625">
        <ele>5.599999904632568359375</ele>
        <time>2025-05-04T09:43:28.000Z</time>
        <extensions>
          <ns3:TrackPointExtension>
            <ns3:hr>149</ns3:hr>
          </ns3:TrackPointExtension>
        </extensions>
      </trkpt>
      <trkpt lat="24.48828809894621372222900390625" lon="118.10394189320504665374755859375">
        <ele>5.19999980926513671875</ele>
        <time>2025-05-04T09:43:29.000Z</time>
        <extensions>
          <ns3:TrackPointExtension>
            <ns3:hr>149</ns3:hr>
          </ns3:TrackPointExtension>
        </extensions>
      </trkpt>
      <trkpt lat="24.48830167762935161590576171875" lon="118.10396821238100528717041015625">
        <ele>5</ele>
        <time>2025-05-04T09:43:30.000Z</time>
        <extensions>
          <ns3:TrackPointExtension>
            <ns3:hr>149</ns3:hr>
          </ns3:TrackPointExtension>
        </extensions>
      </trkpt>
      <trkpt lat="24.48831710033118724822998046875" lon="118.1039931066334247589111328125">
        <ele>5</ele>
        <time>2025-05-04T09:43:31.000Z</time>
        <extensions>
          <ns3:TrackPointExtension>
            <ns3:hr>149</ns3:hr>
          </ns3:TrackPointExtension>
        </extensions>
      </trkpt>
      <trkpt lat="24.488333947956562042236328125" lon="118.10401640832424163818359375">
        <ele>4.80000019073486328125</ele>
        <time>2025-05-04T09:43:32.000Z</time>
        <extensions>
          <ns3:TrackPointExtension>
            <ns3:hr>149</ns3:hr>
          </ns3:TrackPointExtension>
        </extensions>
      </trkpt>
      <trkpt lat="24.48835180141031742095947265625" lon="118.10403828509151935577392578125">
        <ele>4.599999904632568359375</ele>
        <time>2025-05-04T09:43:33.000Z</time>
        <extensions>
          <ns3:TrackPointExtension>
            <ns3:hr>149</ns3:hr>
          </ns3:TrackPointExtension>
        </extensions>
      </trkpt>
      <trkpt lat="24.4883720017969608306884765625" lon="118.104058317840099334716796875">
        <ele>4.599999904632568359375</ele>
        <time>2025-05-04T09:43:34.000Z</time>
        <extensions>
          <ns3:TrackPointExtension>
            <ns3:hr>149</ns3:hr>
          </ns3:TrackPointExtension>
        </extensions>
      </trkpt>
      <trkpt lat="24.4883951358497142791748046875" lon="118.10407633893191814422607421875">
        <ele>4.400000095367431640625</ele>
        <time>2025-05-04T09:43:35.000Z</time>
        <extensions>
          <ns3:TrackPointExtension>
            <ns3:hr>149</ns3:hr>
          </ns3:TrackPointExtension>
        </extensions>
      </trkpt>
      <trkpt lat="24.48841877281665802001953125" lon="118.1040936894714832305908203125">
        <ele>4.19999980926513671875</ele>
        <time>2025-05-04T09:43:36.000Z</time>
        <extensions>
          <ns3:TrackPointExtension>
            <ns3:hr>149</ns3:hr>
          </ns3:TrackPointExtension>
        </extensions>
      </trkpt>
      <trkpt lat="24.488441906869411468505859375" lon="118.1041096150875091552734375">
        <ele>4</ele>
        <time>2025-05-04T09:43:37.000Z</time>
        <extensions>
          <ns3:TrackPointExtension>
            <ns3:hr>150</ns3:hr>
          </ns3:TrackPointExtension>
        </extensions>
      </trkpt>
      <trkpt lat="24.488465376198291778564453125" lon="118.104123361408710479736328125">
        <ele>4.19999980926513671875</ele>
        <time>2025-05-04T09:43:38.000Z</time>
        <extensions>
          <ns3:TrackPointExtension>
            <ns3:hr>150</ns3:hr>
          </ns3:TrackPointExtension>
        </extensions>
      </trkpt>
      <trkpt lat="24.48848926462233066558837890625" lon="118.10413434170186519622802734375">
        <ele>4.400000095367431640625</ele>
        <time>2025-05-04T09:43:39.000Z</time>
        <extensions>
          <ns3:TrackPointExtension>
            <ns3:hr>150</ns3:hr>
          </ns3:TrackPointExtension>
        </extensions>
      </trkpt>
      <trkpt lat="24.48851457796990871429443359375" lon="118.10414406470954418182373046875">
        <ele>4.599999904632568359375</ele>
        <time>2025-05-04T09:43:40.000Z</time>
        <extensions>
          <ns3:TrackPointExtension>
            <ns3:hr>150</ns3:hr>
          </ns3:TrackPointExtension>
        </extensions>
      </trkpt>
      <trkpt lat="24.48854156769812107086181640625" lon="118.1041538715362548828125">
        <ele>4.599999904632568359375</ele>
        <time>2025-05-04T09:43:41.000Z</time>
        <extensions>
          <ns3:TrackPointExtension>
            <ns3:hr>150</ns3:hr>
          </ns3:TrackPointExtension>
        </extensions>
      </trkpt>
      <trkpt lat="24.48856922797858715057373046875" lon="118.10416284017264842987060546875">
        <ele>4.80000019073486328125</ele>
        <time>2025-05-04T09:43:42.000Z</time>
        <extensions>
          <ns3:TrackPointExtension>
            <ns3:hr>150</ns3:hr>
          </ns3:TrackPointExtension>
        </extensions>
      </trkpt>
      <trkpt lat="24.4885969720780849456787109375" lon="118.104170300066471099853515625">
        <ele>5</ele>
        <time>2025-05-04T09:43:43.000Z</time>
        <extensions>
          <ns3:TrackPointExtension>
            <ns3:hr>150</ns3:hr>
          </ns3:TrackPointExtension>
        </extensions>
      </trkpt>
      <trkpt lat="24.488624632358551025390625" lon="118.1041748262941837310791015625">
        <ele>5.19999980926513671875</ele>
        <time>2025-05-04T09:43:44.000Z</time>
        <extensions>
          <ns3:TrackPointExtension>
            <ns3:hr>150</ns3:hr>
          </ns3:TrackPointExtension>
        </extensions>
      </trkpt>
      <trkpt lat="24.4886519573628902435302734375" lon="118.1041766703128814697265625">
        <ele>5.400000095367431640625</ele>
        <time>2025-05-04T09:43:45.000Z</time>
        <extensions>
          <ns3:TrackPointExtension>
            <ns3:hr>150</ns3:hr>
          </ns3:TrackPointExtension>
        </extensions>
      </trkpt>
      <trkpt lat="24.488678611814975738525390625" lon="118.104176335036754608154296875">
        <ele>5.599999904632568359375</ele>
        <time>2025-05-04T09:43:46.000Z</time>
        <extensions>
          <ns3:TrackPointExtension>
            <ns3:hr>150</ns3:hr>
          </ns3:TrackPointExtension>
        </extensions>
      </trkpt>
      <trkpt lat="24.488704763352870941162109375" lon="118.10417323373258113861083984375">
        <ele>5.80000019073486328125</ele>
        <time>2025-05-04T09:43:47.000Z</time>
        <extensions>
          <ns3:TrackPointExtension>
            <ns3:hr>151</ns3:hr>
          </ns3:TrackPointExtension>
        </extensions>
      </trkpt>
      <trkpt lat="24.4887307472527027130126953125" lon="118.104167617857456207275390625">
        <ele>6</ele>
        <time>2025-05-04T09:43:48.000Z</time>
        <extensions>
          <ns3:TrackPointExtension>
            <ns3:hr>151</ns3:hr>
          </ns3:TrackPointExtension>
        </extensions>
      </trkpt>
      <trkpt lat="24.48875698260962963104248046875" lon="118.10416015796363353729248046875">
        <ele>6.599999904632568359375</ele>
        <time>2025-05-04T09:43:49.000Z</time>
        <extensions>
          <ns3:TrackPointExtension>
            <ns3:hr>151</ns3:hr>
          </ns3:TrackPointExtension>
        </extensions>
      </trkpt>
      <trkpt lat="24.4887830503284931182861328125" lon="118.1041506864130496978759765625">
        <ele>7</ele>
        <time>2025-05-04T09:43:50.000Z</time>
        <extensions>
          <ns3:TrackPointExtension>
            <ns3:hr>151</ns3:hr>
          </ns3:TrackPointExtension>
        </extensions>
      </trkpt>
      <trkpt lat="24.48880878277122974395751953125" lon="118.104139454662799835205078125">
        <ele>7.599999904632568359375</ele>
        <time>2025-05-04T09:43:51.000Z</time>
        <extensions>
          <ns3:TrackPointExtension>
            <ns3:hr>151</ns3:hr>
          </ns3:TrackPointExtension>
        </extensions>
      </trkpt>
      <trkpt lat="24.4888343475759029388427734375" lon="118.1041275523602962493896484375">
        <ele>8</ele>
        <time>2025-05-04T09:43:52.000Z</time>
        <extensions>
          <ns3:TrackPointExtension>
            <ns3:hr>151</ns3:hr>
          </ns3:TrackPointExtension>
        </extensions>
      </trkpt>
      <trkpt lat="24.488859660923480987548828125" lon="118.104116655886173248291015625">
        <ele>8.6000003814697265625</ele>
        <time>2025-05-04T09:43:53.000Z</time>
        <extensions>
          <ns3:TrackPointExtension>
            <ns3:hr>151</ns3:hr>
          </ns3:TrackPointExtension>
        </extensions>
      </trkpt>
      <trkpt lat="24.48888480663299560546875" lon="118.104107268154621124267578125">
        <ele>9.19999980926513671875</ele>
        <time>2025-05-04T09:43:54.000Z</time>
        <extensions>
          <ns3:TrackPointExtension>
            <ns3:hr>151</ns3:hr>
          </ns3:TrackPointExtension>
        </extensions>
      </trkpt>
      <trkpt lat="24.4889101199805736541748046875" lon="118.104097545146942138671875">
        <ele>9.3999996185302734375</ele>
        <time>2025-05-04T09:43:55.000Z</time>
        <extensions>
          <ns3:TrackPointExtension>
            <ns3:hr>153</ns3:hr>
          </ns3:TrackPointExtension>
        </extensions>
      </trkpt>
      <trkpt lat="24.48893585242331027984619140625" lon="118.10408706776797771453857421875">
        <ele>9.6000003814697265625</ele>
        <time>2025-05-04T09:43:56.000Z</time>
        <extensions>
          <ns3:TrackPointExtension>
            <ns3:hr>153</ns3:hr>
          </ns3:TrackPointExtension>
        </extensions>
      </trkpt>
      <trkpt lat="24.48896166868507862091064453125" lon="118.10407667420804500579833984375">
        <ele>10</ele>
        <time>2025-05-04T09:43:57.000Z</time>
        <extensions>
          <ns3:TrackPointExtension>
            <ns3:hr>153</ns3:hr>
          </ns3:TrackPointExtension>
        </extensions>
      </trkpt>
      <trkpt lat="24.488987736403942108154296875" lon="118.1040665321052074432373046875">
        <ele>10.19999980926513671875</ele>
        <time>2025-05-04T09:43:58.000Z</time>
        <extensions>
          <ns3:TrackPointExtension>
            <ns3:hr>153</ns3:hr>
          </ns3:TrackPointExtension>
        </extensions>
      </trkpt>
      <trkpt lat="24.48901430703699588775634765625" lon="118.1040564738214015960693359375">
        <ele>10.19999980926513671875</ele>
        <time>2025-05-04T09:43:59.000Z</time>
        <extensions>
          <ns3:TrackPointExtension>
            <ns3:hr>153</ns3:hr>
          </ns3:TrackPointExtension>
        </extensions>
      </trkpt>
      <trkpt lat="24.4890412129461765289306640625" lon="118.10404666699469089508056640625">
        <ele>10</ele>
        <time>2025-05-04T09:44:00.000Z</time>
        <extensions>
          <ns3:TrackPointExtension>
            <ns3:hr>153</ns3:hr>
          </ns3:TrackPointExtension>
        </extensions>
      </trkpt>
      <trkpt lat="24.48906811885535717010498046875" lon="118.10403727926313877105712890625">
        <ele>9.80000019073486328125</ele>
        <time>2025-05-04T09:44:01.000Z</time>
        <extensions>
          <ns3:TrackPointExtension>
            <ns3:hr>153</ns3:hr>
          </ns3:TrackPointExtension>
        </extensions>
      </trkpt>
      <trkpt lat="24.48909494094550609588623046875" lon="118.104028142988681793212890625">
        <ele>9.6000003814697265625</ele>
        <time>2025-05-04T09:44:02.000Z</time>
        <extensions>
          <ns3:TrackPointExtension>
            <ns3:hr>154</ns3:hr>
          </ns3:TrackPointExtension>
        </extensions>
      </trkpt>
      <trkpt lat="24.48912226594984531402587890625" lon="118.1040189228951930999755859375">
        <ele>10</ele>
        <time>2025-05-04T09:44:03.000Z</time>
        <extensions>
          <ns3:TrackPointExtension>
            <ns3:hr>154</ns3:hr>
          </ns3:TrackPointExtension>
        </extensions>
      </trkpt>
      <trkpt lat="24.489150010049343109130859375" lon="118.1040095351636409759521484375">
        <ele>10.3999996185302734375</ele>
        <time>2025-05-04T09:44:04.000Z</time>
        <extensions>
          <ns3:TrackPointExtension>
            <ns3:hr>154</ns3:hr>
          </ns3:TrackPointExtension>
        </extensions>
      </trkpt>
      <trkpt lat="24.48917792178690433502197265625" lon="118.103999979794025421142578125">
        <ele>10.6000003814697265625</ele>
        <time>2025-05-04T09:44:05.000Z</time>
        <extensions>
          <ns3:TrackPointExtension>
            <ns3:hr>154</ns3:hr>
          </ns3:TrackPointExtension>
        </extensions>
      </trkpt>
      <trkpt lat="24.4892051629722118377685546875" lon="118.1039900891482830047607421875">
        <ele>11</ele>
        <time>2025-05-04T09:44:06.000Z</time>
        <extensions>
          <ns3:TrackPointExtension>
            <ns3:hr>154</ns3:hr>
          </ns3:TrackPointExtension>
        </extensions>
      </trkpt>
      <trkpt lat="24.48923240415751934051513671875" lon="118.103980533778667449951171875">
        <ele>11.3999996185302734375</ele>
        <time>2025-05-04T09:44:07.000Z</time>
        <extensions>
          <ns3:TrackPointExtension>
            <ns3:hr>154</ns3:hr>
          </ns3:TrackPointExtension>
        </extensions>
      </trkpt>
      <trkpt lat="24.48925989679992198944091796875" lon="118.10397139750421047210693359375">
        <ele>11.6000003814697265625</ele>
        <time>2025-05-04T09:44:08.000Z</time>
        <extensions>
          <ns3:TrackPointExtension>
            <ns3:hr>154</ns3:hr>
          </ns3:TrackPointExtension>
        </extensions>
      </trkpt>
      <trkpt lat="24.489287473261356353759765625" lon="118.103962428867816925048828125">
        <ele>11.80000019073486328125</ele>
        <time>2025-05-04T09:44:09.000Z</time>
        <extensions>
          <ns3:TrackPointExtension>
            <ns3:hr>155</ns3:hr>
          </ns3:TrackPointExtension>
        </extensions>
      </trkpt>
      <trkpt lat="24.48931471444666385650634765625" lon="118.10395329259335994720458984375">
        <ele>11.3999996185302734375</ele>
        <time>2025-05-04T09:44:10.000Z</time>
        <extensions>
          <ns3:TrackPointExtension>
            <ns3:hr>155</ns3:hr>
          </ns3:TrackPointExtension>
        </extensions>
      </trkpt>
      <trkpt lat="24.48934136889874935150146484375" lon="118.10394340194761753082275390625">
        <ele>10.80000019073486328125</ele>
        <time>2025-05-04T09:44:11.000Z</time>
        <extensions>
          <ns3:TrackPointExtension>
            <ns3:hr>155</ns3:hr>
          </ns3:TrackPointExtension>
        </extensions>
      </trkpt>
      <trkpt lat="24.4893677718937397003173828125" lon="118.1039334274828433990478515625">
        <ele>10.3999996185302734375</ele>
        <time>2025-05-04T09:44:12.000Z</time>
        <extensions>
          <ns3:TrackPointExtension>
            <ns3:hr>155</ns3:hr>
          </ns3:TrackPointExtension>
        </extensions>
      </trkpt>
      <trkpt lat="24.489394091069698333740234375" lon="118.1039237044751644134521484375">
        <ele>9.80000019073486328125</ele>
        <time>2025-05-04T09:44:13.000Z</time>
        <extensions>
          <ns3:TrackPointExtension>
            <ns3:hr>155</ns3:hr>
          </ns3:TrackPointExtension>
        </extensions>
      </trkpt>
      <trkpt lat="24.48942015878856182098388671875" lon="118.10391322709619998931884765625">
        <ele>9.19999980926513671875</ele>
        <time>2025-05-04T09:44:14.000Z</time>
        <extensions>
          <ns3:TrackPointExtension>
            <ns3:hr>155</ns3:hr>
          </ns3:TrackPointExtension>
        </extensions>
      </trkpt>
      <trkpt lat="24.4894458912312984466552734375" lon="118.1039012409746646881103515625">
        <ele>8.6000003814697265625</ele>
        <time>2025-05-04T09:44:15.000Z</time>
        <extensions>
          <ns3:TrackPointExtension>
            <ns3:hr>155</ns3:hr>
          </ns3:TrackPointExtension>
        </extensions>
      </trkpt>
      <trkpt lat="24.48947112075984477996826171875" lon="118.1038871593773365020751953125">
        <ele>8</ele>
        <time>2025-05-04T09:44:16.000Z</time>
        <extensions>
          <ns3:TrackPointExtension>
            <ns3:hr>155</ns3:hr>
          </ns3:TrackPointExtension>
        </extensions>
      </trkpt>
      <trkpt lat="24.48949576355516910552978515625" lon="118.10387081466615200042724609375">
        <ele>7.400000095367431640625</ele>
        <time>2025-05-04T09:44:17.000Z</time>
        <extensions>
          <ns3:TrackPointExtension>
            <ns3:hr>155</ns3:hr>
          </ns3:TrackPointExtension>
        </extensions>
      </trkpt>
      <trkpt lat="24.4895193167030811309814453125" lon="118.10385287739336490631103515625">
        <ele>7</ele>
        <time>2025-05-04T09:44:18.000Z</time>
        <extensions>
          <ns3:TrackPointExtension>
            <ns3:hr>155</ns3:hr>
          </ns3:TrackPointExtension>
        </extensions>
      </trkpt>
      <trkpt lat="24.48954136110842227935791015625" lon="118.103833682835102081298828125">
        <ele>6.80000019073486328125</ele>
        <time>2025-05-04T09:44:19.000Z</time>
        <extensions>
          <ns3:TrackPointExtension>
            <ns3:hr>155</ns3:hr>
          </ns3:TrackPointExtension>
        </extensions>
      </trkpt>
      <trkpt lat="24.4895622320473194122314453125" lon="118.10381297953426837921142578125">
        <ele>6.599999904632568359375</ele>
        <time>2025-05-04T09:44:20.000Z</time>
        <extensions>
          <ns3:TrackPointExtension>
            <ns3:hr>155</ns3:hr>
          </ns3:TrackPointExtension>
        </extensions>
      </trkpt>
      <trkpt lat="24.48958176188170909881591796875" lon="118.10378984548151493072509765625">
        <ele>6.400000095367431640625</ele>
        <time>2025-05-04T09:44:21.000Z</time>
        <extensions>
          <ns3:TrackPointExtension>
            <ns3:hr>155</ns3:hr>
          </ns3:TrackPointExtension>
        </extensions>
      </trkpt>
      <trkpt lat="24.48959969915449619293212890625" lon="118.1037644483149051666259765625">
        <ele>6.19999980926513671875</ele>
        <time>2025-05-04T09:44:22.000Z</time>
        <extensions>
          <ns3:TrackPointExtension>
            <ns3:hr>155</ns3:hr>
          </ns3:TrackPointExtension>
        </extensions>
      </trkpt>
      <trkpt lat="24.4896158762276172637939453125" lon="118.103737123310565948486328125">
        <ele>6</ele>
        <time>2025-05-04T09:44:23.000Z</time>
        <extensions>
          <ns3:TrackPointExtension>
            <ns3:hr>156</ns3:hr>
          </ns3:TrackPointExtension>
        </extensions>
      </trkpt>
      <trkpt lat="24.489630125463008880615234375" lon="118.1037084572017192840576171875">
        <ele>6</ele>
        <time>2025-05-04T09:44:24.000Z</time>
        <extensions>
          <ns3:TrackPointExtension>
            <ns3:hr>156</ns3:hr>
          </ns3:TrackPointExtension>
        </extensions>
      </trkpt>
      <trkpt lat="24.4896416924893856048583984375" lon="118.1036789529025554656982421875">
        <ele>5.80000019073486328125</ele>
        <time>2025-05-04T09:44:25.000Z</time>
        <extensions>
          <ns3:TrackPointExtension>
            <ns3:hr>156</ns3:hr>
          </ns3:TrackPointExtension>
        </extensions>
      </trkpt>
      <trkpt lat="24.48965116403996944427490234375" lon="118.10364886187016963958740234375">
        <ele>5.599999904632568359375</ele>
        <time>2025-05-04T09:44:26.000Z</time>
        <extensions>
          <ns3:TrackPointExtension>
            <ns3:hr>156</ns3:hr>
          </ns3:TrackPointExtension>
        </extensions>
      </trkpt>
      <trkpt lat="24.48965954594314098358154296875" lon="118.10361835174262523651123046875">
        <ele>5.599999904632568359375</ele>
        <time>2025-05-04T09:44:27.000Z</time>
        <extensions>
          <ns3:TrackPointExtension>
            <ns3:hr>156</ns3:hr>
          </ns3:TrackPointExtension>
        </extensions>
      </trkpt>
      <trkpt lat="24.4896668381989002227783203125" lon="118.10358725488185882568359375">
        <ele>5.599999904632568359375</ele>
        <time>2025-05-04T09:44:28.000Z</time>
        <extensions>
          <ns3:TrackPointExtension>
            <ns3:hr>156</ns3:hr>
          </ns3:TrackPointExtension>
        </extensions>
      </trkpt>
      <trkpt lat="24.48967270553112030029296875" lon="118.10355548746883869171142578125">
        <ele>5.599999904632568359375</ele>
        <time>2025-05-04T09:44:29.000Z</time>
        <extensions>
          <ns3:TrackPointExtension>
            <ns3:hr>156</ns3:hr>
          </ns3:TrackPointExtension>
        </extensions>
      </trkpt>
      <trkpt lat="24.48967672884464263916015625" lon="118.10352229513227939605712890625">
        <ele>5.599999904632568359375</ele>
        <time>2025-05-04T09:44:30.000Z</time>
        <extensions>
          <ns3:TrackPointExtension>
            <ns3:hr>156</ns3:hr>
          </ns3:TrackPointExtension>
        </extensions>
      </trkpt>
      <trkpt lat="24.4896782375872135162353515625" lon="118.10348927043378353118896484375">
        <ele>5.599999904632568359375</ele>
        <time>2025-05-04T09:44:31.000Z</time>
        <extensions>
          <ns3:TrackPointExtension>
            <ns3:hr>156</ns3:hr>
          </ns3:TrackPointExtension>
        </extensions>
      </trkpt>
      <trkpt lat="24.48967781849205493927001953125" lon="118.10345716774463653564453125">
        <ele>5.599999904632568359375</ele>
        <time>2025-05-04T09:44:32.000Z</time>
        <extensions>
          <ns3:TrackPointExtension>
            <ns3:hr>156</ns3:hr>
          </ns3:TrackPointExtension>
        </extensions>
      </trkpt>
      <trkpt lat="24.4896752201020717620849609375" lon="118.10342489741742610931396484375">
        <ele>5.599999904632568359375</ele>
        <time>2025-05-04T09:44:33.000Z</time>
        <extensions>
          <ns3:TrackPointExtension>
            <ns3:hr>156</ns3:hr>
          </ns3:TrackPointExtension>
        </extensions>
      </trkpt>
      <trkpt lat="24.48967010714113712310791015625" lon="118.10339204035699367523193359375">
        <ele>5.599999904632568359375</ele>
        <time>2025-05-04T09:44:34.000Z</time>
        <extensions>
          <ns3:TrackPointExtension>
            <ns3:hr>156</ns3:hr>
          </ns3:TrackPointExtension>
        </extensions>
      </trkpt>
      <trkpt lat="24.48966273106634616851806640625" lon="118.1033601053059101104736328125">
        <ele>5.599999904632568359375</ele>
        <time>2025-05-04T09:44:35.000Z</time>
        <extensions>
          <ns3:TrackPointExtension>
            <ns3:hr>155</ns3:hr>
          </ns3:TrackPointExtension>
        </extensions>
      </trkpt>
      <trkpt lat="24.4896534271538257598876953125" lon="118.1033299304544925689697265625">
        <ele>5.80000019073486328125</ele>
        <time>2025-05-04T09:44:36.000Z</time>
        <extensions>
          <ns3:TrackPointExtension>
            <ns3:hr>155</ns3:hr>
          </ns3:TrackPointExtension>
        </extensions>
      </trkpt>
      <trkpt lat="24.4896416924893856048583984375" lon="118.1033000908792018890380859375">
        <ele>6</ele>
        <time>2025-05-04T09:44:37.000Z</time>
        <extensions>
          <ns3:TrackPointExtension>
            <ns3:hr>155</ns3:hr>
          </ns3:TrackPointExtension>
        </extensions>
      </trkpt>
      <trkpt lat="24.489628113806247711181640625" lon="118.10327075421810150146484375">
        <ele>6.19999980926513671875</ele>
        <time>2025-05-04T09:44:38.000Z</time>
        <extensions>
          <ns3:TrackPointExtension>
            <ns3:hr>155</ns3:hr>
          </ns3:TrackPointExtension>
        </extensions>
      </trkpt>
      <trkpt lat="24.4896128587424755096435546875" lon="118.1032430939376354217529296875">
        <ele>6.19999980926513671875</ele>
        <time>2025-05-04T09:44:39.000Z</time>
        <extensions>
          <ns3:TrackPointExtension>
            <ns3:hr>155</ns3:hr>
          </ns3:TrackPointExtension>
        </extensions>
      </trkpt>
      <trkpt lat="24.489595592021942138671875" lon="118.10321711003780364990234375">
        <ele>6.400000095367431640625</ele>
        <time>2025-05-04T09:44:40.000Z</time>
        <extensions>
          <ns3:TrackPointExtension>
            <ns3:hr>156</ns3:hr>
          </ns3:TrackPointExtension>
        </extensions>
      </trkpt>
      <trkpt lat="24.48957622982561588287353515625" lon="118.1031921319663524627685546875">
        <ele>6.599999904632568359375</ele>
        <time>2025-05-04T09:44:41.000Z</time>
        <extensions>
          <ns3:TrackPointExtension>
            <ns3:hr>156</ns3:hr>
          </ns3:TrackPointExtension>
        </extensions>
      </trkpt>
      <trkpt lat="24.48955544270575046539306640625" lon="118.10316824354231357574462890625">
        <ele>6.80000019073486328125</ele>
        <time>2025-05-04T09:44:42.000Z</time>
        <extensions>
          <ns3:TrackPointExtension>
            <ns3:hr>156</ns3:hr>
          </ns3:TrackPointExtension>
        </extensions>
      </trkpt>
      <trkpt lat="24.489532895386219024658203125" lon="118.10314645059406757354736328125">
        <ele>7</ele>
        <time>2025-05-04T09:44:43.000Z</time>
        <extensions>
          <ns3:TrackPointExtension>
            <ns3:hr>156</ns3:hr>
          </ns3:TrackPointExtension>
        </extensions>
      </trkpt>
      <trkpt lat="24.4895084202289581298828125" lon="118.103126920759677886962890625">
        <ele>7</ele>
        <time>2025-05-04T09:44:44.000Z</time>
        <extensions>
          <ns3:TrackPointExtension>
            <ns3:hr>156</ns3:hr>
          </ns3:TrackPointExtension>
        </extensions>
      </trkpt>
      <trkpt lat="24.489482603967189788818359375" lon="118.10310940258204936981201171875">
        <ele>7.19999980926513671875</ele>
        <time>2025-05-04T09:44:45.000Z</time>
        <extensions>
          <ns3:TrackPointExtension>
            <ns3:hr>156</ns3:hr>
          </ns3:TrackPointExtension>
        </extensions>
      </trkpt>
      <trkpt lat="24.4894559495151042938232421875" lon="118.10309431515634059906005859375">
        <ele>7.400000095367431640625</ele>
        <time>2025-05-04T09:44:46.000Z</time>
        <extensions>
          <ns3:TrackPointExtension>
            <ns3:hr>156</ns3:hr>
          </ns3:TrackPointExtension>
        </extensions>
      </trkpt>
      <trkpt lat="24.48942837305366992950439453125" lon="118.1030814908444881439208984375">
        <ele>7.599999904632568359375</ele>
        <time>2025-05-04T09:44:47.000Z</time>
        <extensions>
          <ns3:TrackPointExtension>
            <ns3:hr>156</ns3:hr>
          </ns3:TrackPointExtension>
        </extensions>
      </trkpt>
      <trkpt lat="24.48939979076385498046875" lon="118.10307134874165058135986328125">
        <ele>7.599999904632568359375</ele>
        <time>2025-05-04T09:44:48.000Z</time>
        <extensions>
          <ns3:TrackPointExtension>
            <ns3:hr>156</ns3:hr>
          </ns3:TrackPointExtension>
        </extensions>
      </trkpt>
      <trkpt lat="24.489370286464691162109375" lon="118.10306363739073276519775390625">
        <ele>7.80000019073486328125</ele>
        <time>2025-05-04T09:44:49.000Z</time>
        <extensions>
          <ns3:TrackPointExtension>
            <ns3:hr>156</ns3:hr>
          </ns3:TrackPointExtension>
        </extensions>
      </trkpt>
      <trkpt lat="24.48934019543230533599853515625" lon="118.1030570156872272491455078125">
        <ele>8</ele>
        <time>2025-05-04T09:44:50.000Z</time>
        <extensions>
          <ns3:TrackPointExtension>
            <ns3:hr>156</ns3:hr>
          </ns3:TrackPointExtension>
        </extensions>
      </trkpt>
      <trkpt lat="24.4893099367618560791015625" lon="118.10305207036435604095458984375">
        <ele>8</ele>
        <time>2025-05-04T09:44:51.000Z</time>
        <extensions>
          <ns3:TrackPointExtension>
            <ns3:hr>156</ns3:hr>
          </ns3:TrackPointExtension>
        </extensions>
      </trkpt>
      <trkpt lat="24.4892799295485019683837890625" lon="118.10304871760308742523193359375">
        <ele>8.19999980926513671875</ele>
        <time>2025-05-04T09:44:52.000Z</time>
        <extensions>
          <ns3:TrackPointExtension>
            <ns3:hr>157</ns3:hr>
          </ns3:TrackPointExtension>
        </extensions>
      </trkpt>
      <trkpt lat="24.48924967087805271148681640625" lon="118.1030479632318019866943359375">
        <ele>8.3999996185302734375</ele>
        <time>2025-05-04T09:44:53.000Z</time>
        <extensions>
          <ns3:TrackPointExtension>
            <ns3:hr>157</ns3:hr>
          </ns3:TrackPointExtension>
        </extensions>
      </trkpt>
      <trkpt lat="24.48921882547438144683837890625" lon="118.1030499748885631561279296875">
        <ele>8.3999996185302734375</ele>
        <time>2025-05-04T09:44:54.000Z</time>
        <extensions>
          <ns3:TrackPointExtension>
            <ns3:hr>156</ns3:hr>
          </ns3:TrackPointExtension>
        </extensions>
      </trkpt>
      <trkpt lat="24.48918814770877361297607421875" lon="118.10305341146886348724365234375">
        <ele>8.19999980926513671875</ele>
        <time>2025-05-04T09:44:55.000Z</time>
        <extensions>
          <ns3:TrackPointExtension>
            <ns3:hr>156</ns3:hr>
          </ns3:TrackPointExtension>
        </extensions>
      </trkpt>
      <trkpt lat="24.489158056676387786865234375" lon="118.1030583567917346954345703125">
        <ele>8</ele>
        <time>2025-05-04T09:44:56.000Z</time>
        <extensions>
          <ns3:TrackPointExtension>
            <ns3:hr>156</ns3:hr>
          </ns3:TrackPointExtension>
        </extensions>
      </trkpt>
      <trkpt lat="24.4891283847391605377197265625" lon="118.10306514613330364227294921875">
        <ele>7.80000019073486328125</ele>
        <time>2025-05-04T09:44:57.000Z</time>
        <extensions>
          <ns3:TrackPointExtension>
            <ns3:hr>156</ns3:hr>
          </ns3:TrackPointExtension>
        </extensions>
      </trkpt>
      <trkpt lat="24.48909929953515529632568359375" lon="118.10307319276034832000732421875">
        <ele>7.599999904632568359375</ele>
        <time>2025-05-04T09:44:58.000Z</time>
        <extensions>
          <ns3:TrackPointExtension>
            <ns3:hr>156</ns3:hr>
          </ns3:TrackPointExtension>
        </extensions>
      </trkpt>
      <trkpt lat="24.4890703819692134857177734375" lon="118.103081993758678436279296875">
        <ele>7.400000095367431640625</ele>
        <time>2025-05-04T09:44:59.000Z</time>
        <extensions>
          <ns3:TrackPointExtension>
            <ns3:hr>156</ns3:hr>
          </ns3:TrackPointExtension>
        </extensions>
      </trkpt>
      <trkpt lat="24.48904146440327167510986328125" lon="118.10309146530926227569580078125">
        <ele>7.19999980926513671875</ele>
        <time>2025-05-04T09:45:00.000Z</time>
        <extensions>
          <ns3:TrackPointExtension>
            <ns3:hr>156</ns3:hr>
          </ns3:TrackPointExtension>
        </extensions>
      </trkpt>
      <trkpt lat="24.48901288211345672607421875" lon="118.10310135595500469207763671875">
        <ele>7</ele>
        <time>2025-05-04T09:45:01.000Z</time>
        <extensions>
          <ns3:TrackPointExtension>
            <ns3:hr>156</ns3:hr>
          </ns3:TrackPointExtension>
        </extensions>
      </trkpt>
      <trkpt lat="24.48898497037589550018310546875" lon="118.10311107896268367767333984375">
        <ele>7.19999980926513671875</ele>
        <time>2025-05-04T09:45:02.000Z</time>
        <extensions>
          <ns3:TrackPointExtension>
            <ns3:hr>156</ns3:hr>
          </ns3:TrackPointExtension>
        </extensions>
      </trkpt>
      <trkpt lat="24.48895781300961971282958984375" lon="118.1031203828752040863037109375">
        <ele>7.400000095367431640625</ele>
        <time>2025-05-04T09:45:03.000Z</time>
        <extensions>
          <ns3:TrackPointExtension>
            <ns3:hr>156</ns3:hr>
          </ns3:TrackPointExtension>
        </extensions>
      </trkpt>
      <trkpt lat="24.48893048800528049468994140625" lon="118.1031294353306293487548828125">
        <ele>7.599999904632568359375</ele>
        <time>2025-05-04T09:45:04.000Z</time>
        <extensions>
          <ns3:TrackPointExtension>
            <ns3:hr>156</ns3:hr>
          </ns3:TrackPointExtension>
        </extensions>
      </trkpt>
      <trkpt lat="24.48890232481062412261962890625" lon="118.10313756577670574188232421875">
        <ele>7.80000019073486328125</ele>
        <time>2025-05-04T09:45:05.000Z</time>
        <extensions>
          <ns3:TrackPointExtension>
            <ns3:hr>156</ns3:hr>
          </ns3:TrackPointExtension>
        </extensions>
      </trkpt>
      <trkpt lat="24.48887449689209461212158203125" lon="118.10314477421343326568603515625">
        <ele>8</ele>
        <time>2025-05-04T09:45:06.000Z</time>
        <extensions>
          <ns3:TrackPointExtension>
            <ns3:hr>156</ns3:hr>
          </ns3:TrackPointExtension>
        </extensions>
      </trkpt>
      <trkpt lat="24.488846920430660247802734375" lon="118.1031515635550022125244140625">
        <ele>8.19999980926513671875</ele>
        <time>2025-05-04T09:45:07.000Z</time>
        <extensions>
          <ns3:TrackPointExtension>
            <ns3:hr>156</ns3:hr>
          </ns3:TrackPointExtension>
        </extensions>
      </trkpt>
      <trkpt lat="24.488818757236003875732421875" lon="118.1031582690775394439697265625">
        <ele>8.3999996185302734375</ele>
        <time>2025-05-04T09:45:08.000Z</time>
        <extensions>
          <ns3:TrackPointExtension>
            <ns3:hr>156</ns3:hr>
          </ns3:TrackPointExtension>
        </extensions>
      </trkpt>
      <trkpt lat="24.48878983967006206512451171875" lon="118.1031656451523303985595703125">
        <ele>8.6000003814697265625</ele>
        <time>2025-05-04T09:45:09.000Z</time>
        <extensions>
          <ns3:TrackPointExtension>
            <ns3:hr>156</ns3:hr>
          </ns3:TrackPointExtension>
        </extensions>
      </trkpt>
      <trkpt lat="24.4887605868279933929443359375" lon="118.1031733565032482147216796875">
        <ele>8.3999996185302734375</ele>
        <time>2025-05-04T09:45:10.000Z</time>
        <extensions>
          <ns3:TrackPointExtension>
            <ns3:hr>156</ns3:hr>
          </ns3:TrackPointExtension>
        </extensions>
      </trkpt>
      <trkpt lat="24.488731920719146728515625" lon="118.10318090021610260009765625">
        <ele>8.19999980926513671875</ele>
        <time>2025-05-04T09:45:11.000Z</time>
        <extensions>
          <ns3:TrackPointExtension>
            <ns3:hr>156</ns3:hr>
          </ns3:TrackPointExtension>
        </extensions>
      </trkpt>
      <trkpt lat="24.48870400898158550262451171875" lon="118.10318919830024242401123046875">
        <ele>8</ele>
        <time>2025-05-04T09:45:12.000Z</time>
        <extensions>
          <ns3:TrackPointExtension>
            <ns3:hr>156</ns3:hr>
          </ns3:TrackPointExtension>
        </extensions>
      </trkpt>
      <trkpt lat="24.48867668397724628448486328125" lon="118.1031995080411434173583984375">
        <ele>8</ele>
        <time>2025-05-04T09:45:13.000Z</time>
        <extensions>
          <ns3:TrackPointExtension>
            <ns3:hr>156</ns3:hr>
          </ns3:TrackPointExtension>
        </extensions>
      </trkpt>
      <trkpt lat="24.48864935897290706634521484375" lon="118.1032115779817104339599609375">
        <ele>7.80000019073486328125</ele>
        <time>2025-05-04T09:45:14.000Z</time>
        <extensions>
          <ns3:TrackPointExtension>
            <ns3:hr>156</ns3:hr>
          </ns3:TrackPointExtension>
        </extensions>
      </trkpt>
      <trkpt lat="24.48862153105437755584716796875" lon="118.1032236479222774505615234375">
        <ele>7.80000019073486328125</ele>
        <time>2025-05-04T09:45:15.000Z</time>
        <extensions>
          <ns3:TrackPointExtension>
            <ns3:hr>156</ns3:hr>
          </ns3:TrackPointExtension>
        </extensions>
      </trkpt>
      <trkpt lat="24.4885936193168163299560546875" lon="118.10323446057736873626708984375">
        <ele>7.599999904632568359375</ele>
        <time>2025-05-04T09:45:16.000Z</time>
        <extensions>
          <ns3:TrackPointExtension>
            <ns3:hr>156</ns3:hr>
          </ns3:TrackPointExtension>
        </extensions>
      </trkpt>
      <trkpt lat="24.48856621049344539642333984375" lon="118.103244937956333160400390625">
        <ele>7.599999904632568359375</ele>
        <time>2025-05-04T09:45:17.000Z</time>
        <extensions>
          <ns3:TrackPointExtension>
            <ns3:hr>156</ns3:hr>
          </ns3:TrackPointExtension>
        </extensions>
      </trkpt>
      <trkpt lat="24.4885386340320110321044921875" lon="118.103255666792392730712890625">
        <ele>7.80000019073486328125</ele>
        <time>2025-05-04T09:45:18.000Z</time>
        <extensions>
          <ns3:TrackPointExtension>
            <ns3:hr>156</ns3:hr>
          </ns3:TrackPointExtension>
        </extensions>
      </trkpt>
      <trkpt lat="24.48851038701832294464111328125" lon="118.103266395628452301025390625">
        <ele>8</ele>
        <time>2025-05-04T09:45:19.000Z</time>
        <extensions>
          <ns3:TrackPointExtension>
            <ns3:hr>156</ns3:hr>
          </ns3:TrackPointExtension>
        </extensions>
      </trkpt>
      <trkpt lat="24.48848205618560314178466796875" lon="118.103277124464511871337890625">
        <ele>8.19999980926513671875</ele>
        <time>2025-05-04T09:45:20.000Z</time>
        <extensions>
          <ns3:TrackPointExtension>
            <ns3:hr>156</ns3:hr>
          </ns3:TrackPointExtension>
        </extensions>
      </trkpt>
      <trkpt lat="24.488454647362232208251953125" lon="118.103287518024444580078125">
        <ele>8.19999980926513671875</ele>
        <time>2025-05-04T09:45:21.000Z</time>
        <extensions>
          <ns3:TrackPointExtension>
            <ns3:hr>156</ns3:hr>
          </ns3:TrackPointExtension>
        </extensions>
      </trkpt>
      <trkpt lat="24.488427825272083282470703125" lon="118.10329883359372615814208984375">
        <ele>8.19999980926513671875</ele>
        <time>2025-05-04T09:45:22.000Z</time>
        <extensions>
          <ns3:TrackPointExtension>
            <ns3:hr>156</ns3:hr>
          </ns3:TrackPointExtension>
        </extensions>
      </trkpt>
      <trkpt lat="24.4884011708199977874755859375" lon="118.10331257991492748260498046875">
        <ele>8</ele>
        <time>2025-05-04T09:45:23.000Z</time>
        <extensions>
          <ns3:TrackPointExtension>
            <ns3:hr>156</ns3:hr>
          </ns3:TrackPointExtension>
        </extensions>
      </trkpt>
      <trkpt lat="24.488374851644039154052734375" lon="118.10332775115966796875">
        <ele>8.19999980926513671875</ele>
        <time>2025-05-04T09:45:24.000Z</time>
        <extensions>
          <ns3:TrackPointExtension>
            <ns3:hr>156</ns3:hr>
          </ns3:TrackPointExtension>
        </extensions>
      </trkpt>
      <trkpt lat="24.488349370658397674560546875" lon="118.103343509137630462646484375">
        <ele>8.6000003814697265625</ele>
        <time>2025-05-04T09:45:25.000Z</time>
        <extensions>
          <ns3:TrackPointExtension>
            <ns3:hr>158</ns3:hr>
          </ns3:TrackPointExtension>
        </extensions>
      </trkpt>
      <trkpt lat="24.48832514695823192596435546875" lon="118.10336085967719554901123046875">
        <ele>9</ele>
        <time>2025-05-04T09:45:26.000Z</time>
        <extensions>
          <ns3:TrackPointExtension>
            <ns3:hr>158</ns3:hr>
          </ns3:TrackPointExtension>
        </extensions>
      </trkpt>
      <trkpt lat="24.48830218054354190826416015625" lon="118.10338064096868038177490234375">
        <ele>9.6000003814697265625</ele>
        <time>2025-05-04T09:45:27.000Z</time>
        <extensions>
          <ns3:TrackPointExtension>
            <ns3:hr>158</ns3:hr>
          </ns3:TrackPointExtension>
        </extensions>
      </trkpt>
      <trkpt lat="24.48828089050948619842529296875" lon="118.10340276919305324554443359375">
        <ele>9.6000003814697265625</ele>
        <time>2025-05-04T09:45:28.000Z</time>
        <extensions>
          <ns3:TrackPointExtension>
            <ns3:hr>158</ns3:hr>
          </ns3:TrackPointExtension>
        </extensions>
      </trkpt>
      <trkpt lat="24.48826110921800136566162109375" lon="118.10342674143612384796142578125">
        <ele>9.6000003814697265625</ele>
        <time>2025-05-04T09:45:29.000Z</time>
        <extensions>
          <ns3:TrackPointExtension>
            <ns3:hr>158</ns3:hr>
          </ns3:TrackPointExtension>
        </extensions>
      </trkpt>
      <trkpt lat="24.488242752850055694580078125" lon="118.1034524738788604736328125">
        <ele>9.6000003814697265625</ele>
        <time>2025-05-04T09:45:30.000Z</time>
        <extensions>
          <ns3:TrackPointExtension>
            <ns3:hr>158</ns3:hr>
          </ns3:TrackPointExtension>
        </extensions>
      </trkpt>
      <trkpt lat="24.4882263243198394775390625" lon="118.1034797988831996917724609375">
        <ele>9.80000019073486328125</ele>
        <time>2025-05-04T09:45:31.000Z</time>
        <extensions>
          <ns3:TrackPointExtension>
            <ns3:hr>158</ns3:hr>
          </ns3:TrackPointExtension>
        </extensions>
      </trkpt>
      <trkpt lat="24.4882124103605747222900390625" lon="118.1035088002681732177734375">
        <ele>9.80000019073486328125</ele>
        <time>2025-05-04T09:45:32.000Z</time>
        <extensions>
          <ns3:TrackPointExtension>
            <ns3:hr>157</ns3:hr>
          </ns3:TrackPointExtension>
        </extensions>
      </trkpt>
      <trkpt lat="24.48820075951516628265380859375" lon="118.103539310395717620849609375">
        <ele>10</ele>
        <time>2025-05-04T09:45:33.000Z</time>
        <extensions>
          <ns3:TrackPointExtension>
            <ns3:hr>157</ns3:hr>
          </ns3:TrackPointExtension>
        </extensions>
      </trkpt>
      <trkpt lat="24.48819153942167758941650390625" lon="118.10357091017067432403564453125">
        <ele>10</ele>
        <time>2025-05-04T09:45:34.000Z</time>
        <extensions>
          <ns3:TrackPointExtension>
            <ns3:hr>157</ns3:hr>
          </ns3:TrackPointExtension>
        </extensions>
      </trkpt>
      <trkpt lat="24.4881859235465526580810546875" lon="118.10360326431691646575927734375">
        <ele>10</ele>
        <time>2025-05-04T09:45:35.000Z</time>
        <extensions>
          <ns3:TrackPointExtension>
            <ns3:hr>156</ns3:hr>
          </ns3:TrackPointExtension>
        </extensions>
      </trkpt>
      <trkpt lat="24.48818399570882320404052734375" lon="118.10363595373928546905517578125">
        <ele>9.80000019073486328125</ele>
        <time>2025-05-04T09:45:36.000Z</time>
        <extensions>
          <ns3:TrackPointExtension>
            <ns3:hr>156</ns3:hr>
          </ns3:TrackPointExtension>
        </extensions>
      </trkpt>
      <trkpt lat="24.4881849177181720733642578125" lon="118.1036685593426227569580078125">
        <ele>9.6000003814697265625</ele>
        <time>2025-05-04T09:45:37.000Z</time>
        <extensions>
          <ns3:TrackPointExtension>
            <ns3:hr>156</ns3:hr>
          </ns3:TrackPointExtension>
        </extensions>
      </trkpt>
      <trkpt lat="24.4881879352033138275146484375" lon="118.10370133258402347564697265625">
        <ele>9.19999980926513671875</ele>
        <time>2025-05-04T09:45:38.000Z</time>
        <extensions>
          <ns3:TrackPointExtension>
            <ns3:hr>156</ns3:hr>
          </ns3:TrackPointExtension>
        </extensions>
      </trkpt>
      <trkpt lat="24.48819187469780445098876953125" lon="118.1037342734634876251220703125">
        <ele>8.80000019073486328125</ele>
        <time>2025-05-04T09:45:39.000Z</time>
        <extensions>
          <ns3:TrackPointExtension>
            <ns3:hr>156</ns3:hr>
          </ns3:TrackPointExtension>
        </extensions>
      </trkpt>
      <trkpt lat="24.488196484744548797607421875" lon="118.1037674658000469207763671875">
        <ele>8.19999980926513671875</ele>
        <time>2025-05-04T09:45:40.000Z</time>
        <extensions>
          <ns3:TrackPointExtension>
            <ns3:hr>156</ns3:hr>
          </ns3:TrackPointExtension>
        </extensions>
      </trkpt>
      <trkpt lat="24.48820293880999088287353515625" lon="118.10380057431757450103759765625">
        <ele>7.80000019073486328125</ele>
        <time>2025-05-04T09:45:41.000Z</time>
        <extensions>
          <ns3:TrackPointExtension>
            <ns3:hr>156</ns3:hr>
          </ns3:TrackPointExtension>
        </extensions>
      </trkpt>
      <trkpt lat="24.488211572170257568359375" lon="118.1038328446447849273681640625">
        <ele>7.19999980926513671875</ele>
        <time>2025-05-04T09:45:42.000Z</time>
        <extensions>
          <ns3:TrackPointExtension>
            <ns3:hr>156</ns3:hr>
          </ns3:TrackPointExtension>
        </extensions>
      </trkpt>
      <trkpt lat="24.4882224686443805694580078125" lon="118.10386377386748790740966796875">
        <ele>6.599999904632568359375</ele>
        <time>2025-05-04T09:45:43.000Z</time>
        <extensions>
          <ns3:TrackPointExtension>
            <ns3:hr>156</ns3:hr>
          </ns3:TrackPointExtension>
        </extensions>
      </trkpt>
      <trkpt lat="24.4882345385849475860595703125" lon="118.1038931943476200103759765625">
        <ele>6.19999980926513671875</ele>
        <time>2025-05-04T09:45:44.000Z</time>
        <extensions>
          <ns3:TrackPointExtension>
            <ns3:hr>156</ns3:hr>
          </ns3:TrackPointExtension>
        </extensions>
      </trkpt>
      <trkpt lat="24.4882472790777683258056640625" lon="118.1039216928184032440185546875">
        <ele>5.599999904632568359375</ele>
        <time>2025-05-04T09:45:45.000Z</time>
        <extensions>
          <ns3:TrackPointExtension>
            <ns3:hr>156</ns3:hr>
          </ns3:TrackPointExtension>
        </extensions>
      </trkpt>
      <trkpt lat="24.48826077394187450408935546875" lon="118.10394943691790103912353515625">
        <ele>5.400000095367431640625</ele>
        <time>2025-05-04T09:45:46.000Z</time>
        <extensions>
          <ns3:TrackPointExtension>
            <ns3:hr>157</ns3:hr>
          </ns3:TrackPointExtension>
        </extensions>
      </trkpt>
      <trkpt lat="24.4882754422724246978759765625" lon="118.10397625900804996490478515625">
        <ele>5.19999980926513671875</ele>
        <time>2025-05-04T09:45:47.000Z</time>
        <extensions>
          <ns3:TrackPointExtension>
            <ns3:hr>157</ns3:hr>
          </ns3:TrackPointExtension>
        </extensions>
      </trkpt>
      <trkpt lat="24.48829178698360919952392578125" lon="118.1040023267269134521484375">
        <ele>5.19999980926513671875</ele>
        <time>2025-05-04T09:45:48.000Z</time>
        <extensions>
          <ns3:TrackPointExtension>
            <ns3:hr>157</ns3:hr>
          </ns3:TrackPointExtension>
        </extensions>
      </trkpt>
      <trkpt lat="24.4883094727993011474609375" lon="118.10402772389352321624755859375">
        <ele>5</ele>
        <time>2025-05-04T09:45:49.000Z</time>
        <extensions>
          <ns3:TrackPointExtension>
            <ns3:hr>157</ns3:hr>
          </ns3:TrackPointExtension>
        </extensions>
      </trkpt>
      <trkpt lat="24.4883284159004688262939453125" lon="118.10405194759368896484375">
        <ele>4.80000019073486328125</ele>
        <time>2025-05-04T09:45:50.000Z</time>
        <extensions>
          <ns3:TrackPointExtension>
            <ns3:hr>157</ns3:hr>
          </ns3:TrackPointExtension>
        </extensions>
      </trkpt>
      <trkpt lat="24.48834962211549282073974609375" lon="118.1040739081799983978271484375">
        <ele>4.599999904632568359375</ele>
        <time>2025-05-04T09:45:51.000Z</time>
        <extensions>
          <ns3:TrackPointExtension>
            <ns3:hr>157</ns3:hr>
          </ns3:TrackPointExtension>
        </extensions>
      </trkpt>
      <trkpt lat="24.488373510539531707763671875" lon="118.10409360565245151519775390625">
        <ele>4.599999904632568359375</ele>
        <time>2025-05-04T09:45:52.000Z</time>
        <extensions>
          <ns3:TrackPointExtension>
            <ns3:hr>157</ns3:hr>
          </ns3:TrackPointExtension>
        </extensions>
      </trkpt>
      <trkpt lat="24.48839991353452205657958984375" lon="118.10411104001104831695556640625">
        <ele>4.400000095367431640625</ele>
        <time>2025-05-04T09:45:53.000Z</time>
        <extensions>
          <ns3:TrackPointExtension>
            <ns3:hr>158</ns3:hr>
          </ns3:TrackPointExtension>
        </extensions>
      </trkpt>
      <trkpt lat="24.488428495824337005615234375" lon="118.10412612743675708770751953125">
        <ele>4.19999980926513671875</ele>
        <time>2025-05-04T09:45:54.000Z</time>
        <extensions>
          <ns3:TrackPointExtension>
            <ns3:hr>158</ns3:hr>
          </ns3:TrackPointExtension>
        </extensions>
      </trkpt>
      <trkpt lat="24.488458335399627685546875" lon="118.10414004139602184295654296875">
        <ele>4</ele>
        <time>2025-05-04T09:45:55.000Z</time>
        <extensions>
          <ns3:TrackPointExtension>
            <ns3:hr>158</ns3:hr>
          </ns3:TrackPointExtension>
        </extensions>
      </trkpt>
      <trkpt lat="24.48848842643201351165771484375" lon="118.10415244661271572113037109375">
        <ele>4.400000095367431640625</ele>
        <time>2025-05-04T09:45:56.000Z</time>
        <extensions>
          <ns3:TrackPointExtension>
            <ns3:hr>158</ns3:hr>
          </ns3:TrackPointExtension>
        </extensions>
      </trkpt>
      <trkpt lat="24.48851801455020904541015625" lon="118.104162253439426422119140625">
        <ele>4.599999904632568359375</ele>
        <time>2025-05-04T09:45:57.000Z</time>
        <extensions>
          <ns3:TrackPointExtension>
            <ns3:hr>158</ns3:hr>
          </ns3:TrackPointExtension>
        </extensions>
      </trkpt>
      <trkpt lat="24.488547183573246002197265625" lon="118.1041691266000270843505859375">
        <ele>4.80000019073486328125</ele>
        <time>2025-05-04T09:45:58.000Z</time>
        <extensions>
          <ns3:TrackPointExtension>
            <ns3:hr>158</ns3:hr>
          </ns3:TrackPointExtension>
        </extensions>
      </trkpt>
      <trkpt lat="24.4885758496820926666259765625" lon="118.1041724793612957000732421875">
        <ele>5</ele>
        <time>2025-05-04T09:45:59.000Z</time>
        <extensions>
          <ns3:TrackPointExtension>
            <ns3:hr>158</ns3:hr>
          </ns3:TrackPointExtension>
        </extensions>
      </trkpt>
      <trkpt lat="24.48860493488609790802001953125" lon="118.10417273081839084625244140625">
        <ele>5.19999980926513671875</ele>
        <time>2025-05-04T09:46:00.000Z</time>
        <extensions>
          <ns3:TrackPointExtension>
            <ns3:hr>158</ns3:hr>
          </ns3:TrackPointExtension>
        </extensions>
      </trkpt>
      <trkpt lat="24.4886341877281665802001953125" lon="118.10417138971388339996337890625">
        <ele>5.400000095367431640625</ele>
        <time>2025-05-04T09:46:01.000Z</time>
        <extensions>
          <ns3:TrackPointExtension>
            <ns3:hr>158</ns3:hr>
          </ns3:TrackPointExtension>
        </extensions>
      </trkpt>
      <trkpt lat="24.48866293765604496002197265625" lon="118.104168958961963653564453125">
        <ele>5.599999904632568359375</ele>
        <time>2025-05-04T09:46:02.000Z</time>
        <extensions>
          <ns3:TrackPointExtension>
            <ns3:hr>158</ns3:hr>
          </ns3:TrackPointExtension>
        </extensions>
      </trkpt>
      <trkpt lat="24.48869143612682819366455078125" lon="118.10416535474359989166259765625">
        <ele>5.80000019073486328125</ele>
        <time>2025-05-04T09:46:03.000Z</time>
        <extensions>
          <ns3:TrackPointExtension>
            <ns3:hr>158</ns3:hr>
          </ns3:TrackPointExtension>
        </extensions>
      </trkpt>
      <trkpt lat="24.4887203536927700042724609375" lon="118.10415931977331638336181640625">
        <ele>5.80000019073486328125</ele>
        <time>2025-05-04T09:46:04.000Z</time>
        <extensions>
          <ns3:TrackPointExtension>
            <ns3:hr>158</ns3:hr>
          </ns3:TrackPointExtension>
        </extensions>
      </trkpt>
      <trkpt lat="24.4887495227158069610595703125" lon="118.1041516922414302825927734375">
        <ele>6.400000095367431640625</ele>
        <time>2025-05-04T09:46:05.000Z</time>
        <extensions>
          <ns3:TrackPointExtension>
            <ns3:hr>158</ns3:hr>
          </ns3:TrackPointExtension>
        </extensions>
      </trkpt>
      <trkpt lat="24.48877793736755847930908203125" lon="118.1041439808905124664306640625">
        <ele>7</ele>
        <time>2025-05-04T09:46:06.000Z</time>
        <extensions>
          <ns3:TrackPointExtension>
            <ns3:hr>158</ns3:hr>
          </ns3:TrackPointExtension>
        </extensions>
      </trkpt>
      <trkpt lat="24.48880576528608798980712890625" lon="118.104135431349277496337890625">
        <ele>7.400000095367431640625</ele>
        <time>2025-05-04T09:46:07.000Z</time>
        <extensions>
          <ns3:TrackPointExtension>
            <ns3:hr>158</ns3:hr>
          </ns3:TrackPointExtension>
        </extensions>
      </trkpt>
      <trkpt lat="24.48883426375687122344970703125" lon="118.10412528924643993377685546875">
        <ele>8</ele>
        <time>2025-05-04T09:46:08.000Z</time>
        <extensions>
          <ns3:TrackPointExtension>
            <ns3:hr>158</ns3:hr>
          </ns3:TrackPointExtension>
        </extensions>
      </trkpt>
      <trkpt lat="24.48886334896087646484375" lon="118.104114644229412078857421875">
        <ele>8.6000003814697265625</ele>
        <time>2025-05-04T09:46:09.000Z</time>
        <extensions>
          <ns3:TrackPointExtension>
            <ns3:hr>158</ns3:hr>
          </ns3:TrackPointExtension>
        </extensions>
      </trkpt>
      <trkpt lat="24.488891847431659698486328125" lon="118.1041040830314159393310546875">
        <ele>9.19999980926513671875</ele>
        <time>2025-05-04T09:46:10.000Z</time>
        <extensions>
          <ns3:TrackPointExtension>
            <ns3:hr>158</ns3:hr>
          </ns3:TrackPointExtension>
        </extensions>
      </trkpt>
      <trkpt lat="24.48891992680728435516357421875" lon="118.1040936894714832305908203125">
        <ele>9.6000003814697265625</ele>
        <time>2025-05-04T09:46:11.000Z</time>
        <extensions>
          <ns3:TrackPointExtension>
            <ns3:hr>158</ns3:hr>
          </ns3:TrackPointExtension>
        </extensions>
      </trkpt>
      <trkpt lat="24.48894825764000415802001953125" lon="118.1040839664638042449951171875">
        <ele>9.80000019073486328125</ele>
        <time>2025-05-04T09:46:12.000Z</time>
        <extensions>
          <ns3:TrackPointExtension>
            <ns3:hr>158</ns3:hr>
          </ns3:TrackPointExtension>
        </extensions>
      </trkpt>
      <trkpt lat="24.48897675611078739166259765625" lon="118.10407533310353755950927734375">
        <ele>10.19999980926513671875</ele>
        <time>2025-05-04T09:46:13.000Z</time>
        <extensions>
          <ns3:TrackPointExtension>
            <ns3:hr>158</ns3:hr>
          </ns3:TrackPointExtension>
        </extensions>
      </trkpt>
      <trkpt lat="24.489005170762538909912109375" lon="118.1040661968290805816650390625">
        <ele>10.3999996185302734375</ele>
        <time>2025-05-04T09:46:14.000Z</time>
        <extensions>
          <ns3:TrackPointExtension>
            <ns3:hr>158</ns3:hr>
          </ns3:TrackPointExtension>
        </extensions>
      </trkpt>
      <trkpt lat="24.4890335015952587127685546875" lon="118.1040559709072113037109375">
        <ele>10.19999980926513671875</ele>
        <time>2025-05-04T09:46:15.000Z</time>
        <extensions>
          <ns3:TrackPointExtension>
            <ns3:hr>158</ns3:hr>
          </ns3:TrackPointExtension>
        </extensions>
      </trkpt>
      <trkpt lat="24.489061497151851654052734375" lon="118.1040454097092151641845703125">
        <ele>10</ele>
        <time>2025-05-04T09:46:16.000Z</time>
        <extensions>
          <ns3:TrackPointExtension>
            <ns3:hr>158</ns3:hr>
          </ns3:TrackPointExtension>
        </extensions>
      </trkpt>
      <trkpt lat="24.4890891574323177337646484375" lon="118.10403543524444103240966796875">
        <ele>9.80000019073486328125</ele>
        <time>2025-05-04T09:46:17.000Z</time>
        <extensions>
          <ns3:TrackPointExtension>
            <ns3:hr>158</ns3:hr>
          </ns3:TrackPointExtension>
        </extensions>
      </trkpt>
      <trkpt lat="24.48911623097956180572509765625" lon="118.10402554459869861602783203125">
        <ele>10</ele>
        <time>2025-05-04T09:46:18.000Z</time>
        <extensions>
          <ns3:TrackPointExtension>
            <ns3:hr>158</ns3:hr>
          </ns3:TrackPointExtension>
        </extensions>
      </trkpt>
      <trkpt lat="24.48914322070777416229248046875" lon="118.1040155701339244842529296875">
        <ele>10.19999980926513671875</ele>
        <time>2025-05-04T09:46:19.000Z</time>
        <extensions>
          <ns3:TrackPointExtension>
            <ns3:hr>158</ns3:hr>
          </ns3:TrackPointExtension>
        </extensions>
      </trkpt>
      <trkpt lat="24.48917071335017681121826171875" lon="118.1040055118501186370849609375">
        <ele>10.6000003814697265625</ele>
        <time>2025-05-04T09:46:20.000Z</time>
        <extensions>
          <ns3:TrackPointExtension>
            <ns3:hr>159</ns3:hr>
          </ns3:TrackPointExtension>
        </extensions>
      </trkpt>
      <trkpt lat="24.48919854126870632171630859375" lon="118.10399536974728107452392578125">
        <ele>11</ele>
        <time>2025-05-04T09:46:21.000Z</time>
        <extensions>
          <ns3:TrackPointExtension>
            <ns3:hr>159</ns3:hr>
          </ns3:TrackPointExtension>
        </extensions>
      </trkpt>
      <trkpt lat="24.4892269559204578399658203125" lon="118.10398464091122150421142578125">
        <ele>11.19999980926513671875</ele>
        <time>2025-05-04T09:46:22.000Z</time>
        <extensions>
          <ns3:TrackPointExtension>
            <ns3:hr>159</ns3:hr>
          </ns3:TrackPointExtension>
        </extensions>
      </trkpt>
      <trkpt lat="24.48925604112446308135986328125" lon="118.1039728224277496337890625">
        <ele>11.6000003814697265625</ele>
        <time>2025-05-04T09:46:23.000Z</time>
        <extensions>
          <ns3:TrackPointExtension>
            <ns3:hr>159</ns3:hr>
          </ns3:TrackPointExtension>
        </extensions>
      </trkpt>
      <trkpt lat="24.48928521014750003814697265625" lon="118.10396142303943634033203125">
        <ele>11.80000019073486328125</ele>
        <time>2025-05-04T09:46:24.000Z</time>
        <extensions>
          <ns3:TrackPointExtension>
            <ns3:hr>159</ns3:hr>
          </ns3:TrackPointExtension>
        </extensions>
      </trkpt>
      <trkpt lat="24.48931396007537841796875" lon="118.10395111329853534698486328125">
        <ele>11.3999996185302734375</ele>
        <time>2025-05-04T09:46:25.000Z</time>
        <extensions>
          <ns3:TrackPointExtension>
            <ns3:hr>159</ns3:hr>
          </ns3:TrackPointExtension>
        </extensions>
      </trkpt>
      <trkpt lat="24.48934287764132022857666015625" lon="118.10394172556698322296142578125">
        <ele>10.80000019073486328125</ele>
        <time>2025-05-04T09:46:26.000Z</time>
        <extensions>
          <ns3:TrackPointExtension>
            <ns3:hr>159</ns3:hr>
          </ns3:TrackPointExtension>
        </extensions>
      </trkpt>
      <trkpt lat="24.4893721304833889007568359375" lon="118.10393317602574825286865234375">
        <ele>10.19999980926513671875</ele>
        <time>2025-05-04T09:46:27.000Z</time>
        <extensions>
          <ns3:TrackPointExtension>
            <ns3:hr>158</ns3:hr>
          </ns3:TrackPointExtension>
        </extensions>
      </trkpt>
      <trkpt lat="24.48940138332545757293701171875" lon="118.10392320156097412109375">
        <ele>9.6000003814697265625</ele>
        <time>2025-05-04T09:46:28.000Z</time>
        <extensions>
          <ns3:TrackPointExtension>
            <ns3:hr>158</ns3:hr>
          </ns3:TrackPointExtension>
        </extensions>
      </trkpt>
      <trkpt lat="24.48943038471043109893798828125" lon="118.10391037724912166595458984375">
        <ele>9</ele>
        <time>2025-05-04T09:46:29.000Z</time>
        <extensions>
          <ns3:TrackPointExtension>
            <ns3:hr>158</ns3:hr>
          </ns3:TrackPointExtension>
        </extensions>
      </trkpt>
      <trkpt lat="24.489458464086055755615234375" lon="118.1038963794708251953125">
        <ele>8.3999996185302734375</ele>
        <time>2025-05-04T09:46:30.000Z</time>
        <extensions>
          <ns3:TrackPointExtension>
            <ns3:hr>158</ns3:hr>
          </ns3:TrackPointExtension>
        </extensions>
      </trkpt>
      <trkpt lat="24.48948520235717296600341796875" lon="118.10388095676898956298828125">
        <ele>7.599999904632568359375</ele>
        <time>2025-05-04T09:46:31.000Z</time>
        <extensions>
          <ns3:TrackPointExtension>
            <ns3:hr>158</ns3:hr>
          </ns3:TrackPointExtension>
        </extensions>
      </trkpt>
      <trkpt lat="24.4895105995237827301025390625" lon="118.10386352241039276123046875">
        <ele>7.19999980926513671875</ele>
        <time>2025-05-04T09:46:32.000Z</time>
        <extensions>
          <ns3:TrackPointExtension>
            <ns3:hr>158</ns3:hr>
          </ns3:TrackPointExtension>
        </extensions>
      </trkpt>
      <trkpt lat="24.48953448794782161712646484375" lon="118.1038442440330982208251953125">
        <ele>6.80000019073486328125</ele>
        <time>2025-05-04T09:46:33.000Z</time>
        <extensions>
          <ns3:TrackPointExtension>
            <ns3:hr>158</ns3:hr>
          </ns3:TrackPointExtension>
        </extensions>
      </trkpt>
      <trkpt lat="24.4895568676292896270751953125" lon="118.10382370837032794952392578125">
        <ele>6.599999904632568359375</ele>
        <time>2025-05-04T09:46:34.000Z</time>
        <extensions>
          <ns3:TrackPointExtension>
            <ns3:hr>158</ns3:hr>
          </ns3:TrackPointExtension>
        </extensions>
      </trkpt>
      <trkpt lat="24.48957740329205989837646484375" lon="118.1038011610507965087890625">
        <ele>6.400000095367431640625</ele>
        <time>2025-05-04T09:46:35.000Z</time>
        <extensions>
          <ns3:TrackPointExtension>
            <ns3:hr>158</ns3:hr>
          </ns3:TrackPointExtension>
        </extensions>
      </trkpt>
      <trkpt lat="24.489596597850322723388671875" lon="118.10377609916031360626220703125">
        <ele>6.19999980926513671875</ele>
        <time>2025-05-04T09:46:36.000Z</time>
        <extensions>
          <ns3:TrackPointExtension>
            <ns3:hr>158</ns3:hr>
          </ns3:TrackPointExtension>
        </extensions>
      </trkpt>
      <trkpt lat="24.48961445130407810211181640625" lon="118.1037490256130695343017578125">
        <ele>6.19999980926513671875</ele>
        <time>2025-05-04T09:46:37.000Z</time>
        <extensions>
          <ns3:TrackPointExtension>
            <ns3:hr>158</ns3:hr>
          </ns3:TrackPointExtension>
        </extensions>
      </trkpt>
      <trkpt lat="24.48963037692010402679443359375" lon="118.10372027568519115447998046875">
        <ele>6</ele>
        <time>2025-05-04T09:46:38.000Z</time>
        <extensions>
          <ns3:TrackPointExtension>
            <ns3:hr>158</ns3:hr>
          </ns3:TrackPointExtension>
        </extensions>
      </trkpt>
      <trkpt lat="24.4896443746984004974365234375" lon="118.1036903522908687591552734375">
        <ele>5.80000019073486328125</ele>
        <time>2025-05-04T09:46:39.000Z</time>
        <extensions>
          <ns3:TrackPointExtension>
            <ns3:hr>158</ns3:hr>
          </ns3:TrackPointExtension>
        </extensions>
      </trkpt>
      <trkpt lat="24.4896561093628406524658203125" lon="118.1036588363349437713623046875">
        <ele>5.599999904632568359375</ele>
        <time>2025-05-04T09:46:40.000Z</time>
        <extensions>
          <ns3:TrackPointExtension>
            <ns3:hr>158</ns3:hr>
          </ns3:TrackPointExtension>
        </extensions>
      </trkpt>
      <trkpt lat="24.48966507799923419952392578125" lon="118.10362556017935276031494140625">
        <ele>5.599999904632568359375</ele>
        <time>2025-05-04T09:46:41.000Z</time>
        <extensions>
          <ns3:TrackPointExtension>
            <ns3:hr>158</ns3:hr>
          </ns3:TrackPointExtension>
        </extensions>
      </trkpt>
      <trkpt lat="24.48967144824564456939697265625" lon="118.10359102673828601837158203125">
        <ele>5.599999904632568359375</ele>
        <time>2025-05-04T09:46:42.000Z</time>
        <extensions>
          <ns3:TrackPointExtension>
            <ns3:hr>158</ns3:hr>
          </ns3:TrackPointExtension>
        </extensions>
      </trkpt>
      <trkpt lat="24.48967563919723033905029296875" lon="118.10355599038302898406982421875">
        <ele>5.599999904632568359375</ele>
        <time>2025-05-04T09:46:43.000Z</time>
        <extensions>
          <ns3:TrackPointExtension>
            <ns3:hr>159</ns3:hr>
          </ns3:TrackPointExtension>
        </extensions>
      </trkpt>
      <trkpt lat="24.48967806994915008544921875" lon="118.1035210378468036651611328125">
        <ele>5.599999904632568359375</ele>
        <time>2025-05-04T09:46:44.000Z</time>
        <extensions>
          <ns3:TrackPointExtension>
            <ns3:hr>159</ns3:hr>
          </ns3:TrackPointExtension>
        </extensions>
      </trkpt>
      <trkpt lat="24.48967848904430866241455078125" lon="118.10348642058670520782470703125">
        <ele>5.599999904632568359375</ele>
        <time>2025-05-04T09:46:45.000Z</time>
        <extensions>
          <ns3:TrackPointExtension>
            <ns3:hr>159</ns3:hr>
          </ns3:TrackPointExtension>
        </extensions>
      </trkpt>
      <trkpt lat="24.4896768964827060699462890625" lon="118.10345180332660675048828125">
        <ele>5.599999904632568359375</ele>
        <time>2025-05-04T09:46:46.000Z</time>
        <extensions>
          <ns3:TrackPointExtension>
            <ns3:hr>159</ns3:hr>
          </ns3:TrackPointExtension>
        </extensions>
      </trkpt>
      <trkpt lat="24.48967329226434230804443359375" lon="118.10341718606650829315185546875">
        <ele>5.599999904632568359375</ele>
        <time>2025-05-04T09:46:47.000Z</time>
        <extensions>
          <ns3:TrackPointExtension>
            <ns3:hr>159</ns3:hr>
          </ns3:TrackPointExtension>
        </extensions>
      </trkpt>
      <trkpt lat="24.489667676389217376708984375" lon="118.10338365845382213592529296875">
        <ele>5.599999904632568359375</ele>
        <time>2025-05-04T09:46:48.000Z</time>
        <extensions>
          <ns3:TrackPointExtension>
            <ns3:hr>159</ns3:hr>
          </ns3:TrackPointExtension>
        </extensions>
      </trkpt>
      <trkpt lat="24.48966038413345813751220703125" lon="118.10335231013596057891845703125">
        <ele>5.80000019073486328125</ele>
        <time>2025-05-04T09:46:49.000Z</time>
        <extensions>
          <ns3:TrackPointExtension>
            <ns3:hr>159</ns3:hr>
          </ns3:TrackPointExtension>
        </extensions>
      </trkpt>
      <trkpt lat="24.48965200223028659820556640625" lon="118.10332171618938446044921875">
        <ele>5.80000019073486328125</ele>
        <time>2025-05-04T09:46:50.000Z</time>
        <extensions>
          <ns3:TrackPointExtension>
            <ns3:hr>159</ns3:hr>
          </ns3:TrackPointExtension>
        </extensions>
      </trkpt>
      <trkpt lat="24.48964186012744903564453125" lon="118.10329145751893520355224609375">
        <ele>6</ele>
        <time>2025-05-04T09:46:51.000Z</time>
        <extensions>
          <ns3:TrackPointExtension>
            <ns3:hr>159</ns3:hr>
          </ns3:TrackPointExtension>
        </extensions>
      </trkpt>
      <trkpt lat="24.4896292872726917266845703125" lon="118.10326212085783481597900390625">
        <ele>6.19999980926513671875</ele>
        <time>2025-05-04T09:46:52.000Z</time>
        <extensions>
          <ns3:TrackPointExtension>
            <ns3:hr>159</ns3:hr>
          </ns3:TrackPointExtension>
        </extensions>
      </trkpt>
      <trkpt lat="24.48961445130407810211181640625" lon="118.10323412530124187469482421875">
        <ele>6.400000095367431640625</ele>
        <time>2025-05-04T09:46:53.000Z</time>
        <extensions>
          <ns3:TrackPointExtension>
            <ns3:hr>159</ns3:hr>
          </ns3:TrackPointExtension>
        </extensions>
      </trkpt>
      <trkpt lat="24.48959768749773502349853515625" lon="118.10320747084915637969970703125">
        <ele>6.400000095367431640625</ele>
        <time>2025-05-04T09:46:54.000Z</time>
        <extensions>
          <ns3:TrackPointExtension>
            <ns3:hr>159</ns3:hr>
          </ns3:TrackPointExtension>
        </extensions>
      </trkpt>
      <trkpt lat="24.48957907967269420623779296875" lon="118.1031820736825466156005859375">
        <ele>6.599999904632568359375</ele>
        <time>2025-05-04T09:46:55.000Z</time>
        <extensions>
          <ns3:TrackPointExtension>
            <ns3:hr>159</ns3:hr>
          </ns3:TrackPointExtension>
        </extensions>
      </trkpt>
      <trkpt lat="24.4895585440099239349365234375" lon="118.1031579338014125823974609375">
        <ele>6.80000019073486328125</ele>
        <time>2025-05-04T09:46:56.000Z</time>
        <extensions>
          <ns3:TrackPointExtension>
            <ns3:hr>159</ns3:hr>
          </ns3:TrackPointExtension>
        </extensions>
      </trkpt>
      <trkpt lat="24.48953666724264621734619140625" lon="118.10313530266284942626953125">
        <ele>7</ele>
        <time>2025-05-04T09:46:57.000Z</time>
        <extensions>
          <ns3:TrackPointExtension>
            <ns3:hr>159</ns3:hr>
          </ns3:TrackPointExtension>
        </extensions>
      </trkpt>
      <trkpt lat="24.48951235972344875335693359375" lon="118.10311459936201572418212890625">
        <ele>7.19999980926513671875</ele>
        <time>2025-05-04T09:46:58.000Z</time>
        <extensions>
          <ns3:TrackPointExtension>
            <ns3:hr>159</ns3:hr>
          </ns3:TrackPointExtension>
        </extensions>
      </trkpt>
      <trkpt lat="24.48948570527136325836181640625" lon="118.10309632681310176849365234375">
        <ele>7.19999980926513671875</ele>
        <time>2025-05-04T09:46:59.000Z</time>
        <extensions>
          <ns3:TrackPointExtension>
            <ns3:hr>160</ns3:hr>
          </ns3:TrackPointExtension>
        </extensions>
      </trkpt>
      <trkpt lat="24.48945821262896060943603515625" lon="118.10308073647320270538330078125">
        <ele>7.400000095367431640625</ele>
        <time>2025-05-04T09:47:00.000Z</time>
        <extensions>
          <ns3:TrackPointExtension>
            <ns3:hr>160</ns3:hr>
          </ns3:TrackPointExtension>
        </extensions>
      </trkpt>
      <trkpt lat="24.4894297979772090911865234375" lon="118.103067576885223388671875">
        <ele>7.599999904632568359375</ele>
        <time>2025-05-04T09:47:01.000Z</time>
        <extensions>
          <ns3:TrackPointExtension>
            <ns3:hr>160</ns3:hr>
          </ns3:TrackPointExtension>
        </extensions>
      </trkpt>
      <trkpt lat="24.48940037749707698822021484375" lon="118.10305693186819553375244140625">
        <ele>7.80000019073486328125</ele>
        <time>2025-05-04T09:47:02.000Z</time>
        <extensions>
          <ns3:TrackPointExtension>
            <ns3:hr>160</ns3:hr>
          </ns3:TrackPointExtension>
        </extensions>
      </trkpt>
      <trkpt lat="24.48937070555984973907470703125" lon="118.10304771177470684051513671875">
        <ele>7.80000019073486328125</ele>
        <time>2025-05-04T09:47:03.000Z</time>
        <extensions>
          <ns3:TrackPointExtension>
            <ns3:hr>159</ns3:hr>
          </ns3:TrackPointExtension>
        </extensions>
      </trkpt>
      <trkpt lat="24.48934078216552734375" lon="118.103039748966693878173828125">
        <ele>8</ele>
        <time>2025-05-04T09:47:04.000Z</time>
        <extensions>
          <ns3:TrackPointExtension>
            <ns3:hr>159</ns3:hr>
          </ns3:TrackPointExtension>
        </extensions>
      </trkpt>
      <trkpt lat="24.4893104396760463714599609375" lon="118.10303430072963237762451171875">
        <ele>8.19999980926513671875</ele>
        <time>2025-05-04T09:47:05.000Z</time>
        <extensions>
          <ns3:TrackPointExtension>
            <ns3:hr>159</ns3:hr>
          </ns3:TrackPointExtension>
        </extensions>
      </trkpt>
      <trkpt lat="24.48928034864366054534912109375" lon="118.10303145088255405426025390625">
        <ele>8.19999980926513671875</ele>
        <time>2025-05-04T09:47:06.000Z</time>
        <extensions>
          <ns3:TrackPointExtension>
            <ns3:hr>159</ns3:hr>
          </ns3:TrackPointExtension>
        </extensions>
      </trkpt>
      <trkpt lat="24.4892504252493381500244140625" lon="118.10302960686385631561279296875">
        <ele>8.3999996185302734375</ele>
        <time>2025-05-04T09:47:07.000Z</time>
        <extensions>
          <ns3:TrackPointExtension>
            <ns3:hr>159</ns3:hr>
          </ns3:TrackPointExtension>
        </extensions>
      </trkpt>
      <trkpt lat="24.48922100476920604705810546875" lon="118.10302935540676116943359375">
        <ele>8.3999996185302734375</ele>
        <time>2025-05-04T09:47:08.000Z</time>
        <extensions>
          <ns3:TrackPointExtension>
            <ns3:hr>159</ns3:hr>
          </ns3:TrackPointExtension>
        </extensions>
      </trkpt>
      <trkpt lat="24.48919166810810565948486328125" lon="118.10303228907287120819091796875">
        <ele>8.3999996185302734375</ele>
        <time>2025-05-04T09:47:09.000Z</time>
        <extensions>
          <ns3:TrackPointExtension>
            <ns3:hr>159</ns3:hr>
          </ns3:TrackPointExtension>
        </extensions>
      </trkpt>
      <trkpt lat="24.48916233144700527191162109375" lon="118.10303916223347187042236328125">
        <ele>8.19999980926513671875</ele>
        <time>2025-05-04T09:47:10.000Z</time>
        <extensions>
          <ns3:TrackPointExtension>
            <ns3:hr>159</ns3:hr>
          </ns3:TrackPointExtension>
        </extensions>
      </trkpt>
      <trkpt lat="24.48913299478590488433837890625" lon="118.103048466145992279052734375">
        <ele>8</ele>
        <time>2025-05-04T09:47:11.000Z</time>
        <extensions>
          <ns3:TrackPointExtension>
            <ns3:hr>159</ns3:hr>
          </ns3:TrackPointExtension>
        </extensions>
      </trkpt>
      <trkpt lat="24.4891039095818996429443359375" lon="118.1030576862394809722900390625">
        <ele>7.80000019073486328125</ele>
        <time>2025-05-04T09:47:12.000Z</time>
        <extensions>
          <ns3:TrackPointExtension>
            <ns3:hr>159</ns3:hr>
          </ns3:TrackPointExtension>
        </extensions>
      </trkpt>
      <trkpt lat="24.48907532729208469390869140625" lon="118.1030662357807159423828125">
        <ele>7.599999904632568359375</ele>
        <time>2025-05-04T09:47:13.000Z</time>
        <extensions>
          <ns3:TrackPointExtension>
            <ns3:hr>159</ns3:hr>
          </ns3:TrackPointExtension>
        </extensions>
      </trkpt>
      <trkpt lat="24.48904699645936489105224609375" lon="118.10307587496936321258544921875">
        <ele>7.400000095367431640625</ele>
        <time>2025-05-04T09:47:14.000Z</time>
        <extensions>
          <ns3:TrackPointExtension>
            <ns3:hr>159</ns3:hr>
          </ns3:TrackPointExtension>
        </extensions>
      </trkpt>
      <trkpt lat="24.489018917083740234375" lon="118.10308702290058135986328125">
        <ele>7.19999980926513671875</ele>
        <time>2025-05-04T09:47:15.000Z</time>
        <extensions>
          <ns3:TrackPointExtension>
            <ns3:hr>159</ns3:hr>
          </ns3:TrackPointExtension>
        </extensions>
      </trkpt>
      <trkpt lat="24.4889909215271472930908203125" lon="118.1030985899269580841064453125">
        <ele>7.19999980926513671875</ele>
        <time>2025-05-04T09:47:16.000Z</time>
        <extensions>
          <ns3:TrackPointExtension>
            <ns3:hr>159</ns3:hr>
          </ns3:TrackPointExtension>
        </extensions>
      </trkpt>
      <trkpt lat="24.48896250687539577484130859375" lon="118.10311024077236652374267578125">
        <ele>7.19999980926513671875</ele>
        <time>2025-05-04T09:47:17.000Z</time>
        <extensions>
          <ns3:TrackPointExtension>
            <ns3:hr>159</ns3:hr>
          </ns3:TrackPointExtension>
        </extensions>
      </trkpt>
      <trkpt lat="24.48893375694751739501953125" lon="118.10312130488455295562744140625">
        <ele>7.400000095367431640625</ele>
        <time>2025-05-04T09:47:18.000Z</time>
        <extensions>
          <ns3:TrackPointExtension>
            <ns3:hr>159</ns3:hr>
          </ns3:TrackPointExtension>
        </extensions>
      </trkpt>
      <trkpt lat="24.4889047555625438690185546875" lon="118.10313186608254909515380859375">
        <ele>7.599999904632568359375</ele>
        <time>2025-05-04T09:47:19.000Z</time>
        <extensions>
          <ns3:TrackPointExtension>
            <ns3:hr>159</ns3:hr>
          </ns3:TrackPointExtension>
        </extensions>
      </trkpt>
      <trkpt lat="24.48887583799660205841064453125" lon="118.10314192436635494232177734375">
        <ele>7.80000019073486328125</ele>
        <time>2025-05-04T09:47:20.000Z</time>
        <extensions>
          <ns3:TrackPointExtension>
            <ns3:hr>159</ns3:hr>
          </ns3:TrackPointExtension>
        </extensions>
      </trkpt>
      <trkpt lat="24.48884750716388225555419921875" lon="118.10315139591693878173828125">
        <ele>8.19999980926513671875</ele>
        <time>2025-05-04T09:47:21.000Z</time>
        <extensions>
          <ns3:TrackPointExtension>
            <ns3:hr>159</ns3:hr>
          </ns3:TrackPointExtension>
        </extensions>
      </trkpt>
      <trkpt lat="24.4888195954263210296630859375" lon="118.10316078364849090576171875">
        <ele>8.3999996185302734375</ele>
        <time>2025-05-04T09:47:22.000Z</time>
        <extensions>
          <ns3:TrackPointExtension>
            <ns3:hr>159</ns3:hr>
          </ns3:TrackPointExtension>
        </extensions>
      </trkpt>
      <trkpt lat="24.48879185132682323455810546875" lon="118.1031703390181064605712890625">
        <ele>8.6000003814697265625</ele>
        <time>2025-05-04T09:47:23.000Z</time>
        <extensions>
          <ns3:TrackPointExtension>
            <ns3:hr>158</ns3:hr>
          </ns3:TrackPointExtension>
        </extensions>
      </trkpt>
      <trkpt lat="24.48876469396054744720458984375" lon="118.10318031348288059234619140625">
        <ele>8.3999996185302734375</ele>
        <time>2025-05-04T09:47:24.000Z</time>
        <extensions>
          <ns3:TrackPointExtension>
            <ns3:hr>158</ns3:hr>
          </ns3:TrackPointExtension>
        </extensions>
      </trkpt>
      <trkpt lat="24.48873770423233509063720703125" lon="118.10319028794765472412109375">
        <ele>8.19999980926513671875</ele>
        <time>2025-05-04T09:47:25.000Z</time>
        <extensions>
          <ns3:TrackPointExtension>
            <ns3:hr>158</ns3:hr>
          </ns3:TrackPointExtension>
        </extensions>
      </trkpt>
      <trkpt lat="24.488710798323154449462890625" lon="118.103199005126953125">
        <ele>8</ele>
        <time>2025-05-04T09:47:26.000Z</time>
        <extensions>
          <ns3:TrackPointExtension>
            <ns3:hr>158</ns3:hr>
          </ns3:TrackPointExtension>
        </extensions>
      </trkpt>
      <trkpt lat="24.48868355713784694671630859375" lon="118.10320629738271236419677734375">
        <ele>8</ele>
        <time>2025-05-04T09:47:27.000Z</time>
        <extensions>
          <ns3:TrackPointExtension>
            <ns3:hr>158</ns3:hr>
          </ns3:TrackPointExtension>
        </extensions>
      </trkpt>
      <trkpt lat="24.48865505866706371307373046875" lon="118.10321317054331302642822265625">
        <ele>7.80000019073486328125</ele>
        <time>2025-05-04T09:47:28.000Z</time>
        <extensions>
          <ns3:TrackPointExtension>
            <ns3:hr>159</ns3:hr>
          </ns3:TrackPointExtension>
        </extensions>
      </trkpt>
      <trkpt lat="24.4886264763772487640380859375" lon="118.1032218039035797119140625">
        <ele>7.80000019073486328125</ele>
        <time>2025-05-04T09:47:29.000Z</time>
        <extensions>
          <ns3:TrackPointExtension>
            <ns3:hr>159</ns3:hr>
          </ns3:TrackPointExtension>
        </extensions>
      </trkpt>
      <trkpt lat="24.488598816096782684326171875" lon="118.10323320329189300537109375">
        <ele>7.599999904632568359375</ele>
        <time>2025-05-04T09:47:30.000Z</time>
        <extensions>
          <ns3:TrackPointExtension>
            <ns3:hr>159</ns3:hr>
          </ns3:TrackPointExtension>
        </extensions>
      </trkpt>
      <trkpt lat="24.488570988178253173828125" lon="118.10324585996568202972412109375">
        <ele>7.599999904632568359375</ele>
        <time>2025-05-04T09:47:31.000Z</time>
        <extensions>
          <ns3:TrackPointExtension>
            <ns3:hr>159</ns3:hr>
          </ns3:TrackPointExtension>
        </extensions>
      </trkpt>
      <trkpt lat="24.488542489707469940185546875" lon="118.10325876809656620025634765625">
        <ele>7.80000019073486328125</ele>
        <time>2025-05-04T09:47:32.000Z</time>
        <extensions>
          <ns3:TrackPointExtension>
            <ns3:hr>159</ns3:hr>
          </ns3:TrackPointExtension>
        </extensions>
      </trkpt>
      <trkpt lat="24.4885141588747501373291015625" lon="118.103271760046482086181640625">
        <ele>7.80000019073486328125</ele>
        <time>2025-05-04T09:47:33.000Z</time>
        <extensions>
          <ns3:TrackPointExtension>
            <ns3:hr>159</ns3:hr>
          </ns3:TrackPointExtension>
        </extensions>
      </trkpt>
      <trkpt lat="24.4884863309562206268310546875" lon="118.10328408144414424896240234375">
        <ele>8</ele>
        <time>2025-05-04T09:47:34.000Z</time>
        <extensions>
          <ns3:TrackPointExtension>
            <ns3:hr>159</ns3:hr>
          </ns3:TrackPointExtension>
        </extensions>
      </trkpt>
      <trkpt lat="24.4884588383138179779052734375" lon="118.10329531319439411163330078125">
        <ele>8.19999980926513671875</ele>
        <time>2025-05-04T09:47:35.000Z</time>
        <extensions>
          <ns3:TrackPointExtension>
            <ns3:hr>159</ns3:hr>
          </ns3:TrackPointExtension>
        </extensions>
      </trkpt>
      <trkpt lat="24.48843126185238361358642578125" lon="118.10330537147819995880126953125">
        <ele>8.19999980926513671875</ele>
        <time>2025-05-04T09:47:36.000Z</time>
        <extensions>
          <ns3:TrackPointExtension>
            <ns3:hr>159</ns3:hr>
          </ns3:TrackPointExtension>
        </extensions>
      </trkpt>
      <trkpt lat="24.48840410448610782623291015625" lon="118.103316016495227813720703125">
        <ele>8</ele>
        <time>2025-05-04T09:47:37.000Z</time>
        <extensions>
          <ns3:TrackPointExtension>
            <ns3:hr>159</ns3:hr>
          </ns3:TrackPointExtension>
        </extensions>
      </trkpt>
      <trkpt lat="24.48837845586240291595458984375" lon="118.1033302657306194305419921875">
        <ele>8.19999980926513671875</ele>
        <time>2025-05-04T09:47:38.000Z</time>
        <extensions>
          <ns3:TrackPointExtension>
            <ns3:hr>159</ns3:hr>
          </ns3:TrackPointExtension>
        </extensions>
      </trkpt>
      <trkpt lat="24.48835439980030059814453125" lon="118.10334845446050167083740234375">
        <ele>8.6000003814697265625</ele>
        <time>2025-05-04T09:47:39.000Z</time>
        <extensions>
          <ns3:TrackPointExtension>
            <ns3:hr>159</ns3:hr>
          </ns3:TrackPointExtension>
        </extensions>
      </trkpt>
      <trkpt lat="24.48833101429045200347900390625" lon="118.10336840339004993438720703125">
        <ele>9</ele>
        <time>2025-05-04T09:47:40.000Z</time>
        <extensions>
          <ns3:TrackPointExtension>
            <ns3:hr>159</ns3:hr>
          </ns3:TrackPointExtension>
        </extensions>
      </trkpt>
      <trkpt lat="24.488307796418666839599609375" lon="118.1033896096050739288330078125">
        <ele>9.3999996185302734375</ele>
        <time>2025-05-04T09:47:41.000Z</time>
        <extensions>
          <ns3:TrackPointExtension>
            <ns3:hr>159</ns3:hr>
          </ns3:TrackPointExtension>
        </extensions>
      </trkpt>
      <trkpt lat="24.4882861711084842681884765625" lon="118.10341316275298595428466796875">
        <ele>9.3999996185302734375</ele>
        <time>2025-05-04T09:47:42.000Z</time>
        <extensions>
          <ns3:TrackPointExtension>
            <ns3:hr>159</ns3:hr>
          </ns3:TrackPointExtension>
        </extensions>
      </trkpt>
      <trkpt lat="24.48826731182634830474853515625" lon="118.10343839228153228759765625">
        <ele>9.6000003814697265625</ele>
        <time>2025-05-04T09:47:43.000Z</time>
        <extensions>
          <ns3:TrackPointExtension>
            <ns3:hr>159</ns3:hr>
          </ns3:TrackPointExtension>
        </extensions>
      </trkpt>
      <trkpt lat="24.488250799477100372314453125" lon="118.10346387326717376708984375">
        <ele>9.6000003814697265625</ele>
        <time>2025-05-04T09:47:44.000Z</time>
        <extensions>
          <ns3:TrackPointExtension>
            <ns3:hr>159</ns3:hr>
          </ns3:TrackPointExtension>
        </extensions>
      </trkpt>
      <trkpt lat="24.48823579587042331695556640625" lon="118.103489689528942108154296875">
        <ele>9.6000003814697265625</ele>
        <time>2025-05-04T09:47:45.000Z</time>
        <extensions>
          <ns3:TrackPointExtension>
            <ns3:hr>159</ns3:hr>
          </ns3:TrackPointExtension>
        </extensions>
      </trkpt>
      <trkpt lat="24.48822297155857086181640625" lon="118.10351709835231304168701171875">
        <ele>9.80000019073486328125</ele>
        <time>2025-05-04T09:47:46.000Z</time>
        <extensions>
          <ns3:TrackPointExtension>
            <ns3:hr>159</ns3:hr>
          </ns3:TrackPointExtension>
        </extensions>
      </trkpt>
      <trkpt lat="24.48821249417960643768310546875" lon="118.1035465188324451446533203125">
        <ele>9.80000019073486328125</ele>
        <time>2025-05-04T09:47:47.000Z</time>
        <extensions>
          <ns3:TrackPointExtension>
            <ns3:hr>159</ns3:hr>
          </ns3:TrackPointExtension>
        </extensions>
      </trkpt>
      <trkpt lat="24.488204531371593475341796875" lon="118.103577531874179840087890625">
        <ele>9.80000019073486328125</ele>
        <time>2025-05-04T09:47:48.000Z</time>
        <extensions>
          <ns3:TrackPointExtension>
            <ns3:hr>159</ns3:hr>
          </ns3:TrackPointExtension>
        </extensions>
      </trkpt>
      <trkpt lat="24.48819874785840511322021484375" lon="118.10360929928719997406005859375">
        <ele>9.80000019073486328125</ele>
        <time>2025-05-04T09:47:49.000Z</time>
        <extensions>
          <ns3:TrackPointExtension>
            <ns3:hr>159</ns3:hr>
          </ns3:TrackPointExtension>
        </extensions>
      </trkpt>
      <trkpt lat="24.488195143640041351318359375" lon="118.103641569614410400390625">
        <ele>9.6000003814697265625</ele>
        <time>2025-05-04T09:47:50.000Z</time>
        <extensions>
          <ns3:TrackPointExtension>
            <ns3:hr>159</ns3:hr>
          </ns3:TrackPointExtension>
        </extensions>
      </trkpt>
      <trkpt lat="24.48819271288812160491943359375" lon="118.1036742590367794036865234375">
        <ele>9.6000003814697265625</ele>
        <time>2025-05-04T09:47:51.000Z</time>
        <extensions>
          <ns3:TrackPointExtension>
            <ns3:hr>158</ns3:hr>
          </ns3:TrackPointExtension>
        </extensions>
      </trkpt>
      <trkpt lat="24.48819120414555072784423828125" lon="118.1037067808210849761962890625">
        <ele>9.19999980926513671875</ele>
        <time>2025-05-04T09:47:52.000Z</time>
        <extensions>
          <ns3:TrackPointExtension>
            <ns3:hr>158</ns3:hr>
          </ns3:TrackPointExtension>
        </extensions>
      </trkpt>
      <trkpt lat="24.488191120326519012451171875" lon="118.1037393026053905487060546875">
        <ele>8.80000019073486328125</ele>
        <time>2025-05-04T09:47:53.000Z</time>
        <extensions>
          <ns3:TrackPointExtension>
            <ns3:hr>158</ns3:hr>
          </ns3:TrackPointExtension>
        </extensions>
      </trkpt>
      <trkpt lat="24.4881932996213436126708984375" lon="118.10377174057066440582275390625">
        <ele>8.19999980926513671875</ele>
        <time>2025-05-04T09:47:54.000Z</time>
        <extensions>
          <ns3:TrackPointExtension>
            <ns3:hr>158</ns3:hr>
          </ns3:TrackPointExtension>
        </extensions>
      </trkpt>
      <trkpt lat="24.4881979934871196746826171875" lon="118.1038036756217479705810546875">
        <ele>7.80000019073486328125</ele>
        <time>2025-05-04T09:47:55.000Z</time>
        <extensions>
          <ns3:TrackPointExtension>
            <ns3:hr>158</ns3:hr>
          </ns3:TrackPointExtension>
        </extensions>
      </trkpt>
      <trkpt lat="24.4882050342857837677001953125" lon="118.103834353387355804443359375">
        <ele>7.19999980926513671875</ele>
        <time>2025-05-04T09:47:56.000Z</time>
        <extensions>
          <ns3:TrackPointExtension>
            <ns3:hr>158</ns3:hr>
          </ns3:TrackPointExtension>
        </extensions>
      </trkpt>
      <trkpt lat="24.48821467347443103790283203125" lon="118.10386477969586849212646484375">
        <ele>6.80000019073486328125</ele>
        <time>2025-05-04T09:47:57.000Z</time>
        <extensions>
          <ns3:TrackPointExtension>
            <ns3:hr>158</ns3:hr>
          </ns3:TrackPointExtension>
        </extensions>
      </trkpt>
      <trkpt lat="24.4882268272340297698974609375" lon="118.103894703090190887451171875">
        <ele>6.19999980926513671875</ele>
        <time>2025-05-04T09:47:58.000Z</time>
        <extensions>
          <ns3:TrackPointExtension>
            <ns3:hr>159</ns3:hr>
          </ns3:TrackPointExtension>
        </extensions>
      </trkpt>
      <trkpt lat="24.4882412441074848175048828125" lon="118.1039226986467838287353515625">
        <ele>5.80000019073486328125</ele>
        <time>2025-05-04T09:47:59.000Z</time>
        <extensions>
          <ns3:TrackPointExtension>
            <ns3:hr>159</ns3:hr>
          </ns3:TrackPointExtension>
        </extensions>
      </trkpt>
      <trkpt lat="24.48825708590447902679443359375" lon="118.10394910164177417755126953125">
        <ele>5.400000095367431640625</ele>
        <time>2025-05-04T09:48:00.000Z</time>
        <extensions>
          <ns3:TrackPointExtension>
            <ns3:hr>159</ns3:hr>
          </ns3:TrackPointExtension>
        </extensions>
      </trkpt>
      <trkpt lat="24.48827401734888553619384765625" lon="118.1039750017225742340087890625">
        <ele>5.19999980926513671875</ele>
        <time>2025-05-04T09:48:01.000Z</time>
        <extensions>
          <ns3:TrackPointExtension>
            <ns3:hr>159</ns3:hr>
          </ns3:TrackPointExtension>
        </extensions>
      </trkpt>
      <trkpt lat="24.4882928766310214996337890625" lon="118.1040011532604694366455078125">
        <ele>5</ele>
        <time>2025-05-04T09:48:02.000Z</time>
        <extensions>
          <ns3:TrackPointExtension>
            <ns3:hr>159</ns3:hr>
          </ns3:TrackPointExtension>
        </extensions>
      </trkpt>
      <trkpt lat="24.488313496112823486328125" lon="118.10402604751288890838623046875">
        <ele>5</ele>
        <time>2025-05-04T09:48:03.000Z</time>
        <extensions>
          <ns3:TrackPointExtension>
            <ns3:hr>159</ns3:hr>
          </ns3:TrackPointExtension>
        </extensions>
      </trkpt>
      <trkpt lat="24.48833520524203777313232421875" lon="118.10404918156564235687255859375">
        <ele>4.80000019073486328125</ele>
        <time>2025-05-04T09:48:04.000Z</time>
        <extensions>
          <ns3:TrackPointExtension>
            <ns3:hr>158</ns3:hr>
          </ns3:TrackPointExtension>
        </extensions>
      </trkpt>
      <trkpt lat="24.48835783638060092926025390625" lon="118.10407164506614208221435546875">
        <ele>4.599999904632568359375</ele>
        <time>2025-05-04T09:48:05.000Z</time>
        <extensions>
          <ns3:TrackPointExtension>
            <ns3:hr>158</ns3:hr>
          </ns3:TrackPointExtension>
        </extensions>
      </trkpt>
      <trkpt lat="24.48838122189044952392578125" lon="118.10409259982407093048095703125">
        <ele>4.400000095367431640625</ele>
        <time>2025-05-04T09:48:06.000Z</time>
        <extensions>
          <ns3:TrackPointExtension>
            <ns3:hr>158</ns3:hr>
          </ns3:TrackPointExtension>
        </extensions>
      </trkpt>
      <trkpt lat="24.488405026495456695556640625" lon="118.104111291468143463134765625">
        <ele>4.19999980926513671875</ele>
        <time>2025-05-04T09:48:07.000Z</time>
        <extensions>
          <ns3:TrackPointExtension>
            <ns3:hr>158</ns3:hr>
          </ns3:TrackPointExtension>
        </extensions>
      </trkpt>
      <trkpt lat="24.48842992074787616729736328125" lon="118.10412730090320110321044921875">
        <ele>4.19999980926513671875</ele>
        <time>2025-05-04T09:48:08.000Z</time>
        <extensions>
          <ns3:TrackPointExtension>
            <ns3:hr>158</ns3:hr>
          </ns3:TrackPointExtension>
        </extensions>
      </trkpt>
      <trkpt lat="24.4884564913809299468994140625" lon="118.1041406281292438507080078125">
        <ele>4</ele>
        <time>2025-05-04T09:48:09.000Z</time>
        <extensions>
          <ns3:TrackPointExtension>
            <ns3:hr>158</ns3:hr>
          </ns3:TrackPointExtension>
        </extensions>
      </trkpt>
      <trkpt lat="24.4884839840233325958251953125" lon="118.10415160842239856719970703125">
        <ele>4.19999980926513671875</ele>
        <time>2025-05-04T09:48:10.000Z</time>
        <extensions>
          <ns3:TrackPointExtension>
            <ns3:hr>158</ns3:hr>
          </ns3:TrackPointExtension>
        </extensions>
      </trkpt>
      <trkpt lat="24.4885121472179889678955078125" lon="118.104160241782665252685546875">
        <ele>4.400000095367431640625</ele>
        <time>2025-05-04T09:48:11.000Z</time>
        <extensions>
          <ns3:TrackPointExtension>
            <ns3:hr>158</ns3:hr>
          </ns3:TrackPointExtension>
        </extensions>
      </trkpt>
      <trkpt lat="24.48854148387908935546875" lon="118.10416569001972675323486328125">
        <ele>4.599999904632568359375</ele>
        <time>2025-05-04T09:48:12.000Z</time>
        <extensions>
          <ns3:TrackPointExtension>
            <ns3:hr>158</ns3:hr>
          </ns3:TrackPointExtension>
        </extensions>
      </trkpt>
      <trkpt lat="24.48857157491147518157958984375" lon="118.10416786931455135345458984375">
        <ele>5</ele>
        <time>2025-05-04T09:48:13.000Z</time>
        <extensions>
          <ns3:TrackPointExtension>
            <ns3:hr>158</ns3:hr>
          </ns3:TrackPointExtension>
        </extensions>
      </trkpt>
      <trkpt lat="24.48860116302967071533203125" lon="118.104167282581329345703125">
        <ele>5.19999980926513671875</ele>
        <time>2025-05-04T09:48:14.000Z</time>
        <extensions>
          <ns3:TrackPointExtension>
            <ns3:hr>158</ns3:hr>
          </ns3:TrackPointExtension>
        </extensions>
      </trkpt>
      <trkpt lat="24.488630332052707672119140625" lon="118.1041651032865047454833984375">
        <ele>5.400000095367431640625</ele>
        <time>2025-05-04T09:48:15.000Z</time>
        <extensions>
          <ns3:TrackPointExtension>
            <ns3:hr>158</ns3:hr>
          </ns3:TrackPointExtension>
        </extensions>
      </trkpt>
      <trkpt lat="24.48865924961864948272705078125" lon="118.1041614152491092681884765625">
        <ele>5.599999904632568359375</ele>
        <time>2025-05-04T09:48:16.000Z</time>
        <extensions>
          <ns3:TrackPointExtension>
            <ns3:hr>158</ns3:hr>
          </ns3:TrackPointExtension>
        </extensions>
      </trkpt>
      <trkpt lat="24.4886871613562107086181640625" lon="118.1041563861072063446044921875">
        <ele>5.599999904632568359375</ele>
        <time>2025-05-04T09:48:17.000Z</time>
        <extensions>
          <ns3:TrackPointExtension>
            <ns3:hr>158</ns3:hr>
          </ns3:TrackPointExtension>
        </extensions>
      </trkpt>
      <trkpt lat="24.48871515691280364990234375" lon="118.10415051877498626708984375">
        <ele>5.80000019073486328125</ele>
        <time>2025-05-04T09:48:18.000Z</time>
        <extensions>
          <ns3:TrackPointExtension>
            <ns3:hr>158</ns3:hr>
          </ns3:TrackPointExtension>
        </extensions>
      </trkpt>
      <trkpt lat="24.4887444935739040374755859375" lon="118.10414356179535388946533203125">
        <ele>6.19999980926513671875</ele>
        <time>2025-05-04T09:48:19.000Z</time>
        <extensions>
          <ns3:TrackPointExtension>
            <ns3:hr>158</ns3:hr>
          </ns3:TrackPointExtension>
        </extensions>
      </trkpt>
      <trkpt lat="24.4887736625969409942626953125" lon="118.1041355989873409271240234375">
        <ele>6.80000019073486328125</ele>
        <time>2025-05-04T09:48:20.000Z</time>
        <extensions>
          <ns3:TrackPointExtension>
            <ns3:hr>158</ns3:hr>
          </ns3:TrackPointExtension>
        </extensions>
      </trkpt>
      <trkpt lat="24.48880073614418506622314453125" lon="118.10412696562707424163818359375">
        <ele>7.400000095367431640625</ele>
        <time>2025-05-04T09:48:21.000Z</time>
        <extensions>
          <ns3:TrackPointExtension>
            <ns3:hr>159</ns3:hr>
          </ns3:TrackPointExtension>
        </extensions>
      </trkpt>
      <trkpt lat="24.48882579803466796875" lon="118.1041174940764904022216796875">
        <ele>7.80000019073486328125</ele>
        <time>2025-05-04T09:48:22.000Z</time>
        <extensions>
          <ns3:TrackPointExtension>
            <ns3:hr>159</ns3:hr>
          </ns3:TrackPointExtension>
        </extensions>
      </trkpt>
      <trkpt lat="24.48885035701096057891845703125" lon="118.10410802252590656280517578125">
        <ele>8.3999996185302734375</ele>
        <time>2025-05-04T09:48:23.000Z</time>
        <extensions>
          <ns3:TrackPointExtension>
            <ns3:hr>159</ns3:hr>
          </ns3:TrackPointExtension>
        </extensions>
      </trkpt>
      <trkpt lat="24.48887650854885578155517578125" lon="118.104099221527576446533203125">
        <ele>8.80000019073486328125</ele>
        <time>2025-05-04T09:48:24.000Z</time>
        <extensions>
          <ns3:TrackPointExtension>
            <ns3:hr>159</ns3:hr>
          </ns3:TrackPointExtension>
        </extensions>
      </trkpt>
      <trkpt lat="24.4889047555625438690185546875" lon="118.10409058816730976104736328125">
        <ele>9.19999980926513671875</ele>
        <time>2025-05-04T09:48:25.000Z</time>
        <extensions>
          <ns3:TrackPointExtension>
            <ns3:hr>159</ns3:hr>
          </ns3:TrackPointExtension>
        </extensions>
      </trkpt>
      <trkpt lat="24.48893400840461254119873046875" lon="118.10408187098801136016845703125">
        <ele>9.6000003814697265625</ele>
        <time>2025-05-04T09:48:26.000Z</time>
        <extensions>
          <ns3:TrackPointExtension>
            <ns3:hr>159</ns3:hr>
          </ns3:TrackPointExtension>
        </extensions>
      </trkpt>
      <trkpt lat="24.488962590694427490234375" lon="118.1040720641613006591796875">
        <ele>9.80000019073486328125</ele>
        <time>2025-05-04T09:48:27.000Z</time>
        <extensions>
          <ns3:TrackPointExtension>
            <ns3:hr>159</ns3:hr>
          </ns3:TrackPointExtension>
        </extensions>
      </trkpt>
      <trkpt lat="24.4889899156987667083740234375" lon="118.10406108386814594268798828125">
        <ele>10.19999980926513671875</ele>
        <time>2025-05-04T09:48:28.000Z</time>
        <extensions>
          <ns3:TrackPointExtension>
            <ns3:hr>159</ns3:hr>
          </ns3:TrackPointExtension>
        </extensions>
      </trkpt>
      <trkpt lat="24.48901690542697906494140625" lon="118.1040504388511180877685546875">
        <ele>10.19999980926513671875</ele>
        <time>2025-05-04T09:48:29.000Z</time>
        <extensions>
          <ns3:TrackPointExtension>
            <ns3:hr>158</ns3:hr>
          </ns3:TrackPointExtension>
        </extensions>
      </trkpt>
      <trkpt lat="24.48904464952647686004638671875" lon="118.10403962619602680206298828125">
        <ele>10</ele>
        <time>2025-05-04T09:48:30.000Z</time>
        <extensions>
          <ns3:TrackPointExtension>
            <ns3:hr>158</ns3:hr>
          </ns3:TrackPointExtension>
        </extensions>
      </trkpt>
      <trkpt lat="24.48907230980694293975830078125" lon="118.1040289811789989471435546875">
        <ele>9.80000019073486328125</ele>
        <time>2025-05-04T09:48:31.000Z</time>
        <extensions>
          <ns3:TrackPointExtension>
            <ns3:hr>158</ns3:hr>
          </ns3:TrackPointExtension>
        </extensions>
      </trkpt>
      <trkpt lat="24.4890988804399967193603515625" lon="118.10401883907616138458251953125">
        <ele>9.80000019073486328125</ele>
        <time>2025-05-04T09:48:32.000Z</time>
        <extensions>
          <ns3:TrackPointExtension>
            <ns3:hr>158</ns3:hr>
          </ns3:TrackPointExtension>
        </extensions>
      </trkpt>
      <trkpt lat="24.48912478052079677581787109375" lon="118.1040085293352603912353515625">
        <ele>10</ele>
        <time>2025-05-04T09:48:33.000Z</time>
        <extensions>
          <ns3:TrackPointExtension>
            <ns3:hr>158</ns3:hr>
          </ns3:TrackPointExtension>
        </extensions>
      </trkpt>
      <trkpt lat="24.48915042914450168609619140625" lon="118.10399821959435939788818359375">
        <ele>10.3999996185302734375</ele>
        <time>2025-05-04T09:48:34.000Z</time>
        <extensions>
          <ns3:TrackPointExtension>
            <ns3:hr>158</ns3:hr>
          </ns3:TrackPointExtension>
        </extensions>
      </trkpt>
      <trkpt lat="24.48917674832046031951904296875" lon="118.1039877422153949737548828125">
        <ele>10.80000019073486328125</ele>
        <time>2025-05-04T09:48:35.000Z</time>
        <extensions>
          <ns3:TrackPointExtension>
            <ns3:hr>158</ns3:hr>
          </ns3:TrackPointExtension>
        </extensions>
      </trkpt>
      <trkpt lat="24.48920474387705326080322265625" lon="118.10397709719836711883544921875">
        <ele>11</ele>
        <time>2025-05-04T09:48:36.000Z</time>
        <extensions>
          <ns3:TrackPointExtension>
            <ns3:hr>157</ns3:hr>
          </ns3:TrackPointExtension>
        </extensions>
      </trkpt>
      <trkpt lat="24.48923340998589992523193359375" lon="118.10396687127649784088134765625">
        <ele>11.3999996185302734375</ele>
        <time>2025-05-04T09:48:37.000Z</time>
        <extensions>
          <ns3:TrackPointExtension>
            <ns3:hr>157</ns3:hr>
          </ns3:TrackPointExtension>
        </extensions>
      </trkpt>
      <trkpt lat="24.48926140554249286651611328125" lon="118.10395681299269199371337890625">
        <ele>11.80000019073486328125</ele>
        <time>2025-05-04T09:48:38.000Z</time>
        <extensions>
          <ns3:TrackPointExtension>
            <ns3:hr>157</ns3:hr>
          </ns3:TrackPointExtension>
        </extensions>
      </trkpt>
      <trkpt lat="24.48928923346102237701416015625" lon="118.103947006165981292724609375">
        <ele>11.80000019073486328125</ele>
        <time>2025-05-04T09:48:39.000Z</time>
        <extensions>
          <ns3:TrackPointExtension>
            <ns3:hr>157</ns3:hr>
          </ns3:TrackPointExtension>
        </extensions>
      </trkpt>
      <trkpt lat="24.48931731283664703369140625" lon="118.1039377860724925994873046875">
        <ele>11.19999980926513671875</ele>
        <time>2025-05-04T09:48:40.000Z</time>
        <extensions>
          <ns3:TrackPointExtension>
            <ns3:hr>157</ns3:hr>
          </ns3:TrackPointExtension>
        </extensions>
      </trkpt>
      <trkpt lat="24.4893449731171131134033203125" lon="118.10392856597900390625">
        <ele>10.6000003814697265625</ele>
        <time>2025-05-04T09:48:41.000Z</time>
        <extensions>
          <ns3:TrackPointExtension>
            <ns3:hr>157</ns3:hr>
          </ns3:TrackPointExtension>
        </extensions>
      </trkpt>
      <trkpt lat="24.48937137611210346221923828125" lon="118.1039191782474517822265625">
        <ele>10.19999980926513671875</ele>
        <time>2025-05-04T09:48:42.000Z</time>
        <extensions>
          <ns3:TrackPointExtension>
            <ns3:hr>157</ns3:hr>
          </ns3:TrackPointExtension>
        </extensions>
      </trkpt>
      <trkpt lat="24.489397108554840087890625" lon="118.10390920378267765045166015625">
        <ele>9.6000003814697265625</ele>
        <time>2025-05-04T09:48:43.000Z</time>
        <extensions>
          <ns3:TrackPointExtension>
            <ns3:hr>157</ns3:hr>
          </ns3:TrackPointExtension>
        </extensions>
      </trkpt>
      <trkpt lat="24.48942485265433788299560546875" lon="118.1038972176611423492431640625">
        <ele>9</ele>
        <time>2025-05-04T09:48:44.000Z</time>
        <extensions>
          <ns3:TrackPointExtension>
            <ns3:hr>157</ns3:hr>
          </ns3:TrackPointExtension>
        </extensions>
      </trkpt>
      <trkpt lat="24.48945368640124797821044921875" lon="118.10388389043509960174560546875">
        <ele>8.19999980926513671875</ele>
        <time>2025-05-04T09:48:45.000Z</time>
        <extensions>
          <ns3:TrackPointExtension>
            <ns3:hr>157</ns3:hr>
          </ns3:TrackPointExtension>
        </extensions>
      </trkpt>
      <trkpt lat="24.48948092758655548095703125" lon="118.1038693897426128387451171875">
        <ele>7.599999904632568359375</ele>
        <time>2025-05-04T09:48:46.000Z</time>
        <extensions>
          <ns3:TrackPointExtension>
            <ns3:hr>157</ns3:hr>
          </ns3:TrackPointExtension>
        </extensions>
      </trkpt>
      <trkpt lat="24.48950649239122867584228515625" lon="118.10385170392692089080810546875">
        <ele>7.19999980926513671875</ele>
        <time>2025-05-04T09:48:47.000Z</time>
        <extensions>
          <ns3:TrackPointExtension>
            <ns3:hr>157</ns3:hr>
          </ns3:TrackPointExtension>
        </extensions>
      </trkpt>
      <trkpt lat="24.489530213177204132080078125" lon="118.10383074916899204254150390625">
        <ele>6.80000019073486328125</ele>
        <time>2025-05-04T09:48:48.000Z</time>
        <extensions>
          <ns3:TrackPointExtension>
            <ns3:hr>157</ns3:hr>
          </ns3:TrackPointExtension>
        </extensions>
      </trkpt>
      <trkpt lat="24.4895513355731964111328125" lon="118.1038073636591434478759765625">
        <ele>6.599999904632568359375</ele>
        <time>2025-05-04T09:48:49.000Z</time>
        <extensions>
          <ns3:TrackPointExtension>
            <ns3:hr>157</ns3:hr>
          </ns3:TrackPointExtension>
        </extensions>
      </trkpt>
      <trkpt lat="24.48956969194114208221435546875" lon="118.103782050311565399169921875">
        <ele>6.400000095367431640625</ele>
        <time>2025-05-04T09:48:50.000Z</time>
        <extensions>
          <ns3:TrackPointExtension>
            <ns3:hr>157</ns3:hr>
          </ns3:TrackPointExtension>
        </extensions>
      </trkpt>
      <trkpt lat="24.4895863719284534454345703125" lon="118.10375598259270191192626953125">
        <ele>6.19999980926513671875</ele>
        <time>2025-05-04T09:48:51.000Z</time>
        <extensions>
          <ns3:TrackPointExtension>
            <ns3:hr>157</ns3:hr>
          </ns3:TrackPointExtension>
        </extensions>
      </trkpt>
      <trkpt lat="24.48960204608738422393798828125" lon="118.10373008251190185546875">
        <ele>6</ele>
        <time>2025-05-04T09:48:52.000Z</time>
        <extensions>
          <ns3:TrackPointExtension>
            <ns3:hr>157</ns3:hr>
          </ns3:TrackPointExtension>
        </extensions>
      </trkpt>
      <trkpt lat="24.48961713351309299468994140625" lon="118.10370351187884807586669921875">
        <ele>6</ele>
        <time>2025-05-04T09:48:53.000Z</time>
        <extensions>
          <ns3:TrackPointExtension>
            <ns3:hr>157</ns3:hr>
          </ns3:TrackPointExtension>
        </extensions>
      </trkpt>
      <trkpt lat="24.489630796015262603759765625" lon="118.10367568396031856536865234375">
        <ele>5.80000019073486328125</ele>
        <time>2025-05-04T09:48:54.000Z</time>
        <extensions>
          <ns3:TrackPointExtension>
            <ns3:hr>157</ns3:hr>
          </ns3:TrackPointExtension>
        </extensions>
      </trkpt>
      <trkpt lat="24.48964227922260761260986328125" lon="118.1036460958421230316162109375">
        <ele>5.599999904632568359375</ele>
        <time>2025-05-04T09:48:55.000Z</time>
        <extensions>
          <ns3:TrackPointExtension>
            <ns3:hr>157</ns3:hr>
          </ns3:TrackPointExtension>
        </extensions>
      </trkpt>
      <trkpt lat="24.4896520860493183135986328125" lon="118.1036152504384517669677734375">
        <ele>5.599999904632568359375</ele>
        <time>2025-05-04T09:48:56.000Z</time>
        <extensions>
          <ns3:TrackPointExtension>
            <ns3:hr>158</ns3:hr>
          </ns3:TrackPointExtension>
        </extensions>
      </trkpt>
      <trkpt lat="24.48966021649539470672607421875" lon="118.10358281247317790985107421875">
        <ele>5.599999904632568359375</ele>
        <time>2025-05-04T09:48:57.000Z</time>
        <extensions>
          <ns3:TrackPointExtension>
            <ns3:hr>158</ns3:hr>
          </ns3:TrackPointExtension>
        </extensions>
      </trkpt>
      <trkpt lat="24.48966692201793193817138671875" lon="118.10354911722242832183837890625">
        <ele>5.599999904632568359375</ele>
        <time>2025-05-04T09:48:58.000Z</time>
        <extensions>
          <ns3:TrackPointExtension>
            <ns3:hr>158</ns3:hr>
          </ns3:TrackPointExtension>
        </extensions>
      </trkpt>
      <trkpt lat="24.48967178352177143096923828125" lon="118.10351575724780559539794921875">
        <ele>5.599999904632568359375</ele>
        <time>2025-05-04T09:48:59.000Z</time>
        <extensions>
          <ns3:TrackPointExtension>
            <ns3:hr>158</ns3:hr>
          </ns3:TrackPointExtension>
        </extensions>
      </trkpt>
      <trkpt lat="24.489674381911754608154296875" lon="118.10348340310156345367431640625">
        <ele>5.599999904632568359375</ele>
        <time>2025-05-04T09:49:00.000Z</time>
        <extensions>
          <ns3:TrackPointExtension>
            <ns3:hr>158</ns3:hr>
          </ns3:TrackPointExtension>
        </extensions>
      </trkpt>
      <trkpt lat="24.48967480100691318511962890625" lon="118.10345121659338474273681640625">
        <ele>5.599999904632568359375</ele>
        <time>2025-05-04T09:49:01.000Z</time>
        <extensions>
          <ns3:TrackPointExtension>
            <ns3:hr>159</ns3:hr>
          </ns3:TrackPointExtension>
        </extensions>
      </trkpt>
      <trkpt lat="24.489673711359500885009765625" lon="118.10341869480907917022705078125">
        <ele>5.599999904632568359375</ele>
        <time>2025-05-04T09:49:02.000Z</time>
        <extensions>
          <ns3:TrackPointExtension>
            <ns3:hr>159</ns3:hr>
          </ns3:TrackPointExtension>
        </extensions>
      </trkpt>
      <trkpt lat="24.48967061005532741546630859375" lon="118.10338634066283702850341796875">
        <ele>5.599999904632568359375</ele>
        <time>2025-05-04T09:49:03.000Z</time>
        <extensions>
          <ns3:TrackPointExtension>
            <ns3:hr>159</ns3:hr>
          </ns3:TrackPointExtension>
        </extensions>
      </trkpt>
      <trkpt lat="24.489664994180202484130859375" lon="118.10335524380207061767578125">
        <ele>5.80000019073486328125</ele>
        <time>2025-05-04T09:49:04.000Z</time>
        <extensions>
          <ns3:TrackPointExtension>
            <ns3:hr>159</ns3:hr>
          </ns3:TrackPointExtension>
        </extensions>
      </trkpt>
      <trkpt lat="24.48965686373412609100341796875" lon="118.10332573950290679931640625">
        <ele>5.80000019073486328125</ele>
        <time>2025-05-04T09:49:05.000Z</time>
        <extensions>
          <ns3:TrackPointExtension>
            <ns3:hr>159</ns3:hr>
          </ns3:TrackPointExtension>
        </extensions>
      </trkpt>
      <trkpt lat="24.4896460510790348052978515625" lon="118.10329732485115528106689453125">
        <ele>6</ele>
        <time>2025-05-04T09:49:06.000Z</time>
        <extensions>
          <ns3:TrackPointExtension>
            <ns3:hr>158</ns3:hr>
          </ns3:TrackPointExtension>
        </extensions>
      </trkpt>
      <trkpt lat="24.48963238857686519622802734375" lon="118.10326932929456233978271484375">
        <ele>6.19999980926513671875</ele>
        <time>2025-05-04T09:49:07.000Z</time>
        <extensions>
          <ns3:TrackPointExtension>
            <ns3:hr>158</ns3:hr>
          </ns3:TrackPointExtension>
        </extensions>
      </trkpt>
      <trkpt lat="24.4896172173321247100830078125" lon="118.1032414175570011138916015625">
        <ele>6.19999980926513671875</ele>
        <time>2025-05-04T09:49:08.000Z</time>
        <extensions>
          <ns3:TrackPointExtension>
            <ns3:hr>158</ns3:hr>
          </ns3:TrackPointExtension>
        </extensions>
      </trkpt>
      <trkpt lat="24.48960104025900363922119140625" lon="118.10321384109556674957275390625">
        <ele>6.400000095367431640625</ele>
        <time>2025-05-04T09:49:09.000Z</time>
        <extensions>
          <ns3:TrackPointExtension>
            <ns3:hr>158</ns3:hr>
          </ns3:TrackPointExtension>
        </extensions>
      </trkpt>
      <trkpt lat="24.48958310298621654510498046875" lon="118.103187941014766693115234375">
        <ele>6.599999904632568359375</ele>
        <time>2025-05-04T09:49:10.000Z</time>
        <extensions>
          <ns3:TrackPointExtension>
            <ns3:hr>158</ns3:hr>
          </ns3:TrackPointExtension>
        </extensions>
      </trkpt>
      <trkpt lat="24.4895629025995731353759765625" lon="118.103164471685886383056640625">
        <ele>6.80000019073486328125</ele>
        <time>2025-05-04T09:49:11.000Z</time>
        <extensions>
          <ns3:TrackPointExtension>
            <ns3:hr>159</ns3:hr>
          </ns3:TrackPointExtension>
        </extensions>
      </trkpt>
      <trkpt lat="24.489540942013263702392578125" lon="118.103142678737640380859375">
        <ele>7</ele>
        <time>2025-05-04T09:49:12.000Z</time>
        <extensions>
          <ns3:TrackPointExtension>
            <ns3:hr>159</ns3:hr>
          </ns3:TrackPointExtension>
        </extensions>
      </trkpt>
      <trkpt lat="24.48951780796051025390625" lon="118.1031223945319652557373046875">
        <ele>7</ele>
        <time>2025-05-04T09:49:13.000Z</time>
        <extensions>
          <ns3:TrackPointExtension>
            <ns3:hr>157</ns3:hr>
          </ns3:TrackPointExtension>
        </extensions>
      </trkpt>
      <trkpt lat="24.489493332803249359130859375" lon="118.10310387052595615386962890625">
        <ele>7.19999980926513671875</ele>
        <time>2025-05-04T09:49:14.000Z</time>
        <extensions>
          <ns3:TrackPointExtension>
            <ns3:hr>157</ns3:hr>
          </ns3:TrackPointExtension>
        </extensions>
      </trkpt>
      <trkpt lat="24.48946743272244930267333984375" lon="118.1030878610908985137939453125">
        <ele>7.400000095367431640625</ele>
        <time>2025-05-04T09:49:15.000Z</time>
        <extensions>
          <ns3:TrackPointExtension>
            <ns3:hr>157</ns3:hr>
          </ns3:TrackPointExtension>
        </extensions>
      </trkpt>
      <trkpt lat="24.4894405268132686614990234375" lon="118.10307361185550689697265625">
        <ele>7.599999904632568359375</ele>
        <time>2025-05-04T09:49:16.000Z</time>
        <extensions>
          <ns3:TrackPointExtension>
            <ns3:hr>157</ns3:hr>
          </ns3:TrackPointExtension>
        </extensions>
      </trkpt>
      <trkpt lat="24.48941328562796115875244140625" lon="118.10306112281978130340576171875">
        <ele>7.599999904632568359375</ele>
        <time>2025-05-04T09:49:17.000Z</time>
        <extensions>
          <ns3:TrackPointExtension>
            <ns3:hr>157</ns3:hr>
          </ns3:TrackPointExtension>
        </extensions>
      </trkpt>
      <trkpt lat="24.48938529007136821746826171875" lon="118.10304989106953144073486328125">
        <ele>7.80000019073486328125</ele>
        <time>2025-05-04T09:49:18.000Z</time>
        <extensions>
          <ns3:TrackPointExtension>
            <ns3:hr>157</ns3:hr>
          </ns3:TrackPointExtension>
        </extensions>
      </trkpt>
      <trkpt lat="24.48935628868639469146728515625" lon="118.10304008424282073974609375">
        <ele>8</ele>
        <time>2025-05-04T09:49:19.000Z</time>
        <extensions>
          <ns3:TrackPointExtension>
            <ns3:hr>157</ns3:hr>
          </ns3:TrackPointExtension>
        </extensions>
      </trkpt>
      <trkpt lat="24.4893261976540088653564453125" lon="118.10303228907287120819091796875">
        <ele>8</ele>
        <time>2025-05-04T09:49:20.000Z</time>
        <extensions>
          <ns3:TrackPointExtension>
            <ns3:hr>157</ns3:hr>
          </ns3:TrackPointExtension>
        </extensions>
      </trkpt>
      <trkpt lat="24.48929543606936931610107421875" lon="118.10302692465484142303466796875">
        <ele>8.19999980926513671875</ele>
        <time>2025-05-04T09:49:21.000Z</time>
        <extensions>
          <ns3:TrackPointExtension>
            <ns3:hr>157</ns3:hr>
          </ns3:TrackPointExtension>
        </extensions>
      </trkpt>
      <trkpt lat="24.4892661832273006439208984375" lon="118.1030241586267948150634765625">
        <ele>8.3999996185302734375</ele>
        <time>2025-05-04T09:49:22.000Z</time>
        <extensions>
          <ns3:TrackPointExtension>
            <ns3:hr>157</ns3:hr>
          </ns3:TrackPointExtension>
        </extensions>
      </trkpt>
      <trkpt lat="24.48923776857554912567138671875" lon="118.10302390716969966888427734375">
        <ele>8.3999996185302734375</ele>
        <time>2025-05-04T09:49:23.000Z</time>
        <extensions>
          <ns3:TrackPointExtension>
            <ns3:hr>157</ns3:hr>
          </ns3:TrackPointExtension>
        </extensions>
      </trkpt>
      <trkpt lat="24.48920792900025844573974609375" lon="118.1030265055596828460693359375">
        <ele>8.6000003814697265625</ele>
        <time>2025-05-04T09:49:24.000Z</time>
        <extensions>
          <ns3:TrackPointExtension>
            <ns3:hr>157</ns3:hr>
          </ns3:TrackPointExtension>
        </extensions>
      </trkpt>
      <trkpt lat="24.48917783796787261962890625" lon="118.10303111560642719268798828125">
        <ele>8.3999996185302734375</ele>
        <time>2025-05-04T09:49:25.000Z</time>
        <extensions>
          <ns3:TrackPointExtension>
            <ns3:hr>157</ns3:hr>
          </ns3:TrackPointExtension>
        </extensions>
      </trkpt>
      <trkpt lat="24.48914841748774051666259765625" lon="118.103037066757678985595703125">
        <ele>8.19999980926513671875</ele>
        <time>2025-05-04T09:49:26.000Z</time>
        <extensions>
          <ns3:TrackPointExtension>
            <ns3:hr>157</ns3:hr>
          </ns3:TrackPointExtension>
        </extensions>
      </trkpt>
      <trkpt lat="24.489119835197925567626953125" lon="118.10304486192762851715087890625">
        <ele>8</ele>
        <time>2025-05-04T09:49:27.000Z</time>
        <extensions>
          <ns3:TrackPointExtension>
            <ns3:hr>157</ns3:hr>
          </ns3:TrackPointExtension>
        </extensions>
      </trkpt>
      <trkpt lat="24.4890915043652057647705078125" lon="118.10305483639240264892578125">
        <ele>7.80000019073486328125</ele>
        <time>2025-05-04T09:49:28.000Z</time>
        <extensions>
          <ns3:TrackPointExtension>
            <ns3:hr>157</ns3:hr>
          </ns3:TrackPointExtension>
        </extensions>
      </trkpt>
      <trkpt lat="24.48906342498958110809326171875" lon="118.1030653975903987884521484375">
        <ele>7.599999904632568359375</ele>
        <time>2025-05-04T09:49:29.000Z</time>
        <extensions>
          <ns3:TrackPointExtension>
            <ns3:hr>157</ns3:hr>
          </ns3:TrackPointExtension>
        </extensions>
      </trkpt>
      <trkpt lat="24.48903593234717845916748046875" lon="118.10307587496936321258544921875">
        <ele>7.400000095367431640625</ele>
        <time>2025-05-04T09:49:30.000Z</time>
        <extensions>
          <ns3:TrackPointExtension>
            <ns3:hr>157</ns3:hr>
          </ns3:TrackPointExtension>
        </extensions>
      </trkpt>
      <trkpt lat="24.4890083558857440948486328125" lon="118.103086017072200775146484375">
        <ele>7.19999980926513671875</ele>
        <time>2025-05-04T09:49:31.000Z</time>
        <extensions>
          <ns3:TrackPointExtension>
            <ns3:hr>157</ns3:hr>
          </ns3:TrackPointExtension>
        </extensions>
      </trkpt>
      <trkpt lat="24.48898094706237316131591796875" lon="118.10309649445116519927978515625">
        <ele>7.19999980926513671875</ele>
        <time>2025-05-04T09:49:32.000Z</time>
        <extensions>
          <ns3:TrackPointExtension>
            <ns3:hr>157</ns3:hr>
          </ns3:TrackPointExtension>
        </extensions>
      </trkpt>
      <trkpt lat="24.488953538239002227783203125" lon="118.10310722328722476959228515625">
        <ele>7.400000095367431640625</ele>
        <time>2025-05-04T09:49:33.000Z</time>
        <extensions>
          <ns3:TrackPointExtension>
            <ns3:hr>158</ns3:hr>
          </ns3:TrackPointExtension>
        </extensions>
      </trkpt>
      <trkpt lat="24.48892545886337757110595703125" lon="118.10311728157103061676025390625">
        <ele>7.599999904632568359375</ele>
        <time>2025-05-04T09:49:34.000Z</time>
        <extensions>
          <ns3:TrackPointExtension>
            <ns3:hr>158</ns3:hr>
          </ns3:TrackPointExtension>
        </extensions>
      </trkpt>
      <trkpt lat="24.4888967089354991912841796875" lon="118.10312591493129730224609375">
        <ele>7.80000019073486328125</ele>
        <time>2025-05-04T09:49:35.000Z</time>
        <extensions>
          <ns3:TrackPointExtension>
            <ns3:hr>158</ns3:hr>
          </ns3:TrackPointExtension>
        </extensions>
      </trkpt>
      <trkpt lat="24.48886762373149394989013671875" lon="118.10313404537737369537353515625">
        <ele>8</ele>
        <time>2025-05-04T09:49:36.000Z</time>
        <extensions>
          <ns3:TrackPointExtension>
            <ns3:hr>158</ns3:hr>
          </ns3:TrackPointExtension>
        </extensions>
      </trkpt>
      <trkpt lat="24.4888390414416790008544921875" lon="118.10314309783279895782470703125">
        <ele>8.19999980926513671875</ele>
        <time>2025-05-04T09:49:37.000Z</time>
        <extensions>
          <ns3:TrackPointExtension>
            <ns3:hr>158</ns3:hr>
          </ns3:TrackPointExtension>
        </extensions>
      </trkpt>
      <trkpt lat="24.48881129734218120574951171875" lon="118.10315282084047794342041015625">
        <ele>8.3999996185302734375</ele>
        <time>2025-05-04T09:49:38.000Z</time>
        <extensions>
          <ns3:TrackPointExtension>
            <ns3:hr>158</ns3:hr>
          </ns3:TrackPointExtension>
        </extensions>
      </trkpt>
      <trkpt lat="24.48878346942365169525146484375" lon="118.10316271148622035980224609375">
        <ele>8.6000003814697265625</ele>
        <time>2025-05-04T09:49:39.000Z</time>
        <extensions>
          <ns3:TrackPointExtension>
            <ns3:hr>159</ns3:hr>
          </ns3:TrackPointExtension>
        </extensions>
      </trkpt>
      <trkpt lat="24.48875539004802703857421875" lon="118.10317276977002620697021484375">
        <ele>8.3999996185302734375</ele>
        <time>2025-05-04T09:49:40.000Z</time>
        <extensions>
          <ns3:TrackPointExtension>
            <ns3:hr>159</ns3:hr>
          </ns3:TrackPointExtension>
        </extensions>
      </trkpt>
      <trkpt lat="24.48872731067240238189697265625" lon="118.10318182222545146942138671875">
        <ele>8.19999980926513671875</ele>
        <time>2025-05-04T09:49:41.000Z</time>
        <extensions>
          <ns3:TrackPointExtension>
            <ns3:hr>159</ns3:hr>
          </ns3:TrackPointExtension>
        </extensions>
      </trkpt>
      <trkpt lat="24.488700069487094879150390625" lon="118.10318986885249614715576171875">
        <ele>8</ele>
        <time>2025-05-04T09:49:42.000Z</time>
        <extensions>
          <ns3:TrackPointExtension>
            <ns3:hr>159</ns3:hr>
          </ns3:TrackPointExtension>
        </extensions>
      </trkpt>
      <trkpt lat="24.48867366649210453033447265625" lon="118.10319833457469940185546875">
        <ele>8</ele>
        <time>2025-05-04T09:49:43.000Z</time>
        <extensions>
          <ns3:TrackPointExtension>
            <ns3:hr>159</ns3:hr>
          </ns3:TrackPointExtension>
        </extensions>
      </trkpt>
      <trkpt lat="24.48864717967808246612548828125" lon="118.10320772230625152587890625">
        <ele>7.80000019073486328125</ele>
        <time>2025-05-04T09:49:44.000Z</time>
        <extensions>
          <ns3:TrackPointExtension>
            <ns3:hr>159</ns3:hr>
          </ns3:TrackPointExtension>
        </extensions>
      </trkpt>
      <trkpt lat="24.488620273768901824951171875" lon="118.10321769677102565765380859375">
        <ele>7.80000019073486328125</ele>
        <time>2025-05-04T09:49:45.000Z</time>
        <extensions>
          <ns3:TrackPointExtension>
            <ns3:hr>159</ns3:hr>
          </ns3:TrackPointExtension>
        </extensions>
      </trkpt>
      <trkpt lat="24.488592781126499176025390625" lon="118.10322783887386322021484375">
        <ele>7.599999904632568359375</ele>
        <time>2025-05-04T09:49:46.000Z</time>
        <extensions>
          <ns3:TrackPointExtension>
            <ns3:hr>159</ns3:hr>
          </ns3:TrackPointExtension>
        </extensions>
      </trkpt>
      <trkpt lat="24.48856503702700138092041015625" lon="118.103238232433795928955078125">
        <ele>7.599999904632568359375</ele>
        <time>2025-05-04T09:49:47.000Z</time>
        <extensions>
          <ns3:TrackPointExtension>
            <ns3:hr>159</ns3:hr>
          </ns3:TrackPointExtension>
        </extensions>
      </trkpt>
      <trkpt lat="24.48853687383234500885009765625" lon="118.103249631822109222412109375">
        <ele>7.80000019073486328125</ele>
        <time>2025-05-04T09:49:48.000Z</time>
        <extensions>
          <ns3:TrackPointExtension>
            <ns3:hr>159</ns3:hr>
          </ns3:TrackPointExtension>
        </extensions>
      </trkpt>
      <trkpt lat="24.48850904591381549835205078125" lon="118.103261701762676239013671875">
        <ele>8</ele>
        <time>2025-05-04T09:49:49.000Z</time>
        <extensions>
          <ns3:TrackPointExtension>
            <ns3:hr>159</ns3:hr>
          </ns3:TrackPointExtension>
        </extensions>
      </trkpt>
      <trkpt lat="24.48848180472850799560546875" lon="118.1032736040651798248291015625">
        <ele>8.19999980926513671875</ele>
        <time>2025-05-04T09:49:50.000Z</time>
        <extensions>
          <ns3:TrackPointExtension>
            <ns3:hr>159</ns3:hr>
          </ns3:TrackPointExtension>
        </extensions>
      </trkpt>
      <trkpt lat="24.4884551502764225006103515625" lon="118.10328592546284198760986328125">
        <ele>8.19999980926513671875</ele>
        <time>2025-05-04T09:49:51.000Z</time>
        <extensions>
          <ns3:TrackPointExtension>
            <ns3:hr>159</ns3:hr>
          </ns3:TrackPointExtension>
        </extensions>
      </trkpt>
      <trkpt lat="24.48842941783368587493896484375" lon="118.10329900123178958892822265625">
        <ele>8.19999980926513671875</ele>
        <time>2025-05-04T09:49:52.000Z</time>
        <extensions>
          <ns3:TrackPointExtension>
            <ns3:hr>159</ns3:hr>
          </ns3:TrackPointExtension>
        </extensions>
      </trkpt>
      <trkpt lat="24.4884041883051395416259765625" lon="118.103313334286212921142578125">
        <ele>8.19999980926513671875</ele>
        <time>2025-05-04T09:49:53.000Z</time>
        <extensions>
          <ns3:TrackPointExtension>
            <ns3:hr>159</ns3:hr>
          </ns3:TrackPointExtension>
        </extensions>
      </trkpt>
      <trkpt lat="24.48837845586240291595458984375" lon="118.1033295951783657073974609375">
        <ele>8.19999980926513671875</ele>
        <time>2025-05-04T09:49:54.000Z</time>
        <extensions>
          <ns3:TrackPointExtension>
            <ns3:hr>159</ns3:hr>
          </ns3:TrackPointExtension>
        </extensions>
      </trkpt>
      <trkpt lat="24.488353729248046875" lon="118.10334811918437480926513671875">
        <ele>8.6000003814697265625</ele>
        <time>2025-05-04T09:49:55.000Z</time>
        <extensions>
          <ns3:TrackPointExtension>
            <ns3:hr>159</ns3:hr>
          </ns3:TrackPointExtension>
        </extensions>
      </trkpt>
      <trkpt lat="24.4883314333856105804443359375" lon="118.10336873866617679595947265625">
        <ele>9</ele>
        <time>2025-05-04T09:49:56.000Z</time>
        <extensions>
          <ns3:TrackPointExtension>
            <ns3:hr>159</ns3:hr>
          </ns3:TrackPointExtension>
        </extensions>
      </trkpt>
      <trkpt lat="24.48831039480865001678466796875" lon="118.1033909507095813751220703125">
        <ele>9.3999996185302734375</ele>
        <time>2025-05-04T09:49:57.000Z</time>
        <extensions>
          <ns3:TrackPointExtension>
            <ns3:hr>159</ns3:hr>
          </ns3:TrackPointExtension>
        </extensions>
      </trkpt>
      <trkpt lat="24.4882901944220066070556640625" lon="118.1034149229526519775390625">
        <ele>9.3999996185302734375</ele>
        <time>2025-05-04T09:49:58.000Z</time>
        <extensions>
          <ns3:TrackPointExtension>
            <ns3:hr>159</ns3:hr>
          </ns3:TrackPointExtension>
        </extensions>
      </trkpt>
      <trkpt lat="24.488271586596965789794921875" lon="118.10344099067151546478271484375">
        <ele>9.3999996185302734375</ele>
        <time>2025-05-04T09:49:59.000Z</time>
        <extensions>
          <ns3:TrackPointExtension>
            <ns3:hr>159</ns3:hr>
          </ns3:TrackPointExtension>
        </extensions>
      </trkpt>
      <trkpt lat="24.48825515806674957275390625" lon="118.1034694053232669830322265625">
        <ele>9.3999996185302734375</ele>
        <time>2025-05-04T09:50:00.000Z</time>
        <extensions>
          <ns3:TrackPointExtension>
            <ns3:hr>159</ns3:hr>
          </ns3:TrackPointExtension>
        </extensions>
      </trkpt>
      <trkpt lat="24.48824107646942138671875" lon="118.10349865816533565521240234375">
        <ele>9.6000003814697265625</ele>
        <time>2025-05-04T09:50:01.000Z</time>
        <extensions>
          <ns3:TrackPointExtension>
            <ns3:hr>159</ns3:hr>
          </ns3:TrackPointExtension>
        </extensions>
      </trkpt>
      <trkpt lat="24.48822959326207637786865234375" lon="118.10352916829288005828857421875">
        <ele>9.6000003814697265625</ele>
        <time>2025-05-04T09:50:02.000Z</time>
        <extensions>
          <ns3:TrackPointExtension>
            <ns3:hr>159</ns3:hr>
          </ns3:TrackPointExtension>
        </extensions>
      </trkpt>
      <trkpt lat="24.48821987025439739227294921875" lon="118.10356018133461475372314453125">
        <ele>9.6000003814697265625</ele>
        <time>2025-05-04T09:50:03.000Z</time>
        <extensions>
          <ns3:TrackPointExtension>
            <ns3:hr>159</ns3:hr>
          </ns3:TrackPointExtension>
        </extensions>
      </trkpt>
      <trkpt lat="24.48821232654154300689697265625" lon="118.10358993709087371826171875">
        <ele>9.6000003814697265625</ele>
        <time>2025-05-04T09:50:04.000Z</time>
        <extensions>
          <ns3:TrackPointExtension>
            <ns3:hr>159</ns3:hr>
          </ns3:TrackPointExtension>
        </extensions>
      </trkpt>
      <trkpt lat="24.488206543028354644775390625" lon="118.10361969284713268280029296875">
        <ele>9.6000003814697265625</ele>
        <time>2025-05-04T09:50:05.000Z</time>
        <extensions>
          <ns3:TrackPointExtension>
            <ns3:hr>159</ns3:hr>
          </ns3:TrackPointExtension>
        </extensions>
      </trkpt>
      <trkpt lat="24.4882021844387054443359375" lon="118.10365104116499423980712890625">
        <ele>9.6000003814697265625</ele>
        <time>2025-05-04T09:50:06.000Z</time>
        <extensions>
          <ns3:TrackPointExtension>
            <ns3:hr>158</ns3:hr>
          </ns3:TrackPointExtension>
        </extensions>
      </trkpt>
      <trkpt lat="24.4882000051438808441162109375" lon="118.10368490405380725860595703125">
        <ele>9.3999996185302734375</ele>
        <time>2025-05-04T09:50:07.000Z</time>
        <extensions>
          <ns3:TrackPointExtension>
            <ns3:hr>158</ns3:hr>
          </ns3:TrackPointExtension>
        </extensions>
      </trkpt>
      <trkpt lat="24.48820143006742000579833984375" lon="118.10372010804712772369384765625">
        <ele>9</ele>
        <time>2025-05-04T09:50:08.000Z</time>
        <extensions>
          <ns3:TrackPointExtension>
            <ns3:hr>158</ns3:hr>
          </ns3:TrackPointExtension>
        </extensions>
      </trkpt>
      <trkpt lat="24.488206543028354644775390625" lon="118.103753887116909027099609375">
        <ele>8.3999996185302734375</ele>
        <time>2025-05-04T09:50:09.000Z</time>
        <extensions>
          <ns3:TrackPointExtension>
            <ns3:hr>158</ns3:hr>
          </ns3:TrackPointExtension>
        </extensions>
      </trkpt>
      <trkpt lat="24.48821450583636760711669921875" lon="118.10378615744411945343017578125">
        <ele>7.80000019073486328125</ele>
        <time>2025-05-04T09:50:10.000Z</time>
        <extensions>
          <ns3:TrackPointExtension>
            <ns3:hr>158</ns3:hr>
          </ns3:TrackPointExtension>
        </extensions>
      </trkpt>
      <trkpt lat="24.4882236421108245849609375" lon="118.103817589581012725830078125">
        <ele>7.400000095367431640625</ele>
        <time>2025-05-04T09:50:11.000Z</time>
        <extensions>
          <ns3:TrackPointExtension>
            <ns3:hr>158</ns3:hr>
          </ns3:TrackPointExtension>
        </extensions>
      </trkpt>
      <trkpt lat="24.488233365118503570556640625" lon="118.10384818352758884429931640625">
        <ele>6.80000019073486328125</ele>
        <time>2025-05-04T09:50:12.000Z</time>
        <extensions>
          <ns3:TrackPointExtension>
            <ns3:hr>158</ns3:hr>
          </ns3:TrackPointExtension>
        </extensions>
      </trkpt>
      <trkpt lat="24.4882442615926265716552734375" lon="118.10387768782675266265869140625">
        <ele>6.400000095367431640625</ele>
        <time>2025-05-04T09:50:13.000Z</time>
        <extensions>
          <ns3:TrackPointExtension>
            <ns3:hr>158</ns3:hr>
          </ns3:TrackPointExtension>
        </extensions>
      </trkpt>
      <trkpt lat="24.4882570020854473114013671875" lon="118.10390668921172618865966796875">
        <ele>5.80000019073486328125</ele>
        <time>2025-05-04T09:50:14.000Z</time>
        <extensions>
          <ns3:TrackPointExtension>
            <ns3:hr>158</ns3:hr>
          </ns3:TrackPointExtension>
        </extensions>
      </trkpt>
      <trkpt lat="24.4882717542350292205810546875" lon="118.10393585823476314544677734375">
        <ele>5.19999980926513671875</ele>
        <time>2025-05-04T09:50:15.000Z</time>
        <extensions>
          <ns3:TrackPointExtension>
            <ns3:hr>158</ns3:hr>
          </ns3:TrackPointExtension>
        </extensions>
      </trkpt>
      <trkpt lat="24.488288350403308868408203125" lon="118.10396335087716579437255859375">
        <ele>5.19999980926513671875</ele>
        <time>2025-05-04T09:50:16.000Z</time>
        <extensions>
          <ns3:TrackPointExtension>
            <ns3:hr>158</ns3:hr>
          </ns3:TrackPointExtension>
        </extensions>
      </trkpt>
      <trkpt lat="24.4883056171238422393798828125" lon="118.10398933477699756622314453125">
        <ele>5</ele>
        <time>2025-05-04T09:50:17.000Z</time>
        <extensions>
          <ns3:TrackPointExtension>
            <ns3:hr>158</ns3:hr>
          </ns3:TrackPointExtension>
        </extensions>
      </trkpt>
      <trkpt lat="24.48832330293953418731689453125" lon="118.10401414521038532257080078125">
        <ele>4.80000019073486328125</ele>
        <time>2025-05-04T09:50:18.000Z</time>
        <extensions>
          <ns3:TrackPointExtension>
            <ns3:hr>158</ns3:hr>
          </ns3:TrackPointExtension>
        </extensions>
      </trkpt>
      <trkpt lat="24.48834274895489215850830078125" lon="118.10403828509151935577392578125">
        <ele>4.80000019073486328125</ele>
        <time>2025-05-04T09:50:19.000Z</time>
        <extensions>
          <ns3:TrackPointExtension>
            <ns3:hr>158</ns3:hr>
          </ns3:TrackPointExtension>
        </extensions>
      </trkpt>
      <trkpt lat="24.4883646257221698760986328125" lon="118.1040611676871776580810546875">
        <ele>4.599999904632568359375</ele>
        <time>2025-05-04T09:50:20.000Z</time>
        <extensions>
          <ns3:TrackPointExtension>
            <ns3:hr>158</ns3:hr>
          </ns3:TrackPointExtension>
        </extensions>
      </trkpt>
      <trkpt lat="24.4883884303271770477294921875" lon="118.1040816195309162139892578125">
        <ele>4.400000095367431640625</ele>
        <time>2025-05-04T09:50:21.000Z</time>
        <extensions>
          <ns3:TrackPointExtension>
            <ns3:hr>158</ns3:hr>
          </ns3:TrackPointExtension>
        </extensions>
      </trkpt>
      <trkpt lat="24.48841382749378681182861328125" lon="118.10409997589886188507080078125">
        <ele>4.19999980926513671875</ele>
        <time>2025-05-04T09:50:22.000Z</time>
        <extensions>
          <ns3:TrackPointExtension>
            <ns3:hr>158</ns3:hr>
          </ns3:TrackPointExtension>
        </extensions>
      </trkpt>
      <trkpt lat="24.48844048194587230682373046875" lon="118.10411707498133182525634765625">
        <ele>4</ele>
        <time>2025-05-04T09:50:23.000Z</time>
        <extensions>
          <ns3:TrackPointExtension>
            <ns3:hr>158</ns3:hr>
          </ns3:TrackPointExtension>
        </extensions>
      </trkpt>
      <trkpt lat="24.48846814222633838653564453125" lon="118.10413132421672344207763671875">
        <ele>4.19999980926513671875</ele>
        <time>2025-05-04T09:50:24.000Z</time>
        <extensions>
          <ns3:TrackPointExtension>
            <ns3:hr>159</ns3:hr>
          </ns3:TrackPointExtension>
        </extensions>
      </trkpt>
      <trkpt lat="24.48849630542099475860595703125" lon="118.10414104722440242767333984375">
        <ele>4.400000095367431640625</ele>
        <time>2025-05-04T09:50:25.000Z</time>
        <extensions>
          <ns3:TrackPointExtension>
            <ns3:hr>159</ns3:hr>
          </ns3:TrackPointExtension>
        </extensions>
      </trkpt>
      <trkpt lat="24.488525055348873138427734375" lon="118.10414741747081279754638671875">
        <ele>4.599999904632568359375</ele>
        <time>2025-05-04T09:50:26.000Z</time>
        <extensions>
          <ns3:TrackPointExtension>
            <ns3:hr>159</ns3:hr>
          </ns3:TrackPointExtension>
        </extensions>
      </trkpt>
      <trkpt lat="24.488554894924163818359375" lon="118.10415227897465229034423828125">
        <ele>4.80000019073486328125</ele>
        <time>2025-05-04T09:50:27.000Z</time>
        <extensions>
          <ns3:TrackPointExtension>
            <ns3:hr>159</ns3:hr>
          </ns3:TrackPointExtension>
        </extensions>
      </trkpt>
      <trkpt lat="24.488584734499454498291015625" lon="118.10415563173592090606689453125">
        <ele>5</ele>
        <time>2025-05-04T09:50:28.000Z</time>
        <extensions>
          <ns3:TrackPointExtension>
            <ns3:hr>159</ns3:hr>
          </ns3:TrackPointExtension>
        </extensions>
      </trkpt>
      <trkpt lat="24.48861381970345973968505859375" lon="118.10415714047849178314208984375">
        <ele>5.19999980926513671875</ele>
        <time>2025-05-04T09:50:29.000Z</time>
        <extensions>
          <ns3:TrackPointExtension>
            <ns3:hr>159</ns3:hr>
          </ns3:TrackPointExtension>
        </extensions>
      </trkpt>
      <trkpt lat="24.4886429049074649810791015625" lon="118.104155547916889190673828125">
        <ele>5.400000095367431640625</ele>
        <time>2025-05-04T09:50:30.000Z</time>
        <extensions>
          <ns3:TrackPointExtension>
            <ns3:hr>159</ns3:hr>
          </ns3:TrackPointExtension>
        </extensions>
      </trkpt>
      <trkpt lat="24.4886714033782482147216796875" lon="118.10415026731789112091064453125">
        <ele>5.599999904632568359375</ele>
        <time>2025-05-04T09:50:31.000Z</time>
        <extensions>
          <ns3:TrackPointExtension>
            <ns3:hr>159</ns3:hr>
          </ns3:TrackPointExtension>
        </extensions>
      </trkpt>
      <trkpt lat="24.4886992312967777252197265625" lon="118.10414247214794158935546875">
        <ele>5.599999904632568359375</ele>
        <time>2025-05-04T09:50:32.000Z</time>
        <extensions>
          <ns3:TrackPointExtension>
            <ns3:hr>159</ns3:hr>
          </ns3:TrackPointExtension>
        </extensions>
      </trkpt>
      <trkpt lat="24.4887273944914340972900390625" lon="118.1041329167783260345458984375">
        <ele>5.80000019073486328125</ele>
        <time>2025-05-04T09:50:33.000Z</time>
        <extensions>
          <ns3:TrackPointExtension>
            <ns3:hr>159</ns3:hr>
          </ns3:TrackPointExtension>
        </extensions>
      </trkpt>
      <trkpt lat="24.4887555576860904693603515625" lon="118.10412260703742504119873046875">
        <ele>6.400000095367431640625</ele>
        <time>2025-05-04T09:50:34.000Z</time>
        <extensions>
          <ns3:TrackPointExtension>
            <ns3:hr>159</ns3:hr>
          </ns3:TrackPointExtension>
        </extensions>
      </trkpt>
      <trkpt lat="24.48878330178558826446533203125" lon="118.104111962020397186279296875">
        <ele>7</ele>
        <time>2025-05-04T09:50:35.000Z</time>
        <extensions>
          <ns3:TrackPointExtension>
            <ns3:hr>159</ns3:hr>
          </ns3:TrackPointExtension>
        </extensions>
      </trkpt>
      <trkpt lat="24.4888110458850860595703125" lon="118.10410098172724246978759765625">
        <ele>7.400000095367431640625</ele>
        <time>2025-05-04T09:50:36.000Z</time>
        <extensions>
          <ns3:TrackPointExtension>
            <ns3:hr>159</ns3:hr>
          </ns3:TrackPointExtension>
        </extensions>
      </trkpt>
      <trkpt lat="24.48883761651813983917236328125" lon="118.104090504348278045654296875">
        <ele>8</ele>
        <time>2025-05-04T09:50:37.000Z</time>
        <extensions>
          <ns3:TrackPointExtension>
            <ns3:hr>159</ns3:hr>
          </ns3:TrackPointExtension>
        </extensions>
      </trkpt>
      <trkpt lat="24.488863013684749603271484375" lon="118.1040801107883453369140625">
        <ele>8.6000003814697265625</ele>
        <time>2025-05-04T09:50:38.000Z</time>
        <extensions>
          <ns3:TrackPointExtension>
            <ns3:hr>159</ns3:hr>
          </ns3:TrackPointExtension>
        </extensions>
      </trkpt>
      <trkpt lat="24.488889835774898529052734375" lon="118.1040692143142223358154296875">
        <ele>8.80000019073486328125</ele>
        <time>2025-05-04T09:50:39.000Z</time>
        <extensions>
          <ns3:TrackPointExtension>
            <ns3:hr>159</ns3:hr>
          </ns3:TrackPointExtension>
        </extensions>
      </trkpt>
      <trkpt lat="24.48891791515052318572998046875" lon="118.104059658944606781005859375">
        <ele>9.19999980926513671875</ele>
        <time>2025-05-04T09:50:40.000Z</time>
        <extensions>
          <ns3:TrackPointExtension>
            <ns3:hr>159</ns3:hr>
          </ns3:TrackPointExtension>
        </extensions>
      </trkpt>
      <trkpt lat="24.488946162164211273193359375" lon="118.10405186377465724945068359375">
        <ele>9.3999996185302734375</ele>
        <time>2025-05-04T09:50:41.000Z</time>
        <extensions>
          <ns3:TrackPointExtension>
            <ns3:hr>159</ns3:hr>
          </ns3:TrackPointExtension>
        </extensions>
      </trkpt>
      <trkpt lat="24.488974325358867645263671875" lon="118.104044906795024871826171875">
        <ele>9.80000019073486328125</ele>
        <time>2025-05-04T09:50:42.000Z</time>
        <extensions>
          <ns3:TrackPointExtension>
            <ns3:hr>159</ns3:hr>
          </ns3:TrackPointExtension>
        </extensions>
      </trkpt>
      <trkpt lat="24.48900223709642887115478515625" lon="118.1040373630821704864501953125">
        <ele>10</ele>
        <time>2025-05-04T09:50:43.000Z</time>
        <extensions>
          <ns3:TrackPointExtension>
            <ns3:hr>159</ns3:hr>
          </ns3:TrackPointExtension>
        </extensions>
      </trkpt>
      <trkpt lat="24.48902956210076808929443359375" lon="118.10402923263609409332275390625">
        <ele>9.80000019073486328125</ele>
        <time>2025-05-04T09:50:44.000Z</time>
        <extensions>
          <ns3:TrackPointExtension>
            <ns3:hr>159</ns3:hr>
          </ns3:TrackPointExtension>
        </extensions>
      </trkpt>
      <trkpt lat="24.4890566356480121612548828125" lon="118.10402085073292255401611328125">
        <ele>9.6000003814697265625</ele>
        <time>2025-05-04T09:50:45.000Z</time>
        <extensions>
          <ns3:TrackPointExtension>
            <ns3:hr>159</ns3:hr>
          </ns3:TrackPointExtension>
        </extensions>
      </trkpt>
      <trkpt lat="24.489083625376224517822265625" lon="118.10401213355362415313720703125">
        <ele>9.6000003814697265625</ele>
        <time>2025-05-04T09:50:46.000Z</time>
        <extensions>
          <ns3:TrackPointExtension>
            <ns3:hr>159</ns3:hr>
          </ns3:TrackPointExtension>
        </extensions>
      </trkpt>
      <trkpt lat="24.4891106151044368743896484375" lon="118.104003332555294036865234375">
        <ele>10</ele>
        <time>2025-05-04T09:50:47.000Z</time>
        <extensions>
          <ns3:TrackPointExtension>
            <ns3:hr>159</ns3:hr>
          </ns3:TrackPointExtension>
        </extensions>
      </trkpt>
      <trkpt lat="24.4891374371945858001708984375" lon="118.103993944823741912841796875">
        <ele>10.19999980926513671875</ele>
        <time>2025-05-04T09:50:48.000Z</time>
        <extensions>
          <ns3:TrackPointExtension>
            <ns3:hr>159</ns3:hr>
          </ns3:TrackPointExtension>
        </extensions>
      </trkpt>
      <trkpt lat="24.4891645945608615875244140625" lon="118.103983886539936065673828125">
        <ele>10.6000003814697265625</ele>
        <time>2025-05-04T09:50:49.000Z</time>
        <extensions>
          <ns3:TrackPointExtension>
            <ns3:hr>159</ns3:hr>
          </ns3:TrackPointExtension>
        </extensions>
      </trkpt>
      <trkpt lat="24.489191584289073944091796875" lon="118.10397374443709850311279296875">
        <ele>11</ele>
        <time>2025-05-04T09:50:50.000Z</time>
        <extensions>
          <ns3:TrackPointExtension>
            <ns3:hr>159</ns3:hr>
          </ns3:TrackPointExtension>
        </extensions>
      </trkpt>
      <trkpt lat="24.48921807110309600830078125" lon="118.10396368615329265594482421875">
        <ele>11.19999980926513671875</ele>
        <time>2025-05-04T09:50:51.000Z</time>
        <extensions>
          <ns3:TrackPointExtension>
            <ns3:hr>159</ns3:hr>
          </ns3:TrackPointExtension>
        </extensions>
      </trkpt>
      <trkpt lat="24.48924430646002292633056640625" lon="118.10395362786948680877685546875">
        <ele>11.6000003814697265625</ele>
        <time>2025-05-04T09:50:52.000Z</time>
        <extensions>
          <ns3:TrackPointExtension>
            <ns3:hr>159</ns3:hr>
          </ns3:TrackPointExtension>
        </extensions>
      </trkpt>
      <trkpt lat="24.48927104473114013671875" lon="118.10394356958568096160888671875">
        <ele>12</ele>
        <time>2025-05-04T09:50:53.000Z</time>
        <extensions>
          <ns3:TrackPointExtension>
            <ns3:hr>159</ns3:hr>
          </ns3:TrackPointExtension>
        </extensions>
      </trkpt>
      <trkpt lat="24.4892980344593524932861328125" lon="118.103932924568653106689453125">
        <ele>11.6000003814697265625</ele>
        <time>2025-05-04T09:50:54.000Z</time>
        <extensions>
          <ns3:TrackPointExtension>
            <ns3:hr>159</ns3:hr>
          </ns3:TrackPointExtension>
        </extensions>
      </trkpt>
      <trkpt lat="24.48932561092078685760498046875" lon="118.1039213575422763824462890625">
        <ele>11</ele>
        <time>2025-05-04T09:50:55.000Z</time>
        <extensions>
          <ns3:TrackPointExtension>
            <ns3:hr>159</ns3:hr>
          </ns3:TrackPointExtension>
        </extensions>
      </trkpt>
      <trkpt lat="24.48935343883931636810302734375" lon="118.1039099581539630889892578125">
        <ele>10.3999996185302734375</ele>
        <time>2025-05-04T09:50:56.000Z</time>
        <extensions>
          <ns3:TrackPointExtension>
            <ns3:hr>159</ns3:hr>
          </ns3:TrackPointExtension>
        </extensions>
      </trkpt>
      <trkpt lat="24.4893811829388141632080078125" lon="118.10389847494661808013916015625">
        <ele>9.80000019073486328125</ele>
        <time>2025-05-04T09:50:57.000Z</time>
        <extensions>
          <ns3:TrackPointExtension>
            <ns3:hr>159</ns3:hr>
          </ns3:TrackPointExtension>
        </extensions>
      </trkpt>
      <trkpt lat="24.4894086755812168121337890625" lon="118.1038858182728290557861328125">
        <ele>9</ele>
        <time>2025-05-04T09:50:58.000Z</time>
        <extensions>
          <ns3:TrackPointExtension>
            <ns3:hr>159</ns3:hr>
          </ns3:TrackPointExtension>
        </extensions>
      </trkpt>
      <trkpt lat="24.489435665309429168701171875" lon="118.10387232340872287750244140625">
        <ele>8.3999996185302734375</ele>
        <time>2025-05-04T09:50:59.000Z</time>
        <extensions>
          <ns3:TrackPointExtension>
            <ns3:hr>159</ns3:hr>
          </ns3:TrackPointExtension>
        </extensions>
      </trkpt>
      <trkpt lat="24.48946223594248294830322265625" lon="118.103857152163982391357421875">
        <ele>7.80000019073486328125</ele>
        <time>2025-05-04T09:51:00.000Z</time>
        <extensions>
          <ns3:TrackPointExtension>
            <ns3:hr>159</ns3:hr>
          </ns3:TrackPointExtension>
        </extensions>
      </trkpt>
      <trkpt lat="24.48948654346168041229248046875" lon="118.1038398854434490203857421875">
        <ele>7.400000095367431640625</ele>
        <time>2025-05-04T09:51:01.000Z</time>
        <extensions>
          <ns3:TrackPointExtension>
            <ns3:hr>159</ns3:hr>
          </ns3:TrackPointExtension>
        </extensions>
      </trkpt>
      <trkpt lat="24.489508084952831268310546875" lon="118.1038199365139007568359375">
        <ele>7</ele>
        <time>2025-05-04T09:51:02.000Z</time>
        <extensions>
          <ns3:TrackPointExtension>
            <ns3:hr>159</ns3:hr>
          </ns3:TrackPointExtension>
        </extensions>
      </trkpt>
      <trkpt lat="24.4895287044346332550048828125" lon="118.10379705391824245452880859375">
        <ele>6.80000019073486328125</ele>
        <time>2025-05-04T09:51:03.000Z</time>
        <extensions>
          <ns3:TrackPointExtension>
            <ns3:hr>159</ns3:hr>
          </ns3:TrackPointExtension>
        </extensions>
      </trkpt>
      <trkpt lat="24.48954957537353038787841796875" lon="118.1037724949419498443603515625">
        <ele>6.400000095367431640625</ele>
        <time>2025-05-04T09:51:04.000Z</time>
        <extensions>
          <ns3:TrackPointExtension>
            <ns3:hr>160</ns3:hr>
          </ns3:TrackPointExtension>
        </extensions>
      </trkpt>
      <trkpt lat="24.489569775760173797607421875" lon="118.1037461757659912109375">
        <ele>6.19999980926513671875</ele>
        <time>2025-05-04T09:51:05.000Z</time>
        <extensions>
          <ns3:TrackPointExtension>
            <ns3:hr>160</ns3:hr>
          </ns3:TrackPointExtension>
        </extensions>
      </trkpt>
      <trkpt lat="24.48958821594715118408203125" lon="118.1037181802093982696533203125">
        <ele>6</ele>
        <time>2025-05-04T09:51:06.000Z</time>
        <extensions>
          <ns3:TrackPointExtension>
            <ns3:hr>160</ns3:hr>
          </ns3:TrackPointExtension>
        </extensions>
      </trkpt>
      <trkpt lat="24.489603973925113677978515625" lon="118.1036880053579807281494140625">
        <ele>6</ele>
        <time>2025-05-04T09:51:07.000Z</time>
        <extensions>
          <ns3:TrackPointExtension>
            <ns3:hr>160</ns3:hr>
          </ns3:TrackPointExtension>
        </extensions>
      </trkpt>
      <trkpt lat="24.48961730115115642547607421875" lon="118.103655986487865447998046875">
        <ele>5.80000019073486328125</ele>
        <time>2025-05-04T09:51:08.000Z</time>
        <extensions>
          <ns3:TrackPointExtension>
            <ns3:hr>161</ns3:hr>
          </ns3:TrackPointExtension>
        </extensions>
      </trkpt>
      <trkpt lat="24.4896279461681842803955078125" lon="118.10362321324646472930908203125">
        <ele>5.80000019073486328125</ele>
        <time>2025-05-04T09:51:09.000Z</time>
        <extensions>
          <ns3:TrackPointExtension>
            <ns3:hr>161</ns3:hr>
          </ns3:TrackPointExtension>
        </extensions>
      </trkpt>
      <trkpt lat="24.48963641189038753509521484375" lon="118.10359018854796886444091796875">
        <ele>5.80000019073486328125</ele>
        <time>2025-05-04T09:51:10.000Z</time>
        <extensions>
          <ns3:TrackPointExtension>
            <ns3:hr>161</ns3:hr>
          </ns3:TrackPointExtension>
        </extensions>
      </trkpt>
      <trkpt lat="24.48964311741292476654052734375" lon="118.10355733148753643035888671875">
        <ele>5.599999904632568359375</ele>
        <time>2025-05-04T09:51:11.000Z</time>
        <extensions>
          <ns3:TrackPointExtension>
            <ns3:hr>161</ns3:hr>
          </ns3:TrackPointExtension>
        </extensions>
      </trkpt>
      <trkpt lat="24.48964797891676425933837890625" lon="118.10352430678904056549072265625">
        <ele>5.599999904632568359375</ele>
        <time>2025-05-04T09:51:12.000Z</time>
        <extensions>
          <ns3:TrackPointExtension>
            <ns3:hr>161</ns3:hr>
          </ns3:TrackPointExtension>
        </extensions>
      </trkpt>
      <trkpt lat="24.48965066112577915191650390625" lon="118.10349077917635440826416015625">
        <ele>5.599999904632568359375</ele>
        <time>2025-05-04T09:51:13.000Z</time>
        <extensions>
          <ns3:TrackPointExtension>
            <ns3:hr>161</ns3:hr>
          </ns3:TrackPointExtension>
        </extensions>
      </trkpt>
      <trkpt lat="24.4896507449448108673095703125" lon="118.10345808975398540496826171875">
        <ele>5.599999904632568359375</ele>
        <time>2025-05-04T09:51:14.000Z</time>
        <extensions>
          <ns3:TrackPointExtension>
            <ns3:hr>161</ns3:hr>
          </ns3:TrackPointExtension>
        </extensions>
      </trkpt>
      <trkpt lat="24.489649236202239990234375" lon="118.10342623852193355560302734375">
        <ele>5.599999904632568359375</ele>
        <time>2025-05-04T09:51:15.000Z</time>
        <extensions>
          <ns3:TrackPointExtension>
            <ns3:hr>161</ns3:hr>
          </ns3:TrackPointExtension>
        </extensions>
      </trkpt>
      <trkpt lat="24.4896470569074153900146484375" lon="118.1033932976424694061279296875">
        <ele>5.599999904632568359375</ele>
        <time>2025-05-04T09:51:16.000Z</time>
        <extensions>
          <ns3:TrackPointExtension>
            <ns3:hr>161</ns3:hr>
          </ns3:TrackPointExtension>
        </extensions>
      </trkpt>
      <trkpt lat="24.48964227922260761260986328125" lon="118.10336060822010040283203125">
        <ele>5.80000019073486328125</ele>
        <time>2025-05-04T09:51:17.000Z</time>
        <extensions>
          <ns3:TrackPointExtension>
            <ns3:hr>161</ns3:hr>
          </ns3:TrackPointExtension>
        </extensions>
      </trkpt>
      <trkpt lat="24.489634148776531219482421875" lon="118.10332917608320713043212890625">
        <ele>6</ele>
        <time>2025-05-04T09:51:18.000Z</time>
        <extensions>
          <ns3:TrackPointExtension>
            <ns3:hr>161</ns3:hr>
          </ns3:TrackPointExtension>
        </extensions>
      </trkpt>
      <trkpt lat="24.48962316848337650299072265625" lon="118.1032987497746944427490234375">
        <ele>6</ele>
        <time>2025-05-04T09:51:19.000Z</time>
        <extensions>
          <ns3:TrackPointExtension>
            <ns3:hr>161</ns3:hr>
          </ns3:TrackPointExtension>
        </extensions>
      </trkpt>
      <trkpt lat="24.48961042799055576324462890625" lon="118.10326966457068920135498046875">
        <ele>6.19999980926513671875</ele>
        <time>2025-05-04T09:51:20.000Z</time>
        <extensions>
          <ns3:TrackPointExtension>
            <ns3:hr>161</ns3:hr>
          </ns3:TrackPointExtension>
        </extensions>
      </trkpt>
      <trkpt lat="24.48959492146968841552734375" lon="118.10324284248054027557373046875">
        <ele>6.400000095367431640625</ele>
        <time>2025-05-04T09:51:21.000Z</time>
        <extensions>
          <ns3:TrackPointExtension>
            <ns3:hr>161</ns3:hr>
          </ns3:TrackPointExtension>
        </extensions>
      </trkpt>
      <trkpt lat="24.48957690037786960601806640625" lon="118.1032176129519939422607421875">
        <ele>6.599999904632568359375</ele>
        <time>2025-05-04T09:51:22.000Z</time>
        <extensions>
          <ns3:TrackPointExtension>
            <ns3:hr>161</ns3:hr>
          </ns3:TrackPointExtension>
        </extensions>
      </trkpt>
      <trkpt lat="24.48955778963863849639892578125" lon="118.10319271869957447052001953125">
        <ele>6.599999904632568359375</ele>
        <time>2025-05-04T09:51:23.000Z</time>
        <extensions>
          <ns3:TrackPointExtension>
            <ns3:hr>161</ns3:hr>
          </ns3:TrackPointExtension>
        </extensions>
      </trkpt>
      <trkpt lat="24.4895374216139316558837890625" lon="118.103167824447154998779296875">
        <ele>6.80000019073486328125</ele>
        <time>2025-05-04T09:51:24.000Z</time>
        <extensions>
          <ns3:TrackPointExtension>
            <ns3:hr>161</ns3:hr>
          </ns3:TrackPointExtension>
        </extensions>
      </trkpt>
      <trkpt lat="24.4895156286656856536865234375" lon="118.10314477421343326568603515625">
        <ele>7</ele>
        <time>2025-05-04T09:51:25.000Z</time>
        <extensions>
          <ns3:TrackPointExtension>
            <ns3:hr>162</ns3:hr>
          </ns3:TrackPointExtension>
        </extensions>
      </trkpt>
      <trkpt lat="24.4894914887845516204833984375" lon="118.1031239032745361328125">
        <ele>7.19999980926513671875</ele>
        <time>2025-05-04T09:51:26.000Z</time>
        <extensions>
          <ns3:TrackPointExtension>
            <ns3:hr>162</ns3:hr>
          </ns3:TrackPointExtension>
        </extensions>
      </trkpt>
      <trkpt lat="24.48946307413280010223388671875" lon="118.10310403816401958465576171875">
        <ele>7.400000095367431640625</ele>
        <time>2025-05-04T09:51:27.000Z</time>
        <extensions>
          <ns3:TrackPointExtension>
            <ns3:hr>162</ns3:hr>
          </ns3:TrackPointExtension>
        </extensions>
      </trkpt>
      <trkpt lat="24.48943071998655796051025390625" lon="118.10308626852929592132568359375">
        <ele>7.599999904632568359375</ele>
        <time>2025-05-04T09:51:28.000Z</time>
        <extensions>
          <ns3:TrackPointExtension>
            <ns3:hr>162</ns3:hr>
          </ns3:TrackPointExtension>
        </extensions>
      </trkpt>
      <trkpt lat="24.489396102726459503173828125" lon="118.10306983999907970428466796875">
        <ele>7.80000019073486328125</ele>
        <time>2025-05-04T09:51:29.000Z</time>
        <extensions>
          <ns3:TrackPointExtension>
            <ns3:hr>163</ns3:hr>
          </ns3:TrackPointExtension>
        </extensions>
      </trkpt>
      <trkpt lat="24.48935947380959987640380859375" lon="118.1030556745827198028564453125">
        <ele>7.80000019073486328125</ele>
        <time>2025-05-04T09:51:30.000Z</time>
        <extensions>
          <ns3:TrackPointExtension>
            <ns3:hr>163</ns3:hr>
          </ns3:TrackPointExtension>
        </extensions>
      </trkpt>
      <trkpt lat="24.4893206655979156494140625" lon="118.10304536484181880950927734375">
        <ele>8</ele>
        <time>2025-05-04T09:51:31.000Z</time>
        <extensions>
          <ns3:TrackPointExtension>
            <ns3:hr>163</ns3:hr>
          </ns3:TrackPointExtension>
        </extensions>
      </trkpt>
      <trkpt lat="24.4892819412052631378173828125" lon="118.10303865931928157806396484375">
        <ele>8.19999980926513671875</ele>
        <time>2025-05-04T09:51:32.000Z</time>
        <extensions>
          <ns3:TrackPointExtension>
            <ns3:hr>163</ns3:hr>
          </ns3:TrackPointExtension>
        </extensions>
      </trkpt>
      <trkpt lat="24.4892447255551815032958984375" lon="118.10303580947220325469970703125">
        <ele>8.3999996185302734375</ele>
        <time>2025-05-04T09:51:33.000Z</time>
        <extensions>
          <ns3:TrackPointExtension>
            <ns3:hr>163</ns3:hr>
          </ns3:TrackPointExtension>
        </extensions>
      </trkpt>
      <trkpt lat="24.4892088510096073150634765625" lon="118.1030379049479961395263671875">
        <ele>8.3999996185302734375</ele>
        <time>2025-05-04T09:51:34.000Z</time>
        <extensions>
          <ns3:TrackPointExtension>
            <ns3:hr>165</ns3:hr>
          </ns3:TrackPointExtension>
        </extensions>
      </trkpt>
      <trkpt lat="24.48917423374950885772705078125" lon="118.103043772280216217041015625">
        <ele>8.19999980926513671875</ele>
        <time>2025-05-04T09:51:35.000Z</time>
        <extensions>
          <ns3:TrackPointExtension>
            <ns3:hr>165</ns3:hr>
          </ns3:TrackPointExtension>
        </extensions>
      </trkpt>
      <trkpt lat="24.48913886211812496185302734375" lon="118.103051148355007171630859375">
        <ele>8</ele>
        <time>2025-05-04T09:51:36.000Z</time>
        <extensions>
          <ns3:TrackPointExtension>
            <ns3:hr>165</ns3:hr>
          </ns3:TrackPointExtension>
        </extensions>
      </trkpt>
      <trkpt lat="24.48910332284867763519287109375" lon="118.103060536086559295654296875">
        <ele>7.80000019073486328125</ele>
        <time>2025-05-04T09:51:37.000Z</time>
        <extensions>
          <ns3:TrackPointExtension>
            <ns3:hr>165</ns3:hr>
          </ns3:TrackPointExtension>
        </extensions>
      </trkpt>
      <trkpt lat="24.4890676997601985931396484375" lon="118.10307168401777744293212890625">
        <ele>7.599999904632568359375</ele>
        <time>2025-05-04T09:51:38.000Z</time>
        <extensions>
          <ns3:TrackPointExtension>
            <ns3:hr>165</ns3:hr>
          </ns3:TrackPointExtension>
        </extensions>
      </trkpt>
      <trkpt lat="24.489031992852687835693359375" lon="118.1030823290348052978515625">
        <ele>7.400000095367431640625</ele>
        <time>2025-05-04T09:51:39.000Z</time>
        <extensions>
          <ns3:TrackPointExtension>
            <ns3:hr>165</ns3:hr>
          </ns3:TrackPointExtension>
        </extensions>
      </trkpt>
      <trkpt lat="24.488996453583240509033203125" lon="118.103092052042484283447265625">
        <ele>7.19999980926513671875</ele>
        <time>2025-05-04T09:51:40.000Z</time>
        <extensions>
          <ns3:TrackPointExtension>
            <ns3:hr>165</ns3:hr>
          </ns3:TrackPointExtension>
        </extensions>
      </trkpt>
      <trkpt lat="24.48896200396120548248291015625" lon="118.1031022779643535614013671875">
        <ele>7.19999980926513671875</ele>
        <time>2025-05-04T09:51:41.000Z</time>
        <extensions>
          <ns3:TrackPointExtension>
            <ns3:hr>165</ns3:hr>
          </ns3:TrackPointExtension>
        </extensions>
      </trkpt>
      <trkpt lat="24.4889288954436779022216796875" lon="118.10311384499073028564453125">
        <ele>7.599999904632568359375</ele>
        <time>2025-05-04T09:51:42.000Z</time>
        <extensions>
          <ns3:TrackPointExtension>
            <ns3:hr>166</ns3:hr>
          </ns3:TrackPointExtension>
        </extensions>
      </trkpt>
      <trkpt lat="24.48889545165002346038818359375" lon="118.10312591493129730224609375">
        <ele>7.80000019073486328125</ele>
        <time>2025-05-04T09:51:43.000Z</time>
        <extensions>
          <ns3:TrackPointExtension>
            <ns3:hr>166</ns3:hr>
          </ns3:TrackPointExtension>
        </extensions>
      </trkpt>
      <trkpt lat="24.48886209167540073394775390625" lon="118.1031381525099277496337890625">
        <ele>8</ele>
        <time>2025-05-04T09:51:44.000Z</time>
        <extensions>
          <ns3:TrackPointExtension>
            <ns3:hr>166</ns3:hr>
          </ns3:TrackPointExtension>
        </extensions>
      </trkpt>
      <trkpt lat="24.48882889933884143829345703125" lon="118.103150390088558197021484375">
        <ele>8.19999980926513671875</ele>
        <time>2025-05-04T09:51:45.000Z</time>
        <extensions>
          <ns3:TrackPointExtension>
            <ns3:hr>166</ns3:hr>
          </ns3:TrackPointExtension>
        </extensions>
      </trkpt>
      <trkpt lat="24.4887951202690601348876953125" lon="118.10316204093396663665771484375">
        <ele>8.3999996185302734375</ele>
        <time>2025-05-04T09:51:46.000Z</time>
        <extensions>
          <ns3:TrackPointExtension>
            <ns3:hr>166</ns3:hr>
          </ns3:TrackPointExtension>
        </extensions>
      </trkpt>
      <trkpt lat="24.48876050300896167755126953125" lon="118.10317293740808963775634765625">
        <ele>8.3999996185302734375</ele>
        <time>2025-05-04T09:51:47.000Z</time>
        <extensions>
          <ns3:TrackPointExtension>
            <ns3:hr>166</ns3:hr>
          </ns3:TrackPointExtension>
        </extensions>
      </trkpt>
      <trkpt lat="24.48872747831046581268310546875" lon="118.103183917701244354248046875">
        <ele>8.19999980926513671875</ele>
        <time>2025-05-04T09:51:48.000Z</time>
        <extensions>
          <ns3:TrackPointExtension>
            <ns3:hr>166</ns3:hr>
          </ns3:TrackPointExtension>
        </extensions>
      </trkpt>
      <trkpt lat="24.48869562707841396331787109375" lon="118.1031954847276210784912109375">
        <ele>8</ele>
        <time>2025-05-04T09:51:49.000Z</time>
        <extensions>
          <ns3:TrackPointExtension>
            <ns3:hr>166</ns3:hr>
          </ns3:TrackPointExtension>
        </extensions>
      </trkpt>
      <trkpt lat="24.48866377584636211395263671875" lon="118.10320562683045864105224609375">
        <ele>8</ele>
        <time>2025-05-04T09:51:50.000Z</time>
        <extensions>
          <ns3:TrackPointExtension>
            <ns3:hr>166</ns3:hr>
          </ns3:TrackPointExtension>
        </extensions>
      </trkpt>
      <trkpt lat="24.488596804440021514892578125" lon="118.1032270006835460662841796875">
        <ele>7.599999904632568359375</ele>
        <time>2025-05-04T09:51:51.000Z</time>
        <extensions>
          <ns3:TrackPointExtension>
            <ns3:hr>166</ns3:hr>
          </ns3:TrackPointExtension>
        </extensions>
      </trkpt>
      <trkpt lat="24.4885642826557159423828125" lon="118.10323898680508136749267578125">
        <ele>7.599999904632568359375</ele>
        <time>2025-05-04T09:51:52.000Z</time>
        <extensions>
          <ns3:TrackPointExtension>
            <ns3:hr>166</ns3:hr>
          </ns3:TrackPointExtension>
        </extensions>
      </trkpt>
      <trkpt lat="24.48853201232850551605224609375" lon="118.1032511405646800994873046875">
        <ele>7.80000019073486328125</ele>
        <time>2025-05-04T09:51:53.000Z</time>
        <extensions>
          <ns3:TrackPointExtension>
            <ns3:hr>166</ns3:hr>
          </ns3:TrackPointExtension>
        </extensions>
      </trkpt>
      <trkpt lat="24.48849923908710479736328125" lon="118.1032642163336277008056640625">
        <ele>8</ele>
        <time>2025-05-04T09:51:54.000Z</time>
        <extensions>
          <ns3:TrackPointExtension>
            <ns3:hr>166</ns3:hr>
          </ns3:TrackPointExtension>
        </extensions>
      </trkpt>
      <trkpt lat="24.4884672202169895172119140625" lon="118.1032793037593364715576171875">
        <ele>8.19999980926513671875</ele>
        <time>2025-05-04T09:51:55.000Z</time>
        <extensions>
          <ns3:TrackPointExtension>
            <ns3:hr>166</ns3:hr>
          </ns3:TrackPointExtension>
        </extensions>
      </trkpt>
      <trkpt lat="24.48843729682266712188720703125" lon="118.10329648666083812713623046875">
        <ele>8.19999980926513671875</ele>
        <time>2025-05-04T09:51:56.000Z</time>
        <extensions>
          <ns3:TrackPointExtension>
            <ns3:hr>166</ns3:hr>
          </ns3:TrackPointExtension>
        </extensions>
      </trkpt>
      <trkpt lat="24.4884087145328521728515625" lon="118.1033156812191009521484375">
        <ele>8.19999980926513671875</ele>
        <time>2025-05-04T09:51:57.000Z</time>
        <extensions>
          <ns3:TrackPointExtension>
            <ns3:hr>166</ns3:hr>
          </ns3:TrackPointExtension>
        </extensions>
      </trkpt>
      <trkpt lat="24.48838046751916408538818359375" lon="118.10333621688187122344970703125">
        <ele>8.19999980926513671875</ele>
        <time>2025-05-04T09:51:58.000Z</time>
        <extensions>
          <ns3:TrackPointExtension>
            <ns3:hr>166</ns3:hr>
          </ns3:TrackPointExtension>
        </extensions>
      </trkpt>
      <trkpt lat="24.48835171759128570556640625" lon="118.10335733927786350250244140625">
        <ele>8.80000019073486328125</ele>
        <time>2025-05-04T09:51:59.000Z</time>
        <extensions>
          <ns3:TrackPointExtension>
            <ns3:hr>166</ns3:hr>
          </ns3:TrackPointExtension>
        </extensions>
      </trkpt>
      <trkpt lat="24.4883230514824390411376953125" lon="118.10337946750223636627197265625">
        <ele>9.19999980926513671875</ele>
        <time>2025-05-04T09:52:00.000Z</time>
        <extensions>
          <ns3:TrackPointExtension>
            <ns3:hr>166</ns3:hr>
          </ns3:TrackPointExtension>
        </extensions>
      </trkpt>
      <trkpt lat="24.48829614557325839996337890625" lon="118.10340343974530696868896484375">
        <ele>9.3999996185302734375</ele>
        <time>2025-05-04T09:52:01.000Z</time>
        <extensions>
          <ns3:TrackPointExtension>
            <ns3:hr>166</ns3:hr>
          </ns3:TrackPointExtension>
        </extensions>
      </trkpt>
      <trkpt lat="24.48827183805406093597412109375" lon="118.10343026183545589447021484375">
        <ele>9.6000003814697265625</ele>
        <time>2025-05-04T09:52:02.000Z</time>
        <extensions>
          <ns3:TrackPointExtension>
            <ns3:hr>166</ns3:hr>
          </ns3:TrackPointExtension>
        </extensions>
      </trkpt>
      <trkpt lat="24.48824937455356121063232421875" lon="118.10346093960106372833251953125">
        <ele>9.6000003814697265625</ele>
        <time>2025-05-04T09:52:03.000Z</time>
        <extensions>
          <ns3:TrackPointExtension>
            <ns3:hr>166</ns3:hr>
          </ns3:TrackPointExtension>
        </extensions>
      </trkpt>
      <trkpt lat="24.4882298447191715240478515625" lon="118.1034942157566547393798828125">
        <ele>9.6000003814697265625</ele>
        <time>2025-05-04T09:52:04.000Z</time>
        <extensions>
          <ns3:TrackPointExtension>
            <ns3:hr>166</ns3:hr>
          </ns3:TrackPointExtension>
        </extensions>
      </trkpt>
      <trkpt lat="24.48821467347443103790283203125" lon="118.1035294197499752044677734375">
        <ele>9.80000019073486328125</ele>
        <time>2025-05-04T09:52:05.000Z</time>
        <extensions>
          <ns3:TrackPointExtension>
            <ns3:hr>166</ns3:hr>
          </ns3:TrackPointExtension>
        </extensions>
      </trkpt>
      <trkpt lat="24.48820285499095916748046875" lon="118.10356579720973968505859375">
        <ele>9.80000019073486328125</ele>
        <time>2025-05-04T09:52:06.000Z</time>
        <extensions>
          <ns3:TrackPointExtension>
            <ns3:hr>166</ns3:hr>
          </ns3:TrackPointExtension>
        </extensions>
      </trkpt>
      <trkpt lat="24.48819388635456562042236328125" lon="118.10360343195497989654541015625">
        <ele>9.80000019073486328125</ele>
        <time>2025-05-04T09:52:07.000Z</time>
        <extensions>
          <ns3:TrackPointExtension>
            <ns3:hr>166</ns3:hr>
          </ns3:TrackPointExtension>
        </extensions>
      </trkpt>
      <trkpt lat="24.488187767565250396728515625" lon="118.1036424078047275543212890625">
        <ele>9.80000019073486328125</ele>
        <time>2025-05-04T09:52:08.000Z</time>
        <extensions>
          <ns3:TrackPointExtension>
            <ns3:hr>166</ns3:hr>
          </ns3:TrackPointExtension>
        </extensions>
      </trkpt>
      <trkpt lat="24.48818483389914035797119140625" lon="118.103682138025760650634765625">
        <ele>9.6000003814697265625</ele>
        <time>2025-05-04T09:52:09.000Z</time>
        <extensions>
          <ns3:TrackPointExtension>
            <ns3:hr>166</ns3:hr>
          </ns3:TrackPointExtension>
        </extensions>
      </trkpt>
      <trkpt lat="24.488184750080108642578125" lon="118.103723041713237762451171875">
        <ele>9</ele>
        <time>2025-05-04T09:52:10.000Z</time>
        <extensions>
          <ns3:TrackPointExtension>
            <ns3:hr>165</ns3:hr>
          </ns3:TrackPointExtension>
        </extensions>
      </trkpt>
      <trkpt lat="24.48818801902234554290771484375" lon="118.10376335866749286651611328125">
        <ele>8.3999996185302734375</ele>
        <time>2025-05-04T09:52:11.000Z</time>
        <extensions>
          <ns3:TrackPointExtension>
            <ns3:hr>165</ns3:hr>
          </ns3:TrackPointExtension>
        </extensions>
      </trkpt>
      <trkpt lat="24.48819522745907306671142578125" lon="118.103802502155303955078125">
        <ele>7.80000019073486328125</ele>
        <time>2025-05-04T09:52:12.000Z</time>
        <extensions>
          <ns3:TrackPointExtension>
            <ns3:hr>165</ns3:hr>
          </ns3:TrackPointExtension>
        </extensions>
      </trkpt>
      <trkpt lat="24.48820562101900577545166015625" lon="118.1038402207195758819580078125">
        <ele>7.19999980926513671875</ele>
        <time>2025-05-04T09:52:13.000Z</time>
        <extensions>
          <ns3:TrackPointExtension>
            <ns3:hr>165</ns3:hr>
          </ns3:TrackPointExtension>
        </extensions>
      </trkpt>
      <trkpt lat="24.48821852914988994598388671875" lon="118.10387718491256237030029296875">
        <ele>6.599999904632568359375</ele>
        <time>2025-05-04T09:52:14.000Z</time>
        <extensions>
          <ns3:TrackPointExtension>
            <ns3:hr>166</ns3:hr>
          </ns3:TrackPointExtension>
        </extensions>
      </trkpt>
      <trkpt lat="24.48823428712785243988037109375" lon="118.1039126403629779815673828125">
        <ele>5.80000019073486328125</ele>
        <time>2025-05-04T09:52:15.000Z</time>
        <extensions>
          <ns3:TrackPointExtension>
            <ns3:hr>166</ns3:hr>
          </ns3:TrackPointExtension>
        </extensions>
      </trkpt>
      <trkpt lat="24.4882533140480518341064453125" lon="118.10394507832825183868408203125">
        <ele>5.400000095367431640625</ele>
        <time>2025-05-04T09:52:16.000Z</time>
        <extensions>
          <ns3:TrackPointExtension>
            <ns3:hr>166</ns3:hr>
          </ns3:TrackPointExtension>
        </extensions>
      </trkpt>
      <trkpt lat="24.48827418498694896697998046875" lon="118.1039753369987010955810546875">
        <ele>5.19999980926513671875</ele>
        <time>2025-05-04T09:52:17.000Z</time>
        <extensions>
          <ns3:TrackPointExtension>
            <ns3:hr>166</ns3:hr>
          </ns3:TrackPointExtension>
        </extensions>
      </trkpt>
      <trkpt lat="24.4882965646684169769287109375" lon="118.10400492511689662933349609375">
        <ele>5</ele>
        <time>2025-05-04T09:52:18.000Z</time>
        <extensions>
          <ns3:TrackPointExtension>
            <ns3:hr>166</ns3:hr>
          </ns3:TrackPointExtension>
        </extensions>
      </trkpt>
      <trkpt lat="24.48832087218761444091796875" lon="118.10403392650187015533447265625">
        <ele>4.80000019073486328125</ele>
        <time>2025-05-04T09:52:19.000Z</time>
        <extensions>
          <ns3:TrackPointExtension>
            <ns3:hr>166</ns3:hr>
          </ns3:TrackPointExtension>
        </extensions>
      </trkpt>
      <trkpt lat="24.4883470237255096435546875" lon="118.10406108386814594268798828125">
        <ele>4.80000019073486328125</ele>
        <time>2025-05-04T09:52:20.000Z</time>
        <extensions>
          <ns3:TrackPointExtension>
            <ns3:hr>166</ns3:hr>
          </ns3:TrackPointExtension>
        </extensions>
      </trkpt>
      <trkpt lat="24.4883738458156585693359375" lon="118.1040853075683116912841796875">
        <ele>4.599999904632568359375</ele>
        <time>2025-05-04T09:52:21.000Z</time>
        <extensions>
          <ns3:TrackPointExtension>
            <ns3:hr>167</ns3:hr>
          </ns3:TrackPointExtension>
        </extensions>
      </trkpt>
      <trkpt lat="24.48840309865772724151611328125" lon="118.10410584323108196258544921875">
        <ele>4.400000095367431640625</ele>
        <time>2025-05-04T09:52:22.000Z</time>
        <extensions>
          <ns3:TrackPointExtension>
            <ns3:hr>167</ns3:hr>
          </ns3:TrackPointExtension>
        </extensions>
      </trkpt>
      <trkpt lat="24.4884360395371913909912109375" lon="118.10412277467548847198486328125">
        <ele>4</ele>
        <time>2025-05-04T09:52:23.000Z</time>
        <extensions>
          <ns3:TrackPointExtension>
            <ns3:hr>167</ns3:hr>
          </ns3:TrackPointExtension>
        </extensions>
      </trkpt>
      <trkpt lat="24.4884699024260044097900390625" lon="118.1041355989873409271240234375">
        <ele>4.19999980926513671875</ele>
        <time>2025-05-04T09:52:24.000Z</time>
        <extensions>
          <ns3:TrackPointExtension>
            <ns3:hr>167</ns3:hr>
          </ns3:TrackPointExtension>
        </extensions>
      </trkpt>
      <trkpt lat="24.48850401677191257476806640625" lon="118.104144148528575897216796875">
        <ele>4.400000095367431640625</ele>
        <time>2025-05-04T09:52:25.000Z</time>
        <extensions>
          <ns3:TrackPointExtension>
            <ns3:hr>167</ns3:hr>
          </ns3:TrackPointExtension>
        </extensions>
      </trkpt>
      <trkpt lat="24.488538801670074462890625" lon="118.10415051877498626708984375">
        <ele>4.599999904632568359375</ele>
        <time>2025-05-04T09:52:26.000Z</time>
        <extensions>
          <ns3:TrackPointExtension>
            <ns3:hr>167</ns3:hr>
          </ns3:TrackPointExtension>
        </extensions>
      </trkpt>
      <trkpt lat="24.48857509531080722808837890625" lon="118.10415613465011119842529296875">
        <ele>5</ele>
        <time>2025-05-04T09:52:27.000Z</time>
        <extensions>
          <ns3:TrackPointExtension>
            <ns3:hr>167</ns3:hr>
          </ns3:TrackPointExtension>
        </extensions>
      </trkpt>
      <trkpt lat="24.4886113889515399932861328125" lon="118.104160241782665252685546875">
        <ele>5.19999980926513671875</ele>
        <time>2025-05-04T09:52:28.000Z</time>
        <extensions>
          <ns3:TrackPointExtension>
            <ns3:hr>167</ns3:hr>
          </ns3:TrackPointExtension>
        </extensions>
      </trkpt>
      <trkpt lat="24.488646090030670166015625" lon="118.10416133143007755279541015625">
        <ele>5.400000095367431640625</ele>
        <time>2025-05-04T09:52:29.000Z</time>
        <extensions>
          <ns3:TrackPointExtension>
            <ns3:hr>167</ns3:hr>
          </ns3:TrackPointExtension>
        </extensions>
      </trkpt>
      <trkpt lat="24.48868070729076862335205078125" lon="118.104158230125904083251953125">
        <ele>5.599999904632568359375</ele>
        <time>2025-05-04T09:52:30.000Z</time>
        <extensions>
          <ns3:TrackPointExtension>
            <ns3:hr>167</ns3:hr>
          </ns3:TrackPointExtension>
        </extensions>
      </trkpt>
      <trkpt lat="24.488715492188930511474609375" lon="118.1041506864130496978759765625">
        <ele>5.80000019073486328125</ele>
        <time>2025-05-04T09:52:31.000Z</time>
        <extensions>
          <ns3:TrackPointExtension>
            <ns3:hr>167</ns3:hr>
          </ns3:TrackPointExtension>
        </extensions>
      </trkpt>
      <trkpt lat="24.4887491874396800994873046875" lon="118.104140125215053558349609375">
        <ele>6.19999980926513671875</ele>
        <time>2025-05-04T09:52:32.000Z</time>
        <extensions>
          <ns3:TrackPointExtension>
            <ns3:hr>167</ns3:hr>
          </ns3:TrackPointExtension>
        </extensions>
      </trkpt>
      <trkpt lat="24.48878246359527111053466796875" lon="118.10412771999835968017578125">
        <ele>7</ele>
        <time>2025-05-04T09:52:33.000Z</time>
        <extensions>
          <ns3:TrackPointExtension>
            <ns3:hr>167</ns3:hr>
          </ns3:TrackPointExtension>
        </extensions>
      </trkpt>
      <trkpt lat="24.48881632648408412933349609375" lon="118.104113638401031494140625">
        <ele>7.599999904632568359375</ele>
        <time>2025-05-04T09:52:34.000Z</time>
        <extensions>
          <ns3:TrackPointExtension>
            <ns3:hr>167</ns3:hr>
          </ns3:TrackPointExtension>
        </extensions>
      </trkpt>
      <trkpt lat="24.48884884826838970184326171875" lon="118.10409947298467159271240234375">
        <ele>8.19999980926513671875</ele>
        <time>2025-05-04T09:52:35.000Z</time>
        <extensions>
          <ns3:TrackPointExtension>
            <ns3:hr>167</ns3:hr>
          </ns3:TrackPointExtension>
        </extensions>
      </trkpt>
      <trkpt lat="24.488881118595600128173828125" lon="118.10408639721572399139404296875">
        <ele>8.80000019073486328125</ele>
        <time>2025-05-04T09:52:36.000Z</time>
        <extensions>
          <ns3:TrackPointExtension>
            <ns3:hr>167</ns3:hr>
          </ns3:TrackPointExtension>
        </extensions>
      </trkpt>
      <trkpt lat="24.4889141432940959930419921875" lon="118.10407382436096668243408203125">
        <ele>9.19999980926513671875</ele>
        <time>2025-05-04T09:52:37.000Z</time>
        <extensions>
          <ns3:TrackPointExtension>
            <ns3:hr>167</ns3:hr>
          </ns3:TrackPointExtension>
        </extensions>
      </trkpt>
      <trkpt lat="24.48894792236387729644775390625" lon="118.10406141914427280426025390625">
        <ele>9.6000003814697265625</ele>
        <time>2025-05-04T09:52:38.000Z</time>
        <extensions>
          <ns3:TrackPointExtension>
            <ns3:hr>168</ns3:hr>
          </ns3:TrackPointExtension>
        </extensions>
      </trkpt>
      <trkpt lat="24.48898136615753173828125" lon="118.10404985211789608001708984375">
        <ele>10</ele>
        <time>2025-05-04T09:52:39.000Z</time>
        <extensions>
          <ns3:TrackPointExtension>
            <ns3:hr>168</ns3:hr>
          </ns3:TrackPointExtension>
        </extensions>
      </trkpt>
      <trkpt lat="24.4890140555799007415771484375" lon="118.1040393747389316558837890625">
        <ele>10</ele>
        <time>2025-05-04T09:52:40.000Z</time>
        <extensions>
          <ns3:TrackPointExtension>
            <ns3:hr>168</ns3:hr>
          </ns3:TrackPointExtension>
        </extensions>
      </trkpt>
      <trkpt lat="24.48904666118323802947998046875" lon="118.104029484093189239501953125">
        <ele>9.80000019073486328125</ele>
        <time>2025-05-04T09:52:41.000Z</time>
        <extensions>
          <ns3:TrackPointExtension>
            <ns3:hr>168</ns3:hr>
          </ns3:TrackPointExtension>
        </extensions>
      </trkpt>
      <trkpt lat="24.48907901532948017120361328125" lon="118.10401900671422481536865234375">
        <ele>9.6000003814697265625</ele>
        <time>2025-05-04T09:52:42.000Z</time>
        <extensions>
          <ns3:TrackPointExtension>
            <ns3:hr>168</ns3:hr>
          </ns3:TrackPointExtension>
        </extensions>
      </trkpt>
      <trkpt lat="24.489111788570880889892578125" lon="118.10400727204978466033935546875">
        <ele>10</ele>
        <time>2025-05-04T09:52:43.000Z</time>
        <extensions>
          <ns3:TrackPointExtension>
            <ns3:hr>168</ns3:hr>
          </ns3:TrackPointExtension>
        </extensions>
      </trkpt>
      <trkpt lat="24.4891444779932498931884765625" lon="118.1039947830140590667724609375">
        <ele>10.3999996185302734375</ele>
        <time>2025-05-04T09:52:44.000Z</time>
        <extensions>
          <ns3:TrackPointExtension>
            <ns3:hr>168</ns3:hr>
          </ns3:TrackPointExtension>
        </extensions>
      </trkpt>
      <trkpt lat="24.48917875997722148895263671875" lon="118.10398212634027004241943359375">
        <ele>10.80000019073486328125</ele>
        <time>2025-05-04T09:52:45.000Z</time>
        <extensions>
          <ns3:TrackPointExtension>
            <ns3:hr>168</ns3:hr>
          </ns3:TrackPointExtension>
        </extensions>
      </trkpt>
      <trkpt lat="24.48921413160860538482666015625" lon="118.1039696373045444488525390625">
        <ele>11.19999980926513671875</ele>
        <time>2025-05-04T09:52:46.000Z</time>
        <extensions>
          <ns3:TrackPointExtension>
            <ns3:hr>168</ns3:hr>
          </ns3:TrackPointExtension>
        </extensions>
      </trkpt>
      <trkpt lat="24.489247910678386688232421875" lon="118.10395605862140655517578125">
        <ele>11.6000003814697265625</ele>
        <time>2025-05-04T09:52:47.000Z</time>
        <extensions>
          <ns3:TrackPointExtension>
            <ns3:hr>168</ns3:hr>
          </ns3:TrackPointExtension>
        </extensions>
      </trkpt>
      <trkpt lat="24.48927976191043853759765625" lon="118.103941977024078369140625">
        <ele>12</ele>
        <time>2025-05-04T09:52:48.000Z</time>
        <extensions>
          <ns3:TrackPointExtension>
            <ns3:hr>168</ns3:hr>
          </ns3:TrackPointExtension>
        </extensions>
      </trkpt>
      <trkpt lat="24.48931203223764896392822265625" lon="118.103928230702877044677734375">
        <ele>11.19999980926513671875</ele>
        <time>2025-05-04T09:52:49.000Z</time>
        <extensions>
          <ns3:TrackPointExtension>
            <ns3:hr>168</ns3:hr>
          </ns3:TrackPointExtension>
        </extensions>
      </trkpt>
      <trkpt lat="24.4893449731171131134033203125" lon="118.1039136461913585662841796875">
        <ele>10.6000003814697265625</ele>
        <time>2025-05-04T09:52:50.000Z</time>
        <extensions>
          <ns3:TrackPointExtension>
            <ns3:hr>168</ns3:hr>
          </ns3:TrackPointExtension>
        </extensions>
      </trkpt>
      <trkpt lat="24.4893774949014186859130859375" lon="118.103898726403713226318359375">
        <ele>9.80000019073486328125</ele>
        <time>2025-05-04T09:52:51.000Z</time>
        <extensions>
          <ns3:TrackPointExtension>
            <ns3:hr>168</ns3:hr>
          </ns3:TrackPointExtension>
        </extensions>
      </trkpt>
      <trkpt lat="24.4894100166857242584228515625" lon="118.1038841418921947479248046875">
        <ele>9</ele>
        <time>2025-05-04T09:52:52.000Z</time>
        <extensions>
          <ns3:TrackPointExtension>
            <ns3:hr>168</ns3:hr>
          </ns3:TrackPointExtension>
        </extensions>
      </trkpt>
      <trkpt lat="24.48944245465099811553955078125" lon="118.10386947356164455413818359375">
        <ele>8.19999980926513671875</ele>
        <time>2025-05-04T09:52:53.000Z</time>
        <extensions>
          <ns3:TrackPointExtension>
            <ns3:hr>168</ns3:hr>
          </ns3:TrackPointExtension>
        </extensions>
      </trkpt>
      <trkpt lat="24.489474557340145111083984375" lon="118.10385254211723804473876953125">
        <ele>7.599999904632568359375</ele>
        <time>2025-05-04T09:52:54.000Z</time>
        <extensions>
          <ns3:TrackPointExtension>
            <ns3:hr>168</ns3:hr>
          </ns3:TrackPointExtension>
        </extensions>
      </trkpt>
      <trkpt lat="24.4895048998296260833740234375" lon="118.10383225791156291961669921875">
        <ele>7.19999980926513671875</ele>
        <time>2025-05-04T09:52:55.000Z</time>
        <extensions>
          <ns3:TrackPointExtension>
            <ns3:hr>168</ns3:hr>
          </ns3:TrackPointExtension>
        </extensions>
      </trkpt>
      <trkpt lat="24.4895327277481555938720703125" lon="118.1038090400397777557373046875">
        <ele>6.80000019073486328125</ele>
        <time>2025-05-04T09:52:56.000Z</time>
        <extensions>
          <ns3:TrackPointExtension>
            <ns3:hr>168</ns3:hr>
          </ns3:TrackPointExtension>
        </extensions>
      </trkpt>
      <trkpt lat="24.4895568676292896270751953125" lon="118.103781379759311676025390625">
        <ele>6.400000095367431640625</ele>
        <time>2025-05-04T09:52:57.000Z</time>
        <extensions>
          <ns3:TrackPointExtension>
            <ns3:hr>168</ns3:hr>
          </ns3:TrackPointExtension>
        </extensions>
      </trkpt>
      <trkpt lat="24.489577822387218475341796875" lon="118.1037500314414501190185546875">
        <ele>6.19999980926513671875</ele>
        <time>2025-05-04T09:52:58.000Z</time>
        <extensions>
          <ns3:TrackPointExtension>
            <ns3:hr>168</ns3:hr>
          </ns3:TrackPointExtension>
        </extensions>
      </trkpt>
      <trkpt lat="24.489597268402576446533203125" lon="118.103718347847461700439453125">
        <ele>6</ele>
        <time>2025-05-04T09:52:59.000Z</time>
        <extensions>
          <ns3:TrackPointExtension>
            <ns3:hr>168</ns3:hr>
          </ns3:TrackPointExtension>
        </extensions>
      </trkpt>
      <trkpt lat="24.48961579240858554840087890625" lon="118.10368456877768039703369140625">
        <ele>5.80000019073486328125</ele>
        <time>2025-05-04T09:53:00.000Z</time>
        <extensions>
          <ns3:TrackPointExtension>
            <ns3:hr>168</ns3:hr>
          </ns3:TrackPointExtension>
        </extensions>
      </trkpt>
      <trkpt lat="24.48963289149105548858642578125" lon="118.10364626348018646240234375">
        <ele>5.80000019073486328125</ele>
        <time>2025-05-04T09:53:01.000Z</time>
        <extensions>
          <ns3:TrackPointExtension>
            <ns3:hr>168</ns3:hr>
          </ns3:TrackPointExtension>
        </extensions>
      </trkpt>
      <trkpt lat="24.4896467216312885284423828125" lon="118.1036061979830265045166015625">
        <ele>5.599999904632568359375</ele>
        <time>2025-05-04T09:53:02.000Z</time>
        <extensions>
          <ns3:TrackPointExtension>
            <ns3:hr>168</ns3:hr>
          </ns3:TrackPointExtension>
        </extensions>
      </trkpt>
      <trkpt lat="24.489655606448650360107421875" lon="118.1035678088665008544921875">
        <ele>5.599999904632568359375</ele>
        <time>2025-05-04T09:53:03.000Z</time>
        <extensions>
          <ns3:TrackPointExtension>
            <ns3:hr>167</ns3:hr>
          </ns3:TrackPointExtension>
        </extensions>
      </trkpt>
      <trkpt lat="24.489660300314426422119140625" lon="118.10353034175932407379150390625">
        <ele>5.599999904632568359375</ele>
        <time>2025-05-04T09:53:04.000Z</time>
        <extensions>
          <ns3:TrackPointExtension>
            <ns3:hr>167</ns3:hr>
          </ns3:TrackPointExtension>
        </extensions>
      </trkpt>
      <trkpt lat="24.48966273106634616851806640625" lon="118.10349203646183013916015625">
        <ele>5.599999904632568359375</ele>
        <time>2025-05-04T09:53:05.000Z</time>
        <extensions>
          <ns3:TrackPointExtension>
            <ns3:hr>167</ns3:hr>
          </ns3:TrackPointExtension>
        </extensions>
      </trkpt>
      <trkpt lat="24.48966306634247303009033203125" lon="118.10345339588820934295654296875">
        <ele>5.599999904632568359375</ele>
        <time>2025-05-04T09:53:06.000Z</time>
        <extensions>
          <ns3:TrackPointExtension>
            <ns3:hr>167</ns3:hr>
          </ns3:TrackPointExtension>
        </extensions>
      </trkpt>
      <trkpt lat="24.48966021649539470672607421875" lon="118.1034147553145885467529296875">
        <ele>5.599999904632568359375</ele>
        <time>2025-05-04T09:53:07.000Z</time>
        <extensions>
          <ns3:TrackPointExtension>
            <ns3:hr>167</ns3:hr>
          </ns3:TrackPointExtension>
        </extensions>
      </trkpt>
      <trkpt lat="24.48965401388704776763916015625" lon="118.10337762348353862762451171875">
        <ele>5.599999904632568359375</ele>
        <time>2025-05-04T09:53:08.000Z</time>
        <extensions>
          <ns3:TrackPointExtension>
            <ns3:hr>167</ns3:hr>
          </ns3:TrackPointExtension>
        </extensions>
      </trkpt>
      <trkpt lat="24.48964445851743221282958984375" lon="118.10334208421409130096435546875">
        <ele>5.80000019073486328125</ele>
        <time>2025-05-04T09:53:09.000Z</time>
        <extensions>
          <ns3:TrackPointExtension>
            <ns3:hr>168</ns3:hr>
          </ns3:TrackPointExtension>
        </extensions>
      </trkpt>
      <trkpt lat="24.489632807672023773193359375" lon="118.103307969868183135986328125">
        <ele>6</ele>
        <time>2025-05-04T09:53:10.000Z</time>
        <extensions>
          <ns3:TrackPointExtension>
            <ns3:hr>168</ns3:hr>
          </ns3:TrackPointExtension>
        </extensions>
      </trkpt>
      <trkpt lat="24.48961964808404445648193359375" lon="118.103274442255496978759765625">
        <ele>6.19999980926513671875</ele>
        <time>2025-05-04T09:53:11.000Z</time>
        <extensions>
          <ns3:TrackPointExtension>
            <ns3:hr>168</ns3:hr>
          </ns3:TrackPointExtension>
        </extensions>
      </trkpt>
      <trkpt lat="24.489604644477367401123046875" lon="118.10324049554765224456787109375">
        <ele>6.400000095367431640625</ele>
        <time>2025-05-04T09:53:12.000Z</time>
        <extensions>
          <ns3:TrackPointExtension>
            <ns3:hr>168</ns3:hr>
          </ns3:TrackPointExtension>
        </extensions>
      </trkpt>
      <trkpt lat="24.48958712629973888397216796875" lon="118.10320680029690265655517578125">
        <ele>6.599999904632568359375</ele>
        <time>2025-05-04T09:53:13.000Z</time>
        <extensions>
          <ns3:TrackPointExtension>
            <ns3:hr>168</ns3:hr>
          </ns3:TrackPointExtension>
        </extensions>
      </trkpt>
      <trkpt lat="24.4895669259130954742431640625" lon="118.10317444615066051483154296875">
        <ele>6.80000019073486328125</ele>
        <time>2025-05-04T09:53:14.000Z</time>
        <extensions>
          <ns3:TrackPointExtension>
            <ns3:hr>168</ns3:hr>
          </ns3:TrackPointExtension>
        </extensions>
      </trkpt>
      <trkpt lat="24.48954404331743717193603515625" lon="118.10314527712762355804443359375">
        <ele>6.80000019073486328125</ele>
        <time>2025-05-04T09:53:15.000Z</time>
        <extensions>
          <ns3:TrackPointExtension>
            <ns3:hr>168</ns3:hr>
          </ns3:TrackPointExtension>
        </extensions>
      </trkpt>
      <trkpt lat="24.4895189814269542694091796875" lon="118.10311946086585521697998046875">
        <ele>7</ele>
        <time>2025-05-04T09:53:16.000Z</time>
        <extensions>
          <ns3:TrackPointExtension>
            <ns3:hr>168</ns3:hr>
          </ns3:TrackPointExtension>
        </extensions>
      </trkpt>
      <trkpt lat="24.48949241079390048980712890625" lon="118.10309649445116519927978515625">
        <ele>7.19999980926513671875</ele>
        <time>2025-05-04T09:53:17.000Z</time>
        <extensions>
          <ns3:TrackPointExtension>
            <ns3:hr>168</ns3:hr>
          </ns3:TrackPointExtension>
        </extensions>
      </trkpt>
      <trkpt lat="24.48946391232311725616455078125" lon="118.1030771322548389434814453125">
        <ele>7.400000095367431640625</ele>
        <time>2025-05-04T09:53:18.000Z</time>
        <extensions>
          <ns3:TrackPointExtension>
            <ns3:hr>168</ns3:hr>
          </ns3:TrackPointExtension>
        </extensions>
      </trkpt>
      <trkpt lat="24.4894338212907314300537109375" lon="118.1030617095530033111572265625">
        <ele>7.599999904632568359375</ele>
        <time>2025-05-04T09:53:19.000Z</time>
        <extensions>
          <ns3:TrackPointExtension>
            <ns3:hr>167</ns3:hr>
          </ns3:TrackPointExtension>
        </extensions>
      </trkpt>
      <trkpt lat="24.4894029758870601654052734375" lon="118.10304871760308742523193359375">
        <ele>7.80000019073486328125</ele>
        <time>2025-05-04T09:53:20.000Z</time>
        <extensions>
          <ns3:TrackPointExtension>
            <ns3:hr>167</ns3:hr>
          </ns3:TrackPointExtension>
        </extensions>
      </trkpt>
      <trkpt lat="24.48937137611210346221923828125" lon="118.10303765349090099334716796875">
        <ele>8</ele>
        <time>2025-05-04T09:53:21.000Z</time>
        <extensions>
          <ns3:TrackPointExtension>
            <ns3:hr>167</ns3:hr>
          </ns3:TrackPointExtension>
        </extensions>
      </trkpt>
      <trkpt lat="24.489337764680385589599609375" lon="118.10302876867353916168212890625">
        <ele>8</ele>
        <time>2025-05-04T09:53:22.000Z</time>
        <extensions>
          <ns3:TrackPointExtension>
            <ns3:hr>167</ns3:hr>
          </ns3:TrackPointExtension>
        </extensions>
      </trkpt>
      <trkpt lat="24.4893023930490016937255859375" lon="118.1030218116939067840576171875">
        <ele>8.19999980926513671875</ele>
        <time>2025-05-04T09:53:23.000Z</time>
        <extensions>
          <ns3:TrackPointExtension>
            <ns3:hr>167</ns3:hr>
          </ns3:TrackPointExtension>
        </extensions>
      </trkpt>
      <trkpt lat="24.48926676996052265167236328125" lon="118.1030174531042575836181640625">
        <ele>8.3999996185302734375</ele>
        <time>2025-05-04T09:53:24.000Z</time>
        <extensions>
          <ns3:TrackPointExtension>
            <ns3:hr>167</ns3:hr>
          </ns3:TrackPointExtension>
        </extensions>
      </trkpt>
      <trkpt lat="24.48923223651945590972900390625" lon="118.103016950190067291259765625">
        <ele>8.3999996185302734375</ele>
        <time>2025-05-04T09:53:25.000Z</time>
        <extensions>
          <ns3:TrackPointExtension>
            <ns3:hr>167</ns3:hr>
          </ns3:TrackPointExtension>
        </extensions>
      </trkpt>
      <trkpt lat="24.48919795453548431396484375" lon="118.1030206382274627685546875">
        <ele>8.6000003814697265625</ele>
        <time>2025-05-04T09:53:26.000Z</time>
        <extensions>
          <ns3:TrackPointExtension>
            <ns3:hr>167</ns3:hr>
          </ns3:TrackPointExtension>
        </extensions>
      </trkpt>
      <trkpt lat="24.48916333727538585662841796875" lon="118.10302801430225372314453125">
        <ele>8.3999996185302734375</ele>
        <time>2025-05-04T09:53:27.000Z</time>
        <extensions>
          <ns3:TrackPointExtension>
            <ns3:hr>168</ns3:hr>
          </ns3:TrackPointExtension>
        </extensions>
      </trkpt>
      <trkpt lat="24.4891280494630336761474609375" lon="118.10303782112896442413330078125">
        <ele>8.19999980926513671875</ele>
        <time>2025-05-04T09:53:28.000Z</time>
        <extensions>
          <ns3:TrackPointExtension>
            <ns3:hr>168</ns3:hr>
          </ns3:TrackPointExtension>
        </extensions>
      </trkpt>
      <trkpt lat="24.4890940189361572265625" lon="118.1030489690601825714111328125">
        <ele>8</ele>
        <time>2025-05-04T09:53:29.000Z</time>
        <extensions>
          <ns3:TrackPointExtension>
            <ns3:hr>168</ns3:hr>
          </ns3:TrackPointExtension>
        </extensions>
      </trkpt>
      <trkpt lat="24.48906124569475650787353515625" lon="118.103060536086559295654296875">
        <ele>7.599999904632568359375</ele>
        <time>2025-05-04T09:53:30.000Z</time>
        <extensions>
          <ns3:TrackPointExtension>
            <ns3:hr>168</ns3:hr>
          </ns3:TrackPointExtension>
        </extensions>
      </trkpt>
      <trkpt lat="24.4890281371772289276123046875" lon="118.10307134874165058135986328125">
        <ele>7.400000095367431640625</ele>
        <time>2025-05-04T09:53:31.000Z</time>
        <extensions>
          <ns3:TrackPointExtension>
            <ns3:hr>168</ns3:hr>
          </ns3:TrackPointExtension>
        </extensions>
      </trkpt>
      <trkpt lat="24.488994441926479339599609375" lon="118.10308241285383701324462890625">
        <ele>7.19999980926513671875</ele>
        <time>2025-05-04T09:53:32.000Z</time>
        <extensions>
          <ns3:TrackPointExtension>
            <ns3:hr>168</ns3:hr>
          </ns3:TrackPointExtension>
        </extensions>
      </trkpt>
      <trkpt lat="24.4889612495899200439453125" lon="118.10309481807053089141845703125">
        <ele>7.400000095367431640625</ele>
        <time>2025-05-04T09:53:33.000Z</time>
        <extensions>
          <ns3:TrackPointExtension>
            <ns3:hr>168</ns3:hr>
          </ns3:TrackPointExtension>
        </extensions>
      </trkpt>
      <trkpt lat="24.48892881162464618682861328125" lon="118.1031076423823833465576171875">
        <ele>7.599999904632568359375</ele>
        <time>2025-05-04T09:53:34.000Z</time>
        <extensions>
          <ns3:TrackPointExtension>
            <ns3:hr>168</ns3:hr>
          </ns3:TrackPointExtension>
        </extensions>
      </trkpt>
      <trkpt lat="24.48889545165002346038818359375" lon="118.103120885789394378662109375">
        <ele>7.80000019073486328125</ele>
        <time>2025-05-04T09:53:35.000Z</time>
        <extensions>
          <ns3:TrackPointExtension>
            <ns3:hr>168</ns3:hr>
          </ns3:TrackPointExtension>
        </extensions>
      </trkpt>
      <trkpt lat="24.48886133730411529541015625" lon="118.1031332910060882568359375">
        <ele>8</ele>
        <time>2025-05-04T09:53:36.000Z</time>
        <extensions>
          <ns3:TrackPointExtension>
            <ns3:hr>168</ns3:hr>
          </ns3:TrackPointExtension>
        </extensions>
      </trkpt>
      <trkpt lat="24.488796629011631011962890625" lon="118.10315382666885852813720703125">
        <ele>8.3999996185302734375</ele>
        <time>2025-05-04T09:53:38.000Z</time>
        <extensions>
          <ns3:TrackPointExtension>
            <ns3:hr>168</ns3:hr>
          </ns3:TrackPointExtension>
        </extensions>
      </trkpt>
      <trkpt lat="24.48876419104635715484619140625" lon="118.10316346585750579833984375">
        <ele>8.6000003814697265625</ele>
        <time>2025-05-04T09:53:39.000Z</time>
        <extensions>
          <ns3:TrackPointExtension>
            <ns3:hr>168</ns3:hr>
          </ns3:TrackPointExtension>
        </extensions>
      </trkpt>
      <trkpt lat="24.4887297414243221282958984375" lon="118.10317427851259708404541015625">
        <ele>8.19999980926513671875</ele>
        <time>2025-05-04T09:53:40.000Z</time>
        <extensions>
          <ns3:TrackPointExtension>
            <ns3:hr>168</ns3:hr>
          </ns3:TrackPointExtension>
        </extensions>
      </trkpt>
      <trkpt lat="24.4886945374310016632080078125" lon="118.10318551026284694671630859375">
        <ele>8.19999980926513671875</ele>
        <time>2025-05-04T09:53:41.000Z</time>
        <extensions>
          <ns3:TrackPointExtension>
            <ns3:hr>168</ns3:hr>
          </ns3:TrackPointExtension>
        </extensions>
      </trkpt>
      <trkpt lat="24.4886616803705692291259765625" lon="118.10319623909890651702880859375">
        <ele>8</ele>
        <time>2025-05-04T09:53:42.000Z</time>
        <extensions>
          <ns3:TrackPointExtension>
            <ns3:hr>168</ns3:hr>
          </ns3:TrackPointExtension>
        </extensions>
      </trkpt>
      <trkpt lat="24.4886308349668979644775390625" lon="118.1032075546681880950927734375">
        <ele>7.80000019073486328125</ele>
        <time>2025-05-04T09:53:43.000Z</time>
        <extensions>
          <ns3:TrackPointExtension>
            <ns3:hr>168</ns3:hr>
          </ns3:TrackPointExtension>
        </extensions>
      </trkpt>
      <trkpt lat="24.48859940283000469207763671875" lon="118.1032199598848819732666015625">
        <ele>7.80000019073486328125</ele>
        <time>2025-05-04T09:53:44.000Z</time>
        <extensions>
          <ns3:TrackPointExtension>
            <ns3:hr>168</ns3:hr>
          </ns3:TrackPointExtension>
        </extensions>
      </trkpt>
      <trkpt lat="24.488566629588603973388671875" lon="118.10323311947286128997802734375">
        <ele>7.599999904632568359375</ele>
        <time>2025-05-04T09:53:45.000Z</time>
        <extensions>
          <ns3:TrackPointExtension>
            <ns3:hr>168</ns3:hr>
          </ns3:TrackPointExtension>
        </extensions>
      </trkpt>
      <trkpt lat="24.48853352107107639312744140625" lon="118.10324636287987232208251953125">
        <ele>7.80000019073486328125</ele>
        <time>2025-05-04T09:53:46.000Z</time>
        <extensions>
          <ns3:TrackPointExtension>
            <ns3:hr>168</ns3:hr>
          </ns3:TrackPointExtension>
        </extensions>
      </trkpt>
      <trkpt lat="24.488501586019992828369140625" lon="118.10325910337269306182861328125">
        <ele>8</ele>
        <time>2025-05-04T09:53:47.000Z</time>
        <extensions>
          <ns3:TrackPointExtension>
            <ns3:hr>168</ns3:hr>
          </ns3:TrackPointExtension>
        </extensions>
      </trkpt>
      <trkpt lat="24.48846981860697269439697265625" lon="118.1032719276845455169677734375">
        <ele>8.19999980926513671875</ele>
        <time>2025-05-04T09:53:48.000Z</time>
        <extensions>
          <ns3:TrackPointExtension>
            <ns3:hr>168</ns3:hr>
          </ns3:TrackPointExtension>
        </extensions>
      </trkpt>
      <trkpt lat="24.48843763209879398345947265625" lon="118.10328542254865169525146484375">
        <ele>8.3999996185302734375</ele>
        <time>2025-05-04T09:53:49.000Z</time>
        <extensions>
          <ns3:TrackPointExtension>
            <ns3:hr>168</ns3:hr>
          </ns3:TrackPointExtension>
        </extensions>
      </trkpt>
      <trkpt lat="24.48840628378093242645263671875" lon="118.10330101288855075836181640625">
        <ele>8.19999980926513671875</ele>
        <time>2025-05-04T09:53:50.000Z</time>
        <extensions>
          <ns3:TrackPointExtension>
            <ns3:hr>168</ns3:hr>
          </ns3:TrackPointExtension>
        </extensions>
      </trkpt>
      <trkpt lat="24.48837719857692718505859375" lon="118.10331903398036956787109375">
        <ele>8</ele>
        <time>2025-05-04T09:53:51.000Z</time>
        <extensions>
          <ns3:TrackPointExtension>
            <ns3:hr>168</ns3:hr>
          </ns3:TrackPointExtension>
        </extensions>
      </trkpt>
      <trkpt lat="24.48834928683936595916748046875" lon="118.10334057547152042388916015625">
        <ele>8.6000003814697265625</ele>
        <time>2025-05-04T09:53:52.000Z</time>
        <extensions>
          <ns3:TrackPointExtension>
            <ns3:hr>168</ns3:hr>
          </ns3:TrackPointExtension>
        </extensions>
      </trkpt>
      <trkpt lat="24.48832280002534389495849609375" lon="118.1033658050000667572021484375">
        <ele>9.19999980926513671875</ele>
        <time>2025-05-04T09:53:53.000Z</time>
        <extensions>
          <ns3:TrackPointExtension>
            <ns3:hr>168</ns3:hr>
          </ns3:TrackPointExtension>
        </extensions>
      </trkpt>
      <trkpt lat="24.48829782195389270782470703125" lon="118.1033936329185962677001953125">
        <ele>9.6000003814697265625</ele>
        <time>2025-05-04T09:53:54.000Z</time>
        <extensions>
          <ns3:TrackPointExtension>
            <ns3:hr>168</ns3:hr>
          </ns3:TrackPointExtension>
        </extensions>
      </trkpt>
      <trkpt lat="24.48827502317726612091064453125" lon="118.10342238284647464752197265625">
        <ele>9.6000003814697265625</ele>
        <time>2025-05-04T09:53:55.000Z</time>
        <extensions>
          <ns3:TrackPointExtension>
            <ns3:hr>168</ns3:hr>
          </ns3:TrackPointExtension>
        </extensions>
      </trkpt>
      <trkpt lat="24.48825524188578128814697265625" lon="118.10345272533595561981201171875">
        <ele>9.6000003814697265625</ele>
        <time>2025-05-04T09:53:56.000Z</time>
        <extensions>
          <ns3:TrackPointExtension>
            <ns3:hr>168</ns3:hr>
          </ns3:TrackPointExtension>
        </extensions>
      </trkpt>
      <trkpt lat="24.4882375560700893402099609375" lon="118.103486001491546630859375">
        <ele>9.6000003814697265625</ele>
        <time>2025-05-04T09:53:57.000Z</time>
        <extensions>
          <ns3:TrackPointExtension>
            <ns3:hr>168</ns3:hr>
          </ns3:TrackPointExtension>
        </extensions>
      </trkpt>
      <trkpt lat="24.48822238482534885406494140625" lon="118.1035220436751842498779296875">
        <ele>9.6000003814697265625</ele>
        <time>2025-05-04T09:53:58.000Z</time>
        <extensions>
          <ns3:TrackPointExtension>
            <ns3:hr>168</ns3:hr>
          </ns3:TrackPointExtension>
        </extensions>
      </trkpt>
      <trkpt lat="24.4882100634276866912841796875" lon="118.1035592593252658843994140625">
        <ele>9.80000019073486328125</ele>
        <time>2025-05-04T09:53:59.000Z</time>
        <extensions>
          <ns3:TrackPointExtension>
            <ns3:hr>168</ns3:hr>
          </ns3:TrackPointExtension>
        </extensions>
      </trkpt>
      <trkpt lat="24.4882006756961345672607421875" lon="118.1035971455276012420654296875">
        <ele>9.80000019073486328125</ele>
        <time>2025-05-04T09:54:00.000Z</time>
        <extensions>
          <ns3:TrackPointExtension>
            <ns3:hr>168</ns3:hr>
          </ns3:TrackPointExtension>
        </extensions>
      </trkpt>
      <trkpt lat="24.488194473087787628173828125" lon="118.10363695956766605377197265625">
        <ele>9.6000003814697265625</ele>
        <time>2025-05-04T09:54:01.000Z</time>
        <extensions>
          <ns3:TrackPointExtension>
            <ns3:hr>168</ns3:hr>
          </ns3:TrackPointExtension>
        </extensions>
      </trkpt>
      <trkpt lat="24.488191790878772735595703125" lon="118.10367668978869915008544921875">
        <ele>9.6000003814697265625</ele>
        <time>2025-05-04T09:54:02.000Z</time>
        <extensions>
          <ns3:TrackPointExtension>
            <ns3:hr>168</ns3:hr>
          </ns3:TrackPointExtension>
        </extensions>
      </trkpt>
      <trkpt lat="24.488191790878772735595703125" lon="118.10371524654328823089599609375">
        <ele>9</ele>
        <time>2025-05-04T09:54:03.000Z</time>
        <extensions>
          <ns3:TrackPointExtension>
            <ns3:hr>168</ns3:hr>
          </ns3:TrackPointExtension>
        </extensions>
      </trkpt>
      <trkpt lat="24.4881949760019779205322265625" lon="118.10375380329787731170654296875">
        <ele>8.3999996185302734375</ele>
        <time>2025-05-04T09:54:04.000Z</time>
        <extensions>
          <ns3:TrackPointExtension>
            <ns3:hr>168</ns3:hr>
          </ns3:TrackPointExtension>
        </extensions>
      </trkpt>
      <trkpt lat="24.48820176534354686737060546875" lon="118.1037932820618152618408203125">
        <ele>7.80000019073486328125</ele>
        <time>2025-05-04T09:54:05.000Z</time>
        <extensions>
          <ns3:TrackPointExtension>
            <ns3:hr>168</ns3:hr>
          </ns3:TrackPointExtension>
        </extensions>
      </trkpt>
      <trkpt lat="24.48821065016090869903564453125" lon="118.10383209027349948883056640625">
        <ele>7.19999980926513671875</ele>
        <time>2025-05-04T09:54:06.000Z</time>
        <extensions>
          <ns3:TrackPointExtension>
            <ns3:hr>168</ns3:hr>
          </ns3:TrackPointExtension>
        </extensions>
      </trkpt>
      <trkpt lat="24.48822087608277797698974609375" lon="118.10387022793292999267578125">
        <ele>6.599999904632568359375</ele>
        <time>2025-05-04T09:54:07.000Z</time>
        <extensions>
          <ns3:TrackPointExtension>
            <ns3:hr>168</ns3:hr>
          </ns3:TrackPointExtension>
        </extensions>
      </trkpt>
      <trkpt lat="24.4882325269281864166259765625" lon="118.10390803031623363494873046875">
        <ele>6</ele>
        <time>2025-05-04T09:54:08.000Z</time>
        <extensions>
          <ns3:TrackPointExtension>
            <ns3:hr>168</ns3:hr>
          </ns3:TrackPointExtension>
        </extensions>
      </trkpt>
      <trkpt lat="24.48824585415422916412353515625" lon="118.10394373722374439239501953125">
        <ele>5.400000095367431640625</ele>
        <time>2025-05-04T09:54:09.000Z</time>
        <extensions>
          <ns3:TrackPointExtension>
            <ns3:hr>168</ns3:hr>
          </ns3:TrackPointExtension>
        </extensions>
      </trkpt>
      <trkpt lat="24.488261528313159942626953125" lon="118.10397751629352569580078125">
        <ele>5.400000095367431640625</ele>
        <time>2025-05-04T09:54:10.000Z</time>
        <extensions>
          <ns3:TrackPointExtension>
            <ns3:hr>168</ns3:hr>
          </ns3:TrackPointExtension>
        </extensions>
      </trkpt>
      <trkpt lat="24.4882804714143276214599609375" lon="118.10401079244911670684814453125">
        <ele>5.19999980926513671875</ele>
        <time>2025-05-04T09:54:11.000Z</time>
        <extensions>
          <ns3:TrackPointExtension>
            <ns3:hr>168</ns3:hr>
          </ns3:TrackPointExtension>
        </extensions>
      </trkpt>
      <trkpt lat="24.488302767276763916015625" lon="118.10404297895729541778564453125">
        <ele>5</ele>
        <time>2025-05-04T09:54:12.000Z</time>
        <extensions>
          <ns3:TrackPointExtension>
            <ns3:hr>168</ns3:hr>
          </ns3:TrackPointExtension>
        </extensions>
      </trkpt>
      <trkpt lat="24.48832766152918338775634765625" lon="118.104071058332920074462890625">
        <ele>4.80000019073486328125</ele>
        <time>2025-05-04T09:54:13.000Z</time>
        <extensions>
          <ns3:TrackPointExtension>
            <ns3:hr>168</ns3:hr>
          </ns3:TrackPointExtension>
        </extensions>
      </trkpt>
      <trkpt lat="24.48835565708577632904052734375" lon="118.10409486293792724609375">
        <ele>4.599999904632568359375</ele>
        <time>2025-05-04T09:54:14.000Z</time>
        <extensions>
          <ns3:TrackPointExtension>
            <ns3:hr>168</ns3:hr>
          </ns3:TrackPointExtension>
        </extensions>
      </trkpt>
      <trkpt lat="24.48838524520397186279296875" lon="118.1041154824197292327880859375">
        <ele>4.400000095367431640625</ele>
        <time>2025-05-04T09:54:15.000Z</time>
        <extensions>
          <ns3:TrackPointExtension>
            <ns3:hr>168</ns3:hr>
          </ns3:TrackPointExtension>
        </extensions>
      </trkpt>
      <trkpt lat="24.48841516859829425811767578125" lon="118.1041332520544528961181640625">
        <ele>4.19999980926513671875</ele>
        <time>2025-05-04T09:54:16.000Z</time>
        <extensions>
          <ns3:TrackPointExtension>
            <ns3:hr>168</ns3:hr>
          </ns3:TrackPointExtension>
        </extensions>
      </trkpt>
      <trkpt lat="24.48844551108777523040771484375" lon="118.104148842394351959228515625">
        <ele>4</ele>
        <time>2025-05-04T09:54:17.000Z</time>
        <extensions>
          <ns3:TrackPointExtension>
            <ns3:hr>168</ns3:hr>
          </ns3:TrackPointExtension>
        </extensions>
      </trkpt>
      <trkpt lat="24.4884769432246685028076171875" lon="118.104161582887172698974609375">
        <ele>4.19999980926513671875</ele>
        <time>2025-05-04T09:54:18.000Z</time>
        <extensions>
          <ns3:TrackPointExtension>
            <ns3:hr>168</ns3:hr>
          </ns3:TrackPointExtension>
        </extensions>
      </trkpt>
      <trkpt lat="24.48850929737091064453125" lon="118.10417071916162967681884765625">
        <ele>4.400000095367431640625</ele>
        <time>2025-05-04T09:54:19.000Z</time>
        <extensions>
          <ns3:TrackPointExtension>
            <ns3:hr>168</ns3:hr>
          </ns3:TrackPointExtension>
        </extensions>
      </trkpt>
      <trkpt lat="24.48854257352650165557861328125" lon="118.10417725704610347747802734375">
        <ele>4.80000019073486328125</ele>
        <time>2025-05-04T09:54:20.000Z</time>
        <extensions>
          <ns3:TrackPointExtension>
            <ns3:hr>168</ns3:hr>
          </ns3:TrackPointExtension>
        </extensions>
      </trkpt>
      <trkpt lat="24.4885781966149806976318359375" lon="118.1041811965405941009521484375">
        <ele>5</ele>
        <time>2025-05-04T09:54:21.000Z</time>
        <extensions>
          <ns3:TrackPointExtension>
            <ns3:hr>168</ns3:hr>
          </ns3:TrackPointExtension>
        </extensions>
      </trkpt>
      <trkpt lat="24.48861457407474517822265625" lon="118.1041815318167209625244140625">
        <ele>5.19999980926513671875</ele>
        <time>2025-05-04T09:54:22.000Z</time>
        <extensions>
          <ns3:TrackPointExtension>
            <ns3:hr>168</ns3:hr>
          </ns3:TrackPointExtension>
        </extensions>
      </trkpt>
      <trkpt lat="24.4886506162583827972412109375" lon="118.104178346693515777587890625">
        <ele>5.400000095367431640625</ele>
        <time>2025-05-04T09:54:23.000Z</time>
        <extensions>
          <ns3:TrackPointExtension>
            <ns3:hr>168</ns3:hr>
          </ns3:TrackPointExtension>
        </extensions>
      </trkpt>
      <trkpt lat="24.488685987889766693115234375" lon="118.1041728146374225616455078125">
        <ele>5.80000019073486328125</ele>
        <time>2025-05-04T09:54:24.000Z</time>
        <extensions>
          <ns3:TrackPointExtension>
            <ns3:hr>168</ns3:hr>
          </ns3:TrackPointExtension>
        </extensions>
      </trkpt>
      <trkpt lat="24.4887200184166431427001953125" lon="118.10416434891521930694580078125">
        <ele>5.80000019073486328125</ele>
        <time>2025-05-04T09:54:25.000Z</time>
        <extensions>
          <ns3:TrackPointExtension>
            <ns3:hr>168</ns3:hr>
          </ns3:TrackPointExtension>
        </extensions>
      </trkpt>
      <trkpt lat="24.48875270783901214599609375" lon="118.10415378771722316741943359375">
        <ele>6.400000095367431640625</ele>
        <time>2025-05-04T09:54:26.000Z</time>
        <extensions>
          <ns3:TrackPointExtension>
            <ns3:hr>168</ns3:hr>
          </ns3:TrackPointExtension>
        </extensions>
      </trkpt>
      <trkpt lat="24.488785229623317718505859375" lon="118.10414205305278301239013671875">
        <ele>7</ele>
        <time>2025-05-04T09:54:27.000Z</time>
        <extensions>
          <ns3:TrackPointExtension>
            <ns3:hr>168</ns3:hr>
          </ns3:TrackPointExtension>
        </extensions>
      </trkpt>
      <trkpt lat="24.48881800286471843719482421875" lon="118.10412981547415256500244140625">
        <ele>7.80000019073486328125</ele>
        <time>2025-05-04T09:54:28.000Z</time>
        <extensions>
          <ns3:TrackPointExtension>
            <ns3:hr>168</ns3:hr>
          </ns3:TrackPointExtension>
        </extensions>
      </trkpt>
      <trkpt lat="24.48885018937289714813232421875" lon="118.1041188351809978485107421875">
        <ele>8.3999996185302734375</ele>
        <time>2025-05-04T09:54:29.000Z</time>
        <extensions>
          <ns3:TrackPointExtension>
            <ns3:hr>168</ns3:hr>
          </ns3:TrackPointExtension>
        </extensions>
      </trkpt>
      <trkpt lat="24.48888254351913928985595703125" lon="118.10410919599235057830810546875">
        <ele>9</ele>
        <time>2025-05-04T09:54:30.000Z</time>
        <extensions>
          <ns3:TrackPointExtension>
            <ns3:hr>168</ns3:hr>
          </ns3:TrackPointExtension>
        </extensions>
      </trkpt>
      <trkpt lat="24.4889151491224765777587890625" lon="118.104099221527576446533203125">
        <ele>9.3999996185302734375</ele>
        <time>2025-05-04T09:54:31.000Z</time>
        <extensions>
          <ns3:TrackPointExtension>
            <ns3:hr>168</ns3:hr>
          </ns3:TrackPointExtension>
        </extensions>
      </trkpt>
      <trkpt lat="24.48894708417356014251708984375" lon="118.10408907942473888397216796875">
        <ele>9.80000019073486328125</ele>
        <time>2025-05-04T09:54:32.000Z</time>
        <extensions>
          <ns3:TrackPointExtension>
            <ns3:hr>168</ns3:hr>
          </ns3:TrackPointExtension>
        </extensions>
      </trkpt>
      <trkpt lat="24.4889781810343265533447265625" lon="118.10407969169318675994873046875">
        <ele>10.19999980926513671875</ele>
        <time>2025-05-04T09:54:33.000Z</time>
        <extensions>
          <ns3:TrackPointExtension>
            <ns3:hr>168</ns3:hr>
          </ns3:TrackPointExtension>
        </extensions>
      </trkpt>
      <trkpt lat="24.48900894261896610260009765625" lon="118.10407013632357120513916015625">
        <ele>10.3999996185302734375</ele>
        <time>2025-05-04T09:54:34.000Z</time>
        <extensions>
          <ns3:TrackPointExtension>
            <ns3:hr>168</ns3:hr>
          </ns3:TrackPointExtension>
        </extensions>
      </trkpt>
      <trkpt lat="24.4890398718416690826416015625" lon="118.10405940748751163482666015625">
        <ele>10.19999980926513671875</ele>
        <time>2025-05-04T09:54:35.000Z</time>
        <extensions>
          <ns3:TrackPointExtension>
            <ns3:hr>168</ns3:hr>
          </ns3:TrackPointExtension>
        </extensions>
      </trkpt>
      <trkpt lat="24.4890713877975940704345703125" lon="118.1040474213659763336181640625">
        <ele>10</ele>
        <time>2025-05-04T09:54:36.000Z</time>
        <extensions>
          <ns3:TrackPointExtension>
            <ns3:hr>169</ns3:hr>
          </ns3:TrackPointExtension>
        </extensions>
      </trkpt>
      <trkpt lat="24.48910248465836048126220703125" lon="118.10403560288250446319580078125">
        <ele>9.80000019073486328125</ele>
        <time>2025-05-04T09:54:37.000Z</time>
        <extensions>
          <ns3:TrackPointExtension>
            <ns3:hr>169</ns3:hr>
          </ns3:TrackPointExtension>
        </extensions>
      </trkpt>
      <trkpt lat="24.4891337491571903228759765625" lon="118.10402403585612773895263671875">
        <ele>10.19999980926513671875</ele>
        <time>2025-05-04T09:54:38.000Z</time>
        <extensions>
          <ns3:TrackPointExtension>
            <ns3:hr>169</ns3:hr>
          </ns3:TrackPointExtension>
        </extensions>
      </trkpt>
      <trkpt lat="24.489165432751178741455078125" lon="118.10401096008718013763427734375">
        <ele>10.6000003814697265625</ele>
        <time>2025-05-04T09:54:39.000Z</time>
        <extensions>
          <ns3:TrackPointExtension>
            <ns3:hr>169</ns3:hr>
          </ns3:TrackPointExtension>
        </extensions>
      </trkpt>
      <trkpt lat="24.489197619259357452392578125" lon="118.10399620793759822845458984375">
        <ele>11</ele>
        <time>2025-05-04T09:54:40.000Z</time>
        <extensions>
          <ns3:TrackPointExtension>
            <ns3:hr>169</ns3:hr>
          </ns3:TrackPointExtension>
        </extensions>
      </trkpt>
      <trkpt lat="24.4892296381294727325439453125" lon="118.10398112051188945770263671875">
        <ele>11.3999996185302734375</ele>
        <time>2025-05-04T09:54:41.000Z</time>
        <extensions>
          <ns3:TrackPointExtension>
            <ns3:hr>169</ns3:hr>
          </ns3:TrackPointExtension>
        </extensions>
      </trkpt>
      <trkpt lat="24.4892601482570171356201171875" lon="118.10396670363843441009521484375">
        <ele>11.80000019073486328125</ele>
        <time>2025-05-04T09:54:42.000Z</time>
        <extensions>
          <ns3:TrackPointExtension>
            <ns3:hr>168</ns3:hr>
          </ns3:TrackPointExtension>
        </extensions>
      </trkpt>
      <trkpt lat="24.48929107747972011566162109375" lon="118.10395278967916965484619140625">
        <ele>11.80000019073486328125</ele>
        <time>2025-05-04T09:54:43.000Z</time>
        <extensions>
          <ns3:TrackPointExtension>
            <ns3:hr>168</ns3:hr>
          </ns3:TrackPointExtension>
        </extensions>
      </trkpt>
      <trkpt lat="24.489323012530803680419921875" lon="118.1039401330053806304931640625">
        <ele>11.19999980926513671875</ele>
        <time>2025-05-04T09:54:44.000Z</time>
        <extensions>
          <ns3:TrackPointExtension>
            <ns3:hr>168</ns3:hr>
          </ns3:TrackPointExtension>
        </extensions>
      </trkpt>
      <trkpt lat="24.4893553666770458221435546875" lon="118.10392831452190876007080078125">
        <ele>10.6000003814697265625</ele>
        <time>2025-05-04T09:54:45.000Z</time>
        <extensions>
          <ns3:TrackPointExtension>
            <ns3:hr>168</ns3:hr>
          </ns3:TrackPointExtension>
        </extensions>
      </trkpt>
      <trkpt lat="24.48938713409006595611572265625" lon="118.10391607694327831268310546875">
        <ele>9.80000019073486328125</ele>
        <time>2025-05-04T09:54:46.000Z</time>
        <extensions>
          <ns3:TrackPointExtension>
            <ns3:hr>168</ns3:hr>
          </ns3:TrackPointExtension>
        </extensions>
      </trkpt>
      <trkpt lat="24.48941915296018123626708984375" lon="118.10390199534595012664794921875">
        <ele>9</ele>
        <time>2025-05-04T09:54:47.000Z</time>
        <extensions>
          <ns3:TrackPointExtension>
            <ns3:hr>168</ns3:hr>
          </ns3:TrackPointExtension>
        </extensions>
      </trkpt>
      <trkpt lat="24.48945066891610622406005859375" lon="118.10388590209186077117919921875">
        <ele>8.3999996185302734375</ele>
        <time>2025-05-04T09:54:48.000Z</time>
        <extensions>
          <ns3:TrackPointExtension>
            <ns3:hr>168</ns3:hr>
          </ns3:TrackPointExtension>
        </extensions>
      </trkpt>
      <trkpt lat="24.4894804246723651885986328125" lon="118.10386779718101024627685546875">
        <ele>7.599999904632568359375</ele>
        <time>2025-05-04T09:54:49.000Z</time>
        <extensions>
          <ns3:TrackPointExtension>
            <ns3:hr>168</ns3:hr>
          </ns3:TrackPointExtension>
        </extensions>
      </trkpt>
      <trkpt lat="24.4895092584192752838134765625" lon="118.10384742915630340576171875">
        <ele>7.19999980926513671875</ele>
        <time>2025-05-04T09:54:50.000Z</time>
        <extensions>
          <ns3:TrackPointExtension>
            <ns3:hr>168</ns3:hr>
          </ns3:TrackPointExtension>
        </extensions>
      </trkpt>
      <trkpt lat="24.48953700251877307891845703125" lon="118.10382354073226451873779296875">
        <ele>6.80000019073486328125</ele>
        <time>2025-05-04T09:54:51.000Z</time>
        <extensions>
          <ns3:TrackPointExtension>
            <ns3:hr>168</ns3:hr>
          </ns3:TrackPointExtension>
        </extensions>
      </trkpt>
      <trkpt lat="24.4895629025995731353759765625" lon="118.10379621572792530059814453125">
        <ele>6.400000095367431640625</ele>
        <time>2025-05-04T09:54:52.000Z</time>
        <extensions>
          <ns3:TrackPointExtension>
            <ns3:hr>168</ns3:hr>
          </ns3:TrackPointExtension>
        </extensions>
      </trkpt>
      <trkpt lat="24.48958687484264373779296875" lon="118.1037674658000469207763671875">
        <ele>6.19999980926513671875</ele>
        <time>2025-05-04T09:54:53.000Z</time>
        <extensions>
          <ns3:TrackPointExtension>
            <ns3:hr>168</ns3:hr>
          </ns3:TrackPointExtension>
        </extensions>
      </trkpt>
      <trkpt lat="24.4896081648766994476318359375" lon="118.10373670421540737152099609375">
        <ele>6</ele>
        <time>2025-05-04T09:54:54.000Z</time>
        <extensions>
          <ns3:TrackPointExtension>
            <ns3:hr>168</ns3:hr>
          </ns3:TrackPointExtension>
        </extensions>
      </trkpt>
      <trkpt lat="24.4896262697875499725341796875" lon="118.10370393097400665283203125">
        <ele>6</ele>
        <time>2025-05-04T09:54:55.000Z</time>
        <extensions>
          <ns3:TrackPointExtension>
            <ns3:hr>168</ns3:hr>
          </ns3:TrackPointExtension>
        </extensions>
      </trkpt>
      <trkpt lat="24.48964186012744903564453125" lon="118.103668391704559326171875">
        <ele>5.80000019073486328125</ele>
        <time>2025-05-04T09:54:56.000Z</time>
        <extensions>
          <ns3:TrackPointExtension>
            <ns3:hr>168</ns3:hr>
          </ns3:TrackPointExtension>
        </extensions>
      </trkpt>
      <trkpt lat="24.48965434916317462921142578125" lon="118.10363017022609710693359375">
        <ele>5.599999904632568359375</ele>
        <time>2025-05-04T09:54:57.000Z</time>
        <extensions>
          <ns3:TrackPointExtension>
            <ns3:hr>168</ns3:hr>
          </ns3:TrackPointExtension>
        </extensions>
      </trkpt>
      <trkpt lat="24.4896638207137584686279296875" lon="118.10359060764312744140625">
        <ele>5.599999904632568359375</ele>
        <time>2025-05-04T09:54:58.000Z</time>
        <extensions>
          <ns3:TrackPointExtension>
            <ns3:hr>168</ns3:hr>
          </ns3:TrackPointExtension>
        </extensions>
      </trkpt>
      <trkpt lat="24.48967061005532741546630859375" lon="118.10355079360306262969970703125">
        <ele>5.599999904632568359375</ele>
        <time>2025-05-04T09:54:59.000Z</time>
        <extensions>
          <ns3:TrackPointExtension>
            <ns3:hr>168</ns3:hr>
          </ns3:TrackPointExtension>
        </extensions>
      </trkpt>
      <trkpt lat="24.48967404663562774658203125" lon="118.10351022519171237945556640625">
        <ele>5.599999904632568359375</ele>
        <time>2025-05-04T09:55:00.000Z</time>
        <extensions>
          <ns3:TrackPointExtension>
            <ns3:hr>168</ns3:hr>
          </ns3:TrackPointExtension>
        </extensions>
      </trkpt>
      <trkpt lat="24.48967404663562774658203125" lon="118.10347049497067928314208984375">
        <ele>5.599999904632568359375</ele>
        <time>2025-05-04T09:55:01.000Z</time>
        <extensions>
          <ns3:TrackPointExtension>
            <ns3:hr>168</ns3:hr>
          </ns3:TrackPointExtension>
        </extensions>
      </trkpt>
      <trkpt lat="24.48967245407402515411376953125" lon="118.103432022035121917724609375">
        <ele>5.599999904632568359375</ele>
        <time>2025-05-04T09:55:02.000Z</time>
        <extensions>
          <ns3:TrackPointExtension>
            <ns3:hr>167</ns3:hr>
          </ns3:TrackPointExtension>
        </extensions>
      </trkpt>
      <trkpt lat="24.48966943658888339996337890625" lon="118.10339321382343769073486328125">
        <ele>5.599999904632568359375</ele>
        <time>2025-05-04T09:55:03.000Z</time>
        <extensions>
          <ns3:TrackPointExtension>
            <ns3:hr>167</ns3:hr>
          </ns3:TrackPointExtension>
        </extensions>
      </trkpt>
      <trkpt lat="24.4896634854376316070556640625" lon="118.10335499234497547149658203125">
        <ele>5.80000019073486328125</ele>
        <time>2025-05-04T09:55:04.000Z</time>
        <extensions>
          <ns3:TrackPointExtension>
            <ns3:hr>167</ns3:hr>
          </ns3:TrackPointExtension>
        </extensions>
      </trkpt>
      <trkpt lat="24.48965393006801605224609375" lon="118.1033178605139255523681640625">
        <ele>5.80000019073486328125</ele>
        <time>2025-05-04T09:55:05.000Z</time>
        <extensions>
          <ns3:TrackPointExtension>
            <ns3:hr>167</ns3:hr>
          </ns3:TrackPointExtension>
        </extensions>
      </trkpt>
      <trkpt lat="24.4896420277655124664306640625" lon="118.10328156687319278717041015625">
        <ele>6</ele>
        <time>2025-05-04T09:55:06.000Z</time>
        <extensions>
          <ns3:TrackPointExtension>
            <ns3:hr>167</ns3:hr>
          </ns3:TrackPointExtension>
        </extensions>
      </trkpt>
      <trkpt lat="24.48962786234915256500244140625" lon="118.10324661433696746826171875">
        <ele>6.19999980926513671875</ele>
        <time>2025-05-04T09:55:07.000Z</time>
        <extensions>
          <ns3:TrackPointExtension>
            <ns3:hr>167</ns3:hr>
          </ns3:TrackPointExtension>
        </extensions>
      </trkpt>
      <trkpt lat="24.48961126618087291717529296875" lon="118.10321417637169361114501953125">
        <ele>6.400000095367431640625</ele>
        <time>2025-05-04T09:55:08.000Z</time>
        <extensions>
          <ns3:TrackPointExtension>
            <ns3:hr>167</ns3:hr>
          </ns3:TrackPointExtension>
        </extensions>
      </trkpt>
      <trkpt lat="24.48959047906100749969482421875" lon="118.10318299569189548492431640625">
        <ele>6.599999904632568359375</ele>
        <time>2025-05-04T09:55:09.000Z</time>
        <extensions>
          <ns3:TrackPointExtension>
            <ns3:hr>167</ns3:hr>
          </ns3:TrackPointExtension>
        </extensions>
      </trkpt>
      <trkpt lat="24.48956667445600032806396484375" lon="118.10315298847854137420654296875">
        <ele>6.80000019073486328125</ele>
        <time>2025-05-04T09:55:10.000Z</time>
        <extensions>
          <ns3:TrackPointExtension>
            <ns3:hr>168</ns3:hr>
          </ns3:TrackPointExtension>
        </extensions>
      </trkpt>
      <trkpt lat="24.48954203166067600250244140625" lon="118.103125579655170440673828125">
        <ele>7</ele>
        <time>2025-05-04T09:55:11.000Z</time>
        <extensions>
          <ns3:TrackPointExtension>
            <ns3:hr>168</ns3:hr>
          </ns3:TrackPointExtension>
        </extensions>
      </trkpt>
      <trkpt lat="24.489516131579875946044921875" lon="118.10310085304081439971923828125">
        <ele>7.19999980926513671875</ele>
        <time>2025-05-04T09:55:12.000Z</time>
        <extensions>
          <ns3:TrackPointExtension>
            <ns3:hr>168</ns3:hr>
          </ns3:TrackPointExtension>
        </extensions>
      </trkpt>
      <trkpt lat="24.4894874654710292816162109375" lon="118.103077299892902374267578125">
        <ele>7.400000095367431640625</ele>
        <time>2025-05-04T09:55:13.000Z</time>
        <extensions>
          <ns3:TrackPointExtension>
            <ns3:hr>168</ns3:hr>
          </ns3:TrackPointExtension>
        </extensions>
      </trkpt>
      <trkpt lat="24.4894562847912311553955078125" lon="118.10305575840175151824951171875">
        <ele>7.599999904632568359375</ele>
        <time>2025-05-04T09:55:14.000Z</time>
        <extensions>
          <ns3:TrackPointExtension>
            <ns3:hr>168</ns3:hr>
          </ns3:TrackPointExtension>
        </extensions>
      </trkpt>
      <trkpt lat="24.4894251041114330291748046875" lon="118.103039078414440155029296875">
        <ele>7.80000019073486328125</ele>
        <time>2025-05-04T09:55:15.000Z</time>
        <extensions>
          <ns3:TrackPointExtension>
            <ns3:hr>168</ns3:hr>
          </ns3:TrackPointExtension>
        </extensions>
      </trkpt>
      <trkpt lat="24.4893929176032543182373046875" lon="118.10302608646452426910400390625">
        <ele>7.80000019073486328125</ele>
        <time>2025-05-04T09:55:16.000Z</time>
        <extensions>
          <ns3:TrackPointExtension>
            <ns3:hr>168</ns3:hr>
          </ns3:TrackPointExtension>
        </extensions>
      </trkpt>
      <trkpt lat="24.4893593899905681610107421875" lon="118.10301703400909900665283203125">
        <ele>8</ele>
        <time>2025-05-04T09:55:17.000Z</time>
        <extensions>
          <ns3:TrackPointExtension>
            <ns3:hr>168</ns3:hr>
          </ns3:TrackPointExtension>
        </extensions>
      </trkpt>
      <trkpt lat="24.4893241859972476959228515625" lon="118.1030130945146083831787109375">
        <ele>8.19999980926513671875</ele>
        <time>2025-05-04T09:55:18.000Z</time>
        <extensions>
          <ns3:TrackPointExtension>
            <ns3:hr>168</ns3:hr>
          </ns3:TrackPointExtension>
        </extensions>
      </trkpt>
      <trkpt lat="24.4892883114516735076904296875" lon="118.10301284305751323699951171875">
        <ele>8.19999980926513671875</ele>
        <time>2025-05-04T09:55:19.000Z</time>
        <extensions>
          <ns3:TrackPointExtension>
            <ns3:hr>168</ns3:hr>
          </ns3:TrackPointExtension>
        </extensions>
      </trkpt>
      <trkpt lat="24.4892531074583530426025390625" lon="118.10301502235233783721923828125">
        <ele>8.3999996185302734375</ele>
        <time>2025-05-04T09:55:20.000Z</time>
        <extensions>
          <ns3:TrackPointExtension>
            <ns3:hr>168</ns3:hr>
          </ns3:TrackPointExtension>
        </extensions>
      </trkpt>
      <trkpt lat="24.4892179034650325775146484375" lon="118.1030191294848918914794921875">
        <ele>8.6000003814697265625</ele>
        <time>2025-05-04T09:55:21.000Z</time>
        <extensions>
          <ns3:TrackPointExtension>
            <ns3:hr>168</ns3:hr>
          </ns3:TrackPointExtension>
        </extensions>
      </trkpt>
      <trkpt lat="24.489182867109775543212890625" lon="118.10302524827420711517333984375">
        <ele>8.6000003814697265625</ele>
        <time>2025-05-04T09:55:22.000Z</time>
        <extensions>
          <ns3:TrackPointExtension>
            <ns3:hr>168</ns3:hr>
          </ns3:TrackPointExtension>
        </extensions>
      </trkpt>
      <trkpt lat="24.48914875276386737823486328125" lon="118.10303471982479095458984375">
        <ele>8.19999980926513671875</ele>
        <time>2025-05-04T09:55:23.000Z</time>
        <extensions>
          <ns3:TrackPointExtension>
            <ns3:hr>168</ns3:hr>
          </ns3:TrackPointExtension>
        </extensions>
      </trkpt>
      <trkpt lat="24.4891163147985935211181640625" lon="118.1030476279556751251220703125">
        <ele>8</ele>
        <time>2025-05-04T09:55:24.000Z</time>
        <extensions>
          <ns3:TrackPointExtension>
            <ns3:hr>168</ns3:hr>
          </ns3:TrackPointExtension>
        </extensions>
      </trkpt>
      <trkpt lat="24.48908287100493907928466796875" lon="118.10306296683847904205322265625">
        <ele>7.80000019073486328125</ele>
        <time>2025-05-04T09:55:25.000Z</time>
        <extensions>
          <ns3:TrackPointExtension>
            <ns3:hr>166</ns3:hr>
          </ns3:TrackPointExtension>
        </extensions>
      </trkpt>
      <trkpt lat="24.48904884047806262969970703125" lon="118.10307855717837810516357421875">
        <ele>7.400000095367431640625</ele>
        <time>2025-05-04T09:55:26.000Z</time>
        <extensions>
          <ns3:TrackPointExtension>
            <ns3:hr>166</ns3:hr>
          </ns3:TrackPointExtension>
        </extensions>
      </trkpt>
      <trkpt lat="24.4890160672366619110107421875" lon="118.10309347696602344512939453125">
        <ele>7.19999980926513671875</ele>
        <time>2025-05-04T09:55:27.000Z</time>
        <extensions>
          <ns3:TrackPointExtension>
            <ns3:hr>166</ns3:hr>
          </ns3:TrackPointExtension>
        </extensions>
      </trkpt>
      <trkpt lat="24.488984048366546630859375" lon="118.10310755856335163116455078125">
        <ele>7.19999980926513671875</ele>
        <time>2025-05-04T09:55:28.000Z</time>
        <extensions>
          <ns3:TrackPointExtension>
            <ns3:hr>166</ns3:hr>
          </ns3:TrackPointExtension>
        </extensions>
      </trkpt>
      <trkpt lat="24.4889520294964313507080078125" lon="118.103120215237140655517578125">
        <ele>7.400000095367431640625</ele>
        <time>2025-05-04T09:55:29.000Z</time>
        <extensions>
          <ns3:TrackPointExtension>
            <ns3:hr>166</ns3:hr>
          </ns3:TrackPointExtension>
        </extensions>
      </trkpt>
      <trkpt lat="24.48892026208341121673583984375" lon="118.1031311117112636566162109375">
        <ele>7.599999904632568359375</ele>
        <time>2025-05-04T09:55:30.000Z</time>
        <extensions>
          <ns3:TrackPointExtension>
            <ns3:hr>166</ns3:hr>
          </ns3:TrackPointExtension>
        </extensions>
      </trkpt>
      <trkpt lat="24.48889008723199367523193359375" lon="118.103141002357006072998046875">
        <ele>7.80000019073486328125</ele>
        <time>2025-05-04T09:55:31.000Z</time>
        <extensions>
          <ns3:TrackPointExtension>
            <ns3:hr>166</ns3:hr>
          </ns3:TrackPointExtension>
        </extensions>
      </trkpt>
      <trkpt lat="24.4888593256473541259765625" lon="118.10315131209790706634521484375">
        <ele>8</ele>
        <time>2025-05-04T09:55:32.000Z</time>
        <extensions>
          <ns3:TrackPointExtension>
            <ns3:hr>166</ns3:hr>
          </ns3:TrackPointExtension>
        </extensions>
      </trkpt>
      <trkpt lat="24.4888266362249851226806640625" lon="118.10316271148622035980224609375">
        <ele>8.19999980926513671875</ele>
        <time>2025-05-04T09:55:33.000Z</time>
        <extensions>
          <ns3:TrackPointExtension>
            <ns3:hr>166</ns3:hr>
          </ns3:TrackPointExtension>
        </extensions>
      </trkpt>
      <trkpt lat="24.48879453353583812713623046875" lon="118.1031750328838825225830078125">
        <ele>8.3999996185302734375</ele>
        <time>2025-05-04T09:55:34.000Z</time>
        <extensions>
          <ns3:TrackPointExtension>
            <ns3:hr>166</ns3:hr>
          </ns3:TrackPointExtension>
        </extensions>
      </trkpt>
      <trkpt lat="24.4887636043131351470947265625" lon="118.10318752191960811614990234375">
        <ele>8.19999980926513671875</ele>
        <time>2025-05-04T09:55:35.000Z</time>
        <extensions>
          <ns3:TrackPointExtension>
            <ns3:hr>166</ns3:hr>
          </ns3:TrackPointExtension>
        </extensions>
      </trkpt>
      <trkpt lat="24.4887310825288295745849609375" lon="118.103199340403079986572265625">
        <ele>8</ele>
        <time>2025-05-04T09:55:36.000Z</time>
        <extensions>
          <ns3:TrackPointExtension>
            <ns3:hr>166</ns3:hr>
          </ns3:TrackPointExtension>
        </extensions>
      </trkpt>
      <trkpt lat="24.48869847692549228668212890625" lon="118.10320998542010784149169921875">
        <ele>7.80000019073486328125</ele>
        <time>2025-05-04T09:55:37.000Z</time>
        <extensions>
          <ns3:TrackPointExtension>
            <ns3:hr>166</ns3:hr>
          </ns3:TrackPointExtension>
        </extensions>
      </trkpt>
      <trkpt lat="24.48866687715053558349609375" lon="118.1032206304371356964111328125">
        <ele>7.80000019073486328125</ele>
        <time>2025-05-04T09:55:38.000Z</time>
        <extensions>
          <ns3:TrackPointExtension>
            <ns3:hr>166</ns3:hr>
          </ns3:TrackPointExtension>
        </extensions>
      </trkpt>
      <trkpt lat="24.4886365346610546112060546875" lon="118.10323186218738555908203125">
        <ele>7.599999904632568359375</ele>
        <time>2025-05-04T09:55:39.000Z</time>
        <extensions>
          <ns3:TrackPointExtension>
            <ns3:hr>166</ns3:hr>
          </ns3:TrackPointExtension>
        </extensions>
      </trkpt>
      <trkpt lat="24.4886070303618907928466796875" lon="118.10324351303279399871826171875">
        <ele>7.599999904632568359375</ele>
        <time>2025-05-04T09:55:40.000Z</time>
        <extensions>
          <ns3:TrackPointExtension>
            <ns3:hr>166</ns3:hr>
          </ns3:TrackPointExtension>
        </extensions>
      </trkpt>
      <trkpt lat="24.4885771907866001129150390625" lon="118.103255666792392730712890625">
        <ele>7.599999904632568359375</ele>
        <time>2025-05-04T09:55:41.000Z</time>
        <extensions>
          <ns3:TrackPointExtension>
            <ns3:hr>166</ns3:hr>
          </ns3:TrackPointExtension>
        </extensions>
      </trkpt>
      <trkpt lat="24.48854592628777027130126953125" lon="118.1032679043710231781005859375">
        <ele>7.599999904632568359375</ele>
        <time>2025-05-04T09:55:42.000Z</time>
        <extensions>
          <ns3:TrackPointExtension>
            <ns3:hr>167</ns3:hr>
          </ns3:TrackPointExtension>
        </extensions>
      </trkpt>
      <trkpt lat="24.4885138235986232757568359375" lon="118.10327989049255847930908203125">
        <ele>7.80000019073486328125</ele>
        <time>2025-05-04T09:55:43.000Z</time>
        <extensions>
          <ns3:TrackPointExtension>
            <ns3:hr>167</ns3:hr>
          </ns3:TrackPointExtension>
        </extensions>
      </trkpt>
      <trkpt lat="24.48848239146173000335693359375" lon="118.10329179279506206512451171875">
        <ele>8</ele>
        <time>2025-05-04T09:55:44.000Z</time>
        <extensions>
          <ns3:TrackPointExtension>
            <ns3:hr>167</ns3:hr>
          </ns3:TrackPointExtension>
        </extensions>
      </trkpt>
      <trkpt lat="24.4884521327912807464599609375" lon="118.103305287659168243408203125">
        <ele>8.19999980926513671875</ele>
        <time>2025-05-04T09:55:45.000Z</time>
        <extensions>
          <ns3:TrackPointExtension>
            <ns3:hr>167</ns3:hr>
          </ns3:TrackPointExtension>
        </extensions>
      </trkpt>
      <trkpt lat="24.48842279613018035888671875" lon="118.10332029126584529876708984375">
        <ele>8.19999980926513671875</ele>
        <time>2025-05-04T09:55:46.000Z</time>
        <extensions>
          <ns3:TrackPointExtension>
            <ns3:hr>167</ns3:hr>
          </ns3:TrackPointExtension>
        </extensions>
      </trkpt>
      <trkpt lat="24.48839387856423854827880859375" lon="118.10333604924380779266357421875">
        <ele>8</ele>
        <time>2025-05-04T09:55:47.000Z</time>
        <extensions>
          <ns3:TrackPointExtension>
            <ns3:hr>167</ns3:hr>
          </ns3:TrackPointExtension>
        </extensions>
      </trkpt>
      <trkpt lat="24.488365463912487030029296875" lon="118.10335365124046802520751953125">
        <ele>8.6000003814697265625</ele>
        <time>2025-05-04T09:55:48.000Z</time>
        <extensions>
          <ns3:TrackPointExtension>
            <ns3:hr>167</ns3:hr>
          </ns3:TrackPointExtension>
        </extensions>
      </trkpt>
      <trkpt lat="24.48833755217492580413818359375" lon="118.10337410308420658111572265625">
        <ele>9</ele>
        <time>2025-05-04T09:55:49.000Z</time>
        <extensions>
          <ns3:TrackPointExtension>
            <ns3:hr>167</ns3:hr>
          </ns3:TrackPointExtension>
        </extensions>
      </trkpt>
      <trkpt lat="24.48831173591315746307373046875" lon="118.10339706949889659881591796875">
        <ele>9.3999996185302734375</ele>
        <time>2025-05-04T09:55:50.000Z</time>
        <extensions>
          <ns3:TrackPointExtension>
            <ns3:hr>167</ns3:hr>
          </ns3:TrackPointExtension>
        </extensions>
      </trkpt>
      <trkpt lat="24.48828876949846744537353515625" lon="118.10342255048453807830810546875">
        <ele>9.3999996185302734375</ele>
        <time>2025-05-04T09:55:51.000Z</time>
        <extensions>
          <ns3:TrackPointExtension>
            <ns3:hr>167</ns3:hr>
          </ns3:TrackPointExtension>
        </extensions>
      </trkpt>
      <trkpt lat="24.48826831765472888946533203125" lon="118.103450126945972442626953125">
        <ele>9.3999996185302734375</ele>
        <time>2025-05-04T09:55:52.000Z</time>
        <extensions>
          <ns3:TrackPointExtension>
            <ns3:hr>167</ns3:hr>
          </ns3:TrackPointExtension>
        </extensions>
      </trkpt>
      <trkpt lat="24.48824903927743434906005859375" lon="118.10347996652126312255859375">
        <ele>9.3999996185302734375</ele>
        <time>2025-05-04T09:55:53.000Z</time>
        <extensions>
          <ns3:TrackPointExtension>
            <ns3:hr>167</ns3:hr>
          </ns3:TrackPointExtension>
        </extensions>
      </trkpt>
      <trkpt lat="24.48823160491883754730224609375" lon="118.10351173393428325653076171875">
        <ele>9.6000003814697265625</ele>
        <time>2025-05-04T09:55:54.000Z</time>
        <extensions>
          <ns3:TrackPointExtension>
            <ns3:hr>167</ns3:hr>
          </ns3:TrackPointExtension>
        </extensions>
      </trkpt>
      <trkpt lat="24.48821752332150936126708984375" lon="118.10354526154696941375732421875">
        <ele>9.6000003814697265625</ele>
        <time>2025-05-04T09:55:55.000Z</time>
        <extensions>
          <ns3:TrackPointExtension>
            <ns3:hr>167</ns3:hr>
          </ns3:TrackPointExtension>
        </extensions>
      </trkpt>
      <trkpt lat="24.4882073812186717987060546875" lon="118.10357945971190929412841796875">
        <ele>9.80000019073486328125</ele>
        <time>2025-05-04T09:55:56.000Z</time>
        <extensions>
          <ns3:TrackPointExtension>
            <ns3:hr>167</ns3:hr>
          </ns3:TrackPointExtension>
        </extensions>
      </trkpt>
      <trkpt lat="24.4882010109722614288330078125" lon="118.10361315496265888214111328125">
        <ele>9.6000003814697265625</ele>
        <time>2025-05-04T09:55:57.000Z</time>
        <extensions>
          <ns3:TrackPointExtension>
            <ns3:hr>167</ns3:hr>
          </ns3:TrackPointExtension>
        </extensions>
      </trkpt>
      <trkpt lat="24.48819673620164394378662109375" lon="118.10364668257534503936767578125">
        <ele>9.6000003814697265625</ele>
        <time>2025-05-04T09:55:58.000Z</time>
        <extensions>
          <ns3:TrackPointExtension>
            <ns3:hr>167</ns3:hr>
          </ns3:TrackPointExtension>
        </extensions>
      </trkpt>
      <trkpt lat="24.48819371871650218963623046875" lon="118.1036818027496337890625">
        <ele>9.3999996185302734375</ele>
        <time>2025-05-04T09:55:59.000Z</time>
        <extensions>
          <ns3:TrackPointExtension>
            <ns3:hr>167</ns3:hr>
          </ns3:TrackPointExtension>
        </extensions>
      </trkpt>
      <trkpt lat="24.488193131983280181884765625" lon="118.1037188507616519927978515625">
        <ele>9</ele>
        <time>2025-05-04T09:56:00.000Z</time>
        <extensions>
          <ns3:TrackPointExtension>
            <ns3:hr>167</ns3:hr>
          </ns3:TrackPointExtension>
        </extensions>
      </trkpt>
      <trkpt lat="24.48819556273519992828369140625" lon="118.10375715605914592742919921875">
        <ele>8.3999996185302734375</ele>
        <time>2025-05-04T09:56:01.000Z</time>
        <extensions>
          <ns3:TrackPointExtension>
            <ns3:hr>167</ns3:hr>
          </ns3:TrackPointExtension>
        </extensions>
      </trkpt>
      <trkpt lat="24.4882010109722614288330078125" lon="118.10379445552825927734375">
        <ele>7.80000019073486328125</ele>
        <time>2025-05-04T09:56:02.000Z</time>
        <extensions>
          <ns3:TrackPointExtension>
            <ns3:hr>167</ns3:hr>
          </ns3:TrackPointExtension>
        </extensions>
      </trkpt>
      <trkpt lat="24.4882093928754329681396484375" lon="118.10382873751223087310791015625">
        <ele>7.19999980926513671875</ele>
        <time>2025-05-04T09:56:03.000Z</time>
        <extensions>
          <ns3:TrackPointExtension>
            <ns3:hr>167</ns3:hr>
          </ns3:TrackPointExtension>
        </extensions>
      </trkpt>
      <trkpt lat="24.48822037316858768463134765625" lon="118.10386176221072673797607421875">
        <ele>6.80000019073486328125</ele>
        <time>2025-05-04T09:56:04.000Z</time>
        <extensions>
          <ns3:TrackPointExtension>
            <ns3:hr>167</ns3:hr>
          </ns3:TrackPointExtension>
        </extensions>
      </trkpt>
      <trkpt lat="24.48823395185172557830810546875" lon="118.10389478690922260284423828125">
        <ele>6.19999980926513671875</ele>
        <time>2025-05-04T09:56:05.000Z</time>
        <extensions>
          <ns3:TrackPointExtension>
            <ns3:hr>167</ns3:hr>
          </ns3:TrackPointExtension>
        </extensions>
      </trkpt>
      <trkpt lat="24.48824954219162464141845703125" lon="118.1039280630648136138916015625">
        <ele>5.599999904632568359375</ele>
        <time>2025-05-04T09:56:06.000Z</time>
        <extensions>
          <ns3:TrackPointExtension>
            <ns3:hr>167</ns3:hr>
          </ns3:TrackPointExtension>
        </extensions>
      </trkpt>
      <trkpt lat="24.48826680891215801239013671875" lon="118.10395999811589717864990234375">
        <ele>5.19999980926513671875</ele>
        <time>2025-05-04T09:56:07.000Z</time>
        <extensions>
          <ns3:TrackPointExtension>
            <ns3:hr>167</ns3:hr>
          </ns3:TrackPointExtension>
        </extensions>
      </trkpt>
      <trkpt lat="24.48828591965138912200927734375" lon="118.10398967005312442779541015625">
        <ele>5.19999980926513671875</ele>
        <time>2025-05-04T09:56:08.000Z</time>
        <extensions>
          <ns3:TrackPointExtension>
            <ns3:hr>167</ns3:hr>
          </ns3:TrackPointExtension>
        </extensions>
      </trkpt>
      <trkpt lat="24.48830720968544483184814453125" lon="118.1040169112384319305419921875">
        <ele>5</ele>
        <time>2025-05-04T09:56:09.000Z</time>
        <extensions>
          <ns3:TrackPointExtension>
            <ns3:hr>167</ns3:hr>
          </ns3:TrackPointExtension>
        </extensions>
      </trkpt>
      <trkpt lat="24.48833084665238857269287109375" lon="118.10404247604310512542724609375">
        <ele>4.80000019073486328125</ele>
        <time>2025-05-04T09:56:10.000Z</time>
        <extensions>
          <ns3:TrackPointExtension>
            <ns3:hr>167</ns3:hr>
          </ns3:TrackPointExtension>
        </extensions>
      </trkpt>
      <trkpt lat="24.48835599236190319061279296875" lon="118.1040668673813343048095703125">
        <ele>4.599999904632568359375</ele>
        <time>2025-05-04T09:56:11.000Z</time>
        <extensions>
          <ns3:TrackPointExtension>
            <ns3:hr>167</ns3:hr>
          </ns3:TrackPointExtension>
        </extensions>
      </trkpt>
      <trkpt lat="24.4883830659091472625732421875" lon="118.1040900014340877532958984375">
        <ele>4.400000095367431640625</ele>
        <time>2025-05-04T09:56:12.000Z</time>
        <extensions>
          <ns3:TrackPointExtension>
            <ns3:hr>167</ns3:hr>
          </ns3:TrackPointExtension>
        </extensions>
      </trkpt>
      <trkpt lat="24.48841164819896221160888671875" lon="118.10411053709685802459716796875">
        <ele>4.19999980926513671875</ele>
        <time>2025-05-04T09:56:13.000Z</time>
        <extensions>
          <ns3:TrackPointExtension>
            <ns3:hr>167</ns3:hr>
          </ns3:TrackPointExtension>
        </extensions>
      </trkpt>
      <trkpt lat="24.48844115249812602996826171875" lon="118.10412696562707424163818359375">
        <ele>4</ele>
        <time>2025-05-04T09:56:14.000Z</time>
        <extensions>
          <ns3:TrackPointExtension>
            <ns3:hr>167</ns3:hr>
          </ns3:TrackPointExtension>
        </extensions>
      </trkpt>
      <trkpt lat="24.48847115971148014068603515625" lon="118.1041399575769901275634765625">
        <ele>4.19999980926513671875</ele>
        <time>2025-05-04T09:56:15.000Z</time>
        <extensions>
          <ns3:TrackPointExtension>
            <ns3:hr>167</ns3:hr>
          </ns3:TrackPointExtension>
        </extensions>
      </trkpt>
      <trkpt lat="24.4885024242103099822998046875" lon="118.104151189327239990234375">
        <ele>4.400000095367431640625</ele>
        <time>2025-05-04T09:56:16.000Z</time>
        <extensions>
          <ns3:TrackPointExtension>
            <ns3:hr>167</ns3:hr>
          </ns3:TrackPointExtension>
        </extensions>
      </trkpt>
      <trkpt lat="24.48853586800396442413330078125" lon="118.10416066087782382965087890625">
        <ele>4.599999904632568359375</ele>
        <time>2025-05-04T09:56:17.000Z</time>
        <extensions>
          <ns3:TrackPointExtension>
            <ns3:hr>167</ns3:hr>
          </ns3:TrackPointExtension>
        </extensions>
      </trkpt>
      <trkpt lat="24.4885704852640628814697265625" lon="118.1041671149432659149169921875">
        <ele>5</ele>
        <time>2025-05-04T09:56:18.000Z</time>
        <extensions>
          <ns3:TrackPointExtension>
            <ns3:hr>167</ns3:hr>
          </ns3:TrackPointExtension>
        </extensions>
      </trkpt>
      <trkpt lat="24.48860527016222476959228515625" lon="118.10416971333324909210205078125">
        <ele>5.19999980926513671875</ele>
        <time>2025-05-04T09:56:19.000Z</time>
        <extensions>
          <ns3:TrackPointExtension>
            <ns3:hr>167</ns3:hr>
          </ns3:TrackPointExtension>
        </extensions>
      </trkpt>
      <trkpt lat="24.4886393845081329345703125" lon="118.1041691266000270843505859375">
        <ele>5.400000095367431640625</ele>
        <time>2025-05-04T09:56:20.000Z</time>
        <extensions>
          <ns3:TrackPointExtension>
            <ns3:hr>167</ns3:hr>
          </ns3:TrackPointExtension>
        </extensions>
      </trkpt>
      <trkpt lat="24.48867316357791423797607421875" lon="118.104165606200695037841796875">
        <ele>5.599999904632568359375</ele>
        <time>2025-05-04T09:56:21.000Z</time>
        <extensions>
          <ns3:TrackPointExtension>
            <ns3:hr>167</ns3:hr>
          </ns3:TrackPointExtension>
        </extensions>
      </trkpt>
      <trkpt lat="24.4887062720954418182373046875" lon="118.1041590683162212371826171875">
        <ele>5.80000019073486328125</ele>
        <time>2025-05-04T09:56:22.000Z</time>
        <extensions>
          <ns3:TrackPointExtension>
            <ns3:hr>167</ns3:hr>
          </ns3:TrackPointExtension>
        </extensions>
      </trkpt>
      <trkpt lat="24.4887404702603816986083984375" lon="118.10414909385144710540771484375">
        <ele>6.19999980926513671875</ele>
        <time>2025-05-04T09:56:23.000Z</time>
        <extensions>
          <ns3:TrackPointExtension>
            <ns3:hr>167</ns3:hr>
          </ns3:TrackPointExtension>
        </extensions>
      </trkpt>
      <trkpt lat="24.48877559043467044830322265625" lon="118.1041366048157215118408203125">
        <ele>6.80000019073486328125</ele>
        <time>2025-05-04T09:56:24.000Z</time>
        <extensions>
          <ns3:TrackPointExtension>
            <ns3:hr>167</ns3:hr>
          </ns3:TrackPointExtension>
        </extensions>
      </trkpt>
      <trkpt lat="24.48880978859961032867431640625" lon="118.10412235558032989501953125">
        <ele>7.599999904632568359375</ele>
        <time>2025-05-04T09:56:25.000Z</time>
        <extensions>
          <ns3:TrackPointExtension>
            <ns3:hr>167</ns3:hr>
          </ns3:TrackPointExtension>
        </extensions>
      </trkpt>
      <trkpt lat="24.48884231038391590118408203125" lon="118.10410802252590656280517578125">
        <ele>8.19999980926513671875</ele>
        <time>2025-05-04T09:56:26.000Z</time>
        <extensions>
          <ns3:TrackPointExtension>
            <ns3:hr>167</ns3:hr>
          </ns3:TrackPointExtension>
        </extensions>
      </trkpt>
      <trkpt lat="24.48887600563466548919677734375" lon="118.1040936894714832305908203125">
        <ele>8.80000019073486328125</ele>
        <time>2025-05-04T09:56:27.000Z</time>
        <extensions>
          <ns3:TrackPointExtension>
            <ns3:hr>167</ns3:hr>
          </ns3:TrackPointExtension>
        </extensions>
      </trkpt>
      <trkpt lat="24.48891087435185909271240234375" lon="118.10407868586480617523193359375">
        <ele>9.19999980926513671875</ele>
        <time>2025-05-04T09:56:28.000Z</time>
        <extensions>
          <ns3:TrackPointExtension>
            <ns3:hr>167</ns3:hr>
          </ns3:TrackPointExtension>
        </extensions>
      </trkpt>
      <trkpt lat="24.48894289322197437286376953125" lon="118.10406468808650970458984375">
        <ele>9.6000003814697265625</ele>
        <time>2025-05-04T09:56:29.000Z</time>
        <extensions>
          <ns3:TrackPointExtension>
            <ns3:hr>167</ns3:hr>
          </ns3:TrackPointExtension>
        </extensions>
      </trkpt>
      <trkpt lat="24.48897323571145534515380859375" lon="118.10405270196497440338134765625">
        <ele>9.80000019073486328125</ele>
        <time>2025-05-04T09:56:30.000Z</time>
        <extensions>
          <ns3:TrackPointExtension>
            <ns3:hr>167</ns3:hr>
          </ns3:TrackPointExtension>
        </extensions>
      </trkpt>
      <trkpt lat="24.48900525458157062530517578125" lon="118.104042224586009979248046875">
        <ele>10</ele>
        <time>2025-05-04T09:56:31.000Z</time>
        <extensions>
          <ns3:TrackPointExtension>
            <ns3:hr>167</ns3:hr>
          </ns3:TrackPointExtension>
        </extensions>
      </trkpt>
      <trkpt lat="24.4890392012894153594970703125" lon="118.104030825197696685791015625">
        <ele>9.80000019073486328125</ele>
        <time>2025-05-04T09:56:32.000Z</time>
        <extensions>
          <ns3:TrackPointExtension>
            <ns3:hr>167</ns3:hr>
          </ns3:TrackPointExtension>
        </extensions>
      </trkpt>
      <trkpt lat="24.48907180689275264739990234375" lon="118.10401733033359050750732421875">
        <ele>9.6000003814697265625</ele>
        <time>2025-05-04T09:56:33.000Z</time>
        <extensions>
          <ns3:TrackPointExtension>
            <ns3:hr>167</ns3:hr>
          </ns3:TrackPointExtension>
        </extensions>
      </trkpt>
      <trkpt lat="24.489102065563201904296875" lon="118.10400324873626232147216796875">
        <ele>9.80000019073486328125</ele>
        <time>2025-05-04T09:56:34.000Z</time>
        <extensions>
          <ns3:TrackPointExtension>
            <ns3:hr>167</ns3:hr>
          </ns3:TrackPointExtension>
        </extensions>
      </trkpt>
      <trkpt lat="24.48913064785301685333251953125" lon="118.10399050824344158172607421875">
        <ele>10.19999980926513671875</ele>
        <time>2025-05-04T09:56:35.000Z</time>
        <extensions>
          <ns3:TrackPointExtension>
            <ns3:hr>166</ns3:hr>
          </ns3:TrackPointExtension>
        </extensions>
      </trkpt>
      <trkpt lat="24.4891592301428318023681640625" lon="118.10397910885512828826904296875">
        <ele>10.6000003814697265625</ele>
        <time>2025-05-04T09:56:36.000Z</time>
        <extensions>
          <ns3:TrackPointExtension>
            <ns3:hr>166</ns3:hr>
          </ns3:TrackPointExtension>
        </extensions>
      </trkpt>
      <trkpt lat="24.4891880638897418975830078125" lon="118.10396821238100528717041015625">
        <ele>11</ele>
        <time>2025-05-04T09:56:37.000Z</time>
        <extensions>
          <ns3:TrackPointExtension>
            <ns3:hr>166</ns3:hr>
          </ns3:TrackPointExtension>
        </extensions>
      </trkpt>
      <trkpt lat="24.489217735826969146728515625" lon="118.1039567291736602783203125">
        <ele>11.19999980926513671875</ele>
        <time>2025-05-04T09:56:38.000Z</time>
        <extensions>
          <ns3:TrackPointExtension>
            <ns3:hr>166</ns3:hr>
          </ns3:TrackPointExtension>
        </extensions>
      </trkpt>
      <trkpt lat="24.4892480783164501190185546875" lon="118.10394474305212497711181640625">
        <ele>11.6000003814697265625</ele>
        <time>2025-05-04T09:56:39.000Z</time>
        <extensions>
          <ns3:TrackPointExtension>
            <ns3:hr>166</ns3:hr>
          </ns3:TrackPointExtension>
        </extensions>
      </trkpt>
      <trkpt lat="24.48927867226302623748779296875" lon="118.103932924568653106689453125">
        <ele>12</ele>
        <time>2025-05-04T09:56:40.000Z</time>
        <extensions>
          <ns3:TrackPointExtension>
            <ns3:hr>166</ns3:hr>
          </ns3:TrackPointExtension>
        </extensions>
      </trkpt>
      <trkpt lat="24.4893094338476657867431640625" lon="118.10392253100872039794921875">
        <ele>11.19999980926513671875</ele>
        <time>2025-05-04T09:56:41.000Z</time>
        <extensions>
          <ns3:TrackPointExtension>
            <ns3:hr>166</ns3:hr>
          </ns3:TrackPointExtension>
        </extensions>
      </trkpt>
      <trkpt lat="24.48934103362262248992919921875" lon="118.10391238890588283538818359375">
        <ele>10.6000003814697265625</ele>
        <time>2025-05-04T09:56:42.000Z</time>
        <extensions>
          <ns3:TrackPointExtension>
            <ns3:hr>166</ns3:hr>
          </ns3:TrackPointExtension>
        </extensions>
      </trkpt>
      <trkpt lat="24.489373974502086639404296875" lon="118.1039012409746646881103515625">
        <ele>9.80000019073486328125</ele>
        <time>2025-05-04T09:56:43.000Z</time>
        <extensions>
          <ns3:TrackPointExtension>
            <ns3:hr>166</ns3:hr>
          </ns3:TrackPointExtension>
        </extensions>
      </trkpt>
      <trkpt lat="24.48940725065767765045166015625" lon="118.10388975776731967926025390625">
        <ele>9.19999980926513671875</ele>
        <time>2025-05-04T09:56:44.000Z</time>
        <extensions>
          <ns3:TrackPointExtension>
            <ns3:hr>166</ns3:hr>
          </ns3:TrackPointExtension>
        </extensions>
      </trkpt>
      <trkpt lat="24.48943926952779293060302734375" lon="118.1038784421980381011962890625">
        <ele>8.3999996185302734375</ele>
        <time>2025-05-04T09:56:45.000Z</time>
        <extensions>
          <ns3:TrackPointExtension>
            <ns3:hr>166</ns3:hr>
          </ns3:TrackPointExtension>
        </extensions>
      </trkpt>
      <trkpt lat="24.48946927674114704132080078125" lon="118.10386620461940765380859375">
        <ele>7.80000019073486328125</ele>
        <time>2025-05-04T09:56:46.000Z</time>
        <extensions>
          <ns3:TrackPointExtension>
            <ns3:hr>167</ns3:hr>
          </ns3:TrackPointExtension>
        </extensions>
      </trkpt>
      <trkpt lat="24.4894976913928985595703125" lon="118.103851787745952606201171875">
        <ele>7.400000095367431640625</ele>
        <time>2025-05-04T09:56:47.000Z</time>
        <extensions>
          <ns3:TrackPointExtension>
            <ns3:hr>167</ns3:hr>
          </ns3:TrackPointExtension>
        </extensions>
      </trkpt>
      <trkpt lat="24.48952526785433292388916015625" lon="118.10383292846381664276123046875">
        <ele>7</ele>
        <time>2025-05-04T09:56:48.000Z</time>
        <extensions>
          <ns3:TrackPointExtension>
            <ns3:hr>167</ns3:hr>
          </ns3:TrackPointExtension>
        </extensions>
      </trkpt>
      <trkpt lat="24.48955192230641841888427734375" lon="118.1038092076778411865234375">
        <ele>6.599999904632568359375</ele>
        <time>2025-05-04T09:56:49.000Z</time>
        <extensions>
          <ns3:TrackPointExtension>
            <ns3:hr>167</ns3:hr>
          </ns3:TrackPointExtension>
        </extensions>
      </trkpt>
      <trkpt lat="24.48957748711109161376953125" lon="118.1037815473973751068115234375">
        <ele>6.400000095367431640625</ele>
        <time>2025-05-04T09:56:50.000Z</time>
        <extensions>
          <ns3:TrackPointExtension>
            <ns3:hr>167</ns3:hr>
          </ns3:TrackPointExtension>
        </extensions>
      </trkpt>
      <trkpt lat="24.48960104025900363922119140625" lon="118.10375128872692584991455078125">
        <ele>6.19999980926513671875</ele>
        <time>2025-05-04T09:56:51.000Z</time>
        <extensions>
          <ns3:TrackPointExtension>
            <ns3:hr>167</ns3:hr>
          </ns3:TrackPointExtension>
        </extensions>
      </trkpt>
      <trkpt lat="24.48962132446467876434326171875" lon="118.10372010804712772369384765625">
        <ele>6</ele>
        <time>2025-05-04T09:56:52.000Z</time>
        <extensions>
          <ns3:TrackPointExtension>
            <ns3:hr>167</ns3:hr>
          </ns3:TrackPointExtension>
        </extensions>
      </trkpt>
      <trkpt lat="24.48963859118521213531494140625" lon="118.10368808917701244354248046875">
        <ele>5.80000019073486328125</ele>
        <time>2025-05-04T09:56:53.000Z</time>
        <extensions>
          <ns3:TrackPointExtension>
            <ns3:hr>166</ns3:hr>
          </ns3:TrackPointExtension>
        </extensions>
      </trkpt>
      <trkpt lat="24.4896534271538257598876953125" lon="118.1036551482975482940673828125">
        <ele>5.599999904632568359375</ele>
        <time>2025-05-04T09:56:54.000Z</time>
        <extensions>
          <ns3:TrackPointExtension>
            <ns3:hr>166</ns3:hr>
          </ns3:TrackPointExtension>
        </extensions>
      </trkpt>
      <trkpt lat="24.4896665029227733612060546875" lon="118.10362069867551326751708984375">
        <ele>5.599999904632568359375</ele>
        <time>2025-05-04T09:56:55.000Z</time>
        <extensions>
          <ns3:TrackPointExtension>
            <ns3:hr>166</ns3:hr>
          </ns3:TrackPointExtension>
        </extensions>
      </trkpt>
      <trkpt lat="24.48967781849205493927001953125" lon="118.10358515940606594085693359375">
        <ele>5.599999904632568359375</ele>
        <time>2025-05-04T09:56:56.000Z</time>
        <extensions>
          <ns3:TrackPointExtension>
            <ns3:hr>166</ns3:hr>
          </ns3:TrackPointExtension>
        </extensions>
      </trkpt>
      <trkpt lat="24.48968703858554363250732421875" lon="118.10354911722242832183837890625">
        <ele>5.599999904632568359375</ele>
        <time>2025-05-04T09:56:57.000Z</time>
        <extensions>
          <ns3:TrackPointExtension>
            <ns3:hr>166</ns3:hr>
          </ns3:TrackPointExtension>
        </extensions>
      </trkpt>
      <trkpt lat="24.4896929897367954254150390625" lon="118.10351240448653697967529296875">
        <ele>5.599999904632568359375</ele>
        <time>2025-05-04T09:56:58.000Z</time>
        <extensions>
          <ns3:TrackPointExtension>
            <ns3:hr>166</ns3:hr>
          </ns3:TrackPointExtension>
        </extensions>
      </trkpt>
      <trkpt lat="24.489695839583873748779296875" lon="118.103474937379360198974609375">
        <ele>5.400000095367431640625</ele>
        <time>2025-05-04T09:56:59.000Z</time>
        <extensions>
          <ns3:TrackPointExtension>
            <ns3:hr>166</ns3:hr>
          </ns3:TrackPointExtension>
        </extensions>
      </trkpt>
      <trkpt lat="24.489695839583873748779296875" lon="118.1034375540912151336669921875">
        <ele>5.400000095367431640625</ele>
        <time>2025-05-04T09:57:00.000Z</time>
        <extensions>
          <ns3:TrackPointExtension>
            <ns3:hr>166</ns3:hr>
          </ns3:TrackPointExtension>
        </extensions>
      </trkpt>
      <trkpt lat="24.48969324119389057159423828125" lon="118.10340075753629207611083984375">
        <ele>5.599999904632568359375</ele>
        <time>2025-05-04T09:57:01.000Z</time>
        <extensions>
          <ns3:TrackPointExtension>
            <ns3:hr>166</ns3:hr>
          </ns3:TrackPointExtension>
        </extensions>
      </trkpt>
      <trkpt lat="24.4896881282329559326171875" lon="118.1033641286194324493408203125">
        <ele>5.599999904632568359375</ele>
        <time>2025-05-04T09:57:02.000Z</time>
        <extensions>
          <ns3:TrackPointExtension>
            <ns3:hr>166</ns3:hr>
          </ns3:TrackPointExtension>
        </extensions>
      </trkpt>
      <trkpt lat="24.48967999778687953948974609375" lon="118.10332649387419223785400390625">
        <ele>5.80000019073486328125</ele>
        <time>2025-05-04T09:57:03.000Z</time>
        <extensions>
          <ns3:TrackPointExtension>
            <ns3:hr>166</ns3:hr>
          </ns3:TrackPointExtension>
        </extensions>
      </trkpt>
      <trkpt lat="24.48966943658888339996337890625" lon="118.103289194405078887939453125">
        <ele>6</ele>
        <time>2025-05-04T09:57:04.000Z</time>
        <extensions>
          <ns3:TrackPointExtension>
            <ns3:hr>166</ns3:hr>
          </ns3:TrackPointExtension>
        </extensions>
      </trkpt>
      <trkpt lat="24.4896561093628406524658203125" lon="118.10325340367853641510009765625">
        <ele>6.19999980926513671875</ele>
        <time>2025-05-04T09:57:05.000Z</time>
        <extensions>
          <ns3:TrackPointExtension>
            <ns3:hr>166</ns3:hr>
          </ns3:TrackPointExtension>
        </extensions>
      </trkpt>
      <trkpt lat="24.48963976465165615081787109375" lon="118.1032199598848819732666015625">
        <ele>6.19999980926513671875</ele>
        <time>2025-05-04T09:57:06.000Z</time>
        <extensions>
          <ns3:TrackPointExtension>
            <ns3:hr>166</ns3:hr>
          </ns3:TrackPointExtension>
        </extensions>
      </trkpt>
      <trkpt lat="24.48961948044598102569580078125" lon="118.1031894497573375701904296875">
        <ele>6.400000095367431640625</ele>
        <time>2025-05-04T09:57:07.000Z</time>
        <extensions>
          <ns3:TrackPointExtension>
            <ns3:hr>166</ns3:hr>
          </ns3:TrackPointExtension>
        </extensions>
      </trkpt>
      <trkpt lat="24.4895957596600055694580078125" lon="118.10316220857203006744384765625">
        <ele>6.599999904632568359375</ele>
        <time>2025-05-04T09:57:08.000Z</time>
        <extensions>
          <ns3:TrackPointExtension>
            <ns3:hr>166</ns3:hr>
          </ns3:TrackPointExtension>
        </extensions>
      </trkpt>
      <trkpt lat="24.48956944048404693603515625" lon="118.1031368114054203033447265625">
        <ele>6.80000019073486328125</ele>
        <time>2025-05-04T09:57:09.000Z</time>
        <extensions>
          <ns3:TrackPointExtension>
            <ns3:hr>166</ns3:hr>
          </ns3:TrackPointExtension>
        </extensions>
      </trkpt>
      <trkpt lat="24.4895414449274539947509765625" lon="118.10311309061944484710693359375">
        <ele>7</ele>
        <time>2025-05-04T09:57:10.000Z</time>
        <extensions>
          <ns3:TrackPointExtension>
            <ns3:hr>166</ns3:hr>
          </ns3:TrackPointExtension>
        </extensions>
      </trkpt>
      <trkpt lat="24.48951202444732189178466796875" lon="118.10309247113764286041259765625">
        <ele>7.19999980926513671875</ele>
        <time>2025-05-04T09:57:11.000Z</time>
        <extensions>
          <ns3:TrackPointExtension>
            <ns3:hr>165</ns3:hr>
          </ns3:TrackPointExtension>
        </extensions>
      </trkpt>
      <trkpt lat="24.48948067612946033477783203125" lon="118.1030747853219509124755859375">
        <ele>7.400000095367431640625</ele>
        <time>2025-05-04T09:57:12.000Z</time>
        <extensions>
          <ns3:TrackPointExtension>
            <ns3:hr>165</ns3:hr>
          </ns3:TrackPointExtension>
        </extensions>
      </trkpt>
      <trkpt lat="24.48944999836385250091552734375" lon="118.10305927880108356475830078125">
        <ele>7.599999904632568359375</ele>
        <time>2025-05-04T09:57:13.000Z</time>
        <extensions>
          <ns3:TrackPointExtension>
            <ns3:hr>166</ns3:hr>
          </ns3:TrackPointExtension>
        </extensions>
      </trkpt>
      <trkpt lat="24.48941932059824466705322265625" lon="118.1030452810227870941162109375">
        <ele>7.80000019073486328125</ele>
        <time>2025-05-04T09:57:14.000Z</time>
        <extensions>
          <ns3:TrackPointExtension>
            <ns3:hr>166</ns3:hr>
          </ns3:TrackPointExtension>
        </extensions>
      </trkpt>
      <trkpt lat="24.48938746936619281768798828125" lon="118.1030325405299663543701171875">
        <ele>7.80000019073486328125</ele>
        <time>2025-05-04T09:57:15.000Z</time>
        <extensions>
          <ns3:TrackPointExtension>
            <ns3:hr>166</ns3:hr>
          </ns3:TrackPointExtension>
        </extensions>
      </trkpt>
      <trkpt lat="24.4893528521060943603515625" lon="118.10302156023681163787841796875">
        <ele>8</ele>
        <time>2025-05-04T09:57:16.000Z</time>
        <extensions>
          <ns3:TrackPointExtension>
            <ns3:hr>166</ns3:hr>
          </ns3:TrackPointExtension>
        </extensions>
      </trkpt>
      <trkpt lat="24.48931588791310787200927734375" lon="118.10301384888589382171630859375">
        <ele>8.19999980926513671875</ele>
        <time>2025-05-04T09:57:17.000Z</time>
        <extensions>
          <ns3:TrackPointExtension>
            <ns3:hr>166</ns3:hr>
          </ns3:TrackPointExtension>
        </extensions>
      </trkpt>
      <trkpt lat="24.4892795942723751068115234375" lon="118.1030114181339740753173828125">
        <ele>8.3999996185302734375</ele>
        <time>2025-05-04T09:57:18.000Z</time>
        <extensions>
          <ns3:TrackPointExtension>
            <ns3:hr>166</ns3:hr>
          </ns3:TrackPointExtension>
        </extensions>
      </trkpt>
      <trkpt lat="24.48924531228840351104736328125" lon="118.10301401652395725250244140625">
        <ele>8.3999996185302734375</ele>
        <time>2025-05-04T09:57:19.000Z</time>
        <extensions>
          <ns3:TrackPointExtension>
            <ns3:hr>166</ns3:hr>
          </ns3:TrackPointExtension>
        </extensions>
      </trkpt>
      <trkpt lat="24.4892108626663684844970703125" lon="118.1030201353132724761962890625">
        <ele>8.6000003814697265625</ele>
        <time>2025-05-04T09:57:20.000Z</time>
        <extensions>
          <ns3:TrackPointExtension>
            <ns3:hr>166</ns3:hr>
          </ns3:TrackPointExtension>
        </extensions>
      </trkpt>
      <trkpt lat="24.4891758263111114501953125" lon="118.10302927158772945404052734375">
        <ele>8.3999996185302734375</ele>
        <time>2025-05-04T09:57:21.000Z</time>
        <extensions>
          <ns3:TrackPointExtension>
            <ns3:hr>166</ns3:hr>
          </ns3:TrackPointExtension>
        </extensions>
      </trkpt>
      <trkpt lat="24.48914162814617156982421875" lon="118.1030412577092647552490234375">
        <ele>8.19999980926513671875</ele>
        <time>2025-05-04T09:57:22.000Z</time>
        <extensions>
          <ns3:TrackPointExtension>
            <ns3:hr>166</ns3:hr>
          </ns3:TrackPointExtension>
        </extensions>
      </trkpt>
      <trkpt lat="24.489109106361865997314453125" lon="118.10305475257337093353271484375">
        <ele>8</ele>
        <time>2025-05-04T09:57:23.000Z</time>
        <extensions>
          <ns3:TrackPointExtension>
            <ns3:hr>166</ns3:hr>
          </ns3:TrackPointExtension>
        </extensions>
      </trkpt>
      <trkpt lat="24.48907784186303615570068359375" lon="118.103068582713603973388671875">
        <ele>7.599999904632568359375</ele>
        <time>2025-05-04T09:57:24.000Z</time>
        <extensions>
          <ns3:TrackPointExtension>
            <ns3:hr>166</ns3:hr>
          </ns3:TrackPointExtension>
        </extensions>
      </trkpt>
      <trkpt lat="24.48904682882130146026611328125" lon="118.10308241285383701324462890625">
        <ele>7.400000095367431640625</ele>
        <time>2025-05-04T09:57:25.000Z</time>
        <extensions>
          <ns3:TrackPointExtension>
            <ns3:hr>166</ns3:hr>
          </ns3:TrackPointExtension>
        </extensions>
      </trkpt>
      <trkpt lat="24.48901631869375705718994140625" lon="118.1030959077179431915283203125">
        <ele>7.19999980926513671875</ele>
        <time>2025-05-04T09:57:26.000Z</time>
        <extensions>
          <ns3:TrackPointExtension>
            <ns3:hr>167</ns3:hr>
          </ns3:TrackPointExtension>
        </extensions>
      </trkpt>
      <trkpt lat="24.48898513801395893096923828125" lon="118.1031096540391445159912109375">
        <ele>7.19999980926513671875</ele>
        <time>2025-05-04T09:57:27.000Z</time>
        <extensions>
          <ns3:TrackPointExtension>
            <ns3:hr>167</ns3:hr>
          </ns3:TrackPointExtension>
        </extensions>
      </trkpt>
      <trkpt lat="24.4889523647725582122802734375" lon="118.10312381945550441741943359375">
        <ele>7.400000095367431640625</ele>
        <time>2025-05-04T09:57:28.000Z</time>
        <extensions>
          <ns3:TrackPointExtension>
            <ns3:hr>167</ns3:hr>
          </ns3:TrackPointExtension>
        </extensions>
      </trkpt>
      <trkpt lat="24.48891825042665004730224609375" lon="118.1031371466815471649169921875">
        <ele>7.599999904632568359375</ele>
        <time>2025-05-04T09:57:29.000Z</time>
        <extensions>
          <ns3:TrackPointExtension>
            <ns3:hr>167</ns3:hr>
          </ns3:TrackPointExtension>
        </extensions>
      </trkpt>
      <trkpt lat="24.48888505809009075164794921875" lon="118.10314963571727275848388671875">
        <ele>7.80000019073486328125</ele>
        <time>2025-05-04T09:57:30.000Z</time>
        <extensions>
          <ns3:TrackPointExtension>
            <ns3:hr>167</ns3:hr>
          </ns3:TrackPointExtension>
        </extensions>
      </trkpt>
      <trkpt lat="24.48885370977222919464111328125" lon="118.10316237621009349822998046875">
        <ele>8</ele>
        <time>2025-05-04T09:57:31.000Z</time>
        <extensions>
          <ns3:TrackPointExtension>
            <ns3:hr>167</ns3:hr>
          </ns3:TrackPointExtension>
        </extensions>
      </trkpt>
      <trkpt lat="24.48882303200662136077880859375" lon="118.10317545197904109954833984375">
        <ele>8.19999980926513671875</ele>
        <time>2025-05-04T09:57:32.000Z</time>
        <extensions>
          <ns3:TrackPointExtension>
            <ns3:hr>167</ns3:hr>
          </ns3:TrackPointExtension>
        </extensions>
      </trkpt>
      <trkpt lat="24.48879159986972808837890625" lon="118.10318802483379840850830078125">
        <ele>8.3999996185302734375</ele>
        <time>2025-05-04T09:57:33.000Z</time>
        <extensions>
          <ns3:TrackPointExtension>
            <ns3:hr>167</ns3:hr>
          </ns3:TrackPointExtension>
        </extensions>
      </trkpt>
      <trkpt lat="24.48876016773283481597900390625" lon="118.10319892130792140960693359375">
        <ele>8.19999980926513671875</ele>
        <time>2025-05-04T09:57:34.000Z</time>
        <extensions>
          <ns3:TrackPointExtension>
            <ns3:hr>167</ns3:hr>
          </ns3:TrackPointExtension>
        </extensions>
      </trkpt>
      <trkpt lat="24.488728232681751251220703125" lon="118.10320897959172725677490234375">
        <ele>7.80000019073486328125</ele>
        <time>2025-05-04T09:57:35.000Z</time>
        <extensions>
          <ns3:TrackPointExtension>
            <ns3:hr>167</ns3:hr>
          </ns3:TrackPointExtension>
        </extensions>
      </trkpt>
      <trkpt lat="24.4886957108974456787109375" lon="118.10321979224681854248046875">
        <ele>7.80000019073486328125</ele>
        <time>2025-05-04T09:57:36.000Z</time>
        <extensions>
          <ns3:TrackPointExtension>
            <ns3:hr>167</ns3:hr>
          </ns3:TrackPointExtension>
        </extensions>
      </trkpt>
      <trkpt lat="24.4886633567512035369873046875" lon="118.103231526911258697509765625">
        <ele>7.599999904632568359375</ele>
        <time>2025-05-04T09:57:37.000Z</time>
        <extensions>
          <ns3:TrackPointExtension>
            <ns3:hr>167</ns3:hr>
          </ns3:TrackPointExtension>
        </extensions>
      </trkpt>
      <trkpt lat="24.4886315055191516876220703125" lon="118.10324384830892086029052734375">
        <ele>7.599999904632568359375</ele>
        <time>2025-05-04T09:57:38.000Z</time>
        <extensions>
          <ns3:TrackPointExtension>
            <ns3:hr>167</ns3:hr>
          </ns3:TrackPointExtension>
        </extensions>
      </trkpt>
      <trkpt lat="24.48859973810613155364990234375" lon="118.10325642116367816925048828125">
        <ele>7.400000095367431640625</ele>
        <time>2025-05-04T09:57:39.000Z</time>
        <extensions>
          <ns3:TrackPointExtension>
            <ns3:hr>167</ns3:hr>
          </ns3:TrackPointExtension>
        </extensions>
      </trkpt>
      <trkpt lat="24.4885674677789211273193359375" lon="118.10326815582811832427978515625">
        <ele>7.599999904632568359375</ele>
        <time>2025-05-04T09:57:40.000Z</time>
        <extensions>
          <ns3:TrackPointExtension>
            <ns3:hr>167</ns3:hr>
          </ns3:TrackPointExtension>
        </extensions>
      </trkpt>
      <trkpt lat="24.488534443080425262451171875" lon="118.1032793037593364715576171875">
        <ele>7.80000019073486328125</ele>
        <time>2025-05-04T09:57:41.000Z</time>
        <extensions>
          <ns3:TrackPointExtension>
            <ns3:hr>167</ns3:hr>
          </ns3:TrackPointExtension>
        </extensions>
      </trkpt>
      <trkpt lat="24.48850200511515140533447265625" lon="118.10329162515699863433837890625">
        <ele>8</ele>
        <time>2025-05-04T09:57:42.000Z</time>
        <extensions>
          <ns3:TrackPointExtension>
            <ns3:hr>167</ns3:hr>
          </ns3:TrackPointExtension>
        </extensions>
      </trkpt>
      <trkpt lat="24.48847115971148014068603515625" lon="118.10330486856400966644287109375">
        <ele>8</ele>
        <time>2025-05-04T09:57:43.000Z</time>
        <extensions>
          <ns3:TrackPointExtension>
            <ns3:hr>167</ns3:hr>
          </ns3:TrackPointExtension>
        </extensions>
      </trkpt>
      <trkpt lat="24.4884400628507137298583984375" lon="118.1033188663423061370849609375">
        <ele>8.19999980926513671875</ele>
        <time>2025-05-04T09:57:44.000Z</time>
        <extensions>
          <ns3:TrackPointExtension>
            <ns3:hr>167</ns3:hr>
          </ns3:TrackPointExtension>
        </extensions>
      </trkpt>
      <trkpt lat="24.48840846307575702667236328125" lon="118.1033332832157611846923828125">
        <ele>8</ele>
        <time>2025-05-04T09:57:45.000Z</time>
        <extensions>
          <ns3:TrackPointExtension>
            <ns3:hr>167</ns3:hr>
          </ns3:TrackPointExtension>
        </extensions>
      </trkpt>
      <trkpt lat="24.48837728239595890045166015625" lon="118.10334929265081882476806640625">
        <ele>8.3999996185302734375</ele>
        <time>2025-05-04T09:57:46.000Z</time>
        <extensions>
          <ns3:TrackPointExtension>
            <ns3:hr>167</ns3:hr>
          </ns3:TrackPointExtension>
        </extensions>
      </trkpt>
      <trkpt lat="24.48834811337292194366455078125" lon="118.1033681519329547882080078125">
        <ele>8.80000019073486328125</ele>
        <time>2025-05-04T09:57:47.000Z</time>
        <extensions>
          <ns3:TrackPointExtension>
            <ns3:hr>168</ns3:hr>
          </ns3:TrackPointExtension>
        </extensions>
      </trkpt>
      <trkpt lat="24.4883210398256778717041015625" lon="118.103389777243137359619140625">
        <ele>9.19999980926513671875</ele>
        <time>2025-05-04T09:57:48.000Z</time>
        <extensions>
          <ns3:TrackPointExtension>
            <ns3:hr>167</ns3:hr>
          </ns3:TrackPointExtension>
        </extensions>
      </trkpt>
      <trkpt lat="24.4882962293922901153564453125" lon="118.103413917124271392822265625">
        <ele>9.3999996185302734375</ele>
        <time>2025-05-04T09:57:49.000Z</time>
        <extensions>
          <ns3:TrackPointExtension>
            <ns3:hr>167</ns3:hr>
          </ns3:TrackPointExtension>
        </extensions>
      </trkpt>
      <trkpt lat="24.48827393352985382080078125" lon="118.10344099067151546478271484375">
        <ele>9.3999996185302734375</ele>
        <time>2025-05-04T09:57:50.000Z</time>
        <extensions>
          <ns3:TrackPointExtension>
            <ns3:hr>167</ns3:hr>
          </ns3:TrackPointExtension>
        </extensions>
      </trkpt>
      <trkpt lat="24.48825440369546413421630859375" lon="118.10347066260874271392822265625">
        <ele>9.3999996185302734375</ele>
        <time>2025-05-04T09:57:51.000Z</time>
        <extensions>
          <ns3:TrackPointExtension>
            <ns3:hr>167</ns3:hr>
          </ns3:TrackPointExtension>
        </extensions>
      </trkpt>
      <trkpt lat="24.48823713697493076324462890625" lon="118.10350301675498485565185546875">
        <ele>9.6000003814697265625</ele>
        <time>2025-05-04T09:57:52.000Z</time>
        <extensions>
          <ns3:TrackPointExtension>
            <ns3:hr>167</ns3:hr>
          </ns3:TrackPointExtension>
        </extensions>
      </trkpt>
      <trkpt lat="24.4882214628159999847412109375" lon="118.10353738255798816680908203125">
        <ele>9.6000003814697265625</ele>
        <time>2025-05-04T09:57:53.000Z</time>
        <extensions>
          <ns3:TrackPointExtension>
            <ns3:hr>167</ns3:hr>
          </ns3:TrackPointExtension>
        </extensions>
      </trkpt>
      <trkpt lat="24.48820821940898895263671875" lon="118.1035730056464672088623046875">
        <ele>9.80000019073486328125</ele>
        <time>2025-05-04T09:57:54.000Z</time>
        <extensions>
          <ns3:TrackPointExtension>
            <ns3:hr>167</ns3:hr>
          </ns3:TrackPointExtension>
        </extensions>
      </trkpt>
      <trkpt lat="24.488198496401309967041015625" lon="118.10360963456332683563232421875">
        <ele>9.80000019073486328125</ele>
        <time>2025-05-04T09:57:55.000Z</time>
        <extensions>
          <ns3:TrackPointExtension>
            <ns3:hr>168</ns3:hr>
          </ns3:TrackPointExtension>
        </extensions>
      </trkpt>
      <trkpt lat="24.488193802535533905029296875" lon="118.10364651493728160858154296875">
        <ele>9.6000003814697265625</ele>
        <time>2025-05-04T09:57:56.000Z</time>
        <extensions>
          <ns3:TrackPointExtension>
            <ns3:hr>168</ns3:hr>
          </ns3:TrackPointExtension>
        </extensions>
      </trkpt>
      <trkpt lat="24.4881936348974704742431640625" lon="118.10368440113961696624755859375">
        <ele>9.3999996185302734375</ele>
        <time>2025-05-04T09:57:57.000Z</time>
        <extensions>
          <ns3:TrackPointExtension>
            <ns3:hr>168</ns3:hr>
          </ns3:TrackPointExtension>
        </extensions>
      </trkpt>
      <trkpt lat="24.48819539509713649749755859375" lon="118.1037222035229206085205078125">
        <ele>9</ele>
        <time>2025-05-04T09:57:58.000Z</time>
        <extensions>
          <ns3:TrackPointExtension>
            <ns3:hr>168</ns3:hr>
          </ns3:TrackPointExtension>
        </extensions>
      </trkpt>
      <trkpt lat="24.48819824494421482086181640625" lon="118.10375765897333621978759765625">
        <ele>8.3999996185302734375</ele>
        <time>2025-05-04T09:57:59.000Z</time>
        <extensions>
          <ns3:TrackPointExtension>
            <ns3:hr>168</ns3:hr>
          </ns3:TrackPointExtension>
        </extensions>
      </trkpt>
      <trkpt lat="24.4882033579051494598388671875" lon="118.1037919409573078155517578125">
        <ele>7.80000019073486328125</ele>
        <time>2025-05-04T09:58:00.000Z</time>
        <extensions>
          <ns3:TrackPointExtension>
            <ns3:hr>167</ns3:hr>
          </ns3:TrackPointExtension>
        </extensions>
      </trkpt>
      <trkpt lat="24.48820997960865497589111328125" lon="118.103826977312564849853515625">
        <ele>7.400000095367431640625</ele>
        <time>2025-05-04T09:58:01.000Z</time>
        <extensions>
          <ns3:TrackPointExtension>
            <ns3:hr>167</ns3:hr>
          </ns3:TrackPointExtension>
        </extensions>
      </trkpt>
      <trkpt lat="24.48821819387376308441162109375" lon="118.10386310331523418426513671875">
        <ele>6.80000019073486328125</ele>
        <time>2025-05-04T09:58:02.000Z</time>
        <extensions>
          <ns3:TrackPointExtension>
            <ns3:hr>167</ns3:hr>
          </ns3:TrackPointExtension>
        </extensions>
      </trkpt>
      <trkpt lat="24.48822967708110809326171875" lon="118.10389931313693523406982421875">
        <ele>6.19999980926513671875</ele>
        <time>2025-05-04T09:58:03.000Z</time>
        <extensions>
          <ns3:TrackPointExtension>
            <ns3:hr>167</ns3:hr>
          </ns3:TrackPointExtension>
        </extensions>
      </trkpt>
      <trkpt lat="24.48824568651616573333740234375" lon="118.1039340980350971221923828125">
        <ele>5.599999904632568359375</ele>
        <time>2025-05-04T09:58:04.000Z</time>
        <extensions>
          <ns3:TrackPointExtension>
            <ns3:hr>167</ns3:hr>
          </ns3:TrackPointExtension>
        </extensions>
      </trkpt>
      <trkpt lat="24.48826429434120655059814453125" lon="118.1039669550955295562744140625">
        <ele>5.19999980926513671875</ele>
        <time>2025-05-04T09:58:05.000Z</time>
        <extensions>
          <ns3:TrackPointExtension>
            <ns3:hr>167</ns3:hr>
          </ns3:TrackPointExtension>
        </extensions>
      </trkpt>
      <trkpt lat="24.48828340508043766021728515625" lon="118.10399788431823253631591796875">
        <ele>5.19999980926513671875</ele>
        <time>2025-05-04T09:58:06.000Z</time>
        <extensions>
          <ns3:TrackPointExtension>
            <ns3:hr>167</ns3:hr>
          </ns3:TrackPointExtension>
        </extensions>
      </trkpt>
      <trkpt lat="24.48830385692417621612548828125" lon="118.1040264666080474853515625">
        <ele>5</ele>
        <time>2025-05-04T09:58:07.000Z</time>
        <extensions>
          <ns3:TrackPointExtension>
            <ns3:hr>167</ns3:hr>
          </ns3:TrackPointExtension>
        </extensions>
      </trkpt>
      <trkpt lat="24.4883267395198345184326171875" lon="118.10405320487916469573974609375">
        <ele>4.80000019073486328125</ele>
        <time>2025-05-04T09:58:08.000Z</time>
        <extensions>
          <ns3:TrackPointExtension>
            <ns3:hr>167</ns3:hr>
          </ns3:TrackPointExtension>
        </extensions>
      </trkpt>
      <trkpt lat="24.488352052867412567138671875" lon="118.10407768003642559051513671875">
        <ele>4.599999904632568359375</ele>
        <time>2025-05-04T09:58:09.000Z</time>
        <extensions>
          <ns3:TrackPointExtension>
            <ns3:hr>167</ns3:hr>
          </ns3:TrackPointExtension>
        </extensions>
      </trkpt>
      <trkpt lat="24.4883790425956249237060546875" lon="118.10409880243241786956787109375">
        <ele>4.400000095367431640625</ele>
        <time>2025-05-04T09:58:10.000Z</time>
        <extensions>
          <ns3:TrackPointExtension>
            <ns3:hr>167</ns3:hr>
          </ns3:TrackPointExtension>
        </extensions>
      </trkpt>
      <trkpt lat="24.48840645141899585723876953125" lon="118.10411724261939525604248046875">
        <ele>4.19999980926513671875</ele>
        <time>2025-05-04T09:58:11.000Z</time>
        <extensions>
          <ns3:TrackPointExtension>
            <ns3:hr>167</ns3:hr>
          </ns3:TrackPointExtension>
        </extensions>
      </trkpt>
      <trkpt lat="24.48843427933752536773681640625" lon="118.10413316823542118072509765625">
        <ele>4</ele>
        <time>2025-05-04T09:58:12.000Z</time>
        <extensions>
          <ns3:TrackPointExtension>
            <ns3:hr>167</ns3:hr>
          </ns3:TrackPointExtension>
        </extensions>
      </trkpt>
      <trkpt lat="24.488462693989276885986328125" lon="118.10414691455662250518798828125">
        <ele>4.19999980926513671875</ele>
        <time>2025-05-04T09:58:13.000Z</time>
        <extensions>
          <ns3:TrackPointExtension>
            <ns3:hr>167</ns3:hr>
          </ns3:TrackPointExtension>
        </extensions>
      </trkpt>
      <trkpt lat="24.48849194683134555816650390625" lon="118.10415781103074550628662109375">
        <ele>4.400000095367431640625</ele>
        <time>2025-05-04T09:58:14.000Z</time>
        <extensions>
          <ns3:TrackPointExtension>
            <ns3:hr>167</ns3:hr>
          </ns3:TrackPointExtension>
        </extensions>
      </trkpt>
      <trkpt lat="24.48852178640663623809814453125" lon="118.1041661091148853302001953125">
        <ele>4.599999904632568359375</ele>
        <time>2025-05-04T09:58:15.000Z</time>
        <extensions>
          <ns3:TrackPointExtension>
            <ns3:hr>167</ns3:hr>
          </ns3:TrackPointExtension>
        </extensions>
      </trkpt>
      <trkpt lat="24.48855288326740264892578125" lon="118.10417256318032741546630859375">
        <ele>4.80000019073486328125</ele>
        <time>2025-05-04T09:58:16.000Z</time>
        <extensions>
          <ns3:TrackPointExtension>
            <ns3:hr>167</ns3:hr>
          </ns3:TrackPointExtension>
        </extensions>
      </trkpt>
      <trkpt lat="24.48858498595654964447021484375" lon="118.10417759232223033905029296875">
        <ele>5</ele>
        <time>2025-05-04T09:58:17.000Z</time>
        <extensions>
          <ns3:TrackPointExtension>
            <ns3:hr>167</ns3:hr>
          </ns3:TrackPointExtension>
        </extensions>
      </trkpt>
      <trkpt lat="24.48861767537891864776611328125" lon="118.10418010689318180084228515625">
        <ele>5.19999980926513671875</ele>
        <time>2025-05-04T09:58:18.000Z</time>
        <extensions>
          <ns3:TrackPointExtension>
            <ns3:hr>167</ns3:hr>
          </ns3:TrackPointExtension>
        </extensions>
      </trkpt>
      <trkpt lat="24.488650448620319366455078125" lon="118.1041808612644672393798828125">
        <ele>5.400000095367431640625</ele>
        <time>2025-05-04T09:58:19.000Z</time>
        <extensions>
          <ns3:TrackPointExtension>
            <ns3:hr>167</ns3:hr>
          </ns3:TrackPointExtension>
        </extensions>
      </trkpt>
      <trkpt lat="24.4886831380426883697509765625" lon="118.104180358350276947021484375">
        <ele>5.80000019073486328125</ele>
        <time>2025-05-04T09:58:20.000Z</time>
        <extensions>
          <ns3:TrackPointExtension>
            <ns3:hr>167</ns3:hr>
          </ns3:TrackPointExtension>
        </extensions>
      </trkpt>
      <trkpt lat="24.48871574364602565765380859375" lon="118.1041781790554523468017578125">
        <ele>5.80000019073486328125</ele>
        <time>2025-05-04T09:58:21.000Z</time>
        <extensions>
          <ns3:TrackPointExtension>
            <ns3:hr>166</ns3:hr>
          </ns3:TrackPointExtension>
        </extensions>
      </trkpt>
      <trkpt lat="24.48874776251614093780517578125" lon="118.10417340137064456939697265625">
        <ele>6.400000095367431640625</ele>
        <time>2025-05-04T09:58:22.000Z</time>
        <extensions>
          <ns3:TrackPointExtension>
            <ns3:hr>166</ns3:hr>
          </ns3:TrackPointExtension>
        </extensions>
      </trkpt>
      <trkpt lat="24.48877793736755847930908203125" lon="118.1041657738387584686279296875">
        <ele>7</ele>
        <time>2025-05-04T09:58:23.000Z</time>
        <extensions>
          <ns3:TrackPointExtension>
            <ns3:hr>166</ns3:hr>
          </ns3:TrackPointExtension>
        </extensions>
      </trkpt>
      <trkpt lat="24.48880593292415142059326171875" lon="118.10415563173592090606689453125">
        <ele>7.599999904632568359375</ele>
        <time>2025-05-04T09:58:24.000Z</time>
        <extensions>
          <ns3:TrackPointExtension>
            <ns3:hr>166</ns3:hr>
          </ns3:TrackPointExtension>
        </extensions>
      </trkpt>
      <trkpt lat="24.48883292265236377716064453125" lon="118.10414389707148075103759765625">
        <ele>8.19999980926513671875</ele>
        <time>2025-05-04T09:58:25.000Z</time>
        <extensions>
          <ns3:TrackPointExtension>
            <ns3:hr>166</ns3:hr>
          </ns3:TrackPointExtension>
        </extensions>
      </trkpt>
      <trkpt lat="24.48886008001863956451416015625" lon="118.10413132421672344207763671875">
        <ele>8.6000003814697265625</ele>
        <time>2025-05-04T09:58:26.000Z</time>
        <extensions>
          <ns3:TrackPointExtension>
            <ns3:hr>166</ns3:hr>
          </ns3:TrackPointExtension>
        </extensions>
      </trkpt>
      <trkpt lat="24.48888740502297878265380859375" lon="118.104119002819061279296875">
        <ele>9.19999980926513671875</ele>
        <time>2025-05-04T09:58:27.000Z</time>
        <extensions>
          <ns3:TrackPointExtension>
            <ns3:hr>166</ns3:hr>
          </ns3:TrackPointExtension>
        </extensions>
      </trkpt>
      <trkpt lat="24.48891498148441314697265625" lon="118.1041069328784942626953125">
        <ele>9.6000003814697265625</ele>
        <time>2025-05-04T09:58:28.000Z</time>
        <extensions>
          <ns3:TrackPointExtension>
            <ns3:hr>166</ns3:hr>
          </ns3:TrackPointExtension>
        </extensions>
      </trkpt>
      <trkpt lat="24.488942809402942657470703125" lon="118.10409544967114925384521484375">
        <ele>9.80000019073486328125</ele>
        <time>2025-05-04T09:58:29.000Z</time>
        <extensions>
          <ns3:TrackPointExtension>
            <ns3:hr>166</ns3:hr>
          </ns3:TrackPointExtension>
        </extensions>
      </trkpt>
      <trkpt lat="24.48896904475986957550048828125" lon="118.1040856428444385528564453125">
        <ele>10.19999980926513671875</ele>
        <time>2025-05-04T09:58:30.000Z</time>
        <extensions>
          <ns3:TrackPointExtension>
            <ns3:hr>166</ns3:hr>
          </ns3:TrackPointExtension>
        </extensions>
      </trkpt>
      <trkpt lat="24.4889925979077816009521484375" lon="118.10407617129385471343994140625">
        <ele>10.3999996185302734375</ele>
        <time>2025-05-04T09:58:31.000Z</time>
        <extensions>
          <ns3:TrackPointExtension>
            <ns3:hr>165</ns3:hr>
          </ns3:TrackPointExtension>
        </extensions>
      </trkpt>
      <trkpt lat="24.4890127144753932952880859375" lon="118.10406812466681003570556640625">
        <ele>10.3999996185302734375</ele>
        <time>2025-05-04T09:58:32.000Z</time>
        <extensions>
          <ns3:TrackPointExtension>
            <ns3:hr>165</ns3:hr>
          </ns3:TrackPointExtension>
        </extensions>
      </trkpt>
      <trkpt lat="24.48902922682464122772216796875" lon="118.1040631793439388275146484375">
        <ele>10.19999980926513671875</ele>
        <time>2025-05-04T09:58:33.000Z</time>
        <extensions>
          <ns3:TrackPointExtension>
            <ns3:hr>165</ns3:hr>
          </ns3:TrackPointExtension>
        </extensions>
      </trkpt>
      <trkpt lat="24.48904213495552539825439453125" lon="118.10406041331589221954345703125">
        <ele>10.19999980926513671875</ele>
        <time>2025-05-04T09:58:34.000Z</time>
        <extensions>
          <ns3:TrackPointExtension>
            <ns3:hr>165</ns3:hr>
          </ns3:TrackPointExtension>
        </extensions>
      </trkpt>
      <trkpt lat="24.4890519417822360992431640625" lon="118.10405856929719448089599609375">
        <ele>10.19999980926513671875</ele>
        <time>2025-05-04T09:58:35.000Z</time>
        <extensions>
          <ns3:TrackPointExtension>
            <ns3:hr>165</ns3:hr>
          </ns3:TrackPointExtension>
        </extensions>
      </trkpt>
      <trkpt lat="24.48905990459024906158447265625" lon="118.10405689291656017303466796875">
        <ele>10</ele>
        <time>2025-05-04T09:58:36.000Z</time>
        <extensions>
          <ns3:TrackPointExtension>
            <ns3:hr>165</ns3:hr>
          </ns3:TrackPointExtension>
        </extensions>
      </trkpt>
      <trkpt lat="24.489067532122135162353515625" lon="118.104054629802703857421875">
        <ele>10</ele>
        <time>2025-05-04T09:58:37.000Z</time>
        <extensions>
          <ns3:TrackPointExtension>
            <ns3:hr>165</ns3:hr>
          </ns3:TrackPointExtension>
        </extensions>
      </trkpt>
      <trkpt lat="24.48907767422497272491455078125" lon="118.104050941765308380126953125">
        <ele>10</ele>
        <time>2025-05-04T09:58:38.000Z</time>
        <extensions>
          <ns3:TrackPointExtension>
            <ns3:hr>165</ns3:hr>
          </ns3:TrackPointExtension>
        </extensions>
      </trkpt>
      <trkpt lat="24.48909066617488861083984375" lon="118.1040460802614688873291015625">
        <ele>9.80000019073486328125</ele>
        <time>2025-05-04T09:58:39.000Z</time>
        <extensions>
          <ns3:TrackPointExtension>
            <ns3:hr>161</ns3:hr>
          </ns3:TrackPointExtension>
        </extensions>
      </trkpt>
      <trkpt lat="24.48910265229642391204833984375" lon="118.10404230840504169464111328125">
        <ele>9.80000019073486328125</ele>
        <time>2025-05-04T09:58:40.000Z</time>
        <extensions>
          <ns3:TrackPointExtension>
            <ns3:hr>161</ns3:hr>
          </ns3:TrackPointExtension>
        </extensions>
      </trkpt>
      <trkpt lat="24.4891106151044368743896484375" lon="118.1040410511195659637451171875">
        <ele>9.80000019073486328125</ele>
        <time>2025-05-04T09:58:41.000Z</time>
        <extensions>
          <ns3:TrackPointExtension>
            <ns3:hr>161</ns3:hr>
          </ns3:TrackPointExtension>
        </extensions>
      </trkpt>
      <trkpt lat="24.48911656625568866729736328125" lon="118.10404096730053424835205078125">
        <ele>9.80000019073486328125</ele>
        <time>2025-05-04T09:58:42.000Z</time>
        <extensions>
          <ns3:TrackPointExtension>
            <ns3:hr>161</ns3:hr>
          </ns3:TrackPointExtension>
        </extensions>
      </trkpt>
      <trkpt lat="24.4891236908733844757080078125" lon="118.1040403805673122406005859375">
        <ele>10</ele>
        <time>2025-05-04T09:58:43.000Z</time>
        <extensions>
          <ns3:TrackPointExtension>
            <ns3:hr>161</ns3:hr>
          </ns3:TrackPointExtension>
        </extensions>
      </trkpt>
      <trkpt lat="24.4891324080526828765869140625" lon="118.10403845272958278656005859375">
        <ele>10</ele>
        <time>2025-05-04T09:58:44.000Z</time>
        <extensions>
          <ns3:TrackPointExtension>
            <ns3:hr>161</ns3:hr>
          </ns3:TrackPointExtension>
        </extensions>
      </trkpt>
      <trkpt lat="24.489141292870044708251953125" lon="118.10403577052056789398193359375">
        <ele>10.19999980926513671875</ele>
        <time>2025-05-04T09:58:45.000Z</time>
        <extensions>
          <ns3:TrackPointExtension>
            <ns3:hr>161</ns3:hr>
          </ns3:TrackPointExtension>
        </extensions>
      </trkpt>
      <trkpt lat="24.48914808221161365509033203125" lon="118.10403292067348957061767578125">
        <ele>10.19999980926513671875</ele>
        <time>2025-05-04T09:58:46.000Z</time>
        <extensions>
          <ns3:TrackPointExtension>
            <ns3:hr>161</ns3:hr>
          </ns3:TrackPointExtension>
        </extensions>
      </trkpt>
      <trkpt lat="24.48915327899158000946044921875" lon="118.104030154645442962646484375">
        <ele>10.3999996185302734375</ele>
        <time>2025-05-04T09:58:47.000Z</time>
        <extensions>
          <ns3:TrackPointExtension>
            <ns3:hr>161</ns3:hr>
          </ns3:TrackPointExtension>
        </extensions>
      </trkpt>
      <trkpt lat="24.48915964923799037933349609375" lon="118.10402722097933292388916015625">
        <ele>10.3999996185302734375</ele>
        <time>2025-05-04T09:58:48.000Z</time>
        <extensions>
          <ns3:TrackPointExtension>
            <ns3:hr>158</ns3:hr>
          </ns3:TrackPointExtension>
        </extensions>
      </trkpt>
      <trkpt lat="24.4891679473221302032470703125" lon="118.10402420349419116973876953125">
        <ele>10.6000003814697265625</ele>
        <time>2025-05-04T09:58:49.000Z</time>
        <extensions>
          <ns3:TrackPointExtension>
            <ns3:hr>158</ns3:hr>
          </ns3:TrackPointExtension>
        </extensions>
      </trkpt>
      <trkpt lat="24.4891766645014286041259765625" lon="118.1040212698280811309814453125">
        <ele>10.6000003814697265625</ele>
        <time>2025-05-04T09:58:50.000Z</time>
        <extensions>
          <ns3:TrackPointExtension>
            <ns3:hr>158</ns3:hr>
          </ns3:TrackPointExtension>
        </extensions>
      </trkpt>
      <trkpt lat="24.48918521404266357421875" lon="118.10401774942874908447265625">
        <ele>10.80000019073486328125</ele>
        <time>2025-05-04T09:58:51.000Z</time>
        <extensions>
          <ns3:TrackPointExtension>
            <ns3:hr>158</ns3:hr>
          </ns3:TrackPointExtension>
        </extensions>
      </trkpt>
      <trkpt lat="24.48919451795518398284912109375" lon="118.10401263646781444549560546875">
        <ele>10.80000019073486328125</ele>
        <time>2025-05-04T09:58:52.000Z</time>
        <extensions>
          <ns3:TrackPointExtension>
            <ns3:hr>158</ns3:hr>
          </ns3:TrackPointExtension>
        </extensions>
      </trkpt>
      <trkpt lat="24.489204324781894683837890625" lon="118.10400743968784809112548828125">
        <ele>11</ele>
        <time>2025-05-04T09:58:53.000Z</time>
        <extensions>
          <ns3:TrackPointExtension>
            <ns3:hr>156</ns3:hr>
          </ns3:TrackPointExtension>
        </extensions>
      </trkpt>
      <trkpt lat="24.48921312578022480010986328125" lon="118.10400475747883319854736328125">
        <ele>11</ele>
        <time>2025-05-04T09:58:54.000Z</time>
        <extensions>
          <ns3:TrackPointExtension>
            <ns3:hr>156</ns3:hr>
          </ns3:TrackPointExtension>
        </extensions>
      </trkpt>
      <trkpt lat="24.48922234587371349334716796875" lon="118.1040035001933574676513671875">
        <ele>11.19999980926513671875</ele>
        <time>2025-05-04T09:58:55.000Z</time>
        <extensions>
          <ns3:TrackPointExtension>
            <ns3:hr>156</ns3:hr>
          </ns3:TrackPointExtension>
        </extensions>
      </trkpt>
      <trkpt lat="24.48923223651945590972900390625" lon="118.104001991450786590576171875">
        <ele>11.19999980926513671875</ele>
        <time>2025-05-04T09:58:56.000Z</time>
        <extensions>
          <ns3:TrackPointExtension>
            <ns3:hr>156</ns3:hr>
          </ns3:TrackPointExtension>
        </extensions>
      </trkpt>
      <trkpt lat="24.489241540431976318359375" lon="118.103999979794025421142578125">
        <ele>11.3999996185302734375</ele>
        <time>2025-05-04T09:58:57.000Z</time>
        <extensions>
          <ns3:TrackPointExtension>
            <ns3:hr>156</ns3:hr>
          </ns3:TrackPointExtension>
        </extensions>
      </trkpt>
      <trkpt lat="24.48925101198256015777587890625" lon="118.103997297585010528564453125">
        <ele>11.3999996185302734375</ele>
        <time>2025-05-04T09:58:58.000Z</time>
        <extensions>
          <ns3:TrackPointExtension>
            <ns3:hr>149</ns3:hr>
          </ns3:TrackPointExtension>
        </extensions>
      </trkpt>
      <trkpt lat="24.48926039971411228179931640625" lon="118.10399469919502735137939453125">
        <ele>11.6000003814697265625</ele>
        <time>2025-05-04T09:58:59.000Z</time>
        <extensions>
          <ns3:TrackPointExtension>
            <ns3:hr>149</ns3:hr>
          </ns3:TrackPointExtension>
        </extensions>
      </trkpt>
      <trkpt lat="24.4892698712646961212158203125" lon="118.1039927713572978973388671875">
        <ele>11.80000019073486328125</ele>
        <time>2025-05-04T09:59:00.000Z</time>
        <extensions>
          <ns3:TrackPointExtension>
            <ns3:hr>149</ns3:hr>
          </ns3:TrackPointExtension>
        </extensions>
      </trkpt>
      <trkpt lat="24.48927984572947025299072265625" lon="118.10399101115763187408447265625">
        <ele>11.80000019073486328125</ele>
        <time>2025-05-04T09:59:01.000Z</time>
        <extensions>
          <ns3:TrackPointExtension>
            <ns3:hr>149</ns3:hr>
          </ns3:TrackPointExtension>
        </extensions>
      </trkpt>
      <trkpt lat="24.489289820194244384765625" lon="118.10398933477699756622314453125">
        <ele>11.6000003814697265625</ele>
        <time>2025-05-04T09:59:02.000Z</time>
        <extensions>
          <ns3:TrackPointExtension>
            <ns3:hr>149</ns3:hr>
          </ns3:TrackPointExtension>
        </extensions>
      </trkpt>
      <trkpt lat="24.4892997108399868011474609375" lon="118.10398732312023639678955078125">
        <ele>11.6000003814697265625</ele>
        <time>2025-05-04T09:59:03.000Z</time>
        <extensions>
          <ns3:TrackPointExtension>
            <ns3:hr>149</ns3:hr>
          </ns3:TrackPointExtension>
        </extensions>
      </trkpt>
      <trkpt lat="24.48930968530476093292236328125" lon="118.1039847247302532196044921875">
        <ele>11.3999996185302734375</ele>
        <time>2025-05-04T09:59:04.000Z</time>
        <extensions>
          <ns3:TrackPointExtension>
            <ns3:hr>149</ns3:hr>
          </ns3:TrackPointExtension>
        </extensions>
      </trkpt>
      <trkpt lat="24.489319324493408203125" lon="118.10398145578801631927490234375">
        <ele>11.3999996185302734375</ele>
        <time>2025-05-04T09:59:05.000Z</time>
        <extensions>
          <ns3:TrackPointExtension>
            <ns3:hr>142</ns3:hr>
          </ns3:TrackPointExtension>
        </extensions>
      </trkpt>
      <trkpt lat="24.48932846076786518096923828125" lon="118.10397760011255741119384765625">
        <ele>11.19999980926513671875</ele>
        <time>2025-05-04T09:59:06.000Z</time>
        <extensions>
          <ns3:TrackPointExtension>
            <ns3:hr>142</ns3:hr>
          </ns3:TrackPointExtension>
        </extensions>
      </trkpt>
      <trkpt lat="24.48933734558522701263427734375" lon="118.10397340916097164154052734375">
        <ele>11</ele>
        <time>2025-05-04T09:59:07.000Z</time>
        <extensions>
          <ns3:TrackPointExtension>
            <ns3:hr>142</ns3:hr>
          </ns3:TrackPointExtension>
        </extensions>
      </trkpt>
      <trkpt lat="24.48934606276452541351318359375" lon="118.103969134390354156494140625">
        <ele>10.80000019073486328125</ele>
        <time>2025-05-04T09:59:08.000Z</time>
        <extensions>
          <ns3:TrackPointExtension>
            <ns3:hr>142</ns3:hr>
          </ns3:TrackPointExtension>
        </extensions>
      </trkpt>
      <trkpt lat="24.48935486376285552978515625" lon="118.10396485961973667144775390625">
        <ele>10.80000019073486328125</ele>
        <time>2025-05-04T09:59:09.000Z</time>
        <extensions>
          <ns3:TrackPointExtension>
            <ns3:hr>142</ns3:hr>
          </ns3:TrackPointExtension>
        </extensions>
      </trkpt>
      <trkpt lat="24.4893637485802173614501953125" lon="118.10396100394427776336669921875">
        <ele>10.6000003814697265625</ele>
        <time>2025-05-04T09:59:10.000Z</time>
        <extensions>
          <ns3:TrackPointExtension>
            <ns3:hr>137</ns3:hr>
          </ns3:TrackPointExtension>
        </extensions>
      </trkpt>
      <trkpt lat="24.4893728010356426239013671875" lon="118.1039575673639774322509765625">
        <ele>10.3999996185302734375</ele>
        <time>2025-05-04T09:59:11.000Z</time>
        <extensions>
          <ns3:TrackPointExtension>
            <ns3:hr>137</ns3:hr>
          </ns3:TrackPointExtension>
        </extensions>
      </trkpt>
      <trkpt lat="24.4893821887671947479248046875" lon="118.10395413078367710113525390625">
        <ele>10.19999980926513671875</ele>
        <time>2025-05-04T09:59:12.000Z</time>
        <extensions>
          <ns3:TrackPointExtension>
            <ns3:hr>137</ns3:hr>
          </ns3:TrackPointExtension>
        </extensions>
      </trkpt>
      <trkpt lat="24.48939182795584201812744140625" lon="118.10394977219402790069580078125">
        <ele>10</ele>
        <time>2025-05-04T09:59:13.000Z</time>
        <extensions>
          <ns3:TrackPointExtension>
            <ns3:hr>137</ns3:hr>
          </ns3:TrackPointExtension>
        </extensions>
      </trkpt>
      <trkpt lat="24.48940121568739414215087890625" lon="118.10394558124244213104248046875">
        <ele>9.80000019073486328125</ele>
        <time>2025-05-04T09:59:14.000Z</time>
        <extensions>
          <ns3:TrackPointExtension>
            <ns3:hr>137</ns3:hr>
          </ns3:TrackPointExtension>
        </extensions>
      </trkpt>
      <trkpt lat="24.489410854876041412353515625" lon="118.103941641747951507568359375">
        <ele>9.6000003814697265625</ele>
        <time>2025-05-04T09:59:15.000Z</time>
        <extensions>
          <ns3:TrackPointExtension>
            <ns3:hr>137</ns3:hr>
          </ns3:TrackPointExtension>
        </extensions>
      </trkpt>
      <trkpt lat="24.48942066170275211334228515625" lon="118.1039371155202388763427734375">
        <ele>9.3999996185302734375</ele>
        <time>2025-05-04T09:59:16.000Z</time>
        <extensions>
          <ns3:TrackPointExtension>
            <ns3:hr>137</ns3:hr>
          </ns3:TrackPointExtension>
        </extensions>
      </trkpt>
      <trkpt lat="24.48942937888205051422119140625" lon="118.10393250547349452972412109375">
        <ele>9.19999980926513671875</ele>
        <time>2025-05-04T09:59:17.000Z</time>
        <extensions>
          <ns3:TrackPointExtension>
            <ns3:hr>136</ns3:hr>
          </ns3:TrackPointExtension>
        </extensions>
      </trkpt>
      <trkpt lat="24.48943742550909519195556640625" lon="118.10392781160771846771240234375">
        <ele>9</ele>
        <time>2025-05-04T09:59:18.000Z</time>
        <extensions>
          <ns3:TrackPointExtension>
            <ns3:hr>136</ns3:hr>
          </ns3:TrackPointExtension>
        </extensions>
      </trkpt>
      <trkpt lat="24.4894465617835521697998046875" lon="118.10392278246581554412841796875">
        <ele>8.80000019073486328125</ele>
        <time>2025-05-04T09:59:19.000Z</time>
        <extensions>
          <ns3:TrackPointExtension>
            <ns3:hr>136</ns3:hr>
          </ns3:TrackPointExtension>
        </extensions>
      </trkpt>
      <trkpt lat="24.4894572906196117401123046875" lon="118.10391716659069061279296875">
        <ele>8.6000003814697265625</ele>
        <time>2025-05-04T09:59:20.000Z</time>
        <extensions>
          <ns3:TrackPointExtension>
            <ns3:hr>136</ns3:hr>
          </ns3:TrackPointExtension>
        </extensions>
      </trkpt>
      <trkpt lat="24.4894681870937347412109375" lon="118.10391138307750225067138671875">
        <ele>8.19999980926513671875</ele>
        <time>2025-05-04T09:59:21.000Z</time>
        <extensions>
          <ns3:TrackPointExtension>
            <ns3:hr>136</ns3:hr>
          </ns3:TrackPointExtension>
        </extensions>
      </trkpt>
      <trkpt lat="24.48947983793914318084716796875" lon="118.103904761373996734619140625">
        <ele>8</ele>
        <time>2025-05-04T09:59:22.000Z</time>
        <extensions>
          <ns3:TrackPointExtension>
            <ns3:hr>136</ns3:hr>
          </ns3:TrackPointExtension>
        </extensions>
      </trkpt>
      <trkpt lat="24.48949023149907588958740234375" lon="118.10389847494661808013916015625">
        <ele>7.80000019073486328125</ele>
        <time>2025-05-04T09:59:23.000Z</time>
        <extensions>
          <ns3:TrackPointExtension>
            <ns3:hr>132</ns3:hr>
          </ns3:TrackPointExtension>
        </extensions>
      </trkpt>
      <trkpt lat="24.48949861340224742889404296875" lon="118.10389327816665172576904296875">
        <ele>7.599999904632568359375</ele>
        <time>2025-05-04T09:59:24.000Z</time>
        <extensions>
          <ns3:TrackPointExtension>
            <ns3:hr>132</ns3:hr>
          </ns3:TrackPointExtension>
        </extensions>
      </trkpt>
      <trkpt lat="24.48950707912445068359375" lon="118.10388774611055850982666015625">
        <ele>7.400000095367431640625</ele>
        <time>2025-05-04T09:59:25.000Z</time>
        <extensions>
          <ns3:TrackPointExtension>
            <ns3:hr>132</ns3:hr>
          </ns3:TrackPointExtension>
        </extensions>
      </trkpt>
      <trkpt lat="24.48951504193246364593505859375" lon="118.10388238169252872467041015625">
        <ele>7.19999980926513671875</ele>
        <time>2025-05-04T09:59:26.000Z</time>
        <extensions>
          <ns3:TrackPointExtension>
            <ns3:hr>132</ns3:hr>
          </ns3:TrackPointExtension>
        </extensions>
      </trkpt>
      <trkpt lat="24.48952275328338146209716796875" lon="118.10387718491256237030029296875">
        <ele>7.19999980926513671875</ele>
        <time>2025-05-04T09:59:27.000Z</time>
        <extensions>
          <ns3:TrackPointExtension>
            <ns3:hr>132</ns3:hr>
          </ns3:TrackPointExtension>
        </extensions>
      </trkpt>
      <trkpt lat="24.48953163810074329376220703125" lon="118.1038710661232471466064453125">
        <ele>7</ele>
        <time>2025-05-04T09:59:28.000Z</time>
        <extensions>
          <ns3:TrackPointExtension>
            <ns3:hr>132</ns3:hr>
          </ns3:TrackPointExtension>
        </extensions>
      </trkpt>
      <trkpt lat="24.48954119347035884857177734375" lon="118.10386410914361476898193359375">
        <ele>6.80000019073486328125</ele>
        <time>2025-05-04T09:59:29.000Z</time>
        <extensions>
          <ns3:TrackPointExtension>
            <ns3:hr>132</ns3:hr>
          </ns3:TrackPointExtension>
        </extensions>
      </trkpt>
      <trkpt lat="24.48955074883997440338134765625" lon="118.1038559786975383758544921875">
        <ele>6.80000019073486328125</ele>
        <time>2025-05-04T09:59:30.000Z</time>
        <extensions>
          <ns3:TrackPointExtension>
            <ns3:hr>130</ns3:hr>
          </ns3:TrackPointExtension>
        </extensions>
      </trkpt>
      <trkpt lat="24.48955896310508251190185546875" lon="118.10384734533727169036865234375">
        <ele>6.599999904632568359375</ele>
        <time>2025-05-04T09:59:31.000Z</time>
        <extensions>
          <ns3:TrackPointExtension>
            <ns3:hr>130</ns3:hr>
          </ns3:TrackPointExtension>
        </extensions>
      </trkpt>
      <trkpt lat="24.4895655848085880279541015625" lon="118.103839047253131866455078125">
        <ele>6.599999904632568359375</ele>
        <time>2025-05-04T09:59:32.000Z</time>
        <extensions>
          <ns3:TrackPointExtension>
            <ns3:hr>130</ns3:hr>
          </ns3:TrackPointExtension>
        </extensions>
      </trkpt>
      <trkpt lat="24.48957203887403011322021484375" lon="118.10383091680705547332763671875">
        <ele>6.599999904632568359375</ele>
        <time>2025-05-04T09:59:33.000Z</time>
        <extensions>
          <ns3:TrackPointExtension>
            <ns3:hr>130</ns3:hr>
          </ns3:TrackPointExtension>
        </extensions>
      </trkpt>
      <trkpt lat="24.48957773856818675994873046875" lon="118.1038237921893596649169921875">
        <ele>6.599999904632568359375</ele>
        <time>2025-05-04T09:59:34.000Z</time>
        <extensions>
          <ns3:TrackPointExtension>
            <ns3:hr>130</ns3:hr>
          </ns3:TrackPointExtension>
        </extensions>
      </trkpt>
      <trkpt lat="24.48958327062427997589111328125" lon="118.10381717048585414886474609375">
        <ele>6.400000095367431640625</ele>
        <time>2025-05-04T09:59:35.000Z</time>
        <extensions>
          <ns3:TrackPointExtension>
            <ns3:hr>130</ns3:hr>
          </ns3:TrackPointExtension>
        </extensions>
      </trkpt>
      <trkpt lat="24.4895893894135951995849609375" lon="118.1038100458681583404541015625">
        <ele>6.400000095367431640625</ele>
        <time>2025-05-04T09:59:36.000Z</time>
        <extensions>
          <ns3:TrackPointExtension>
            <ns3:hr>128</ns3:hr>
          </ns3:TrackPointExtension>
        </extensions>
      </trkpt>
      <trkpt lat="24.48959617875516414642333984375" lon="118.1038013286888599395751953125">
        <ele>6.400000095367431640625</ele>
        <time>2025-05-04T09:59:37.000Z</time>
        <extensions>
          <ns3:TrackPointExtension>
            <ns3:hr>128</ns3:hr>
          </ns3:TrackPointExtension>
        </extensions>
      </trkpt>
      <trkpt lat="24.489603973925113677978515625" lon="118.10379034839570522308349609375">
        <ele>6.19999980926513671875</ele>
        <time>2025-05-04T09:59:38.000Z</time>
        <extensions>
          <ns3:TrackPointExtension>
            <ns3:hr>128</ns3:hr>
          </ns3:TrackPointExtension>
        </extensions>
      </trkpt>
      <trkpt lat="24.4896111823618412017822265625" lon="118.10377945192158222198486328125">
        <ele>6.19999980926513671875</ele>
        <time>2025-05-04T09:59:39.000Z</time>
        <extensions>
          <ns3:TrackPointExtension>
            <ns3:hr>128</ns3:hr>
          </ns3:TrackPointExtension>
        </extensions>
      </trkpt>
      <trkpt lat="24.48961679823696613311767578125" lon="118.1037689745426177978515625">
        <ele>6.19999980926513671875</ele>
        <time>2025-05-04T09:59:40.000Z</time>
        <extensions>
          <ns3:TrackPointExtension>
            <ns3:hr>128</ns3:hr>
          </ns3:TrackPointExtension>
        </extensions>
      </trkpt>
      <trkpt lat="24.489622749388217926025390625" lon="118.10375782661139965057373046875">
        <ele>6.19999980926513671875</ele>
        <time>2025-05-04T09:59:41.000Z</time>
        <extensions>
          <ns3:TrackPointExtension>
            <ns3:hr>128</ns3:hr>
          </ns3:TrackPointExtension>
        </extensions>
      </trkpt>
      <trkpt lat="24.48962937109172344207763671875" lon="118.1037476845085620880126953125">
        <ele>6</ele>
        <time>2025-05-04T09:59:42.000Z</time>
        <extensions>
          <ns3:TrackPointExtension>
            <ns3:hr>128</ns3:hr>
          </ns3:TrackPointExtension>
        </extensions>
      </trkpt>
      <trkpt lat="24.48963515460491180419921875" lon="118.10373921878635883331298828125">
        <ele>6</ele>
        <time>2025-05-04T09:59:43.000Z</time>
        <extensions>
          <ns3:TrackPointExtension>
            <ns3:hr>128</ns3:hr>
          </ns3:TrackPointExtension>
        </extensions>
      </trkpt>
      <trkpt lat="24.4896403513848781585693359375" lon="118.10373033396899700164794921875">
        <ele>6</ele>
        <time>2025-05-04T09:59:44.000Z</time>
        <extensions>
          <ns3:TrackPointExtension>
            <ns3:hr>128</ns3:hr>
          </ns3:TrackPointExtension>
        </extensions>
      </trkpt>
      <trkpt lat="24.48964630253612995147705078125" lon="118.10371926985681056976318359375">
        <ele>5.80000019073486328125</ele>
        <time>2025-05-04T09:59:45.000Z</time>
        <extensions>
          <ns3:TrackPointExtension>
            <ns3:hr>127</ns3:hr>
          </ns3:TrackPointExtension>
        </extensions>
      </trkpt>
      <trkpt lat="24.4896519184112548828125" lon="118.10370770283043384552001953125">
        <ele>5.80000019073486328125</ele>
        <time>2025-05-04T09:59:46.000Z</time>
        <extensions>
          <ns3:TrackPointExtension>
            <ns3:hr>127</ns3:hr>
          </ns3:TrackPointExtension>
        </extensions>
      </trkpt>
      <trkpt lat="24.4896564446389675140380859375" lon="118.10369546525180339813232421875">
        <ele>5.80000019073486328125</ele>
        <time>2025-05-04T09:59:47.000Z</time>
        <extensions>
          <ns3:TrackPointExtension>
            <ns3:hr>127</ns3:hr>
          </ns3:TrackPointExtension>
        </extensions>
      </trkpt>
      <trkpt lat="24.4896604679524898529052734375" lon="118.10368255712091922760009765625">
        <ele>5.80000019073486328125</ele>
        <time>2025-05-04T09:59:48.000Z</time>
        <extensions>
          <ns3:TrackPointExtension>
            <ns3:hr>127</ns3:hr>
          </ns3:TrackPointExtension>
        </extensions>
      </trkpt>
      <trkpt lat="24.489664323627948760986328125" lon="118.103670068085193634033203125">
        <ele>5.599999904632568359375</ele>
        <time>2025-05-04T09:59:49.000Z</time>
        <extensions>
          <ns3:TrackPointExtension>
            <ns3:hr>128</ns3:hr>
          </ns3:TrackPointExtension>
        </extensions>
      </trkpt>
      <trkpt lat="24.48966809548437595367431640625" lon="118.10365741141140460968017578125">
        <ele>5.599999904632568359375</ele>
        <time>2025-05-04T09:59:50.000Z</time>
        <extensions>
          <ns3:TrackPointExtension>
            <ns3:hr>128</ns3:hr>
          </ns3:TrackPointExtension>
        </extensions>
      </trkpt>
      <trkpt lat="24.4896711967885494232177734375" lon="118.10364433564245700836181640625">
        <ele>5.599999904632568359375</ele>
        <time>2025-05-04T09:59:51.000Z</time>
        <extensions>
          <ns3:TrackPointExtension>
            <ns3:hr>128</ns3:hr>
          </ns3:TrackPointExtension>
        </extensions>
      </trkpt>
      <trkpt lat="24.4896733760833740234375" lon="118.10363159514963626861572265625">
        <ele>5.599999904632568359375</ele>
        <time>2025-05-04T09:59:52.000Z</time>
        <extensions>
          <ns3:TrackPointExtension>
            <ns3:hr>128</ns3:hr>
          </ns3:TrackPointExtension>
        </extensions>
      </trkpt>
      <trkpt lat="24.48967530392110347747802734375" lon="118.10362069867551326751708984375">
        <ele>5.599999904632568359375</ele>
        <time>2025-05-04T09:59:53.000Z</time>
        <extensions>
          <ns3:TrackPointExtension>
            <ns3:hr>128</ns3:hr>
          </ns3:TrackPointExtension>
        </extensions>
      </trkpt>
      <trkpt lat="24.48967714793980121612548828125" lon="118.1036107242107391357421875">
        <ele>5.599999904632568359375</ele>
        <time>2025-05-04T09:59:54.000Z</time>
        <extensions>
          <ns3:TrackPointExtension>
            <ns3:hr>128</ns3:hr>
          </ns3:TrackPointExtension>
        </extensions>
      </trkpt>
      <trkpt lat="24.48967949487268924713134765625" lon="118.1036001630127429962158203125">
        <ele>5.599999904632568359375</ele>
        <time>2025-05-04T09:59:55.000Z</time>
        <extensions>
          <ns3:TrackPointExtension>
            <ns3:hr>128</ns3:hr>
          </ns3:TrackPointExtension>
        </extensions>
      </trkpt>
      <trkpt lat="24.489682428538799285888671875" lon="118.1035877577960491180419921875">
        <ele>5.599999904632568359375</ele>
        <time>2025-05-04T09:59:56.000Z</time>
        <extensions>
          <ns3:TrackPointExtension>
            <ns3:hr>128</ns3:hr>
          </ns3:TrackPointExtension>
        </extensions>
      </trkpt>
      <trkpt lat="24.489685781300067901611328125" lon="118.1035745143890380859375">
        <ele>5.599999904632568359375</ele>
        <time>2025-05-04T09:59:57.000Z</time>
        <extensions>
          <ns3:TrackPointExtension>
            <ns3:hr>128</ns3:hr>
          </ns3:TrackPointExtension>
        </extensions>
      </trkpt>
      <trkpt lat="24.48968871496617794036865234375" lon="118.1035606004297733306884765625">
        <ele>5.599999904632568359375</ele>
        <time>2025-05-04T09:59:58.000Z</time>
        <extensions>
          <ns3:TrackPointExtension>
            <ns3:hr>128</ns3:hr>
          </ns3:TrackPointExtension>
        </extensions>
      </trkpt>
      <trkpt lat="24.48969089426100254058837890625" lon="118.103546686470508575439453125">
        <ele>5.599999904632568359375</ele>
        <time>2025-05-04T09:59:59.000Z</time>
        <extensions>
          <ns3:TrackPointExtension>
            <ns3:hr>125</ns3:hr>
          </ns3:TrackPointExtension>
        </extensions>
      </trkpt>
      <trkpt lat="24.48969282209873199462890625" lon="118.1035344488918781280517578125">
        <ele>5.599999904632568359375</ele>
        <time>2025-05-04T10:00:00.000Z</time>
        <extensions>
          <ns3:TrackPointExtension>
            <ns3:hr>125</ns3:hr>
          </ns3:TrackPointExtension>
        </extensions>
      </trkpt>
      <trkpt lat="24.48969474993646144866943359375" lon="118.10352212749421596527099609375">
        <ele>5.599999904632568359375</ele>
        <time>2025-05-04T10:00:01.000Z</time>
        <extensions>
          <ns3:TrackPointExtension>
            <ns3:hr>125</ns3:hr>
          </ns3:TrackPointExtension>
        </extensions>
      </trkpt>
      <trkpt lat="24.4896956719458103179931640625" lon="118.10350921936333179473876953125">
        <ele>5.400000095367431640625</ele>
        <time>2025-05-04T10:00:02.000Z</time>
        <extensions>
          <ns3:TrackPointExtension>
            <ns3:hr>125</ns3:hr>
          </ns3:TrackPointExtension>
        </extensions>
      </trkpt>
      <trkpt lat="24.4896948337554931640625" lon="118.10349564068019390106201171875">
        <ele>5.599999904632568359375</ele>
        <time>2025-05-04T10:00:03.000Z</time>
        <extensions>
          <ns3:TrackPointExtension>
            <ns3:hr>125</ns3:hr>
          </ns3:TrackPointExtension>
        </extensions>
      </trkpt>
      <trkpt lat="24.48969156481325626373291015625" lon="118.10348130762577056884765625">
        <ele>5.599999904632568359375</ele>
        <time>2025-05-04T10:00:04.000Z</time>
        <extensions>
          <ns3:TrackPointExtension>
            <ns3:hr>125</ns3:hr>
          </ns3:TrackPointExtension>
        </extensions>
      </trkpt>
      <trkpt lat="24.48968536220490932464599609375" lon="118.10346596874296665191650390625">
        <ele>5.599999904632568359375</ele>
        <time>2025-05-04T10:00:05.000Z</time>
        <extensions>
          <ns3:TrackPointExtension>
            <ns3:hr>125</ns3:hr>
          </ns3:TrackPointExtension>
        </extensions>
      </trkpt>
      <trkpt lat="24.48967999778687953948974609375" lon="118.103449456393718719482421875">
        <ele>5.599999904632568359375</ele>
        <time>2025-05-04T10:00:06.000Z</time>
        <extensions>
          <ns3:TrackPointExtension>
            <ns3:hr>125</ns3:hr>
          </ns3:TrackPointExtension>
        </extensions>
      </trkpt>
      <trkpt lat="24.489676393568515777587890625" lon="118.10342774726450443267822265625">
        <ele>5.599999904632568359375</ele>
        <time>2025-05-04T10:00:07.000Z</time>
        <extensions>
          <ns3:TrackPointExtension>
            <ns3:hr>125</ns3:hr>
          </ns3:TrackPointExtension>
        </extensions>
      </trkpt>
      <trkpt lat="24.48967262171208858489990234375" lon="118.103405199944972991943359375">
        <ele>5.599999904632568359375</ele>
        <time>2025-05-04T10:00:08.000Z</time>
        <extensions>
          <ns3:TrackPointExtension>
            <ns3:hr>129</ns3:hr>
          </ns3:TrackPointExtension>
        </extensions>
      </trkpt>
      <trkpt lat="24.48966868221759796142578125" lon="118.103387765586376190185546875">
        <ele>5.599999904632568359375</ele>
        <time>2025-05-04T10:00:09.000Z</time>
        <extensions>
          <ns3:TrackPointExtension>
            <ns3:hr>129</ns3:hr>
          </ns3:TrackPointExtension>
        </extensions>
      </trkpt>
      <trkpt lat="24.48966122232377529144287109375" lon="118.103363625705242156982421875">
        <ele>5.599999904632568359375</ele>
        <time>2025-05-04T10:00:10.000Z</time>
        <extensions>
          <ns3:TrackPointExtension>
            <ns3:hr>129</ns3:hr>
          </ns3:TrackPointExtension>
        </extensions>
      </trkpt>
      <trkpt lat="24.48964848183095455169677734375" lon="118.10332900844514369964599609375">
        <ele>5.80000019073486328125</ele>
        <time>2025-05-04T10:00:11.000Z</time>
        <extensions>
          <ns3:TrackPointExtension>
            <ns3:hr>129</ns3:hr>
          </ns3:TrackPointExtension>
        </extensions>
      </trkpt>
      <trkpt lat="24.48963104747235774993896484375" lon="118.10328911058604717254638671875">
        <ele>6</ele>
        <time>2025-05-04T10:00:12.000Z</time>
        <extensions>
          <ns3:TrackPointExtension>
            <ns3:hr>129</ns3:hr>
          </ns3:TrackPointExtension>
        </extensions>
      </trkpt>
      <trkpt lat="24.48961126618087291717529296875" lon="118.10324988327920436859130859375">
        <ele>6.19999980926513671875</ele>
        <time>2025-05-04T10:00:13.000Z</time>
        <extensions>
          <ns3:TrackPointExtension>
            <ns3:hr>138</ns3:hr>
          </ns3:TrackPointExtension>
        </extensions>
      </trkpt>
      <trkpt lat="24.48959031142294406890869140625" lon="118.10321551747620105743408203125">
        <ele>6.400000095367431640625</ele>
        <time>2025-05-04T10:00:14.000Z</time>
        <extensions>
          <ns3:TrackPointExtension>
            <ns3:hr>138</ns3:hr>
          </ns3:TrackPointExtension>
        </extensions>
      </trkpt>
      <trkpt lat="24.48956675827503204345703125" lon="118.103185258805751800537109375">
        <ele>6.599999904632568359375</ele>
        <time>2025-05-04T10:00:15.000Z</time>
        <extensions>
          <ns3:TrackPointExtension>
            <ns3:hr>138</ns3:hr>
          </ns3:TrackPointExtension>
        </extensions>
      </trkpt>
      <trkpt lat="24.48954127728939056396484375" lon="118.103157766163349151611328125">
        <ele>6.80000019073486328125</ele>
        <time>2025-05-04T10:00:16.000Z</time>
        <extensions>
          <ns3:TrackPointExtension>
            <ns3:hr>138</ns3:hr>
          </ns3:TrackPointExtension>
        </extensions>
      </trkpt>
      <trkpt lat="24.4895136170089244842529296875" lon="118.10313169844448566436767578125">
        <ele>7</ele>
        <time>2025-05-04T10:00:17.000Z</time>
        <extensions>
          <ns3:TrackPointExtension>
            <ns3:hr>138</ns3:hr>
          </ns3:TrackPointExtension>
        </extensions>
      </trkpt>
      <trkpt lat="24.48948402889072895050048828125" lon="118.10310789383947849273681640625">
        <ele>7.19999980926513671875</ele>
        <time>2025-05-04T10:00:18.000Z</time>
        <extensions>
          <ns3:TrackPointExtension>
            <ns3:hr>138</ns3:hr>
          </ns3:TrackPointExtension>
        </extensions>
      </trkpt>
      <trkpt lat="24.4894529320299625396728515625" lon="118.10308660380542278289794921875">
        <ele>7.400000095367431640625</ele>
        <time>2025-05-04T10:00:19.000Z</time>
        <extensions>
          <ns3:TrackPointExtension>
            <ns3:hr>141</ns3:hr>
          </ns3:TrackPointExtension>
        </extensions>
      </trkpt>
      <trkpt lat="24.48941965587437152862548828125" lon="118.1030684150755405426025390625">
        <ele>7.599999904632568359375</ele>
        <time>2025-05-04T10:00:20.000Z</time>
        <extensions>
          <ns3:TrackPointExtension>
            <ns3:hr>141</ns3:hr>
          </ns3:TrackPointExtension>
        </extensions>
      </trkpt>
      <trkpt lat="24.48938579298555850982666015625" lon="118.10305424965918064117431640625">
        <ele>7.80000019073486328125</ele>
        <time>2025-05-04T10:00:21.000Z</time>
        <extensions>
          <ns3:TrackPointExtension>
            <ns3:hr>141</ns3:hr>
          </ns3:TrackPointExtension>
        </extensions>
      </trkpt>
      <trkpt lat="24.4893513433635234832763671875" lon="118.1030429340898990631103515625">
        <ele>8</ele>
        <time>2025-05-04T10:00:22.000Z</time>
        <extensions>
          <ns3:TrackPointExtension>
            <ns3:hr>141</ns3:hr>
          </ns3:TrackPointExtension>
        </extensions>
      </trkpt>
      <trkpt lat="24.4893164746463298797607421875" lon="118.10303513891994953155517578125">
        <ele>8.19999980926513671875</ele>
        <time>2025-05-04T10:00:23.000Z</time>
        <extensions>
          <ns3:TrackPointExtension>
            <ns3:hr>148</ns3:hr>
          </ns3:TrackPointExtension>
        </extensions>
      </trkpt>
      <trkpt lat="24.48928101919591426849365234375" lon="118.10303178615868091583251953125">
        <ele>8.19999980926513671875</ele>
        <time>2025-05-04T10:00:24.000Z</time>
        <extensions>
          <ns3:TrackPointExtension>
            <ns3:hr>148</ns3:hr>
          </ns3:TrackPointExtension>
        </extensions>
      </trkpt>
      <trkpt lat="24.48924615047872066497802734375" lon="118.1030313670635223388671875">
        <ele>8.3999996185302734375</ele>
        <time>2025-05-04T10:00:25.000Z</time>
        <extensions>
          <ns3:TrackPointExtension>
            <ns3:hr>148</ns3:hr>
          </ns3:TrackPointExtension>
        </extensions>
      </trkpt>
      <trkpt lat="24.489211700856685638427734375" lon="118.10303279198706150054931640625">
        <ele>8.3999996185302734375</ele>
        <time>2025-05-04T10:00:26.000Z</time>
        <extensions>
          <ns3:TrackPointExtension>
            <ns3:hr>148</ns3:hr>
          </ns3:TrackPointExtension>
        </extensions>
      </trkpt>
      <trkpt lat="24.48917691595852375030517578125" lon="118.1030368991196155548095703125">
        <ele>8.3999996185302734375</ele>
        <time>2025-05-04T10:00:27.000Z</time>
        <extensions>
          <ns3:TrackPointExtension>
            <ns3:hr>148</ns3:hr>
          </ns3:TrackPointExtension>
        </extensions>
      </trkpt>
      <trkpt lat="24.48914271779358386993408203125" lon="118.10304335318505764007568359375">
        <ele>8.19999980926513671875</ele>
        <time>2025-05-04T10:00:28.000Z</time>
        <extensions>
          <ns3:TrackPointExtension>
            <ns3:hr>148</ns3:hr>
          </ns3:TrackPointExtension>
        </extensions>
      </trkpt>
      <trkpt lat="24.48910935781896114349365234375" lon="118.10305257327854633331298828125">
        <ele>8</ele>
        <time>2025-05-04T10:00:29.000Z</time>
        <extensions>
          <ns3:TrackPointExtension>
            <ns3:hr>148</ns3:hr>
          </ns3:TrackPointExtension>
        </extensions>
      </trkpt>
      <trkpt lat="24.48907616548240184783935546875" lon="118.10306397266685962677001953125">
        <ele>7.80000019073486328125</ele>
        <time>2025-05-04T10:00:30.000Z</time>
        <extensions>
          <ns3:TrackPointExtension>
            <ns3:hr>153</ns3:hr>
          </ns3:TrackPointExtension>
        </extensions>
      </trkpt>
      <trkpt lat="24.4890425540506839752197265625" lon="118.10307453386485576629638671875">
        <ele>7.400000095367431640625</ele>
        <time>2025-05-04T10:00:31.000Z</time>
        <extensions>
          <ns3:TrackPointExtension>
            <ns3:hr>153</ns3:hr>
          </ns3:TrackPointExtension>
        </extensions>
      </trkpt>
      <trkpt lat="24.4890086911618709564208984375" lon="118.103084005415439605712890625">
        <ele>7.19999980926513671875</ele>
        <time>2025-05-04T10:00:32.000Z</time>
        <extensions>
          <ns3:TrackPointExtension>
            <ns3:hr>153</ns3:hr>
          </ns3:TrackPointExtension>
        </extensions>
      </trkpt>
      <trkpt lat="24.4889746606349945068359375" lon="118.1030938960611820220947265625">
        <ele>7.19999980926513671875</ele>
        <time>2025-05-04T10:00:33.000Z</time>
        <extensions>
          <ns3:TrackPointExtension>
            <ns3:hr>153</ns3:hr>
          </ns3:TrackPointExtension>
        </extensions>
      </trkpt>
      <trkpt lat="24.48894138447940349578857421875" lon="118.1031042896211147308349609375">
        <ele>7.400000095367431640625</ele>
        <time>2025-05-04T10:00:34.000Z</time>
        <extensions>
          <ns3:TrackPointExtension>
            <ns3:hr>153</ns3:hr>
          </ns3:TrackPointExtension>
        </extensions>
      </trkpt>
      <trkpt lat="24.48891003616154193878173828125" lon="118.10311526991426944732666015625">
        <ele>7.599999904632568359375</ele>
        <time>2025-05-04T10:00:35.000Z</time>
        <extensions>
          <ns3:TrackPointExtension>
            <ns3:hr>153</ns3:hr>
          </ns3:TrackPointExtension>
        </extensions>
      </trkpt>
      <trkpt lat="24.48888002894818782806396484375" lon="118.10312733985483646392822265625">
        <ele>7.80000019073486328125</ele>
        <time>2025-05-04T10:00:36.000Z</time>
        <extensions>
          <ns3:TrackPointExtension>
            <ns3:hr>153</ns3:hr>
          </ns3:TrackPointExtension>
        </extensions>
      </trkpt>
      <trkpt lat="24.4888494350016117095947265625" lon="118.103139661252498626708984375">
        <ele>8</ele>
        <time>2025-05-04T10:00:37.000Z</time>
        <extensions>
          <ns3:TrackPointExtension>
            <ns3:hr>155</ns3:hr>
          </ns3:TrackPointExtension>
        </extensions>
      </trkpt>
      <trkpt lat="24.4888175837695598602294921875" lon="118.10315231792628765106201171875">
        <ele>8.3999996185302734375</ele>
        <time>2025-05-04T10:00:38.000Z</time>
        <extensions>
          <ns3:TrackPointExtension>
            <ns3:hr>155</ns3:hr>
          </ns3:TrackPointExtension>
        </extensions>
      </trkpt>
      <trkpt lat="24.4887843914330005645751953125" lon="118.10316287912428379058837890625">
        <ele>8.6000003814697265625</ele>
        <time>2025-05-04T10:00:39.000Z</time>
        <extensions>
          <ns3:TrackPointExtension>
            <ns3:hr>155</ns3:hr>
          </ns3:TrackPointExtension>
        </extensions>
      </trkpt>
      <trkpt lat="24.48875061236321926116943359375" lon="118.1031700037419795989990234375">
        <ele>8.3999996185302734375</ele>
        <time>2025-05-04T10:00:40.000Z</time>
        <extensions>
          <ns3:TrackPointExtension>
            <ns3:hr>155</ns3:hr>
          </ns3:TrackPointExtension>
        </extensions>
      </trkpt>
      <trkpt lat="24.48871758766472339630126953125" lon="118.1031767092645168304443359375">
        <ele>8.19999980926513671875</ele>
        <time>2025-05-04T10:00:41.000Z</time>
        <extensions>
          <ns3:TrackPointExtension>
            <ns3:hr>155</ns3:hr>
          </ns3:TrackPointExtension>
        </extensions>
      </trkpt>
      <trkpt lat="24.4886849820613861083984375" lon="118.103185929358005523681640625">
        <ele>8.19999980926513671875</ele>
        <time>2025-05-04T10:00:42.000Z</time>
        <extensions>
          <ns3:TrackPointExtension>
            <ns3:hr>157</ns3:hr>
          </ns3:TrackPointExtension>
        </extensions>
      </trkpt>
      <trkpt lat="24.488654471933841705322265625" lon="118.1031978316605091094970703125">
        <ele>8</ele>
        <time>2025-05-04T10:00:43.000Z</time>
        <extensions>
          <ns3:TrackPointExtension>
            <ns3:hr>157</ns3:hr>
          </ns3:TrackPointExtension>
        </extensions>
      </trkpt>
      <trkpt lat="24.48862505145370960235595703125" lon="118.1032102368772029876708984375">
        <ele>7.80000019073486328125</ele>
        <time>2025-05-04T10:00:44.000Z</time>
        <extensions>
          <ns3:TrackPointExtension>
            <ns3:hr>157</ns3:hr>
          </ns3:TrackPointExtension>
        </extensions>
      </trkpt>
      <trkpt lat="24.48859504424035549163818359375" lon="118.10322071425616741180419921875">
        <ele>7.80000019073486328125</ele>
        <time>2025-05-04T10:00:45.000Z</time>
        <extensions>
          <ns3:TrackPointExtension>
            <ns3:hr>157</ns3:hr>
          </ns3:TrackPointExtension>
        </extensions>
      </trkpt>
      <trkpt lat="24.48856419883668422698974609375" lon="118.1032283417880535125732421875">
        <ele>7.599999904632568359375</ele>
        <time>2025-05-04T10:00:46.000Z</time>
        <extensions>
          <ns3:TrackPointExtension>
            <ns3:hr>157</ns3:hr>
          </ns3:TrackPointExtension>
        </extensions>
      </trkpt>
      <trkpt lat="24.488533772528171539306640625" lon="118.10323697514832019805908203125">
        <ele>7.80000019073486328125</ele>
        <time>2025-05-04T10:00:47.000Z</time>
        <extensions>
          <ns3:TrackPointExtension>
            <ns3:hr>158</ns3:hr>
          </ns3:TrackPointExtension>
        </extensions>
      </trkpt>
      <trkpt lat="24.488503932952880859375" lon="118.1032484583556652069091796875">
        <ele>8</ele>
        <time>2025-05-04T10:00:48.000Z</time>
        <extensions>
          <ns3:TrackPointExtension>
            <ns3:hr>160</ns3:hr>
          </ns3:TrackPointExtension>
        </extensions>
      </trkpt>
      <trkpt lat="24.488473422825336456298828125" lon="118.10326094739139080047607421875">
        <ele>8.19999980926513671875</ele>
        <time>2025-05-04T10:00:49.000Z</time>
        <extensions>
          <ns3:TrackPointExtension>
            <ns3:hr>160</ns3:hr>
          </ns3:TrackPointExtension>
        </extensions>
      </trkpt>
      <trkpt lat="24.48844182305037975311279296875" lon="118.10327486135065555572509765625">
        <ele>8.3999996185302734375</ele>
        <time>2025-05-04T10:00:50.000Z</time>
        <extensions>
          <ns3:TrackPointExtension>
            <ns3:hr>160</ns3:hr>
          </ns3:TrackPointExtension>
        </extensions>
      </trkpt>
      <trkpt lat="24.48841131292283535003662109375" lon="118.10328994877636432647705078125">
        <ele>8.19999980926513671875</ele>
        <time>2025-05-04T10:00:51.000Z</time>
        <extensions>
          <ns3:TrackPointExtension>
            <ns3:hr>160</ns3:hr>
          </ns3:TrackPointExtension>
        </extensions>
      </trkpt>
      <trkpt lat="24.488383233547210693359375" lon="118.10330688022077083587646484375">
        <ele>8</ele>
        <time>2025-05-04T10:00:52.000Z</time>
        <extensions>
          <ns3:TrackPointExtension>
            <ns3:hr>160</ns3:hr>
          </ns3:TrackPointExtension>
        </extensions>
      </trkpt>
      <trkpt lat="24.4883569143712520599365234375" lon="118.10332599096000194549560546875">
        <ele>8.3999996185302734375</ele>
        <time>2025-05-04T10:00:53.000Z</time>
        <extensions>
          <ns3:TrackPointExtension>
            <ns3:hr>160</ns3:hr>
          </ns3:TrackPointExtension>
        </extensions>
      </trkpt>
      <trkpt lat="24.48833218775689601898193359375" lon="118.103347532451152801513671875">
        <ele>8.80000019073486328125</ele>
        <time>2025-05-04T10:00:54.000Z</time>
        <extensions>
          <ns3:TrackPointExtension>
            <ns3:hr>160</ns3:hr>
          </ns3:TrackPointExtension>
        </extensions>
      </trkpt>
      <trkpt lat="24.48830804787576198577880859375" lon="118.10337225906550884246826171875">
        <ele>9.3999996185302734375</ele>
        <time>2025-05-04T10:00:55.000Z</time>
        <extensions>
          <ns3:TrackPointExtension>
            <ns3:hr>160</ns3:hr>
          </ns3:TrackPointExtension>
        </extensions>
      </trkpt>
      <trkpt lat="24.48828399181365966796875" lon="118.1034006737172603607177734375">
        <ele>9.6000003814697265625</ele>
        <time>2025-05-04T10:00:56.000Z</time>
        <extensions>
          <ns3:TrackPointExtension>
            <ns3:hr>160</ns3:hr>
          </ns3:TrackPointExtension>
        </extensions>
      </trkpt>
      <trkpt lat="24.488261528313159942626953125" lon="118.10343260876834392547607421875">
        <ele>9.6000003814697265625</ele>
        <time>2025-05-04T10:00:57.000Z</time>
        <extensions>
          <ns3:TrackPointExtension>
            <ns3:hr>159</ns3:hr>
          </ns3:TrackPointExtension>
        </extensions>
      </trkpt>
      <trkpt lat="24.48824300430715084075927734375" lon="118.1034663878381252288818359375">
        <ele>9.6000003814697265625</ele>
        <time>2025-05-04T10:00:58.000Z</time>
        <extensions>
          <ns3:TrackPointExtension>
            <ns3:hr>162</ns3:hr>
          </ns3:TrackPointExtension>
        </extensions>
      </trkpt>
      <trkpt lat="24.4882288388907909393310546875" lon="118.1035005860030651092529296875">
        <ele>9.6000003814697265625</ele>
        <time>2025-05-04T10:00:59.000Z</time>
        <extensions>
          <ns3:TrackPointExtension>
            <ns3:hr>162</ns3:hr>
          </ns3:TrackPointExtension>
        </extensions>
      </trkpt>
      <trkpt lat="24.4882182776927947998046875" lon="118.1035351194441318511962890625">
        <ele>9.80000019073486328125</ele>
        <time>2025-05-04T10:01:00.000Z</time>
        <extensions>
          <ns3:TrackPointExtension>
            <ns3:hr>162</ns3:hr>
          </ns3:TrackPointExtension>
        </extensions>
      </trkpt>
      <trkpt lat="24.488209225237369537353515625" lon="118.1035713292658329010009765625">
        <ele>9.80000019073486328125</ele>
        <time>2025-05-04T10:01:01.000Z</time>
        <extensions>
          <ns3:TrackPointExtension>
            <ns3:hr>162</ns3:hr>
          </ns3:TrackPointExtension>
        </extensions>
      </trkpt>
      <trkpt lat="24.4882010109722614288330078125" lon="118.10360946692526340484619140625">
        <ele>9.6000003814697265625</ele>
        <time>2025-05-04T10:01:02.000Z</time>
        <extensions>
          <ns3:TrackPointExtension>
            <ns3:hr>162</ns3:hr>
          </ns3:TrackPointExtension>
        </extensions>
      </trkpt>
      <trkpt lat="24.48819438926875591278076171875" lon="118.103649280965328216552734375">
        <ele>9.6000003814697265625</ele>
        <time>2025-05-04T10:01:03.000Z</time>
        <extensions>
          <ns3:TrackPointExtension>
            <ns3:hr>162</ns3:hr>
          </ns3:TrackPointExtension>
        </extensions>
      </trkpt>
      <trkpt lat="24.48819053359329700469970703125" lon="118.10368909500539302825927734375">
        <ele>9.3999996185302734375</ele>
        <time>2025-05-04T10:01:04.000Z</time>
        <extensions>
          <ns3:TrackPointExtension>
            <ns3:hr>162</ns3:hr>
          </ns3:TrackPointExtension>
        </extensions>
      </trkpt>
      <trkpt lat="24.48819003067910671234130859375" lon="118.10372781939804553985595703125">
        <ele>8.80000019073486328125</ele>
        <time>2025-05-04T10:01:05.000Z</time>
        <extensions>
          <ns3:TrackPointExtension>
            <ns3:hr>162</ns3:hr>
          </ns3:TrackPointExtension>
        </extensions>
      </trkpt>
      <trkpt lat="24.48819254525005817413330078125" lon="118.1037654541432857513427734375">
        <ele>8.3999996185302734375</ele>
        <time>2025-05-04T10:01:06.000Z</time>
        <extensions>
          <ns3:TrackPointExtension>
            <ns3:hr>162</ns3:hr>
          </ns3:TrackPointExtension>
        </extensions>
      </trkpt>
      <trkpt lat="24.48819740675389766693115234375" lon="118.10380191542208194732666015625">
        <ele>7.80000019073486328125</ele>
        <time>2025-05-04T10:01:07.000Z</time>
        <extensions>
          <ns3:TrackPointExtension>
            <ns3:hr>162</ns3:hr>
          </ns3:TrackPointExtension>
        </extensions>
      </trkpt>
      <trkpt lat="24.4882046990096569061279296875" lon="118.1038368679583072662353515625">
        <ele>7.19999980926513671875</ele>
        <time>2025-05-04T10:01:08.000Z</time>
        <extensions>
          <ns3:TrackPointExtension>
            <ns3:hr>162</ns3:hr>
          </ns3:TrackPointExtension>
        </extensions>
      </trkpt>
      <trkpt lat="24.48821551166474819183349609375" lon="118.103871233761310577392578125">
        <ele>6.599999904632568359375</ele>
        <time>2025-05-04T10:01:09.000Z</time>
        <extensions>
          <ns3:TrackPointExtension>
            <ns3:hr>162</ns3:hr>
          </ns3:TrackPointExtension>
        </extensions>
      </trkpt>
      <trkpt lat="24.4882301799952983856201171875" lon="118.10390551574528217315673828125">
        <ele>6</ele>
        <time>2025-05-04T10:01:10.000Z</time>
        <extensions>
          <ns3:TrackPointExtension>
            <ns3:hr>162</ns3:hr>
          </ns3:TrackPointExtension>
        </extensions>
      </trkpt>
      <trkpt lat="24.488248117268085479736328125" lon="118.1039392948150634765625">
        <ele>5.400000095367431640625</ele>
        <time>2025-05-04T10:01:11.000Z</time>
        <extensions>
          <ns3:TrackPointExtension>
            <ns3:hr>162</ns3:hr>
          </ns3:TrackPointExtension>
        </extensions>
      </trkpt>
      <trkpt lat="24.48826722800731658935546875" lon="118.10397290624678134918212890625">
        <ele>5.19999980926513671875</ele>
        <time>2025-05-04T10:01:12.000Z</time>
        <extensions>
          <ns3:TrackPointExtension>
            <ns3:hr>162</ns3:hr>
          </ns3:TrackPointExtension>
        </extensions>
      </trkpt>
      <trkpt lat="24.48828675784170627593994140625" lon="118.104005344212055206298828125">
        <ele>5.19999980926513671875</ele>
        <time>2025-05-04T10:01:13.000Z</time>
        <extensions>
          <ns3:TrackPointExtension>
            <ns3:hr>162</ns3:hr>
          </ns3:TrackPointExtension>
        </extensions>
      </trkpt>
      <trkpt lat="24.48830754496157169342041015625" lon="118.10403459705412387847900390625">
        <ele>5</ele>
        <time>2025-05-04T10:01:14.000Z</time>
        <extensions>
          <ns3:TrackPointExtension>
            <ns3:hr>163</ns3:hr>
          </ns3:TrackPointExtension>
        </extensions>
      </trkpt>
      <trkpt lat="24.4883307628333568572998046875" lon="118.1040604971349239349365234375">
        <ele>4.80000019073486328125</ele>
        <time>2025-05-04T10:01:15.000Z</time>
        <extensions>
          <ns3:TrackPointExtension>
            <ns3:hr>163</ns3:hr>
          </ns3:TrackPointExtension>
        </extensions>
      </trkpt>
      <trkpt lat="24.4883559085428714752197265625" lon="118.10408346354961395263671875">
        <ele>4.599999904632568359375</ele>
        <time>2025-05-04T10:01:16.000Z</time>
        <extensions>
          <ns3:TrackPointExtension>
            <ns3:hr>163</ns3:hr>
          </ns3:TrackPointExtension>
        </extensions>
      </trkpt>
      <trkpt lat="24.4883820600807666778564453125" lon="118.104103915393352508544921875">
        <ele>4.400000095367431640625</ele>
        <time>2025-05-04T10:01:17.000Z</time>
        <extensions>
          <ns3:TrackPointExtension>
            <ns3:hr>163</ns3:hr>
          </ns3:TrackPointExtension>
        </extensions>
      </trkpt>
      <trkpt lat="24.48840913362801074981689453125" lon="118.104121685028076171875">
        <ele>4.19999980926513671875</ele>
        <time>2025-05-04T10:01:18.000Z</time>
        <extensions>
          <ns3:TrackPointExtension>
            <ns3:hr>163</ns3:hr>
          </ns3:TrackPointExtension>
        </extensions>
      </trkpt>
      <trkpt lat="24.48843712918460369110107421875" lon="118.1041362695395946502685546875">
        <ele>4</ele>
        <time>2025-05-04T10:01:19.000Z</time>
        <extensions>
          <ns3:TrackPointExtension>
            <ns3:hr>163</ns3:hr>
          </ns3:TrackPointExtension>
        </extensions>
      </trkpt>
      <trkpt lat="24.48846579529345035552978515625" lon="118.10414825566112995147705078125">
        <ele>4.19999980926513671875</ele>
        <time>2025-05-04T10:01:20.000Z</time>
        <extensions>
          <ns3:TrackPointExtension>
            <ns3:hr>163</ns3:hr>
          </ns3:TrackPointExtension>
        </extensions>
      </trkpt>
      <trkpt lat="24.4884950481355190277099609375" lon="118.1041578948497772216796875">
        <ele>4.400000095367431640625</ele>
        <time>2025-05-04T10:01:21.000Z</time>
        <extensions>
          <ns3:TrackPointExtension>
            <ns3:hr>162</ns3:hr>
          </ns3:TrackPointExtension>
        </extensions>
      </trkpt>
      <trkpt lat="24.48852480389177799224853515625" lon="118.1041640974581241607666015625">
        <ele>4.599999904632568359375</ele>
        <time>2025-05-04T10:01:22.000Z</time>
        <extensions>
          <ns3:TrackPointExtension>
            <ns3:hr>162</ns3:hr>
          </ns3:TrackPointExtension>
        </extensions>
      </trkpt>
      <trkpt lat="24.48855514638125896453857421875" lon="118.10416661202907562255859375">
        <ele>4.80000019073486328125</ele>
        <time>2025-05-04T10:01:23.000Z</time>
        <extensions>
          <ns3:TrackPointExtension>
            <ns3:hr>162</ns3:hr>
          </ns3:TrackPointExtension>
        </extensions>
      </trkpt>
      <trkpt lat="24.4885857403278350830078125" lon="118.104166947305202484130859375">
        <ele>5</ele>
        <time>2025-05-04T10:01:24.000Z</time>
        <extensions>
          <ns3:TrackPointExtension>
            <ns3:hr>162</ns3:hr>
          </ns3:TrackPointExtension>
        </extensions>
      </trkpt>
      <trkpt lat="24.4886164180934429168701171875" lon="118.10416501946747303009033203125">
        <ele>5.19999980926513671875</ele>
        <time>2025-05-04T10:01:25.000Z</time>
        <extensions>
          <ns3:TrackPointExtension>
            <ns3:hr>162</ns3:hr>
          </ns3:TrackPointExtension>
        </extensions>
      </trkpt>
      <trkpt lat="24.488647766411304473876953125" lon="118.1041614152491092681884765625">
        <ele>5.400000095367431640625</ele>
        <time>2025-05-04T10:01:26.000Z</time>
        <extensions>
          <ns3:TrackPointExtension>
            <ns3:hr>162</ns3:hr>
          </ns3:TrackPointExtension>
        </extensions>
      </trkpt>
      <trkpt lat="24.4886796176433563232421875" lon="118.104156218469142913818359375">
        <ele>5.599999904632568359375</ele>
        <time>2025-05-04T10:01:27.000Z</time>
        <extensions>
          <ns3:TrackPointExtension>
            <ns3:hr>162</ns3:hr>
          </ns3:TrackPointExtension>
        </extensions>
      </trkpt>
      <trkpt lat="24.48871205560863018035888671875" lon="118.104148842394351959228515625">
        <ele>5.80000019073486328125</ele>
        <time>2025-05-04T10:01:28.000Z</time>
        <extensions>
          <ns3:TrackPointExtension>
            <ns3:hr>162</ns3:hr>
          </ns3:TrackPointExtension>
        </extensions>
      </trkpt>
      <trkpt lat="24.48874466121196746826171875" lon="118.10413870029151439666748046875">
        <ele>6.19999980926513671875</ele>
        <time>2025-05-04T10:01:29.000Z</time>
        <extensions>
          <ns3:TrackPointExtension>
            <ns3:hr>164</ns3:hr>
          </ns3:TrackPointExtension>
        </extensions>
      </trkpt>
      <trkpt lat="24.48877684772014617919921875" lon="118.10412629507482051849365234375">
        <ele>6.80000019073486328125</ele>
        <time>2025-05-04T10:01:30.000Z</time>
        <extensions>
          <ns3:TrackPointExtension>
            <ns3:hr>164</ns3:hr>
          </ns3:TrackPointExtension>
        </extensions>
      </trkpt>
      <trkpt lat="24.48880861513316631317138671875" lon="118.1041141413152217864990234375">
        <ele>7.400000095367431640625</ele>
        <time>2025-05-04T10:01:31.000Z</time>
        <extensions>
          <ns3:TrackPointExtension>
            <ns3:hr>164</ns3:hr>
          </ns3:TrackPointExtension>
        </extensions>
      </trkpt>
      <trkpt lat="24.488840214908123016357421875" lon="118.104102909564971923828125">
        <ele>8.19999980926513671875</ele>
        <time>2025-05-04T10:01:32.000Z</time>
        <extensions>
          <ns3:TrackPointExtension>
            <ns3:hr>164</ns3:hr>
          </ns3:TrackPointExtension>
        </extensions>
      </trkpt>
      <trkpt lat="24.48887181468307971954345703125" lon="118.104092516005039215087890625">
        <ele>8.80000019073486328125</ele>
        <time>2025-05-04T10:01:33.000Z</time>
        <extensions>
          <ns3:TrackPointExtension>
            <ns3:hr>164</ns3:hr>
          </ns3:TrackPointExtension>
        </extensions>
      </trkpt>
      <trkpt lat="24.48890333063900470733642578125" lon="118.104082457721233367919921875">
        <ele>9.19999980926513671875</ele>
        <time>2025-05-04T10:01:34.000Z</time>
        <extensions>
          <ns3:TrackPointExtension>
            <ns3:hr>164</ns3:hr>
          </ns3:TrackPointExtension>
        </extensions>
      </trkpt>
      <trkpt lat="24.48893375694751739501953125" lon="118.10407198034226894378662109375">
        <ele>9.3999996185302734375</ele>
        <time>2025-05-04T10:01:35.000Z</time>
        <extensions>
          <ns3:TrackPointExtension>
            <ns3:hr>164</ns3:hr>
          </ns3:TrackPointExtension>
        </extensions>
      </trkpt>
      <trkpt lat="24.48896334506571292877197265625" lon="118.104061000049114227294921875">
        <ele>9.80000019073486328125</ele>
        <time>2025-05-04T10:01:36.000Z</time>
        <extensions>
          <ns3:TrackPointExtension>
            <ns3:hr>164</ns3:hr>
          </ns3:TrackPointExtension>
        </extensions>
      </trkpt>
      <trkpt lat="24.48899284936487674713134765625" lon="118.104049600660800933837890625">
        <ele>10</ele>
        <time>2025-05-04T10:01:37.000Z</time>
        <extensions>
          <ns3:TrackPointExtension>
            <ns3:hr>164</ns3:hr>
          </ns3:TrackPointExtension>
        </extensions>
      </trkpt>
      <trkpt lat="24.48902218602597713470458984375" lon="118.10403761453926563262939453125">
        <ele>10</ele>
        <time>2025-05-04T10:01:38.000Z</time>
        <extensions>
          <ns3:TrackPointExtension>
            <ns3:hr>164</ns3:hr>
          </ns3:TrackPointExtension>
        </extensions>
      </trkpt>
      <trkpt lat="24.489051438868045806884765625" lon="118.10402554459869861602783203125">
        <ele>9.80000019073486328125</ele>
        <time>2025-05-04T10:01:39.000Z</time>
        <extensions>
          <ns3:TrackPointExtension>
            <ns3:hr>164</ns3:hr>
          </ns3:TrackPointExtension>
        </extensions>
      </trkpt>
      <trkpt lat="24.48908102698624134063720703125" lon="118.10401397757232189178466796875">
        <ele>9.6000003814697265625</ele>
        <time>2025-05-04T10:01:40.000Z</time>
        <extensions>
          <ns3:TrackPointExtension>
            <ns3:hr>163</ns3:hr>
          </ns3:TrackPointExtension>
        </extensions>
      </trkpt>
      <trkpt lat="24.48911036364734172821044921875" lon="118.1040024943649768829345703125">
        <ele>10</ele>
        <time>2025-05-04T10:01:41.000Z</time>
        <extensions>
          <ns3:TrackPointExtension>
            <ns3:hr>163</ns3:hr>
          </ns3:TrackPointExtension>
        </extensions>
      </trkpt>
      <trkpt lat="24.4891397841274738311767578125" lon="118.10399050824344158172607421875">
        <ele>10.3999996185302734375</ele>
        <time>2025-05-04T10:01:42.000Z</time>
        <extensions>
          <ns3:TrackPointExtension>
            <ns3:hr>163</ns3:hr>
          </ns3:TrackPointExtension>
        </extensions>
      </trkpt>
      <trkpt lat="24.4891692884266376495361328125" lon="118.10397843830287456512451171875">
        <ele>10.6000003814697265625</ele>
        <time>2025-05-04T10:01:43.000Z</time>
        <extensions>
          <ns3:TrackPointExtension>
            <ns3:hr>163</ns3:hr>
          </ns3:TrackPointExtension>
        </extensions>
      </trkpt>
      <trkpt lat="24.48919854126870632171630859375" lon="118.1039666198194026947021484375">
        <ele>11</ele>
        <time>2025-05-04T10:01:44.000Z</time>
        <extensions>
          <ns3:TrackPointExtension>
            <ns3:hr>163</ns3:hr>
          </ns3:TrackPointExtension>
        </extensions>
      </trkpt>
      <trkpt lat="24.489228464663028717041015625" lon="118.10395530425012111663818359375">
        <ele>11.3999996185302734375</ele>
        <time>2025-05-04T10:01:45.000Z</time>
        <extensions>
          <ns3:TrackPointExtension>
            <ns3:hr>163</ns3:hr>
          </ns3:TrackPointExtension>
        </extensions>
      </trkpt>
      <trkpt lat="24.48925964534282684326171875" lon="118.10394440777599811553955078125">
        <ele>11.80000019073486328125</ele>
        <time>2025-05-04T10:01:46.000Z</time>
        <extensions>
          <ns3:TrackPointExtension>
            <ns3:hr>163</ns3:hr>
          </ns3:TrackPointExtension>
        </extensions>
      </trkpt>
      <trkpt lat="24.48929158039391040802001953125" lon="118.103933595120906829833984375">
        <ele>11.80000019073486328125</ele>
        <time>2025-05-04T10:01:47.000Z</time>
        <extensions>
          <ns3:TrackPointExtension>
            <ns3:hr>163</ns3:hr>
          </ns3:TrackPointExtension>
        </extensions>
      </trkpt>
      <trkpt lat="24.4893238507211208343505859375" lon="118.103922195732593536376953125">
        <ele>11</ele>
        <time>2025-05-04T10:01:48.000Z</time>
        <extensions>
          <ns3:TrackPointExtension>
            <ns3:hr>163</ns3:hr>
          </ns3:TrackPointExtension>
        </extensions>
      </trkpt>
      <trkpt lat="24.4893557019531726837158203125" lon="118.10390970669686794281005859375">
        <ele>10.19999980926513671875</ele>
        <time>2025-05-04T10:01:49.000Z</time>
        <extensions>
          <ns3:TrackPointExtension>
            <ns3:hr>163</ns3:hr>
          </ns3:TrackPointExtension>
        </extensions>
      </trkpt>
      <trkpt lat="24.489387385547161102294921875" lon="118.10389570891857147216796875">
        <ele>9.6000003814697265625</ele>
        <time>2025-05-04T10:01:50.000Z</time>
        <extensions>
          <ns3:TrackPointExtension>
            <ns3:hr>163</ns3:hr>
          </ns3:TrackPointExtension>
        </extensions>
      </trkpt>
      <trkpt lat="24.489418901503086090087890625" lon="118.10388037003576755523681640625">
        <ele>8.80000019073486328125</ele>
        <time>2025-05-04T10:01:51.000Z</time>
        <extensions>
          <ns3:TrackPointExtension>
            <ns3:hr>163</ns3:hr>
          </ns3:TrackPointExtension>
        </extensions>
      </trkpt>
      <trkpt lat="24.48944966308772563934326171875" lon="118.1038643606007099151611328125">
        <ele>8.19999980926513671875</ele>
        <time>2025-05-04T10:01:52.000Z</time>
        <extensions>
          <ns3:TrackPointExtension>
            <ns3:hr>163</ns3:hr>
          </ns3:TrackPointExtension>
        </extensions>
      </trkpt>
      <trkpt lat="24.489479921758174896240234375" lon="118.10384734533727169036865234375">
        <ele>7.400000095367431640625</ele>
        <time>2025-05-04T10:01:53.000Z</time>
        <extensions>
          <ns3:TrackPointExtension>
            <ns3:hr>163</ns3:hr>
          </ns3:TrackPointExtension>
        </extensions>
      </trkpt>
      <trkpt lat="24.48950783349573612213134765625" lon="118.1038271449506282806396484375">
        <ele>7.19999980926513671875</ele>
        <time>2025-05-04T10:01:54.000Z</time>
        <extensions>
          <ns3:TrackPointExtension>
            <ns3:hr>164</ns3:hr>
          </ns3:TrackPointExtension>
        </extensions>
      </trkpt>
      <trkpt lat="24.48953264392912387847900390625" lon="118.10380317270755767822265625">
        <ele>6.80000019073486328125</ele>
        <time>2025-05-04T10:01:55.000Z</time>
        <extensions>
          <ns3:TrackPointExtension>
            <ns3:hr>164</ns3:hr>
          </ns3:TrackPointExtension>
        </extensions>
      </trkpt>
      <trkpt lat="24.4895548559725284576416015625" lon="118.1037758477032184600830078125">
        <ele>6.400000095367431640625</ele>
        <time>2025-05-04T10:01:56.000Z</time>
        <extensions>
          <ns3:TrackPointExtension>
            <ns3:hr>164</ns3:hr>
          </ns3:TrackPointExtension>
        </extensions>
      </trkpt>
      <trkpt lat="24.48957472108304500579833984375" lon="118.10374659486114978790283203125">
        <ele>6.19999980926513671875</ele>
        <time>2025-05-04T10:01:57.000Z</time>
        <extensions>
          <ns3:TrackPointExtension>
            <ns3:hr>164</ns3:hr>
          </ns3:TrackPointExtension>
        </extensions>
      </trkpt>
      <trkpt lat="24.4895927421748638153076171875" lon="118.10371600091457366943359375">
        <ele>6</ele>
        <time>2025-05-04T10:01:58.000Z</time>
        <extensions>
          <ns3:TrackPointExtension>
            <ns3:hr>164</ns3:hr>
          </ns3:TrackPointExtension>
        </extensions>
      </trkpt>
      <trkpt lat="24.4896090030670166015625" lon="118.10368406586349010467529296875">
        <ele>5.80000019073486328125</ele>
        <time>2025-05-04T10:01:59.000Z</time>
        <extensions>
          <ns3:TrackPointExtension>
            <ns3:hr>164</ns3:hr>
          </ns3:TrackPointExtension>
        </extensions>
      </trkpt>
      <trkpt lat="24.48962367139756679534912109375" lon="118.103650622069835662841796875">
        <ele>5.80000019073486328125</ele>
        <time>2025-05-04T10:02:00.000Z</time>
        <extensions>
          <ns3:TrackPointExtension>
            <ns3:hr>164</ns3:hr>
          </ns3:TrackPointExtension>
        </extensions>
      </trkpt>
      <trkpt lat="24.489636830985546112060546875" lon="118.1036159209907054901123046875">
        <ele>5.80000019073486328125</ele>
        <time>2025-05-04T10:02:01.000Z</time>
        <extensions>
          <ns3:TrackPointExtension>
            <ns3:hr>164</ns3:hr>
          </ns3:TrackPointExtension>
        </extensions>
      </trkpt>
      <trkpt lat="24.48964797891676425933837890625" lon="118.1035797111690044403076171875">
        <ele>5.599999904632568359375</ele>
        <time>2025-05-04T10:02:02.000Z</time>
        <extensions>
          <ns3:TrackPointExtension>
            <ns3:hr>164</ns3:hr>
          </ns3:TrackPointExtension>
        </extensions>
      </trkpt>
      <trkpt lat="24.48965686373412609100341796875" lon="118.1035424955189228057861328125">
        <ele>5.599999904632568359375</ele>
        <time>2025-05-04T10:02:03.000Z</time>
        <extensions>
          <ns3:TrackPointExtension>
            <ns3:hr>164</ns3:hr>
          </ns3:TrackPointExtension>
        </extensions>
      </trkpt>
      <trkpt lat="24.48966340161859989166259765625" lon="118.10350553132593631744384765625">
        <ele>5.599999904632568359375</ele>
        <time>2025-05-04T10:02:04.000Z</time>
        <extensions>
          <ns3:TrackPointExtension>
            <ns3:hr>164</ns3:hr>
          </ns3:TrackPointExtension>
        </extensions>
      </trkpt>
      <trkpt lat="24.4896678440272808074951171875" lon="118.10346915386617183685302734375">
        <ele>5.599999904632568359375</ele>
        <time>2025-05-04T10:02:05.000Z</time>
        <extensions>
          <ns3:TrackPointExtension>
            <ns3:hr>164</ns3:hr>
          </ns3:TrackPointExtension>
        </extensions>
      </trkpt>
      <trkpt lat="24.489669688045978546142578125" lon="118.10343277640640735626220703125">
        <ele>5.599999904632568359375</ele>
        <time>2025-05-04T10:02:06.000Z</time>
        <extensions>
          <ns3:TrackPointExtension>
            <ns3:hr>164</ns3:hr>
          </ns3:TrackPointExtension>
        </extensions>
      </trkpt>
      <trkpt lat="24.48966859839856624603271484375" lon="118.10339547693729400634765625">
        <ele>5.599999904632568359375</ele>
        <time>2025-05-04T10:02:07.000Z</time>
        <extensions>
          <ns3:TrackPointExtension>
            <ns3:hr>164</ns3:hr>
          </ns3:TrackPointExtension>
        </extensions>
      </trkpt>
      <trkpt lat="24.48966491036117076873779296875" lon="118.10335792601108551025390625">
        <ele>5.599999904632568359375</ele>
        <time>2025-05-04T10:02:08.000Z</time>
        <extensions>
          <ns3:TrackPointExtension>
            <ns3:hr>164</ns3:hr>
          </ns3:TrackPointExtension>
        </extensions>
      </trkpt>
      <trkpt lat="24.48965837247669696807861328125" lon="118.1033210456371307373046875">
        <ele>5.80000019073486328125</ele>
        <time>2025-05-04T10:02:09.000Z</time>
        <extensions>
          <ns3:TrackPointExtension>
            <ns3:hr>164</ns3:hr>
          </ns3:TrackPointExtension>
        </extensions>
      </trkpt>
      <trkpt lat="24.48964848183095455169677734375" lon="118.103285171091556549072265625">
        <ele>6</ele>
        <time>2025-05-04T10:02:10.000Z</time>
        <extensions>
          <ns3:TrackPointExtension>
            <ns3:hr>164</ns3:hr>
          </ns3:TrackPointExtension>
        </extensions>
      </trkpt>
      <trkpt lat="24.48963590897619724273681640625" lon="118.10324971564114093780517578125">
        <ele>6.19999980926513671875</ele>
        <time>2025-05-04T10:02:11.000Z</time>
        <extensions>
          <ns3:TrackPointExtension>
            <ns3:hr>164</ns3:hr>
          </ns3:TrackPointExtension>
        </extensions>
      </trkpt>
      <trkpt lat="24.48962149210274219512939453125" lon="118.10321509838104248046875">
        <ele>6.400000095367431640625</ele>
        <time>2025-05-04T10:02:12.000Z</time>
        <extensions>
          <ns3:TrackPointExtension>
            <ns3:hr>165</ns3:hr>
          </ns3:TrackPointExtension>
        </extensions>
      </trkpt>
      <trkpt lat="24.4896051473915576934814453125" lon="118.10318224132061004638671875">
        <ele>6.599999904632568359375</ele>
        <time>2025-05-04T10:02:13.000Z</time>
        <extensions>
          <ns3:TrackPointExtension>
            <ns3:hr>165</ns3:hr>
          </ns3:TrackPointExtension>
        </extensions>
      </trkpt>
      <trkpt lat="24.48958612047135829925537109375" lon="118.103151731193065643310546875">
        <ele>6.80000019073486328125</ele>
        <time>2025-05-04T10:02:14.000Z</time>
        <extensions>
          <ns3:TrackPointExtension>
            <ns3:hr>165</ns3:hr>
          </ns3:TrackPointExtension>
        </extensions>
      </trkpt>
      <trkpt lat="24.48956466279923915863037109375" lon="118.10312323272228240966796875">
        <ele>7</ele>
        <time>2025-05-04T10:02:15.000Z</time>
        <extensions>
          <ns3:TrackPointExtension>
            <ns3:hr>165</ns3:hr>
          </ns3:TrackPointExtension>
        </extensions>
      </trkpt>
      <trkpt lat="24.48954127728939056396484375" lon="118.10309783555567264556884765625">
        <ele>7</ele>
        <time>2025-05-04T10:02:16.000Z</time>
        <extensions>
          <ns3:TrackPointExtension>
            <ns3:hr>165</ns3:hr>
          </ns3:TrackPointExtension>
        </extensions>
      </trkpt>
      <trkpt lat="24.48951571248471736907958984375" lon="118.10307553969323635101318359375">
        <ele>7.19999980926513671875</ele>
        <time>2025-05-04T10:02:17.000Z</time>
        <extensions>
          <ns3:TrackPointExtension>
            <ns3:hr>165</ns3:hr>
          </ns3:TrackPointExtension>
        </extensions>
      </trkpt>
      <trkpt lat="24.4894874654710292816162109375" lon="118.10305575840175151824951171875">
        <ele>7.400000095367431640625</ele>
        <time>2025-05-04T10:02:18.000Z</time>
        <extensions>
          <ns3:TrackPointExtension>
            <ns3:hr>165</ns3:hr>
          </ns3:TrackPointExtension>
        </extensions>
      </trkpt>
      <trkpt lat="24.48945653624832630157470703125" lon="118.1030382402241230010986328125">
        <ele>7.599999904632568359375</ele>
        <time>2025-05-04T10:02:19.000Z</time>
        <extensions>
          <ns3:TrackPointExtension>
            <ns3:hr>165</ns3:hr>
          </ns3:TrackPointExtension>
        </extensions>
      </trkpt>
      <trkpt lat="24.48942418210208415985107421875" lon="118.10302340425550937652587890625">
        <ele>7.80000019073486328125</ele>
        <time>2025-05-04T10:02:20.000Z</time>
        <extensions>
          <ns3:TrackPointExtension>
            <ns3:hr>165</ns3:hr>
          </ns3:TrackPointExtension>
        </extensions>
      </trkpt>
      <trkpt lat="24.48939107358455657958984375" lon="118.1030124239623546600341796875">
        <ele>8</ele>
        <time>2025-05-04T10:02:21.000Z</time>
        <extensions>
          <ns3:TrackPointExtension>
            <ns3:hr>165</ns3:hr>
          </ns3:TrackPointExtension>
        </extensions>
      </trkpt>
      <trkpt lat="24.48935796506702899932861328125" lon="118.1030057184398174285888671875">
        <ele>8</ele>
        <time>2025-05-04T10:02:22.000Z</time>
        <extensions>
          <ns3:TrackPointExtension>
            <ns3:hr>165</ns3:hr>
          </ns3:TrackPointExtension>
        </extensions>
      </trkpt>
      <trkpt lat="24.4893251918256282806396484375" lon="118.10300261713564395904541015625">
        <ele>8.19999980926513671875</ele>
        <time>2025-05-04T10:02:23.000Z</time>
        <extensions>
          <ns3:TrackPointExtension>
            <ns3:hr>165</ns3:hr>
          </ns3:TrackPointExtension>
        </extensions>
      </trkpt>
      <trkpt lat="24.48929208330810070037841796875" lon="118.10300177894532680511474609375">
        <ele>8.3999996185302734375</ele>
        <time>2025-05-04T10:02:24.000Z</time>
        <extensions>
          <ns3:TrackPointExtension>
            <ns3:hr>165</ns3:hr>
          </ns3:TrackPointExtension>
        </extensions>
      </trkpt>
      <trkpt lat="24.48925939388573169708251953125" lon="118.10300328768789768218994140625">
        <ele>8.3999996185302734375</ele>
        <time>2025-05-04T10:02:25.000Z</time>
        <extensions>
          <ns3:TrackPointExtension>
            <ns3:hr>165</ns3:hr>
          </ns3:TrackPointExtension>
        </extensions>
      </trkpt>
      <trkpt lat="24.48922771029174327850341796875" lon="118.1030063889920711517333984375">
        <ele>8.6000003814697265625</ele>
        <time>2025-05-04T10:02:26.000Z</time>
        <extensions>
          <ns3:TrackPointExtension>
            <ns3:hr>165</ns3:hr>
          </ns3:TrackPointExtension>
        </extensions>
      </trkpt>
      <trkpt lat="24.48919661343097686767578125" lon="118.10300965793430805206298828125">
        <ele>8.6000003814697265625</ele>
        <time>2025-05-04T10:02:27.000Z</time>
        <extensions>
          <ns3:TrackPointExtension>
            <ns3:hr>165</ns3:hr>
          </ns3:TrackPointExtension>
        </extensions>
      </trkpt>
      <trkpt lat="24.489165432751178741455078125" lon="118.1030134297907352447509765625">
        <ele>8.6000003814697265625</ele>
        <time>2025-05-04T10:02:28.000Z</time>
        <extensions>
          <ns3:TrackPointExtension>
            <ns3:hr>164</ns3:hr>
          </ns3:TrackPointExtension>
        </extensions>
      </trkpt>
      <trkpt lat="24.4891329109668731689453125" lon="118.103019632399082183837890625">
        <ele>8.3999996185302734375</ele>
        <time>2025-05-04T10:02:29.000Z</time>
        <extensions>
          <ns3:TrackPointExtension>
            <ns3:hr>164</ns3:hr>
          </ns3:TrackPointExtension>
        </extensions>
      </trkpt>
      <trkpt lat="24.48910080827772617340087890625" lon="118.10302994213998317718505859375">
        <ele>8.19999980926513671875</ele>
        <time>2025-05-04T10:02:30.000Z</time>
        <extensions>
          <ns3:TrackPointExtension>
            <ns3:hr>164</ns3:hr>
          </ns3:TrackPointExtension>
        </extensions>
      </trkpt>
      <trkpt lat="24.4890700466930866241455078125" lon="118.10304285027086734771728515625">
        <ele>8</ele>
        <time>2025-05-04T10:02:31.000Z</time>
        <extensions>
          <ns3:TrackPointExtension>
            <ns3:hr>164</ns3:hr>
          </ns3:TrackPointExtension>
        </extensions>
      </trkpt>
      <trkpt lat="24.48903962038457393646240234375" lon="118.1030546687543392181396484375">
        <ele>7.599999904632568359375</ele>
        <time>2025-05-04T10:02:32.000Z</time>
        <extensions>
          <ns3:TrackPointExtension>
            <ns3:hr>164</ns3:hr>
          </ns3:TrackPointExtension>
        </extensions>
      </trkpt>
      <trkpt lat="24.4890090264379978179931640625" lon="118.10306531377136707305908203125">
        <ele>7.400000095367431640625</ele>
        <time>2025-05-04T10:02:33.000Z</time>
        <extensions>
          <ns3:TrackPointExtension>
            <ns3:hr>164</ns3:hr>
          </ns3:TrackPointExtension>
        </extensions>
      </trkpt>
      <trkpt lat="24.48897809721529483795166015625" lon="118.10307671315968036651611328125">
        <ele>7.400000095367431640625</ele>
        <time>2025-05-04T10:02:34.000Z</time>
        <extensions>
          <ns3:TrackPointExtension>
            <ns3:hr>163</ns3:hr>
          </ns3:TrackPointExtension>
        </extensions>
      </trkpt>
      <trkpt lat="24.4889463298022747039794921875" lon="118.10308945365250110626220703125">
        <ele>7.599999904632568359375</ele>
        <time>2025-05-04T10:02:35.000Z</time>
        <extensions>
          <ns3:TrackPointExtension>
            <ns3:hr>163</ns3:hr>
          </ns3:TrackPointExtension>
        </extensions>
      </trkpt>
      <trkpt lat="24.48891372419893741607666015625" lon="118.1031029485166072845458984375">
        <ele>7.599999904632568359375</ele>
        <time>2025-05-04T10:02:36.000Z</time>
        <extensions>
          <ns3:TrackPointExtension>
            <ns3:hr>163</ns3:hr>
          </ns3:TrackPointExtension>
        </extensions>
      </trkpt>
      <trkpt lat="24.4888809509575366973876953125" lon="118.10311661101877689361572265625">
        <ele>7.80000019073486328125</ele>
        <time>2025-05-04T10:02:37.000Z</time>
        <extensions>
          <ns3:TrackPointExtension>
            <ns3:hr>163</ns3:hr>
          </ns3:TrackPointExtension>
        </extensions>
      </trkpt>
      <trkpt lat="24.4888480938971042633056640625" lon="118.10312985442578792572021484375">
        <ele>8</ele>
        <time>2025-05-04T10:02:38.000Z</time>
        <extensions>
          <ns3:TrackPointExtension>
            <ns3:hr>163</ns3:hr>
          </ns3:TrackPointExtension>
        </extensions>
      </trkpt>
      <trkpt lat="24.4888155721127986907958984375" lon="118.10314175672829151153564453125">
        <ele>8.3999996185302734375</ele>
        <time>2025-05-04T10:02:39.000Z</time>
        <extensions>
          <ns3:TrackPointExtension>
            <ns3:hr>163</ns3:hr>
          </ns3:TrackPointExtension>
        </extensions>
      </trkpt>
      <trkpt lat="24.48878430761396884918212890625" lon="118.103153072297573089599609375">
        <ele>8.6000003814697265625</ele>
        <time>2025-05-04T10:02:40.000Z</time>
        <extensions>
          <ns3:TrackPointExtension>
            <ns3:hr>163</ns3:hr>
          </ns3:TrackPointExtension>
        </extensions>
      </trkpt>
      <trkpt lat="24.48875379748642444610595703125" lon="118.10316472314298152923583984375">
        <ele>8.3999996185302734375</ele>
        <time>2025-05-04T10:02:41.000Z</time>
        <extensions>
          <ns3:TrackPointExtension>
            <ns3:hr>163</ns3:hr>
          </ns3:TrackPointExtension>
        </extensions>
      </trkpt>
      <trkpt lat="24.48872387409210205078125" lon="118.10317679308354854583740234375">
        <ele>8.19999980926513671875</ele>
        <time>2025-05-04T10:02:42.000Z</time>
        <extensions>
          <ns3:TrackPointExtension>
            <ns3:hr>164</ns3:hr>
          </ns3:TrackPointExtension>
        </extensions>
      </trkpt>
      <trkpt lat="24.4886945374310016632080078125" lon="118.10319003649055957794189453125">
        <ele>8</ele>
        <time>2025-05-04T10:02:43.000Z</time>
        <extensions>
          <ns3:TrackPointExtension>
            <ns3:hr>164</ns3:hr>
          </ns3:TrackPointExtension>
        </extensions>
      </trkpt>
      <trkpt lat="24.488665200769901275634765625" lon="118.10320311225950717926025390625">
        <ele>8</ele>
        <time>2025-05-04T10:02:44.000Z</time>
        <extensions>
          <ns3:TrackPointExtension>
            <ns3:hr>164</ns3:hr>
          </ns3:TrackPointExtension>
        </extensions>
      </trkpt>
      <trkpt lat="24.488635025918483734130859375" lon="118.1032145954668521881103515625">
        <ele>7.80000019073486328125</ele>
        <time>2025-05-04T10:02:45.000Z</time>
        <extensions>
          <ns3:TrackPointExtension>
            <ns3:hr>164</ns3:hr>
          </ns3:TrackPointExtension>
        </extensions>
      </trkpt>
      <trkpt lat="24.48860392905771732330322265625" lon="118.10322515666484832763671875">
        <ele>7.80000019073486328125</ele>
        <time>2025-05-04T10:02:46.000Z</time>
        <extensions>
          <ns3:TrackPointExtension>
            <ns3:hr>164</ns3:hr>
          </ns3:TrackPointExtension>
        </extensions>
      </trkpt>
      <trkpt lat="24.4885714910924434661865234375" lon="118.103235550224781036376953125">
        <ele>7.599999904632568359375</ele>
        <time>2025-05-04T10:02:47.000Z</time>
        <extensions>
          <ns3:TrackPointExtension>
            <ns3:hr>164</ns3:hr>
          </ns3:TrackPointExtension>
        </extensions>
      </trkpt>
      <trkpt lat="24.48853813111782073974609375" lon="118.103246279060840606689453125">
        <ele>7.80000019073486328125</ele>
        <time>2025-05-04T10:02:48.000Z</time>
        <extensions>
          <ns3:TrackPointExtension>
            <ns3:hr>165</ns3:hr>
          </ns3:TrackPointExtension>
        </extensions>
      </trkpt>
      <trkpt lat="24.4885052740573883056640625" lon="118.10325759463012218475341796875">
        <ele>8</ele>
        <time>2025-05-04T10:02:49.000Z</time>
        <extensions>
          <ns3:TrackPointExtension>
            <ns3:hr>165</ns3:hr>
          </ns3:TrackPointExtension>
        </extensions>
      </trkpt>
      <trkpt lat="24.48847417719662189483642578125" lon="118.1032699160277843475341796875">
        <ele>8.19999980926513671875</ele>
        <time>2025-05-04T10:02:50.000Z</time>
        <extensions>
          <ns3:TrackPointExtension>
            <ns3:hr>165</ns3:hr>
          </ns3:TrackPointExtension>
        </extensions>
      </trkpt>
      <trkpt lat="24.488444589078426361083984375" lon="118.1032839976251125335693359375">
        <ele>8.3999996185302734375</ele>
        <time>2025-05-04T10:02:51.000Z</time>
        <extensions>
          <ns3:TrackPointExtension>
            <ns3:hr>165</ns3:hr>
          </ns3:TrackPointExtension>
        </extensions>
      </trkpt>
      <trkpt lat="24.4884152524173259735107421875" lon="118.1032995879650115966796875">
        <ele>8.19999980926513671875</ele>
        <time>2025-05-04T10:02:52.000Z</time>
        <extensions>
          <ns3:TrackPointExtension>
            <ns3:hr>165</ns3:hr>
          </ns3:TrackPointExtension>
        </extensions>
      </trkpt>
      <trkpt lat="24.48838583193719387054443359375" lon="118.1033168546855449676513671875">
        <ele>8</ele>
        <time>2025-05-04T10:02:53.000Z</time>
        <extensions>
          <ns3:TrackPointExtension>
            <ns3:hr>165</ns3:hr>
          </ns3:TrackPointExtension>
        </extensions>
      </trkpt>
      <trkpt lat="24.4883569143712520599365234375" lon="118.10333621688187122344970703125">
        <ele>8.3999996185302734375</ele>
        <time>2025-05-04T10:02:54.000Z</time>
        <extensions>
          <ns3:TrackPointExtension>
            <ns3:hr>165</ns3:hr>
          </ns3:TrackPointExtension>
        </extensions>
      </trkpt>
      <trkpt lat="24.4883294217288494110107421875" lon="118.1033577583730220794677734375">
        <ele>9</ele>
        <time>2025-05-04T10:02:55.000Z</time>
        <extensions>
          <ns3:TrackPointExtension>
            <ns3:hr>165</ns3:hr>
          </ns3:TrackPointExtension>
        </extensions>
      </trkpt>
      <trkpt lat="24.48830318637192249298095703125" lon="118.10338097624480724334716796875">
        <ele>9.6000003814697265625</ele>
        <time>2025-05-04T10:02:56.000Z</time>
        <extensions>
          <ns3:TrackPointExtension>
            <ns3:hr>165</ns3:hr>
          </ns3:TrackPointExtension>
        </extensions>
      </trkpt>
      <trkpt lat="24.48827820830047130584716796875" lon="118.10340620577335357666015625">
        <ele>9.6000003814697265625</ele>
        <time>2025-05-04T10:02:57.000Z</time>
        <extensions>
          <ns3:TrackPointExtension>
            <ns3:hr>165</ns3:hr>
          </ns3:TrackPointExtension>
        </extensions>
      </trkpt>
      <trkpt lat="24.4882556609809398651123046875" lon="118.10343462042510509490966796875">
        <ele>9.6000003814697265625</ele>
        <time>2025-05-04T10:02:58.000Z</time>
        <extensions>
          <ns3:TrackPointExtension>
            <ns3:hr>165</ns3:hr>
          </ns3:TrackPointExtension>
        </extensions>
      </trkpt>
      <trkpt lat="24.48823638260364532470703125" lon="118.10346663929522037506103515625">
        <ele>9.6000003814697265625</ele>
        <time>2025-05-04T10:02:59.000Z</time>
        <extensions>
          <ns3:TrackPointExtension>
            <ns3:hr>165</ns3:hr>
          </ns3:TrackPointExtension>
        </extensions>
      </trkpt>
      <trkpt lat="24.488220624625682830810546875" lon="118.10350117273628711700439453125">
        <ele>9.80000019073486328125</ele>
        <time>2025-05-04T10:03:00.000Z</time>
        <extensions>
          <ns3:TrackPointExtension>
            <ns3:hr>165</ns3:hr>
          </ns3:TrackPointExtension>
        </extensions>
      </trkpt>
      <trkpt lat="24.48820847086608409881591796875" lon="118.103536628186702728271484375">
        <ele>9.80000019073486328125</ele>
        <time>2025-05-04T10:03:01.000Z</time>
        <extensions>
          <ns3:TrackPointExtension>
            <ns3:hr>164</ns3:hr>
          </ns3:TrackPointExtension>
        </extensions>
      </trkpt>
      <trkpt lat="24.48819975368678569793701171875" lon="118.10357225127518177032470703125">
        <ele>9.80000019073486328125</ele>
        <time>2025-05-04T10:03:02.000Z</time>
        <extensions>
          <ns3:TrackPointExtension>
            <ns3:hr>164</ns3:hr>
          </ns3:TrackPointExtension>
        </extensions>
      </trkpt>
      <trkpt lat="24.4881939701735973358154296875" lon="118.10360795818269252777099609375">
        <ele>9.80000019073486328125</ele>
        <time>2025-05-04T10:03:03.000Z</time>
        <extensions>
          <ns3:TrackPointExtension>
            <ns3:hr>164</ns3:hr>
          </ns3:TrackPointExtension>
        </extensions>
      </trkpt>
      <trkpt lat="24.48819086886942386627197265625" lon="118.10364366509020328521728515625">
        <ele>9.80000019073486328125</ele>
        <time>2025-05-04T10:03:04.000Z</time>
        <extensions>
          <ns3:TrackPointExtension>
            <ns3:hr>164</ns3:hr>
          </ns3:TrackPointExtension>
        </extensions>
      </trkpt>
      <trkpt lat="24.48819086886942386627197265625" lon="118.10367937199771404266357421875">
        <ele>9.6000003814697265625</ele>
        <time>2025-05-04T10:03:05.000Z</time>
        <extensions>
          <ns3:TrackPointExtension>
            <ns3:hr>165</ns3:hr>
          </ns3:TrackPointExtension>
        </extensions>
      </trkpt>
      <trkpt lat="24.48819346725940704345703125" lon="118.10371507890522480010986328125">
        <ele>9</ele>
        <time>2025-05-04T10:03:06.000Z</time>
        <extensions>
          <ns3:TrackPointExtension>
            <ns3:hr>165</ns3:hr>
          </ns3:TrackPointExtension>
        </extensions>
      </trkpt>
      <trkpt lat="24.48819841258227825164794921875" lon="118.10375045053660869598388671875">
        <ele>8.3999996185302734375</ele>
        <time>2025-05-04T10:03:07.000Z</time>
        <extensions>
          <ns3:TrackPointExtension>
            <ns3:hr>165</ns3:hr>
          </ns3:TrackPointExtension>
        </extensions>
      </trkpt>
      <trkpt lat="24.48820553719997406005859375" lon="118.10378531925380229949951171875">
        <ele>8</ele>
        <time>2025-05-04T10:03:08.000Z</time>
        <extensions>
          <ns3:TrackPointExtension>
            <ns3:hr>165</ns3:hr>
          </ns3:TrackPointExtension>
        </extensions>
      </trkpt>
      <trkpt lat="24.4882147572934627532958984375" lon="118.10382018797099590301513671875">
        <ele>7.400000095367431640625</ele>
        <time>2025-05-04T10:03:09.000Z</time>
        <extensions>
          <ns3:TrackPointExtension>
            <ns3:hr>165</ns3:hr>
          </ns3:TrackPointExtension>
        </extensions>
      </trkpt>
      <trkpt lat="24.4882261566817760467529296875" lon="118.1038549728691577911376953125">
        <ele>6.80000019073486328125</ele>
        <time>2025-05-04T10:03:10.000Z</time>
        <extensions>
          <ns3:TrackPointExtension>
            <ns3:hr>165</ns3:hr>
          </ns3:TrackPointExtension>
        </extensions>
      </trkpt>
      <trkpt lat="24.4882397353649139404296875" lon="118.1038881652057170867919921875">
        <ele>6.19999980926513671875</ele>
        <time>2025-05-04T10:03:11.000Z</time>
        <extensions>
          <ns3:TrackPointExtension>
            <ns3:hr>165</ns3:hr>
          </ns3:TrackPointExtension>
        </extensions>
      </trkpt>
      <trkpt lat="24.4882543198764324188232421875" lon="118.10391984879970550537109375">
        <ele>5.599999904632568359375</ele>
        <time>2025-05-04T10:03:12.000Z</time>
        <extensions>
          <ns3:TrackPointExtension>
            <ns3:hr>165</ns3:hr>
          </ns3:TrackPointExtension>
        </extensions>
      </trkpt>
      <trkpt lat="24.48827049694955348968505859375" lon="118.10395178385078907012939453125">
        <ele>5.19999980926513671875</ele>
        <time>2025-05-04T10:03:13.000Z</time>
        <extensions>
          <ns3:TrackPointExtension>
            <ns3:hr>165</ns3:hr>
          </ns3:TrackPointExtension>
        </extensions>
      </trkpt>
      <trkpt lat="24.48828994296491146087646484375" lon="118.1039833836257457733154296875">
        <ele>5.19999980926513671875</ele>
        <time>2025-05-04T10:03:14.000Z</time>
        <extensions>
          <ns3:TrackPointExtension>
            <ns3:hr>165</ns3:hr>
          </ns3:TrackPointExtension>
        </extensions>
      </trkpt>
      <trkpt lat="24.488311819732189178466796875" lon="118.10401230119168758392333984375">
        <ele>5</ele>
        <time>2025-05-04T10:03:15.000Z</time>
        <extensions>
          <ns3:TrackPointExtension>
            <ns3:hr>165</ns3:hr>
          </ns3:TrackPointExtension>
        </extensions>
      </trkpt>
      <trkpt lat="24.48833470232784748077392578125" lon="118.10403895564377307891845703125">
        <ele>4.80000019073486328125</ele>
        <time>2025-05-04T10:03:16.000Z</time>
        <extensions>
          <ns3:TrackPointExtension>
            <ns3:hr>165</ns3:hr>
          </ns3:TrackPointExtension>
        </extensions>
      </trkpt>
      <trkpt lat="24.48835817165672779083251953125" lon="118.10406410135328769683837890625">
        <ele>4.599999904632568359375</ele>
        <time>2025-05-04T10:03:17.000Z</time>
        <extensions>
          <ns3:TrackPointExtension>
            <ns3:hr>165</ns3:hr>
          </ns3:TrackPointExtension>
        </extensions>
      </trkpt>
      <trkpt lat="24.48838214389979839324951171875" lon="118.10408723540604114532470703125">
        <ele>4.400000095367431640625</ele>
        <time>2025-05-04T10:03:18.000Z</time>
        <extensions>
          <ns3:TrackPointExtension>
            <ns3:hr>165</ns3:hr>
          </ns3:TrackPointExtension>
        </extensions>
      </trkpt>
      <trkpt lat="24.488407038152217864990234375" lon="118.1041069328784942626953125">
        <ele>4.19999980926513671875</ele>
        <time>2025-05-04T10:03:19.000Z</time>
        <extensions>
          <ns3:TrackPointExtension>
            <ns3:hr>165</ns3:hr>
          </ns3:TrackPointExtension>
        </extensions>
      </trkpt>
      <trkpt lat="24.488433860242366790771484375" lon="118.10412277467548847198486328125">
        <ele>4</ele>
        <time>2025-05-04T10:03:20.000Z</time>
        <extensions>
          <ns3:TrackPointExtension>
            <ns3:hr>165</ns3:hr>
          </ns3:TrackPointExtension>
        </extensions>
      </trkpt>
      <trkpt lat="24.48846277780830860137939453125" lon="118.10413576662540435791015625">
        <ele>4.19999980926513671875</ele>
        <time>2025-05-04T10:03:21.000Z</time>
        <extensions>
          <ns3:TrackPointExtension>
            <ns3:hr>165</ns3:hr>
          </ns3:TrackPointExtension>
        </extensions>
      </trkpt>
      <trkpt lat="24.4884943775832653045654296875" lon="118.10414607636630535125732421875">
        <ele>4.400000095367431640625</ele>
        <time>2025-05-04T10:03:22.000Z</time>
        <extensions>
          <ns3:TrackPointExtension>
            <ns3:hr>165</ns3:hr>
          </ns3:TrackPointExtension>
        </extensions>
      </trkpt>
      <trkpt lat="24.4885279051959514617919921875" lon="118.10415395535528659820556640625">
        <ele>4.599999904632568359375</ele>
        <time>2025-05-04T10:03:23.000Z</time>
        <extensions>
          <ns3:TrackPointExtension>
            <ns3:hr>165</ns3:hr>
          </ns3:TrackPointExtension>
        </extensions>
      </trkpt>
      <trkpt lat="24.48856235481798648834228515625" lon="118.10415915213525295257568359375">
        <ele>4.80000019073486328125</ele>
        <time>2025-05-04T10:03:24.000Z</time>
        <extensions>
          <ns3:TrackPointExtension>
            <ns3:hr>165</ns3:hr>
          </ns3:TrackPointExtension>
        </extensions>
      </trkpt>
      <trkpt lat="24.48859655298292636871337890625" lon="118.10416032560169696807861328125">
        <ele>5</ele>
        <time>2025-05-04T10:03:25.000Z</time>
        <extensions>
          <ns3:TrackPointExtension>
            <ns3:hr>165</ns3:hr>
          </ns3:TrackPointExtension>
        </extensions>
      </trkpt>
      <trkpt lat="24.48862957768142223358154296875" lon="118.1041580624878406524658203125">
        <ele>5.400000095367431640625</ele>
        <time>2025-05-04T10:03:26.000Z</time>
        <extensions>
          <ns3:TrackPointExtension>
            <ns3:hr>165</ns3:hr>
          </ns3:TrackPointExtension>
        </extensions>
      </trkpt>
      <trkpt lat="24.488661848008632659912109375" lon="118.10415412299335002899169921875">
        <ele>5.599999904632568359375</ele>
        <time>2025-05-04T10:03:27.000Z</time>
        <extensions>
          <ns3:TrackPointExtension>
            <ns3:hr>165</ns3:hr>
          </ns3:TrackPointExtension>
        </extensions>
      </trkpt>
      <trkpt lat="24.48869378305971622467041015625" lon="118.1041480042040348052978515625">
        <ele>5.599999904632568359375</ele>
        <time>2025-05-04T10:03:28.000Z</time>
        <extensions>
          <ns3:TrackPointExtension>
            <ns3:hr>165</ns3:hr>
          </ns3:TrackPointExtension>
        </extensions>
      </trkpt>
      <trkpt lat="24.48872588574886322021484375" lon="118.10413937084376811981201171875">
        <ele>5.80000019073486328125</ele>
        <time>2025-05-04T10:03:29.000Z</time>
        <extensions>
          <ns3:TrackPointExtension>
            <ns3:hr>165</ns3:hr>
          </ns3:TrackPointExtension>
        </extensions>
      </trkpt>
      <trkpt lat="24.48875849135220050811767578125" lon="118.104128055274486541748046875">
        <ele>6.400000095367431640625</ele>
        <time>2025-05-04T10:03:30.000Z</time>
        <extensions>
          <ns3:TrackPointExtension>
            <ns3:hr>165</ns3:hr>
          </ns3:TrackPointExtension>
        </extensions>
      </trkpt>
      <trkpt lat="24.488790929317474365234375" lon="118.10411456041038036346435546875">
        <ele>7.19999980926513671875</ele>
        <time>2025-05-04T10:03:31.000Z</time>
        <extensions>
          <ns3:TrackPointExtension>
            <ns3:hr>164</ns3:hr>
          </ns3:TrackPointExtension>
        </extensions>
      </trkpt>
      <trkpt lat="24.48882319964468479156494140625" lon="118.10410098172724246978759765625">
        <ele>7.80000019073486328125</ele>
        <time>2025-05-04T10:03:32.000Z</time>
        <extensions>
          <ns3:TrackPointExtension>
            <ns3:hr>164</ns3:hr>
          </ns3:TrackPointExtension>
        </extensions>
      </trkpt>
      <trkpt lat="24.48885454796254634857177734375" lon="118.10408840887248516082763671875">
        <ele>8.3999996185302734375</ele>
        <time>2025-05-04T10:03:33.000Z</time>
        <extensions>
          <ns3:TrackPointExtension>
            <ns3:hr>164</ns3:hr>
          </ns3:TrackPointExtension>
        </extensions>
      </trkpt>
      <trkpt lat="24.488883800804615020751953125" lon="118.10407617129385471343994140625">
        <ele>8.80000019073486328125</ele>
        <time>2025-05-04T10:03:34.000Z</time>
        <extensions>
          <ns3:TrackPointExtension>
            <ns3:hr>164</ns3:hr>
          </ns3:TrackPointExtension>
        </extensions>
      </trkpt>
      <trkpt lat="24.488911963999271392822265625" lon="118.10406359843909740447998046875">
        <ele>9</ele>
        <time>2025-05-04T10:03:35.000Z</time>
        <extensions>
          <ns3:TrackPointExtension>
            <ns3:hr>164</ns3:hr>
          </ns3:TrackPointExtension>
        </extensions>
      </trkpt>
      <trkpt lat="24.4889397919178009033203125" lon="118.104050941765308380126953125">
        <ele>9.3999996185302734375</ele>
        <time>2025-05-04T10:03:36.000Z</time>
        <extensions>
          <ns3:TrackPointExtension>
            <ns3:hr>164</ns3:hr>
          </ns3:TrackPointExtension>
        </extensions>
      </trkpt>
      <trkpt lat="24.488967955112457275390625" lon="118.104038871824741363525390625">
        <ele>9.6000003814697265625</ele>
        <time>2025-05-04T10:03:37.000Z</time>
        <extensions>
          <ns3:TrackPointExtension>
            <ns3:hr>164</ns3:hr>
          </ns3:TrackPointExtension>
        </extensions>
      </trkpt>
      <trkpt lat="24.48899687267839908599853515625" lon="118.104026801884174346923828125">
        <ele>9.80000019073486328125</ele>
        <time>2025-05-04T10:03:38.000Z</time>
        <extensions>
          <ns3:TrackPointExtension>
            <ns3:hr>164</ns3:hr>
          </ns3:TrackPointExtension>
        </extensions>
      </trkpt>
      <trkpt lat="24.4890271313488483428955078125" lon="118.1040148995816707611083984375">
        <ele>9.80000019073486328125</ele>
        <time>2025-05-04T10:03:39.000Z</time>
        <extensions>
          <ns3:TrackPointExtension>
            <ns3:hr>164</ns3:hr>
          </ns3:TrackPointExtension>
        </extensions>
      </trkpt>
      <trkpt lat="24.48905847966670989990234375" lon="118.10400391928851604461669921875">
        <ele>9.3999996185302734375</ele>
        <time>2025-05-04T10:03:40.000Z</time>
        <extensions>
          <ns3:TrackPointExtension>
            <ns3:hr>164</ns3:hr>
          </ns3:TrackPointExtension>
        </extensions>
      </trkpt>
      <trkpt lat="24.48909007944166660308837890625" lon="118.1039941124618053436279296875">
        <ele>9.80000019073486328125</ele>
        <time>2025-05-04T10:03:41.000Z</time>
        <extensions>
          <ns3:TrackPointExtension>
            <ns3:hr>164</ns3:hr>
          </ns3:TrackPointExtension>
        </extensions>
      </trkpt>
      <trkpt lat="24.489121846854686737060546875" lon="118.103984557092189788818359375">
        <ele>10.19999980926513671875</ele>
        <time>2025-05-04T10:03:42.000Z</time>
        <extensions>
          <ns3:TrackPointExtension>
            <ns3:hr>164</ns3:hr>
          </ns3:TrackPointExtension>
        </extensions>
      </trkpt>
      <trkpt lat="24.4891548715531826019287109375" lon="118.10397357679903507232666015625">
        <ele>10.6000003814697265625</ele>
        <time>2025-05-04T10:03:43.000Z</time>
        <extensions>
          <ns3:TrackPointExtension>
            <ns3:hr>165</ns3:hr>
          </ns3:TrackPointExtension>
        </extensions>
      </trkpt>
      <trkpt lat="24.4891887344419956207275390625" lon="118.1039609201252460479736328125">
        <ele>11</ele>
        <time>2025-05-04T10:03:44.000Z</time>
        <extensions>
          <ns3:TrackPointExtension>
            <ns3:hr>165</ns3:hr>
          </ns3:TrackPointExtension>
        </extensions>
      </trkpt>
      <trkpt lat="24.48922167532145977020263671875" lon="118.1039475090801715850830078125">
        <ele>11.3999996185302734375</ele>
        <time>2025-05-04T10:03:45.000Z</time>
        <extensions>
          <ns3:TrackPointExtension>
            <ns3:hr>165</ns3:hr>
          </ns3:TrackPointExtension>
        </extensions>
      </trkpt>
      <trkpt lat="24.48925352655351161956787109375" lon="118.10393460094928741455078125">
        <ele>11.6000003814697265625</ele>
        <time>2025-05-04T10:03:46.000Z</time>
        <extensions>
          <ns3:TrackPointExtension>
            <ns3:hr>165</ns3:hr>
          </ns3:TrackPointExtension>
        </extensions>
      </trkpt>
      <trkpt lat="24.48928487487137317657470703125" lon="118.1039226986467838287353515625">
        <ele>11.80000019073486328125</ele>
        <time>2025-05-04T10:03:47.000Z</time>
        <extensions>
          <ns3:TrackPointExtension>
            <ns3:hr>165</ns3:hr>
          </ns3:TrackPointExtension>
        </extensions>
      </trkpt>
      <trkpt lat="24.4893154688179492950439453125" lon="118.10391104780137538909912109375">
        <ele>11</ele>
        <time>2025-05-04T10:03:48.000Z</time>
        <extensions>
          <ns3:TrackPointExtension>
            <ns3:hr>166</ns3:hr>
          </ns3:TrackPointExtension>
        </extensions>
      </trkpt>
      <trkpt lat="24.4893456436693668365478515625" lon="118.10389830730855464935302734375">
        <ele>10.3999996185302734375</ele>
        <time>2025-05-04T10:03:49.000Z</time>
        <extensions>
          <ns3:TrackPointExtension>
            <ns3:hr>166</ns3:hr>
          </ns3:TrackPointExtension>
        </extensions>
      </trkpt>
      <trkpt lat="24.4893758185207843780517578125" lon="118.10388439334928989410400390625">
        <ele>9.6000003814697265625</ele>
        <time>2025-05-04T10:03:50.000Z</time>
        <extensions>
          <ns3:TrackPointExtension>
            <ns3:hr>166</ns3:hr>
          </ns3:TrackPointExtension>
        </extensions>
      </trkpt>
      <trkpt lat="24.489405490458011627197265625" lon="118.10386947356164455413818359375">
        <ele>9</ele>
        <time>2025-05-04T10:03:51.000Z</time>
        <extensions>
          <ns3:TrackPointExtension>
            <ns3:hr>166</ns3:hr>
          </ns3:TrackPointExtension>
        </extensions>
      </trkpt>
      <trkpt lat="24.48943398892879486083984375" lon="118.10385321266949176788330078125">
        <ele>8.19999980926513671875</ele>
        <time>2025-05-04T10:03:52.000Z</time>
        <extensions>
          <ns3:TrackPointExtension>
            <ns3:hr>166</ns3:hr>
          </ns3:TrackPointExtension>
        </extensions>
      </trkpt>
      <trkpt lat="24.48946139775216579437255859375" lon="118.10383535921573638916015625">
        <ele>7.599999904632568359375</ele>
        <time>2025-05-04T10:03:53.000Z</time>
        <extensions>
          <ns3:TrackPointExtension>
            <ns3:hr>166</ns3:hr>
          </ns3:TrackPointExtension>
        </extensions>
      </trkpt>
      <trkpt lat="24.48948788456618785858154296875" lon="118.1038157455623149871826171875">
        <ele>7.19999980926513671875</ele>
        <time>2025-05-04T10:03:54.000Z</time>
        <extensions>
          <ns3:TrackPointExtension>
            <ns3:hr>166</ns3:hr>
          </ns3:TrackPointExtension>
        </extensions>
      </trkpt>
      <trkpt lat="24.48951252736151218414306640625" lon="118.10379378497600555419921875">
        <ele>7</ele>
        <time>2025-05-04T10:03:55.000Z</time>
        <extensions>
          <ns3:TrackPointExtension>
            <ns3:hr>166</ns3:hr>
          </ns3:TrackPointExtension>
        </extensions>
      </trkpt>
      <trkpt lat="24.48953465558588504791259765625" lon="118.10376822017133235931396484375">
        <ele>6.599999904632568359375</ele>
        <time>2025-05-04T10:03:56.000Z</time>
        <extensions>
          <ns3:TrackPointExtension>
            <ns3:hr>166</ns3:hr>
          </ns3:TrackPointExtension>
        </extensions>
      </trkpt>
      <trkpt lat="24.4895548559725284576416015625" lon="118.10373988933861255645751953125">
        <ele>6.19999980926513671875</ele>
        <time>2025-05-04T10:03:57.000Z</time>
        <extensions>
          <ns3:TrackPointExtension>
            <ns3:hr>166</ns3:hr>
          </ns3:TrackPointExtension>
        </extensions>
      </trkpt>
      <trkpt lat="24.48957480490207672119140625" lon="118.10371088795363903045654296875">
        <ele>6.19999980926513671875</ele>
        <time>2025-05-04T10:03:58.000Z</time>
        <extensions>
          <ns3:TrackPointExtension>
            <ns3:hr>165</ns3:hr>
          </ns3:TrackPointExtension>
        </extensions>
      </trkpt>
      <trkpt lat="24.48959450237452983856201171875" lon="118.10368113219738006591796875">
        <ele>6</ele>
        <time>2025-05-04T10:03:59.000Z</time>
        <extensions>
          <ns3:TrackPointExtension>
            <ns3:hr>165</ns3:hr>
          </ns3:TrackPointExtension>
        </extensions>
      </trkpt>
      <trkpt lat="24.4896118529140949249267578125" lon="118.10365020297467708587646484375">
        <ele>5.80000019073486328125</ele>
        <time>2025-05-04T10:04:00.000Z</time>
        <extensions>
          <ns3:TrackPointExtension>
            <ns3:hr>165</ns3:hr>
          </ns3:TrackPointExtension>
        </extensions>
      </trkpt>
      <trkpt lat="24.4896255992352962493896484375" lon="118.10361717827618122100830078125">
        <ele>5.80000019073486328125</ele>
        <time>2025-05-04T10:04:01.000Z</time>
        <extensions>
          <ns3:TrackPointExtension>
            <ns3:hr>165</ns3:hr>
          </ns3:TrackPointExtension>
        </extensions>
      </trkpt>
      <trkpt lat="24.489636830985546112060546875" lon="118.10358163900673389434814453125">
        <ele>5.80000019073486328125</ele>
        <time>2025-05-04T10:04:02.000Z</time>
        <extensions>
          <ns3:TrackPointExtension>
            <ns3:hr>165</ns3:hr>
          </ns3:TrackPointExtension>
        </extensions>
      </trkpt>
      <trkpt lat="24.48964579962193965911865234375" lon="118.103544004261493682861328125">
        <ele>5.599999904632568359375</ele>
        <time>2025-05-04T10:04:03.000Z</time>
        <extensions>
          <ns3:TrackPointExtension>
            <ns3:hr>165</ns3:hr>
          </ns3:TrackPointExtension>
        </extensions>
      </trkpt>
      <trkpt lat="24.4896520860493183135986328125" lon="118.1035059504210948944091796875">
        <ele>5.599999904632568359375</ele>
        <time>2025-05-04T10:04:04.000Z</time>
        <extensions>
          <ns3:TrackPointExtension>
            <ns3:hr>165</ns3:hr>
          </ns3:TrackPointExtension>
        </extensions>
      </trkpt>
      <trkpt lat="24.48965585790574550628662109375" lon="118.1034672260284423828125">
        <ele>5.599999904632568359375</ele>
        <time>2025-05-04T10:04:05.000Z</time>
        <extensions>
          <ns3:TrackPointExtension>
            <ns3:hr>165</ns3:hr>
          </ns3:TrackPointExtension>
        </extensions>
      </trkpt>
      <trkpt lat="24.4896571151912212371826171875" lon="118.10342757962644100189208984375">
        <ele>5.599999904632568359375</ele>
        <time>2025-05-04T10:04:06.000Z</time>
        <extensions>
          <ns3:TrackPointExtension>
            <ns3:hr>165</ns3:hr>
          </ns3:TrackPointExtension>
        </extensions>
      </trkpt>
      <trkpt lat="24.48965527117252349853515625" lon="118.1033879332244396209716796875">
        <ele>5.599999904632568359375</ele>
        <time>2025-05-04T10:04:07.000Z</time>
        <extensions>
          <ns3:TrackPointExtension>
            <ns3:hr>165</ns3:hr>
          </ns3:TrackPointExtension>
        </extensions>
      </trkpt>
      <trkpt lat="24.48965032584965229034423828125" lon="118.10334878973662853240966796875">
        <ele>5.80000019073486328125</ele>
        <time>2025-05-04T10:04:08.000Z</time>
        <extensions>
          <ns3:TrackPointExtension>
            <ns3:hr>165</ns3:hr>
          </ns3:TrackPointExtension>
        </extensions>
      </trkpt>
      <trkpt lat="24.48964186012744903564453125" lon="118.10331090353429317474365234375">
        <ele>6</ele>
        <time>2025-05-04T10:04:09.000Z</time>
        <extensions>
          <ns3:TrackPointExtension>
            <ns3:hr>165</ns3:hr>
          </ns3:TrackPointExtension>
        </extensions>
      </trkpt>
      <trkpt lat="24.48963087983429431915283203125" lon="118.10327385552227497100830078125">
        <ele>6.19999980926513671875</ele>
        <time>2025-05-04T10:04:10.000Z</time>
        <extensions>
          <ns3:TrackPointExtension>
            <ns3:hr>165</ns3:hr>
          </ns3:TrackPointExtension>
        </extensions>
      </trkpt>
      <trkpt lat="24.4896178878843784332275390625" lon="118.103237561881542205810546875">
        <ele>6.400000095367431640625</ele>
        <time>2025-05-04T10:04:11.000Z</time>
        <extensions>
          <ns3:TrackPointExtension>
            <ns3:hr>165</ns3:hr>
          </ns3:TrackPointExtension>
        </extensions>
      </trkpt>
      <trkpt lat="24.48960296809673309326171875" lon="118.1032038666307926177978515625">
        <ele>6.400000095367431640625</ele>
        <time>2025-05-04T10:04:12.000Z</time>
        <extensions>
          <ns3:TrackPointExtension>
            <ns3:hr>165</ns3:hr>
          </ns3:TrackPointExtension>
        </extensions>
      </trkpt>
      <trkpt lat="24.48958544991910457611083984375" lon="118.10317377559840679168701171875">
        <ele>6.599999904632568359375</ele>
        <time>2025-05-04T10:04:13.000Z</time>
        <extensions>
          <ns3:TrackPointExtension>
            <ns3:hr>165</ns3:hr>
          </ns3:TrackPointExtension>
        </extensions>
      </trkpt>
      <trkpt lat="24.4895647466182708740234375" lon="118.10314603149890899658203125">
        <ele>6.80000019073486328125</ele>
        <time>2025-05-04T10:04:14.000Z</time>
        <extensions>
          <ns3:TrackPointExtension>
            <ns3:hr>165</ns3:hr>
          </ns3:TrackPointExtension>
        </extensions>
      </trkpt>
      <trkpt lat="24.48954169638454914093017578125" lon="118.10311996378004550933837890625">
        <ele>7</ele>
        <time>2025-05-04T10:04:15.000Z</time>
        <extensions>
          <ns3:TrackPointExtension>
            <ns3:hr>165</ns3:hr>
          </ns3:TrackPointExtension>
        </extensions>
      </trkpt>
      <trkpt lat="24.4895166344940662384033203125" lon="118.10309632681310176849365234375">
        <ele>7.19999980926513671875</ele>
        <time>2025-05-04T10:04:16.000Z</time>
        <extensions>
          <ns3:TrackPointExtension>
            <ns3:hr>165</ns3:hr>
          </ns3:TrackPointExtension>
        </extensions>
      </trkpt>
      <trkpt lat="24.48948989622294902801513671875" lon="118.10307470150291919708251953125">
        <ele>7.400000095367431640625</ele>
        <time>2025-05-04T10:04:17.000Z</time>
        <extensions>
          <ns3:TrackPointExtension>
            <ns3:hr>165</ns3:hr>
          </ns3:TrackPointExtension>
        </extensions>
      </trkpt>
      <trkpt lat="24.48946215212345123291015625" lon="118.10305458493530750274658203125">
        <ele>7.599999904632568359375</ele>
        <time>2025-05-04T10:04:18.000Z</time>
        <extensions>
          <ns3:TrackPointExtension>
            <ns3:hr>165</ns3:hr>
          </ns3:TrackPointExtension>
        </extensions>
      </trkpt>
      <trkpt lat="24.489433653652667999267578125" lon="118.1030368991196155548095703125">
        <ele>7.599999904632568359375</ele>
        <time>2025-05-04T10:04:19.000Z</time>
        <extensions>
          <ns3:TrackPointExtension>
            <ns3:hr>165</ns3:hr>
          </ns3:TrackPointExtension>
        </extensions>
      </trkpt>
      <trkpt lat="24.4894046522676944732666015625" lon="118.10302197933197021484375">
        <ele>7.80000019073486328125</ele>
        <time>2025-05-04T10:04:20.000Z</time>
        <extensions>
          <ns3:TrackPointExtension>
            <ns3:hr>165</ns3:hr>
          </ns3:TrackPointExtension>
        </extensions>
      </trkpt>
      <trkpt lat="24.48937506414949893951416015625" lon="118.103010244667530059814453125">
        <ele>8</ele>
        <time>2025-05-04T10:04:21.000Z</time>
        <extensions>
          <ns3:TrackPointExtension>
            <ns3:hr>165</ns3:hr>
          </ns3:TrackPointExtension>
        </extensions>
      </trkpt>
      <trkpt lat="24.48934455402195453643798828125" lon="118.10300211422145366668701171875">
        <ele>8.19999980926513671875</ele>
        <time>2025-05-04T10:04:22.000Z</time>
        <extensions>
          <ns3:TrackPointExtension>
            <ns3:hr>165</ns3:hr>
          </ns3:TrackPointExtension>
        </extensions>
      </trkpt>
      <trkpt lat="24.48931270278990268707275390625" lon="118.102997504174709320068359375">
        <ele>8.19999980926513671875</ele>
        <time>2025-05-04T10:04:23.000Z</time>
        <extensions>
          <ns3:TrackPointExtension>
            <ns3:hr>165</ns3:hr>
          </ns3:TrackPointExtension>
        </extensions>
      </trkpt>
      <trkpt lat="24.4892806001007556915283203125" lon="118.10299582779407501220703125">
        <ele>8.3999996185302734375</ele>
        <time>2025-05-04T10:04:24.000Z</time>
        <extensions>
          <ns3:TrackPointExtension>
            <ns3:hr>165</ns3:hr>
          </ns3:TrackPointExtension>
        </extensions>
      </trkpt>
      <trkpt lat="24.48924916796386241912841796875" lon="118.10299758799374103546142578125">
        <ele>8.3999996185302734375</ele>
        <time>2025-05-04T10:04:25.000Z</time>
        <extensions>
          <ns3:TrackPointExtension>
            <ns3:hr>165</ns3:hr>
          </ns3:TrackPointExtension>
        </extensions>
      </trkpt>
      <trkpt lat="24.4892175681889057159423828125" lon="118.1030020304024219512939453125">
        <ele>8.6000003814697265625</ele>
        <time>2025-05-04T10:04:26.000Z</time>
        <extensions>
          <ns3:TrackPointExtension>
            <ns3:hr>165</ns3:hr>
          </ns3:TrackPointExtension>
        </extensions>
      </trkpt>
      <trkpt lat="24.48918529786169528961181640625" lon="118.103008568286895751953125">
        <ele>8.6000003814697265625</ele>
        <time>2025-05-04T10:04:27.000Z</time>
        <extensions>
          <ns3:TrackPointExtension>
            <ns3:hr>165</ns3:hr>
          </ns3:TrackPointExtension>
        </extensions>
      </trkpt>
      <trkpt lat="24.48915277607738971710205078125" lon="118.10301803983747959136962890625">
        <ele>8.3999996185302734375</ele>
        <time>2025-05-04T10:04:28.000Z</time>
        <extensions>
          <ns3:TrackPointExtension>
            <ns3:hr>165</ns3:hr>
          </ns3:TrackPointExtension>
        </extensions>
      </trkpt>
      <trkpt lat="24.48912058956921100616455078125" lon="118.10302994213998317718505859375">
        <ele>8.19999980926513671875</ele>
        <time>2025-05-04T10:04:29.000Z</time>
        <extensions>
          <ns3:TrackPointExtension>
            <ns3:hr>165</ns3:hr>
          </ns3:TrackPointExtension>
        </extensions>
      </trkpt>
      <trkpt lat="24.4890881516039371490478515625" lon="118.1030436046421527862548828125">
        <ele>8</ele>
        <time>2025-05-04T10:04:30.000Z</time>
        <extensions>
          <ns3:TrackPointExtension>
            <ns3:hr>165</ns3:hr>
          </ns3:TrackPointExtension>
        </extensions>
      </trkpt>
      <trkpt lat="24.4890563003718852996826171875" lon="118.1030583567917346954345703125">
        <ele>7.80000019073486328125</ele>
        <time>2025-05-04T10:04:31.000Z</time>
        <extensions>
          <ns3:TrackPointExtension>
            <ns3:hr>165</ns3:hr>
          </ns3:TrackPointExtension>
        </extensions>
      </trkpt>
      <trkpt lat="24.4890257902443408966064453125" lon="118.103072606027126312255859375">
        <ele>7.400000095367431640625</ele>
        <time>2025-05-04T10:04:32.000Z</time>
        <extensions>
          <ns3:TrackPointExtension>
            <ns3:hr>165</ns3:hr>
          </ns3:TrackPointExtension>
        </extensions>
      </trkpt>
      <trkpt lat="24.48899553157389163970947265625" lon="118.1030858494341373443603515625">
        <ele>7.19999980926513671875</ele>
        <time>2025-05-04T10:04:33.000Z</time>
        <extensions>
          <ns3:TrackPointExtension>
            <ns3:hr>164</ns3:hr>
          </ns3:TrackPointExtension>
        </extensions>
      </trkpt>
      <trkpt lat="24.48896535672247409820556640625" lon="118.10309850610792636871337890625">
        <ele>7.19999980926513671875</ele>
        <time>2025-05-04T10:04:34.000Z</time>
        <extensions>
          <ns3:TrackPointExtension>
            <ns3:hr>164</ns3:hr>
          </ns3:TrackPointExtension>
        </extensions>
      </trkpt>
      <trkpt lat="24.4889356009662151336669921875" lon="118.10311158187687397003173828125">
        <ele>7.400000095367431640625</ele>
        <time>2025-05-04T10:04:35.000Z</time>
        <extensions>
          <ns3:TrackPointExtension>
            <ns3:hr>164</ns3:hr>
          </ns3:TrackPointExtension>
        </extensions>
      </trkpt>
      <trkpt lat="24.48890567757189273834228515625" lon="118.1031254120171070098876953125">
        <ele>7.599999904632568359375</ele>
        <time>2025-05-04T10:04:36.000Z</time>
        <extensions>
          <ns3:TrackPointExtension>
            <ns3:hr>164</ns3:hr>
          </ns3:TrackPointExtension>
        </extensions>
      </trkpt>
      <trkpt lat="24.48887449689209461212158203125" lon="118.10314008034765720367431640625">
        <ele>8</ele>
        <time>2025-05-04T10:04:37.000Z</time>
        <extensions>
          <ns3:TrackPointExtension>
            <ns3:hr>164</ns3:hr>
          </ns3:TrackPointExtension>
        </extensions>
      </trkpt>
      <trkpt lat="24.4888420589268207550048828125" lon="118.103155083954334259033203125">
        <ele>8.19999980926513671875</ele>
        <time>2025-05-04T10:04:38.000Z</time>
        <extensions>
          <ns3:TrackPointExtension>
            <ns3:hr>164</ns3:hr>
          </ns3:TrackPointExtension>
        </extensions>
      </trkpt>
      <trkpt lat="24.48880970478057861328125" lon="118.10316883027553558349609375">
        <ele>8.3999996185302734375</ele>
        <time>2025-05-04T10:04:39.000Z</time>
        <extensions>
          <ns3:TrackPointExtension>
            <ns3:hr>164</ns3:hr>
          </ns3:TrackPointExtension>
        </extensions>
      </trkpt>
      <trkpt lat="24.48877793736755847930908203125" lon="118.10318215750157833099365234375">
        <ele>8.3999996185302734375</ele>
        <time>2025-05-04T10:04:40.000Z</time>
        <extensions>
          <ns3:TrackPointExtension>
            <ns3:hr>164</ns3:hr>
          </ns3:TrackPointExtension>
        </extensions>
      </trkpt>
      <trkpt lat="24.4887466728687286376953125" lon="118.10319506563246250152587890625">
        <ele>8.19999980926513671875</ele>
        <time>2025-05-04T10:04:41.000Z</time>
        <extensions>
          <ns3:TrackPointExtension>
            <ns3:hr>164</ns3:hr>
          </ns3:TrackPointExtension>
        </extensions>
      </trkpt>
      <trkpt lat="24.4887143187224864959716796875" lon="118.1032072193920612335205078125">
        <ele>7.80000019073486328125</ele>
        <time>2025-05-04T10:04:42.000Z</time>
        <extensions>
          <ns3:TrackPointExtension>
            <ns3:hr>164</ns3:hr>
          </ns3:TrackPointExtension>
        </extensions>
      </trkpt>
      <trkpt lat="24.48868154548108577728271484375" lon="118.10321903787553310394287109375">
        <ele>7.80000019073486328125</ele>
        <time>2025-05-04T10:04:43.000Z</time>
        <extensions>
          <ns3:TrackPointExtension>
            <ns3:hr>164</ns3:hr>
          </ns3:TrackPointExtension>
        </extensions>
      </trkpt>
      <trkpt lat="24.48864986188709735870361328125" lon="118.10323026962578296661376953125">
        <ele>7.599999904632568359375</ele>
        <time>2025-05-04T10:04:44.000Z</time>
        <extensions>
          <ns3:TrackPointExtension>
            <ns3:hr>164</ns3:hr>
          </ns3:TrackPointExtension>
        </extensions>
      </trkpt>
      <trkpt lat="24.48861993849277496337890625" lon="118.1032410822808742523193359375">
        <ele>7.599999904632568359375</ele>
        <time>2025-05-04T10:04:45.000Z</time>
        <extensions>
          <ns3:TrackPointExtension>
            <ns3:hr>164</ns3:hr>
          </ns3:TrackPointExtension>
        </extensions>
      </trkpt>
      <trkpt lat="24.48858967982232570648193359375" lon="118.1032528169453144073486328125">
        <ele>7.400000095367431640625</ele>
        <time>2025-05-04T10:04:46.000Z</time>
        <extensions>
          <ns3:TrackPointExtension>
            <ns3:hr>165</ns3:hr>
          </ns3:TrackPointExtension>
        </extensions>
      </trkpt>
      <trkpt lat="24.48855883441865444183349609375" lon="118.1032647192478179931640625">
        <ele>7.599999904632568359375</ele>
        <time>2025-05-04T10:04:47.000Z</time>
        <extensions>
          <ns3:TrackPointExtension>
            <ns3:hr>165</ns3:hr>
          </ns3:TrackPointExtension>
        </extensions>
      </trkpt>
      <trkpt lat="24.4885282404720783233642578125" lon="118.1032766215503215789794921875">
        <ele>7.80000019073486328125</ele>
        <time>2025-05-04T10:04:48.000Z</time>
        <extensions>
          <ns3:TrackPointExtension>
            <ns3:hr>165</ns3:hr>
          </ns3:TrackPointExtension>
        </extensions>
      </trkpt>
      <trkpt lat="24.48849831707775592803955078125" lon="118.10328860767185688018798828125">
        <ele>8</ele>
        <time>2025-05-04T10:04:49.000Z</time>
        <extensions>
          <ns3:TrackPointExtension>
            <ns3:hr>165</ns3:hr>
          </ns3:TrackPointExtension>
        </extensions>
      </trkpt>
      <trkpt lat="24.48846881277859210968017578125" lon="118.10330101288855075836181640625">
        <ele>8.19999980926513671875</ele>
        <time>2025-05-04T10:04:50.000Z</time>
        <extensions>
          <ns3:TrackPointExtension>
            <ns3:hr>165</ns3:hr>
          </ns3:TrackPointExtension>
        </extensions>
      </trkpt>
      <trkpt lat="24.4884393922984600067138671875" lon="118.10331442393362522125244140625">
        <ele>8.19999980926513671875</ele>
        <time>2025-05-04T10:04:51.000Z</time>
        <extensions>
          <ns3:TrackPointExtension>
            <ns3:hr>165</ns3:hr>
          </ns3:TrackPointExtension>
        </extensions>
      </trkpt>
      <trkpt lat="24.48840980418026447296142578125" lon="118.1033290922641754150390625">
        <ele>8</ele>
        <time>2025-05-04T10:04:52.000Z</time>
        <extensions>
          <ns3:TrackPointExtension>
            <ns3:hr>165</ns3:hr>
          </ns3:TrackPointExtension>
        </extensions>
      </trkpt>
      <trkpt lat="24.48838130570948123931884765625" lon="118.10334560461342334747314453125">
        <ele>8.19999980926513671875</ele>
        <time>2025-05-04T10:04:53.000Z</time>
        <extensions>
          <ns3:TrackPointExtension>
            <ns3:hr>165</ns3:hr>
          </ns3:TrackPointExtension>
        </extensions>
      </trkpt>
      <trkpt lat="24.4883550703525543212890625" lon="118.1033641286194324493408203125">
        <ele>8.80000019073486328125</ele>
        <time>2025-05-04T10:04:54.000Z</time>
        <extensions>
          <ns3:TrackPointExtension>
            <ns3:hr>165</ns3:hr>
          </ns3:TrackPointExtension>
        </extensions>
      </trkpt>
      <trkpt lat="24.48833025991916656494140625" lon="118.10338416136801242828369140625">
        <ele>9.19999980926513671875</ele>
        <time>2025-05-04T10:04:55.000Z</time>
        <extensions>
          <ns3:TrackPointExtension>
            <ns3:hr>165</ns3:hr>
          </ns3:TrackPointExtension>
        </extensions>
      </trkpt>
      <trkpt lat="24.48830620385706424713134765625" lon="118.103405199944972991943359375">
        <ele>9.3999996185302734375</ele>
        <time>2025-05-04T10:04:56.000Z</time>
        <extensions>
          <ns3:TrackPointExtension>
            <ns3:hr>166</ns3:hr>
          </ns3:TrackPointExtension>
        </extensions>
      </trkpt>
      <trkpt lat="24.4882834888994693756103515625" lon="118.1034283339977264404296875">
        <ele>9.3999996185302734375</ele>
        <time>2025-05-04T10:04:57.000Z</time>
        <extensions>
          <ns3:TrackPointExtension>
            <ns3:hr>166</ns3:hr>
          </ns3:TrackPointExtension>
        </extensions>
      </trkpt>
      <trkpt lat="24.48826362378895282745361328125" lon="118.10345456935465335845947265625">
        <ele>9.3999996185302734375</ele>
        <time>2025-05-04T10:04:58.000Z</time>
        <extensions>
          <ns3:TrackPointExtension>
            <ns3:hr>164</ns3:hr>
          </ns3:TrackPointExtension>
        </extensions>
      </trkpt>
      <trkpt lat="24.48824635706841945648193359375" lon="118.10348457656800746917724609375">
        <ele>9.3999996185302734375</ele>
        <time>2025-05-04T10:04:59.000Z</time>
        <extensions>
          <ns3:TrackPointExtension>
            <ns3:hr>164</ns3:hr>
          </ns3:TrackPointExtension>
        </extensions>
      </trkpt>
      <trkpt lat="24.48823143728077411651611328125" lon="118.1035176850855350494384765625">
        <ele>9.6000003814697265625</ele>
        <time>2025-05-04T10:05:00.000Z</time>
        <extensions>
          <ns3:TrackPointExtension>
            <ns3:hr>164</ns3:hr>
          </ns3:TrackPointExtension>
        </extensions>
      </trkpt>
      <trkpt lat="24.48821903206408023834228515625" lon="118.1035517156124114990234375">
        <ele>9.6000003814697265625</ele>
        <time>2025-05-04T10:05:01.000Z</time>
        <extensions>
          <ns3:TrackPointExtension>
            <ns3:hr>164</ns3:hr>
          </ns3:TrackPointExtension>
        </extensions>
      </trkpt>
      <trkpt lat="24.48820947669446468353271484375" lon="118.103584907948970794677734375">
        <ele>9.6000003814697265625</ele>
        <time>2025-05-04T10:05:02.000Z</time>
        <extensions>
          <ns3:TrackPointExtension>
            <ns3:hr>164</ns3:hr>
          </ns3:TrackPointExtension>
        </extensions>
      </trkpt>
      <trkpt lat="24.48820277117192745208740234375" lon="118.10361717827618122100830078125">
        <ele>9.6000003814697265625</ele>
        <time>2025-05-04T10:05:03.000Z</time>
        <extensions>
          <ns3:TrackPointExtension>
            <ns3:hr>164</ns3:hr>
          </ns3:TrackPointExtension>
        </extensions>
      </trkpt>
      <trkpt lat="24.48819891549646854400634765625" lon="118.1036491133272647857666015625">
        <ele>9.6000003814697265625</ele>
        <time>2025-05-04T10:05:04.000Z</time>
        <extensions>
          <ns3:TrackPointExtension>
            <ns3:hr>164</ns3:hr>
          </ns3:TrackPointExtension>
        </extensions>
      </trkpt>
      <trkpt lat="24.4881973229348659515380859375" lon="118.10368188656866550445556640625">
        <ele>9.3999996185302734375</ele>
        <time>2025-05-04T10:05:05.000Z</time>
        <extensions>
          <ns3:TrackPointExtension>
            <ns3:hr>164</ns3:hr>
          </ns3:TrackPointExtension>
        </extensions>
      </trkpt>
      <trkpt lat="24.48819749057292938232421875" lon="118.10371524654328823089599609375">
        <ele>9</ele>
        <time>2025-05-04T10:05:06.000Z</time>
        <extensions>
          <ns3:TrackPointExtension>
            <ns3:hr>164</ns3:hr>
          </ns3:TrackPointExtension>
        </extensions>
      </trkpt>
      <trkpt lat="24.48819925077259540557861328125" lon="118.10374894179403781890869140625">
        <ele>8.6000003814697265625</ele>
        <time>2025-05-04T10:05:07.000Z</time>
        <extensions>
          <ns3:TrackPointExtension>
            <ns3:hr>164</ns3:hr>
          </ns3:TrackPointExtension>
        </extensions>
      </trkpt>
      <trkpt lat="24.488203190267086029052734375" lon="118.10378230176866054534912109375">
        <ele>8</ele>
        <time>2025-05-04T10:05:08.000Z</time>
        <extensions>
          <ns3:TrackPointExtension>
            <ns3:hr>164</ns3:hr>
          </ns3:TrackPointExtension>
        </extensions>
      </trkpt>
      <trkpt lat="24.48820981197059154510498046875" lon="118.1038154102861881256103515625">
        <ele>7.400000095367431640625</ele>
        <time>2025-05-04T10:05:09.000Z</time>
        <extensions>
          <ns3:TrackPointExtension>
            <ns3:hr>164</ns3:hr>
          </ns3:TrackPointExtension>
        </extensions>
      </trkpt>
      <trkpt lat="24.48821919970214366912841796875" lon="118.10384751297533512115478515625">
        <ele>7</ele>
        <time>2025-05-04T10:05:10.000Z</time>
        <extensions>
          <ns3:TrackPointExtension>
            <ns3:hr>164</ns3:hr>
          </ns3:TrackPointExtension>
        </extensions>
      </trkpt>
      <trkpt lat="24.4882316887378692626953125" lon="118.10387852601706981658935546875">
        <ele>6.400000095367431640625</ele>
        <time>2025-05-04T10:05:11.000Z</time>
        <extensions>
          <ns3:TrackPointExtension>
            <ns3:hr>164</ns3:hr>
          </ns3:TrackPointExtension>
        </extensions>
      </trkpt>
      <trkpt lat="24.488245435059070587158203125" lon="118.10390886850655078887939453125">
        <ele>5.80000019073486328125</ele>
        <time>2025-05-04T10:05:12.000Z</time>
        <extensions>
          <ns3:TrackPointExtension>
            <ns3:hr>164</ns3:hr>
          </ns3:TrackPointExtension>
        </extensions>
      </trkpt>
      <trkpt lat="24.48825976811349391937255859375" lon="118.10393820516765117645263671875">
        <ele>5.400000095367431640625</ele>
        <time>2025-05-04T10:05:13.000Z</time>
        <extensions>
          <ns3:TrackPointExtension>
            <ns3:hr>164</ns3:hr>
          </ns3:TrackPointExtension>
        </extensions>
      </trkpt>
      <trkpt lat="24.48827552609145641326904296875" lon="118.10396687127649784088134765625">
        <ele>5.19999980926513671875</ele>
        <time>2025-05-04T10:05:14.000Z</time>
        <extensions>
          <ns3:TrackPointExtension>
            <ns3:hr>164</ns3:hr>
          </ns3:TrackPointExtension>
        </extensions>
      </trkpt>
      <trkpt lat="24.4882928766310214996337890625" lon="118.1039947830140590667724609375">
        <ele>5</ele>
        <time>2025-05-04T10:05:15.000Z</time>
        <extensions>
          <ns3:TrackPointExtension>
            <ns3:hr>164</ns3:hr>
          </ns3:TrackPointExtension>
        </extensions>
      </trkpt>
      <trkpt lat="24.48831190355122089385986328125" lon="118.1040216051042079925537109375">
        <ele>5</ele>
        <time>2025-05-04T10:05:16.000Z</time>
        <extensions>
          <ns3:TrackPointExtension>
            <ns3:hr>165</ns3:hr>
          </ns3:TrackPointExtension>
        </extensions>
      </trkpt>
      <trkpt lat="24.48833302594721317291259765625" lon="118.10404683463275432586669921875">
        <ele>4.80000019073486328125</ele>
        <time>2025-05-04T10:05:17.000Z</time>
        <extensions>
          <ns3:TrackPointExtension>
            <ns3:hr>165</ns3:hr>
          </ns3:TrackPointExtension>
        </extensions>
      </trkpt>
      <trkpt lat="24.4883562438189983367919921875" lon="118.10406963340938091278076171875">
        <ele>4.599999904632568359375</ele>
        <time>2025-05-04T10:05:18.000Z</time>
        <extensions>
          <ns3:TrackPointExtension>
            <ns3:hr>165</ns3:hr>
          </ns3:TrackPointExtension>
        </extensions>
      </trkpt>
      <trkpt lat="24.4883807189762592315673828125" lon="118.10408924706280231475830078125">
        <ele>4.400000095367431640625</ele>
        <time>2025-05-04T10:05:19.000Z</time>
        <extensions>
          <ns3:TrackPointExtension>
            <ns3:hr>165</ns3:hr>
          </ns3:TrackPointExtension>
        </extensions>
      </trkpt>
      <trkpt lat="24.4884061999619007110595703125" lon="118.104106597602367401123046875">
        <ele>4.19999980926513671875</ele>
        <time>2025-05-04T10:05:20.000Z</time>
        <extensions>
          <ns3:TrackPointExtension>
            <ns3:hr>165</ns3:hr>
          </ns3:TrackPointExtension>
        </extensions>
      </trkpt>
      <trkpt lat="24.48843293823301792144775390625" lon="118.10412176884710788726806640625">
        <ele>4</ele>
        <time>2025-05-04T10:05:21.000Z</time>
        <extensions>
          <ns3:TrackPointExtension>
            <ns3:hr>165</ns3:hr>
          </ns3:TrackPointExtension>
        </extensions>
      </trkpt>
      <trkpt lat="24.48846026323735713958740234375" lon="118.10413442552089691162109375">
        <ele>4.19999980926513671875</ele>
        <time>2025-05-04T10:05:22.000Z</time>
        <extensions>
          <ns3:TrackPointExtension>
            <ns3:hr>164</ns3:hr>
          </ns3:TrackPointExtension>
        </extensions>
      </trkpt>
      <trkpt lat="24.488486833870410919189453125" lon="118.10414456762373447418212890625">
        <ele>4.400000095367431640625</ele>
        <time>2025-05-04T10:05:23.000Z</time>
        <extensions>
          <ns3:TrackPointExtension>
            <ns3:hr>164</ns3:hr>
          </ns3:TrackPointExtension>
        </extensions>
      </trkpt>
      <trkpt lat="24.48851206339895725250244140625" lon="118.1041516922414302825927734375">
        <ele>4.400000095367431640625</ele>
        <time>2025-05-04T10:05:24.000Z</time>
        <extensions>
          <ns3:TrackPointExtension>
            <ns3:hr>163</ns3:hr>
          </ns3:TrackPointExtension>
        </extensions>
      </trkpt>
      <trkpt lat="24.48853670619428157806396484375" lon="118.1041577272117137908935546875">
        <ele>4.599999904632568359375</ele>
        <time>2025-05-04T10:05:25.000Z</time>
        <extensions>
          <ns3:TrackPointExtension>
            <ns3:hr>163</ns3:hr>
          </ns3:TrackPointExtension>
        </extensions>
      </trkpt>
      <trkpt lat="24.48856151662766933441162109375" lon="118.1041627563536167144775390625">
        <ele>4.80000019073486328125</ele>
        <time>2025-05-04T10:05:26.000Z</time>
        <extensions>
          <ns3:TrackPointExtension>
            <ns3:hr>163</ns3:hr>
          </ns3:TrackPointExtension>
        </extensions>
      </trkpt>
      <trkpt lat="24.48858884163200855255126953125" lon="118.10416518710553646087646484375">
        <ele>5</ele>
        <time>2025-05-04T10:05:27.000Z</time>
        <extensions>
          <ns3:TrackPointExtension>
            <ns3:hr>163</ns3:hr>
          </ns3:TrackPointExtension>
        </extensions>
      </trkpt>
      <trkpt lat="24.48861700482666492462158203125" lon="118.10416527092456817626953125">
        <ele>5.19999980926513671875</ele>
        <time>2025-05-04T10:05:28.000Z</time>
        <extensions>
          <ns3:TrackPointExtension>
            <ns3:hr>163</ns3:hr>
          </ns3:TrackPointExtension>
        </extensions>
      </trkpt>
      <trkpt lat="24.48864097706973552703857421875" lon="118.10416468419134616851806640625">
        <ele>5.400000095367431640625</ele>
        <time>2025-05-04T10:05:29.000Z</time>
        <extensions>
          <ns3:TrackPointExtension>
            <ns3:hr>163</ns3:hr>
          </ns3:TrackPointExtension>
        </extensions>
      </trkpt>
      <trkpt lat="24.488659165799617767333984375" lon="118.104163594543933868408203125">
        <ele>5.599999904632568359375</ele>
        <time>2025-05-04T10:05:30.000Z</time>
        <extensions>
          <ns3:TrackPointExtension>
            <ns3:hr>163</ns3:hr>
          </ns3:TrackPointExtension>
        </extensions>
      </trkpt>
      <trkpt lat="24.48867299593985080718994140625" lon="118.104160912334918975830078125">
        <ele>5.599999904632568359375</ele>
        <time>2025-05-04T10:05:31.000Z</time>
        <extensions>
          <ns3:TrackPointExtension>
            <ns3:hr>163</ns3:hr>
          </ns3:TrackPointExtension>
        </extensions>
      </trkpt>
      <trkpt lat="24.48868489824235439300537109375" lon="118.10415797866880893707275390625">
        <ele>5.599999904632568359375</ele>
        <time>2025-05-04T10:05:32.000Z</time>
        <extensions>
          <ns3:TrackPointExtension>
            <ns3:hr>163</ns3:hr>
          </ns3:TrackPointExtension>
        </extensions>
      </trkpt>
      <trkpt lat="24.4886957108974456787109375" lon="118.10415529645979404449462890625">
        <ele>5.599999904632568359375</ele>
        <time>2025-05-04T10:05:33.000Z</time>
        <extensions>
          <ns3:TrackPointExtension>
            <ns3:hr>163</ns3:hr>
          </ns3:TrackPointExtension>
        </extensions>
      </trkpt>
      <trkpt lat="24.48870535008609294891357421875" lon="118.10415278188884258270263671875">
        <ele>5.80000019073486328125</ele>
        <time>2025-05-04T10:05:34.000Z</time>
        <extensions>
          <ns3:TrackPointExtension>
            <ns3:hr>162</ns3:hr>
          </ns3:TrackPointExtension>
        </extensions>
      </trkpt>
      <trkpt lat="24.48871155269443988800048828125" lon="118.1041506864130496978759765625">
        <ele>5.80000019073486328125</ele>
        <time>2025-05-04T10:05:35.000Z</time>
        <extensions>
          <ns3:TrackPointExtension>
            <ns3:hr>162</ns3:hr>
          </ns3:TrackPointExtension>
        </extensions>
      </trkpt>
      <trkpt lat="24.4887146539986133575439453125" lon="118.10414859093725681304931640625">
        <ele>5.80000019073486328125</ele>
        <time>2025-05-04T10:05:36.000Z</time>
        <extensions>
          <ns3:TrackPointExtension>
            <ns3:hr>162</ns3:hr>
          </ns3:TrackPointExtension>
        </extensions>
      </trkpt>
      <trkpt lat="24.48871859349310398101806640625" lon="118.1041459925472736358642578125">
        <ele>5.80000019073486328125</ele>
        <time>2025-05-04T10:05:37.000Z</time>
        <extensions>
          <ns3:TrackPointExtension>
            <ns3:hr>162</ns3:hr>
          </ns3:TrackPointExtension>
        </extensions>
      </trkpt>
      <trkpt lat="24.4887247122824192047119140625" lon="118.10414305888116359710693359375">
        <ele>5.80000019073486328125</ele>
        <time>2025-05-04T10:05:38.000Z</time>
        <extensions>
          <ns3:TrackPointExtension>
            <ns3:hr>162</ns3:hr>
          </ns3:TrackPointExtension>
        </extensions>
      </trkpt>
      <trkpt lat="24.48873401619493961334228515625" lon="118.1041392870247364044189453125">
        <ele>6</ele>
        <time>2025-05-04T10:05:39.000Z</time>
        <extensions>
          <ns3:TrackPointExtension>
            <ns3:hr>158</ns3:hr>
          </ns3:TrackPointExtension>
        </extensions>
      </trkpt>
      <trkpt lat="24.48874575085937976837158203125" lon="118.10413434170186519622802734375">
        <ele>6.19999980926513671875</ele>
        <time>2025-05-04T10:05:40.000Z</time>
        <extensions>
          <ns3:TrackPointExtension>
            <ns3:hr>158</ns3:hr>
          </ns3:TrackPointExtension>
        </extensions>
      </trkpt>
      <trkpt lat="24.48875748552381992340087890625" lon="118.10412964783608913421630859375">
        <ele>6.400000095367431640625</ele>
        <time>2025-05-04T10:05:41.000Z</time>
        <extensions>
          <ns3:TrackPointExtension>
            <ns3:hr>158</ns3:hr>
          </ns3:TrackPointExtension>
        </extensions>
      </trkpt>
      <trkpt lat="24.48876854963600635528564453125" lon="118.1041248701512813568115234375">
        <ele>6.599999904632568359375</ele>
        <time>2025-05-04T10:05:42.000Z</time>
        <extensions>
          <ns3:TrackPointExtension>
            <ns3:hr>158</ns3:hr>
          </ns3:TrackPointExtension>
        </extensions>
      </trkpt>
      <trkpt lat="24.4887786917388439178466796875" lon="118.104120008647441864013671875">
        <ele>6.80000019073486328125</ele>
        <time>2025-05-04T10:05:43.000Z</time>
        <extensions>
          <ns3:TrackPointExtension>
            <ns3:hr>158</ns3:hr>
          </ns3:TrackPointExtension>
        </extensions>
      </trkpt>
      <trkpt lat="24.4887874089181423187255859375" lon="118.104115314781665802001953125">
        <ele>7</ele>
        <time>2025-05-04T10:05:44.000Z</time>
        <extensions>
          <ns3:TrackPointExtension>
            <ns3:hr>158</ns3:hr>
          </ns3:TrackPointExtension>
        </extensions>
      </trkpt>
      <trkpt lat="24.48879403062164783477783203125" lon="118.10411104001104831695556640625">
        <ele>7.19999980926513671875</ele>
        <time>2025-05-04T10:05:45.000Z</time>
        <extensions>
          <ns3:TrackPointExtension>
            <ns3:hr>154</ns3:hr>
          </ns3:TrackPointExtension>
        </extensions>
      </trkpt>
      <trkpt lat="24.48880123905837535858154296875" lon="118.104106597602367401123046875">
        <ele>7.19999980926513671875</ele>
        <time>2025-05-04T10:05:46.000Z</time>
        <extensions>
          <ns3:TrackPointExtension>
            <ns3:hr>154</ns3:hr>
          </ns3:TrackPointExtension>
        </extensions>
      </trkpt>
      <trkpt lat="24.48881062678992748260498046875" lon="118.10410148464143276214599609375">
        <ele>7.400000095367431640625</ele>
        <time>2025-05-04T10:05:47.000Z</time>
        <extensions>
          <ns3:TrackPointExtension>
            <ns3:hr>154</ns3:hr>
          </ns3:TrackPointExtension>
        </extensions>
      </trkpt>
      <trkpt lat="24.4888212718069553375244140625" lon="118.10409595258533954620361328125">
        <ele>7.599999904632568359375</ele>
        <time>2025-05-04T10:05:48.000Z</time>
        <extensions>
          <ns3:TrackPointExtension>
            <ns3:hr>154</ns3:hr>
          </ns3:TrackPointExtension>
        </extensions>
      </trkpt>
      <trkpt lat="24.48883191682398319244384765625" lon="118.10409008525311946868896484375">
        <ele>8</ele>
        <time>2025-05-04T10:05:49.000Z</time>
        <extensions>
          <ns3:TrackPointExtension>
            <ns3:hr>154</ns3:hr>
          </ns3:TrackPointExtension>
        </extensions>
      </trkpt>
      <trkpt lat="24.4888417236506938934326171875" lon="118.10408472083508968353271484375">
        <ele>8</ele>
        <time>2025-05-04T10:05:50.000Z</time>
        <extensions>
          <ns3:TrackPointExtension>
            <ns3:hr>154</ns3:hr>
          </ns3:TrackPointExtension>
        </extensions>
      </trkpt>
      <trkpt lat="24.48884968645870685577392578125" lon="118.1040812842547893524169921875">
        <ele>8.19999980926513671875</ele>
        <time>2025-05-04T10:05:51.000Z</time>
        <extensions>
          <ns3:TrackPointExtension>
            <ns3:hr>154</ns3:hr>
          </ns3:TrackPointExtension>
        </extensions>
      </trkpt>
      <trkpt lat="24.4888554699718952178955078125" lon="118.10407944023609161376953125">
        <ele>8.3999996185302734375</ele>
        <time>2025-05-04T10:05:52.000Z</time>
        <extensions>
          <ns3:TrackPointExtension>
            <ns3:hr>152</ns3:hr>
          </ns3:TrackPointExtension>
        </extensions>
      </trkpt>
      <trkpt lat="24.488861002027988433837890625" lon="118.104077763855457305908203125">
        <ele>8.3999996185302734375</ele>
        <time>2025-05-04T10:05:53.000Z</time>
        <extensions>
          <ns3:TrackPointExtension>
            <ns3:hr>152</ns3:hr>
          </ns3:TrackPointExtension>
        </extensions>
      </trkpt>
      <trkpt lat="24.4888695515692234039306640625" lon="118.1040747463703155517578125">
        <ele>8.6000003814697265625</ele>
        <time>2025-05-04T10:05:54.000Z</time>
        <extensions>
          <ns3:TrackPointExtension>
            <ns3:hr>152</ns3:hr>
          </ns3:TrackPointExtension>
        </extensions>
      </trkpt>
      <trkpt lat="24.488880448043346405029296875" lon="118.1040698848664760589599609375">
        <ele>8.6000003814697265625</ele>
        <time>2025-05-04T10:05:55.000Z</time>
        <extensions>
          <ns3:TrackPointExtension>
            <ns3:hr>148</ns3:hr>
          </ns3:TrackPointExtension>
        </extensions>
      </trkpt>
      <trkpt lat="24.48889092542231082916259765625" lon="118.1040638498961925506591796875">
        <ele>8.80000019073486328125</ele>
        <time>2025-05-04T10:05:56.000Z</time>
        <extensions>
          <ns3:TrackPointExtension>
            <ns3:hr>148</ns3:hr>
          </ns3:TrackPointExtension>
        </extensions>
      </trkpt>
      <trkpt lat="24.4889014028012752532958984375" lon="118.1040574796497821807861328125">
        <ele>8.80000019073486328125</ele>
        <time>2025-05-04T10:05:57.000Z</time>
        <extensions>
          <ns3:TrackPointExtension>
            <ns3:hr>148</ns3:hr>
          </ns3:TrackPointExtension>
        </extensions>
      </trkpt>
      <trkpt lat="24.48891154490411281585693359375" lon="118.10405169613659381866455078125">
        <ele>9</ele>
        <time>2025-05-04T10:05:58.000Z</time>
        <extensions>
          <ns3:TrackPointExtension>
            <ns3:hr>148</ns3:hr>
          </ns3:TrackPointExtension>
        </extensions>
      </trkpt>
      <trkpt lat="24.48891959153115749359130859375" lon="118.1040480919182300567626953125">
        <ele>9</ele>
        <time>2025-05-04T10:05:59.000Z</time>
        <extensions>
          <ns3:TrackPointExtension>
            <ns3:hr>148</ns3:hr>
          </ns3:TrackPointExtension>
        </extensions>
      </trkpt>
      <trkpt lat="24.48892545886337757110595703125" lon="118.10404633171856403350830078125">
        <ele>9</ele>
        <time>2025-05-04T10:06:00.000Z</time>
        <extensions>
          <ns3:TrackPointExtension>
            <ns3:hr>142</ns3:hr>
          </ns3:TrackPointExtension>
        </extensions>
      </trkpt>
      <trkpt lat="24.48893115855753421783447265625" lon="118.10404515825212001800537109375">
        <ele>9.19999980926513671875</ele>
        <time>2025-05-04T10:06:01.000Z</time>
        <extensions>
          <ns3:TrackPointExtension>
            <ns3:hr>142</ns3:hr>
          </ns3:TrackPointExtension>
        </extensions>
      </trkpt>
      <trkpt lat="24.48893987573683261871337890625" lon="118.10404364950954914093017578125">
        <ele>9.19999980926513671875</ele>
        <time>2025-05-04T10:06:02.000Z</time>
        <extensions>
          <ns3:TrackPointExtension>
            <ns3:hr>142</ns3:hr>
          </ns3:TrackPointExtension>
        </extensions>
      </trkpt>
      <trkpt lat="24.4889516942203044891357421875" lon="118.10404130257666110992431640625">
        <ele>9.3999996185302734375</ele>
        <time>2025-05-04T10:06:03.000Z</time>
        <extensions>
          <ns3:TrackPointExtension>
            <ns3:hr>142</ns3:hr>
          </ns3:TrackPointExtension>
        </extensions>
      </trkpt>
      <trkpt lat="24.48896326124668121337890625" lon="118.1040371954441070556640625">
        <ele>9.6000003814697265625</ele>
        <time>2025-05-04T10:06:04.000Z</time>
        <extensions>
          <ns3:TrackPointExtension>
            <ns3:hr>142</ns3:hr>
          </ns3:TrackPointExtension>
        </extensions>
      </trkpt>
      <trkpt lat="24.4889731518924236297607421875" lon="118.1040326692163944244384765625">
        <ele>9.6000003814697265625</ele>
        <time>2025-05-04T10:06:05.000Z</time>
        <extensions>
          <ns3:TrackPointExtension>
            <ns3:hr>142</ns3:hr>
          </ns3:TrackPointExtension>
        </extensions>
      </trkpt>
      <trkpt lat="24.488981701433658599853515625" lon="118.1040296517312526702880859375">
        <ele>9.80000019073486328125</ele>
        <time>2025-05-04T10:06:06.000Z</time>
        <extensions>
          <ns3:TrackPointExtension>
            <ns3:hr>136</ns3:hr>
          </ns3:TrackPointExtension>
        </extensions>
      </trkpt>
      <trkpt lat="24.488989748060703277587890625" lon="118.10402772389352321624755859375">
        <ele>9.80000019073486328125</ele>
        <time>2025-05-04T10:06:07.000Z</time>
        <extensions>
          <ns3:TrackPointExtension>
            <ns3:hr>136</ns3:hr>
          </ns3:TrackPointExtension>
        </extensions>
      </trkpt>
      <trkpt lat="24.48899905197322368621826171875" lon="118.10402554459869861602783203125">
        <ele>10</ele>
        <time>2025-05-04T10:06:08.000Z</time>
        <extensions>
          <ns3:TrackPointExtension>
            <ns3:hr>136</ns3:hr>
          </ns3:TrackPointExtension>
        </extensions>
      </trkpt>
      <trkpt lat="24.48900961317121982574462890625" lon="118.1040222756564617156982421875">
        <ele>9.80000019073486328125</ele>
        <time>2025-05-04T10:06:09.000Z</time>
        <extensions>
          <ns3:TrackPointExtension>
            <ns3:hr>136</ns3:hr>
          </ns3:TrackPointExtension>
        </extensions>
      </trkpt>
      <trkpt lat="24.48902118019759654998779296875" lon="118.10401783324778079986572265625">
        <ele>9.80000019073486328125</ele>
        <time>2025-05-04T10:06:10.000Z</time>
        <extensions>
          <ns3:TrackPointExtension>
            <ns3:hr>136</ns3:hr>
          </ns3:TrackPointExtension>
        </extensions>
      </trkpt>
      <trkpt lat="24.489032328128814697265625" lon="118.1040115468204021453857421875">
        <ele>9.6000003814697265625</ele>
        <time>2025-05-04T10:06:11.000Z</time>
        <extensions>
          <ns3:TrackPointExtension>
            <ns3:hr>136</ns3:hr>
          </ns3:TrackPointExtension>
        </extensions>
      </trkpt>
      <trkpt lat="24.48904196731746196746826171875" lon="118.10400475747883319854736328125">
        <ele>9.6000003814697265625</ele>
        <time>2025-05-04T10:06:12.000Z</time>
        <extensions>
          <ns3:TrackPointExtension>
            <ns3:hr>135</ns3:hr>
          </ns3:TrackPointExtension>
        </extensions>
      </trkpt>
      <trkpt lat="24.4890509359538555145263671875" lon="118.1039996445178985595703125">
        <ele>9.3999996185302734375</ele>
        <time>2025-05-04T10:06:13.000Z</time>
        <extensions>
          <ns3:TrackPointExtension>
            <ns3:hr>131</ns3:hr>
          </ns3:TrackPointExtension>
        </extensions>
      </trkpt>
      <trkpt lat="24.489059150218963623046875" lon="118.10399604029953479766845703125">
        <ele>9.3999996185302734375</ele>
        <time>2025-05-04T10:06:14.000Z</time>
        <extensions>
          <ns3:TrackPointExtension>
            <ns3:hr>131</ns3:hr>
          </ns3:TrackPointExtension>
        </extensions>
      </trkpt>
      <trkpt lat="24.4890673644840717315673828125" lon="118.1039931066334247589111328125">
        <ele>9.6000003814697265625</ele>
        <time>2025-05-04T10:06:15.000Z</time>
        <extensions>
          <ns3:TrackPointExtension>
            <ns3:hr>131</ns3:hr>
          </ns3:TrackPointExtension>
        </extensions>
      </trkpt>
      <trkpt lat="24.48907683603465557098388671875" lon="118.103989921510219573974609375">
        <ele>9.6000003814697265625</ele>
        <time>2025-05-04T10:06:16.000Z</time>
        <extensions>
          <ns3:TrackPointExtension>
            <ns3:hr>131</ns3:hr>
          </ns3:TrackPointExtension>
        </extensions>
      </trkpt>
      <trkpt lat="24.489086978137493133544921875" lon="118.1039857305586338043212890625">
        <ele>9.80000019073486328125</ele>
        <time>2025-05-04T10:06:17.000Z</time>
        <extensions>
          <ns3:TrackPointExtension>
            <ns3:hr>131</ns3:hr>
          </ns3:TrackPointExtension>
        </extensions>
      </trkpt>
      <trkpt lat="24.48909779079258441925048828125" lon="118.10398145578801631927490234375">
        <ele>9.80000019073486328125</ele>
        <time>2025-05-04T10:06:18.000Z</time>
        <extensions>
          <ns3:TrackPointExtension>
            <ns3:hr>125</ns3:hr>
          </ns3:TrackPointExtension>
        </extensions>
      </trkpt>
      <trkpt lat="24.48910952545702457427978515625" lon="118.10397743247449398040771484375">
        <ele>10</ele>
        <time>2025-05-04T10:06:19.000Z</time>
        <extensions>
          <ns3:TrackPointExtension>
            <ns3:hr>125</ns3:hr>
          </ns3:TrackPointExtension>
        </extensions>
      </trkpt>
      <trkpt lat="24.4891206733882427215576171875" lon="118.10397324152290821075439453125">
        <ele>10.19999980926513671875</ele>
        <time>2025-05-04T10:06:20.000Z</time>
        <extensions>
          <ns3:TrackPointExtension>
            <ns3:hr>125</ns3:hr>
          </ns3:TrackPointExtension>
        </extensions>
      </trkpt>
      <trkpt lat="24.4891302287578582763671875" lon="118.10396921820938587188720703125">
        <ele>10.19999980926513671875</ele>
        <time>2025-05-04T10:06:21.000Z</time>
        <extensions>
          <ns3:TrackPointExtension>
            <ns3:hr>125</ns3:hr>
          </ns3:TrackPointExtension>
        </extensions>
      </trkpt>
      <trkpt lat="24.4891374371945858001708984375" lon="118.10396653600037097930908203125">
        <ele>10.3999996185302734375</ele>
        <time>2025-05-04T10:06:22.000Z</time>
        <extensions>
          <ns3:TrackPointExtension>
            <ns3:hr>125</ns3:hr>
          </ns3:TrackPointExtension>
        </extensions>
      </trkpt>
      <trkpt lat="24.489144980907440185546875" lon="118.10396502725780010223388671875">
        <ele>10.3999996185302734375</ele>
        <time>2025-05-04T10:06:23.000Z</time>
        <extensions>
          <ns3:TrackPointExtension>
            <ns3:hr>125</ns3:hr>
          </ns3:TrackPointExtension>
        </extensions>
      </trkpt>
      <trkpt lat="24.489154703915119171142578125" lon="118.10396301560103893280029296875">
        <ele>10.6000003814697265625</ele>
        <time>2025-05-04T10:06:24.000Z</time>
        <extensions>
          <ns3:TrackPointExtension>
            <ns3:hr>125</ns3:hr>
          </ns3:TrackPointExtension>
        </extensions>
      </trkpt>
      <trkpt lat="24.48916601948440074920654296875" lon="118.1039602495729923248291015625">
        <ele>10.80000019073486328125</ele>
        <time>2025-05-04T10:06:25.000Z</time>
        <extensions>
          <ns3:TrackPointExtension>
            <ns3:hr>125</ns3:hr>
          </ns3:TrackPointExtension>
        </extensions>
      </trkpt>
      <trkpt lat="24.48917725123465061187744140625" lon="118.103957735002040863037109375">
        <ele>10.80000019073486328125</ele>
        <time>2025-05-04T10:06:26.000Z</time>
        <extensions>
          <ns3:TrackPointExtension>
            <ns3:hr>125</ns3:hr>
          </ns3:TrackPointExtension>
        </extensions>
      </trkpt>
      <trkpt lat="24.48918730951845645904541015625" lon="118.10395563952624797821044921875">
        <ele>11</ele>
        <time>2025-05-04T10:06:27.000Z</time>
        <extensions>
          <ns3:TrackPointExtension>
            <ns3:hr>122</ns3:hr>
          </ns3:TrackPointExtension>
        </extensions>
      </trkpt>
      <trkpt lat="24.4891967810690402984619140625" lon="118.10395346023142337799072265625">
        <ele>11</ele>
        <time>2025-05-04T10:06:28.000Z</time>
        <extensions>
          <ns3:TrackPointExtension>
            <ns3:hr>122</ns3:hr>
          </ns3:TrackPointExtension>
        </extensions>
      </trkpt>
      <trkpt lat="24.48920608498156070709228515625" lon="118.10395111329853534698486328125">
        <ele>11.19999980926513671875</ele>
        <time>2025-05-04T10:06:29.000Z</time>
        <extensions>
          <ns3:TrackPointExtension>
            <ns3:hr>122</ns3:hr>
          </ns3:TrackPointExtension>
        </extensions>
      </trkpt>
      <trkpt lat="24.48921538889408111572265625" lon="118.1039485149085521697998046875">
        <ele>11.19999980926513671875</ele>
        <time>2025-05-04T10:06:30.000Z</time>
        <extensions>
          <ns3:TrackPointExtension>
            <ns3:hr>122</ns3:hr>
          </ns3:TrackPointExtension>
        </extensions>
      </trkpt>
      <trkpt lat="24.48922486044466495513916015625" lon="118.10394558124244213104248046875">
        <ele>11.3999996185302734375</ele>
        <time>2025-05-04T10:06:31.000Z</time>
        <extensions>
          <ns3:TrackPointExtension>
            <ns3:hr>122</ns3:hr>
          </ns3:TrackPointExtension>
        </extensions>
      </trkpt>
      <trkpt lat="24.48923424817621707916259765625" lon="118.10394239611923694610595703125">
        <ele>11.6000003814697265625</ele>
        <time>2025-05-04T10:06:32.000Z</time>
        <extensions>
          <ns3:TrackPointExtension>
            <ns3:hr>122</ns3:hr>
          </ns3:TrackPointExtension>
        </extensions>
      </trkpt>
      <trkpt lat="24.48924363590776920318603515625" lon="118.1039391271770000457763671875">
        <ele>11.6000003814697265625</ele>
        <time>2025-05-04T10:06:33.000Z</time>
        <extensions>
          <ns3:TrackPointExtension>
            <ns3:hr>122</ns3:hr>
          </ns3:TrackPointExtension>
        </extensions>
      </trkpt>
      <trkpt lat="24.48925302363932132720947265625" lon="118.10393569059669971466064453125">
        <ele>11.80000019073486328125</ele>
        <time>2025-05-04T10:06:34.000Z</time>
        <extensions>
          <ns3:TrackPointExtension>
            <ns3:hr>122</ns3:hr>
          </ns3:TrackPointExtension>
        </extensions>
      </trkpt>
      <trkpt lat="24.48926224373281002044677734375" lon="118.10393233783543109893798828125">
        <ele>11.80000019073486328125</ele>
        <time>2025-05-04T10:06:35.000Z</time>
        <extensions>
          <ns3:TrackPointExtension>
            <ns3:hr>122</ns3:hr>
          </ns3:TrackPointExtension>
        </extensions>
      </trkpt>
      <trkpt lat="24.4892718829214572906494140625" lon="118.10392915271222591400146484375">
        <ele>11.80000019073486328125</ele>
        <time>2025-05-04T10:06:36.000Z</time>
        <extensions>
          <ns3:TrackPointExtension>
            <ns3:hr>122</ns3:hr>
          </ns3:TrackPointExtension>
        </extensions>
      </trkpt>
      <trkpt lat="24.48928202502429485321044921875" lon="118.103925883769989013671875">
        <ele>11.80000019073486328125</ele>
        <time>2025-05-04T10:06:37.000Z</time>
        <extensions>
          <ns3:TrackPointExtension>
            <ns3:hr>122</ns3:hr>
          </ns3:TrackPointExtension>
        </extensions>
      </trkpt>
      <trkpt lat="24.4892923347651958465576171875" lon="118.10392278246581554412841796875">
        <ele>11.6000003814697265625</ele>
        <time>2025-05-04T10:06:38.000Z</time>
        <extensions>
          <ns3:TrackPointExtension>
            <ns3:hr>122</ns3:hr>
          </ns3:TrackPointExtension>
        </extensions>
      </trkpt>
      <trkpt lat="24.48930281214416027069091796875" lon="118.1039196811616420745849609375">
        <ele>11.3999996185302734375</ele>
        <time>2025-05-04T10:06:39.000Z</time>
        <extensions>
          <ns3:TrackPointExtension>
            <ns3:hr>122</ns3:hr>
          </ns3:TrackPointExtension>
        </extensions>
      </trkpt>
      <trkpt lat="24.48931287042796611785888671875" lon="118.10391657985746860504150390625">
        <ele>11.19999980926513671875</ele>
        <time>2025-05-04T10:06:40.000Z</time>
        <extensions>
          <ns3:TrackPointExtension>
            <ns3:hr>121</ns3:hr>
          </ns3:TrackPointExtension>
        </extensions>
      </trkpt>
      <trkpt lat="24.4893221743404865264892578125" lon="118.10391339473426342010498046875">
        <ele>11</ele>
        <time>2025-05-04T10:06:41.000Z</time>
        <extensions>
          <ns3:TrackPointExtension>
            <ns3:hr>121</ns3:hr>
          </ns3:TrackPointExtension>
        </extensions>
      </trkpt>
      <trkpt lat="24.48933131061494350433349609375" lon="118.103910125792026519775390625">
        <ele>10.80000019073486328125</ele>
        <time>2025-05-04T10:06:42.000Z</time>
        <extensions>
          <ns3:TrackPointExtension>
            <ns3:hr>121</ns3:hr>
          </ns3:TrackPointExtension>
        </extensions>
      </trkpt>
      <trkpt lat="24.48934053070843219757080078125" lon="118.1039069406688213348388671875">
        <ele>10.6000003814697265625</ele>
        <time>2025-05-04T10:06:43.000Z</time>
        <extensions>
          <ns3:TrackPointExtension>
            <ns3:hr>120</ns3:hr>
          </ns3:TrackPointExtension>
        </extensions>
      </trkpt>
      <trkpt lat="24.4893500022590160369873046875" lon="118.10390383936464786529541015625">
        <ele>10.3999996185302734375</ele>
        <time>2025-05-04T10:06:44.000Z</time>
        <extensions>
          <ns3:TrackPointExtension>
            <ns3:hr>120</ns3:hr>
          </ns3:TrackPointExtension>
        </extensions>
      </trkpt>
      <trkpt lat="24.48936031199991703033447265625" lon="118.10390031896531581878662109375">
        <ele>10.19999980926513671875</ele>
        <time>2025-05-04T10:06:45.000Z</time>
        <extensions>
          <ns3:TrackPointExtension>
            <ns3:hr>120</ns3:hr>
          </ns3:TrackPointExtension>
        </extensions>
      </trkpt>
      <trkpt lat="24.489370621740818023681640625" lon="118.1038965471088886260986328125">
        <ele>9.80000019073486328125</ele>
        <time>2025-05-04T10:06:46.000Z</time>
        <extensions>
          <ns3:TrackPointExtension>
            <ns3:hr>120</ns3:hr>
          </ns3:TrackPointExtension>
        </extensions>
      </trkpt>
      <trkpt lat="24.48938034474849700927734375" lon="118.10389302670955657958984375">
        <ele>9.6000003814697265625</ele>
        <time>2025-05-04T10:06:47.000Z</time>
        <extensions>
          <ns3:TrackPointExtension>
            <ns3:hr>120</ns3:hr>
          </ns3:TrackPointExtension>
        </extensions>
      </trkpt>
      <trkpt lat="24.48938981629908084869384765625" lon="118.1038895063102245330810546875">
        <ele>9.3999996185302734375</ele>
        <time>2025-05-04T10:06:48.000Z</time>
        <extensions>
          <ns3:TrackPointExtension>
            <ns3:hr>120</ns3:hr>
          </ns3:TrackPointExtension>
        </extensions>
      </trkpt>
      <trkpt lat="24.4893992878496646881103515625" lon="118.103885650634765625">
        <ele>9.19999980926513671875</ele>
        <time>2025-05-04T10:06:49.000Z</time>
        <extensions>
          <ns3:TrackPointExtension>
            <ns3:hr>119</ns3:hr>
          </ns3:TrackPointExtension>
        </extensions>
      </trkpt>
      <trkpt lat="24.48940859176218509674072265625" lon="118.10388171114027500152587890625">
        <ele>9</ele>
        <time>2025-05-04T10:06:50.000Z</time>
        <extensions>
          <ns3:TrackPointExtension>
            <ns3:hr>119</ns3:hr>
          </ns3:TrackPointExtension>
        </extensions>
      </trkpt>
      <trkpt lat="24.48941747657954692840576171875" lon="118.10387802310287952423095703125">
        <ele>8.80000019073486328125</ele>
        <time>2025-05-04T10:06:51.000Z</time>
        <extensions>
          <ns3:TrackPointExtension>
            <ns3:hr>119</ns3:hr>
          </ns3:TrackPointExtension>
        </extensions>
      </trkpt>
      <trkpt lat="24.4894264452159404754638671875" lon="118.10387425124645233154296875">
        <ele>8.6000003814697265625</ele>
        <time>2025-05-04T10:06:52.000Z</time>
        <extensions>
          <ns3:TrackPointExtension>
            <ns3:hr>119</ns3:hr>
          </ns3:TrackPointExtension>
        </extensions>
      </trkpt>
      <trkpt lat="24.48943533003330230712890625" lon="118.10387014411389827728271484375">
        <ele>8.3999996185302734375</ele>
        <time>2025-05-04T10:06:53.000Z</time>
        <extensions>
          <ns3:TrackPointExtension>
            <ns3:hr>119</ns3:hr>
          </ns3:TrackPointExtension>
        </extensions>
      </trkpt>
      <trkpt lat="24.48944396339356899261474609375" lon="118.10386578552424907684326171875">
        <ele>8.19999980926513671875</ele>
        <time>2025-05-04T10:06:54.000Z</time>
        <extensions>
          <ns3:TrackPointExtension>
            <ns3:hr>119</ns3:hr>
          </ns3:TrackPointExtension>
        </extensions>
      </trkpt>
      <trkpt lat="24.4894525967538356781005859375" lon="118.10386109165847301483154296875">
        <ele>8</ele>
        <time>2025-05-04T10:06:55.000Z</time>
        <extensions>
          <ns3:TrackPointExtension>
            <ns3:hr>119</ns3:hr>
          </ns3:TrackPointExtension>
        </extensions>
      </trkpt>
      <trkpt lat="24.489461146295070648193359375" lon="118.103856146335601806640625">
        <ele>7.80000019073486328125</ele>
        <time>2025-05-04T10:06:56.000Z</time>
        <extensions>
          <ns3:TrackPointExtension>
            <ns3:hr>119</ns3:hr>
          </ns3:TrackPointExtension>
        </extensions>
      </trkpt>
      <trkpt lat="24.4894696958363056182861328125" lon="118.10385086573660373687744140625">
        <ele>7.599999904632568359375</ele>
        <time>2025-05-04T10:06:57.000Z</time>
        <extensions>
          <ns3:TrackPointExtension>
            <ns3:hr>119</ns3:hr>
          </ns3:TrackPointExtension>
        </extensions>
      </trkpt>
      <trkpt lat="24.48947824537754058837890625" lon="118.10384533368051052093505859375">
        <ele>7.599999904632568359375</ele>
        <time>2025-05-04T10:06:58.000Z</time>
        <extensions>
          <ns3:TrackPointExtension>
            <ns3:hr>118</ns3:hr>
          </ns3:TrackPointExtension>
        </extensions>
      </trkpt>
      <trkpt lat="24.489486627280712127685546875" lon="118.10383946634829044342041015625">
        <ele>7.400000095367431640625</ele>
        <time>2025-05-04T10:06:59.000Z</time>
        <extensions>
          <ns3:TrackPointExtension>
            <ns3:hr>118</ns3:hr>
          </ns3:TrackPointExtension>
        </extensions>
      </trkpt>
      <trkpt lat="24.4894950091838836669921875" lon="118.1038328446447849273681640625">
        <ele>7.19999980926513671875</ele>
        <time>2025-05-04T10:07:00.000Z</time>
        <extensions>
          <ns3:TrackPointExtension>
            <ns3:hr>118</ns3:hr>
          </ns3:TrackPointExtension>
        </extensions>
      </trkpt>
      <trkpt lat="24.48950330726802349090576171875" lon="118.10382588766515254974365234375">
        <ele>7.19999980926513671875</ele>
        <time>2025-05-04T10:07:01.000Z</time>
        <extensions>
          <ns3:TrackPointExtension>
            <ns3:hr>118</ns3:hr>
          </ns3:TrackPointExtension>
        </extensions>
      </trkpt>
      <trkpt lat="24.48951135389506816864013671875" lon="118.10381834395229816436767578125">
        <ele>7</ele>
        <time>2025-05-04T10:07:02.000Z</time>
        <extensions>
          <ns3:TrackPointExtension>
            <ns3:hr>118</ns3:hr>
          </ns3:TrackPointExtension>
        </extensions>
      </trkpt>
      <trkpt lat="24.4895193167030811309814453125" lon="118.10381046496331691741943359375">
        <ele>7</ele>
        <time>2025-05-04T10:07:03.000Z</time>
        <extensions>
          <ns3:TrackPointExtension>
            <ns3:hr>118</ns3:hr>
          </ns3:TrackPointExtension>
        </extensions>
      </trkpt>
      <trkpt lat="24.48952711187303066253662109375" lon="118.10380258597433567047119140625">
        <ele>6.80000019073486328125</ele>
        <time>2025-05-04T10:07:04.000Z</time>
        <extensions>
          <ns3:TrackPointExtension>
            <ns3:hr>118</ns3:hr>
          </ns3:TrackPointExtension>
        </extensions>
      </trkpt>
      <trkpt lat="24.489534907042980194091796875" lon="118.1037946231663227081298828125">
        <ele>6.80000019073486328125</ele>
        <time>2025-05-04T10:07:05.000Z</time>
        <extensions>
          <ns3:TrackPointExtension>
            <ns3:hr>118</ns3:hr>
          </ns3:TrackPointExtension>
        </extensions>
      </trkpt>
      <trkpt lat="24.48954261839389801025390625" lon="118.10378649272024631500244140625">
        <ele>6.599999904632568359375</ele>
        <time>2025-05-04T10:07:06.000Z</time>
        <extensions>
          <ns3:TrackPointExtension>
            <ns3:hr>118</ns3:hr>
          </ns3:TrackPointExtension>
        </extensions>
      </trkpt>
      <trkpt lat="24.48955024592578411102294921875" lon="118.10377794317901134490966796875">
        <ele>6.400000095367431640625</ele>
        <time>2025-05-04T10:07:07.000Z</time>
        <extensions>
          <ns3:TrackPointExtension>
            <ns3:hr>118</ns3:hr>
          </ns3:TrackPointExtension>
        </extensions>
      </trkpt>
      <trkpt lat="24.4895575381815433502197265625" lon="118.10376922599971294403076171875">
        <ele>6.400000095367431640625</ele>
        <time>2025-05-04T10:07:08.000Z</time>
        <extensions>
          <ns3:TrackPointExtension>
            <ns3:hr>118</ns3:hr>
          </ns3:TrackPointExtension>
        </extensions>
      </trkpt>
      <trkpt lat="24.48956449516117572784423828125" lon="118.10376000590622425079345703125">
        <ele>6.400000095367431640625</ele>
        <time>2025-05-04T10:07:09.000Z</time>
        <extensions>
          <ns3:TrackPointExtension>
            <ns3:hr>118</ns3:hr>
          </ns3:TrackPointExtension>
        </extensions>
      </trkpt>
      <trkpt lat="24.48957103304564952850341796875" lon="118.1037507019937038421630859375">
        <ele>6.19999980926513671875</ele>
        <time>2025-05-04T10:07:10.000Z</time>
        <extensions>
          <ns3:TrackPointExtension>
            <ns3:hr>115</ns3:hr>
          </ns3:TrackPointExtension>
        </extensions>
      </trkpt>
      <trkpt lat="24.48957748711109161376953125" lon="118.10374106280505657196044921875">
        <ele>6.19999980926513671875</ele>
        <time>2025-05-04T10:07:11.000Z</time>
        <extensions>
          <ns3:TrackPointExtension>
            <ns3:hr>115</ns3:hr>
          </ns3:TrackPointExtension>
        </extensions>
      </trkpt>
      <trkpt lat="24.48958377353847026824951171875" lon="118.1037314236164093017578125">
        <ele>6.19999980926513671875</ele>
        <time>2025-05-04T10:07:12.000Z</time>
        <extensions>
          <ns3:TrackPointExtension>
            <ns3:hr>115</ns3:hr>
          </ns3:TrackPointExtension>
        </extensions>
      </trkpt>
      <trkpt lat="24.48958964087069034576416015625" lon="118.10372245498001575469970703125">
        <ele>6.19999980926513671875</ele>
        <time>2025-05-04T10:07:13.000Z</time>
        <extensions>
          <ns3:TrackPointExtension>
            <ns3:hr>115</ns3:hr>
          </ns3:TrackPointExtension>
        </extensions>
      </trkpt>
      <trkpt lat="24.48959550820291042327880859375" lon="118.103712983429431915283203125">
        <ele>6</ele>
        <time>2025-05-04T10:07:14.000Z</time>
        <extensions>
          <ns3:TrackPointExtension>
            <ns3:hr>115</ns3:hr>
          </ns3:TrackPointExtension>
        </extensions>
      </trkpt>
      <trkpt lat="24.4896011240780353546142578125" lon="118.10370258986949920654296875">
        <ele>6</ele>
        <time>2025-05-04T10:07:15.000Z</time>
        <extensions>
          <ns3:TrackPointExtension>
            <ns3:hr>115</ns3:hr>
          </ns3:TrackPointExtension>
        </extensions>
      </trkpt>
      <trkpt lat="24.489606320858001708984375" lon="118.1036916933953762054443359375">
        <ele>6</ele>
        <time>2025-05-04T10:07:16.000Z</time>
        <extensions>
          <ns3:TrackPointExtension>
            <ns3:hr>115</ns3:hr>
          </ns3:TrackPointExtension>
        </extensions>
      </trkpt>
      <trkpt lat="24.4896115176379680633544921875" lon="118.10367979109287261962890625">
        <ele>5.80000019073486328125</ele>
        <time>2025-05-04T10:07:17.000Z</time>
        <extensions>
          <ns3:TrackPointExtension>
            <ns3:hr>114</ns3:hr>
          </ns3:TrackPointExtension>
        </extensions>
      </trkpt>
      <trkpt lat="24.4896165467798709869384765625" lon="118.10366780497133731842041015625">
        <ele>5.80000019073486328125</ele>
        <time>2025-05-04T10:07:18.000Z</time>
        <extensions>
          <ns3:TrackPointExtension>
            <ns3:hr>114</ns3:hr>
          </ns3:TrackPointExtension>
        </extensions>
      </trkpt>
      <trkpt lat="24.4896209053695201873779296875" lon="118.10365774668753147125244140625">
        <ele>5.80000019073486328125</ele>
        <time>2025-05-04T10:07:19.000Z</time>
        <extensions>
          <ns3:TrackPointExtension>
            <ns3:hr>114</ns3:hr>
          </ns3:TrackPointExtension>
        </extensions>
      </trkpt>
      <trkpt lat="24.48962534777820110321044921875" lon="118.1036482751369476318359375">
        <ele>5.80000019073486328125</ele>
        <time>2025-05-04T10:07:20.000Z</time>
        <extensions>
          <ns3:TrackPointExtension>
            <ns3:hr>114</ns3:hr>
          </ns3:TrackPointExtension>
        </extensions>
      </trkpt>
      <trkpt lat="24.48963004164397716522216796875" lon="118.1036377139389514923095703125">
        <ele>5.80000019073486328125</ele>
        <time>2025-05-04T10:07:21.000Z</time>
        <extensions>
          <ns3:TrackPointExtension>
            <ns3:hr>114</ns3:hr>
          </ns3:TrackPointExtension>
        </extensions>
      </trkpt>
      <trkpt lat="24.4896343164145946502685546875" lon="118.10362623073160648345947265625">
        <ele>5.80000019073486328125</ele>
        <time>2025-05-04T10:07:22.000Z</time>
        <extensions>
          <ns3:TrackPointExtension>
            <ns3:hr>114</ns3:hr>
          </ns3:TrackPointExtension>
        </extensions>
      </trkpt>
      <trkpt lat="24.48963842354714870452880859375" lon="118.10361432842910289764404296875">
        <ele>5.80000019073486328125</ele>
        <time>2025-05-04T10:07:23.000Z</time>
        <extensions>
          <ns3:TrackPointExtension>
            <ns3:hr>113</ns3:hr>
          </ns3:TrackPointExtension>
        </extensions>
      </trkpt>
      <trkpt lat="24.48964244686067104339599609375" lon="118.10360309667885303497314453125">
        <ele>5.599999904632568359375</ele>
        <time>2025-05-04T10:07:24.000Z</time>
        <extensions>
          <ns3:TrackPointExtension>
            <ns3:hr>113</ns3:hr>
          </ns3:TrackPointExtension>
        </extensions>
      </trkpt>
      <trkpt lat="24.489646218717098236083984375" lon="118.10359253548085689544677734375">
        <ele>5.599999904632568359375</ele>
        <time>2025-05-04T10:07:25.000Z</time>
        <extensions>
          <ns3:TrackPointExtension>
            <ns3:hr>113</ns3:hr>
          </ns3:TrackPointExtension>
        </extensions>
      </trkpt>
      <trkpt lat="24.48964965529739856719970703125" lon="118.103581555187702178955078125">
        <ele>5.599999904632568359375</ele>
        <time>2025-05-04T10:07:26.000Z</time>
        <extensions>
          <ns3:TrackPointExtension>
            <ns3:hr>113</ns3:hr>
          </ns3:TrackPointExtension>
        </extensions>
      </trkpt>
      <trkpt lat="24.48965267278254032135009765625" lon="118.1035696528851985931396484375">
        <ele>5.599999904632568359375</ele>
        <time>2025-05-04T10:07:27.000Z</time>
        <extensions>
          <ns3:TrackPointExtension>
            <ns3:hr>113</ns3:hr>
          </ns3:TrackPointExtension>
        </extensions>
      </trkpt>
      <trkpt lat="24.48965527117252349853515625" lon="118.10355699621140956878662109375">
        <ele>5.599999904632568359375</ele>
        <time>2025-05-04T10:07:28.000Z</time>
        <extensions>
          <ns3:TrackPointExtension>
            <ns3:hr>113</ns3:hr>
          </ns3:TrackPointExtension>
        </extensions>
      </trkpt>
      <trkpt lat="24.4896574504673480987548828125" lon="118.1035451777279376983642578125">
        <ele>5.599999904632568359375</ele>
        <time>2025-05-04T10:07:29.000Z</time>
        <extensions>
          <ns3:TrackPointExtension>
            <ns3:hr>114</ns3:hr>
          </ns3:TrackPointExtension>
        </extensions>
      </trkpt>
      <trkpt lat="24.4896594621241092681884765625" lon="118.10353369452059268951416015625">
        <ele>5.599999904632568359375</ele>
        <time>2025-05-04T10:07:30.000Z</time>
        <extensions>
          <ns3:TrackPointExtension>
            <ns3:hr>114</ns3:hr>
          </ns3:TrackPointExtension>
        </extensions>
      </trkpt>
      <trkpt lat="24.4896613061428070068359375" lon="118.10352162458002567291259765625">
        <ele>5.599999904632568359375</ele>
        <time>2025-05-04T10:07:31.000Z</time>
        <extensions>
          <ns3:TrackPointExtension>
            <ns3:hr>114</ns3:hr>
          </ns3:TrackPointExtension>
        </extensions>
      </trkpt>
      <trkpt lat="24.489662982523441314697265625" lon="118.10350955463945865631103515625">
        <ele>5.599999904632568359375</ele>
        <time>2025-05-04T10:07:32.000Z</time>
        <extensions>
          <ns3:TrackPointExtension>
            <ns3:hr>114</ns3:hr>
          </ns3:TrackPointExtension>
        </extensions>
      </trkpt>
      <trkpt lat="24.48966474272310733795166015625" lon="118.1034980714321136474609375">
        <ele>5.599999904632568359375</ele>
        <time>2025-05-04T10:07:33.000Z</time>
        <extensions>
          <ns3:TrackPointExtension>
            <ns3:hr>114</ns3:hr>
          </ns3:TrackPointExtension>
        </extensions>
      </trkpt>
      <trkpt lat="24.4896671734750270843505859375" lon="118.10348725877702236175537109375">
        <ele>5.599999904632568359375</ele>
        <time>2025-05-04T10:07:34.000Z</time>
        <extensions>
          <ns3:TrackPointExtension>
            <ns3:hr>114</ns3:hr>
          </ns3:TrackPointExtension>
        </extensions>
      </trkpt>
      <trkpt lat="24.48966960422694683074951171875" lon="118.10347585938870906829833984375">
        <ele>5.599999904632568359375</ele>
        <time>2025-05-04T10:07:36.000Z</time>
        <extensions>
          <ns3:TrackPointExtension>
            <ns3:hr>114</ns3:hr>
          </ns3:TrackPointExtension>
        </extensions>
      </trkpt>
      <trkpt lat="24.4896708615124225616455078125" lon="118.10346345417201519012451171875">
        <ele>5.599999904632568359375</ele>
        <time>2025-05-04T10:07:37.000Z</time>
        <extensions>
          <ns3:TrackPointExtension>
            <ns3:hr>114</ns3:hr>
          </ns3:TrackPointExtension>
        </extensions>
      </trkpt>
      <trkpt lat="24.489671029150485992431640625" lon="118.10345088131725788116455078125">
        <ele>5.599999904632568359375</ele>
        <time>2025-05-04T10:07:38.000Z</time>
        <extensions>
          <ns3:TrackPointExtension>
            <ns3:hr>114</ns3:hr>
          </ns3:TrackPointExtension>
        </extensions>
      </trkpt>
      <trkpt lat="24.489670693874359130859375" lon="118.1034382246434688568115234375">
        <ele>5.599999904632568359375</ele>
        <time>2025-05-04T10:07:39.000Z</time>
        <extensions>
          <ns3:TrackPointExtension>
            <ns3:hr>114</ns3:hr>
          </ns3:TrackPointExtension>
        </extensions>
      </trkpt>
      <trkpt lat="24.48967010714113712310791015625" lon="118.10342523269355297088623046875">
        <ele>5.599999904632568359375</ele>
        <time>2025-05-04T10:07:40.000Z</time>
        <extensions>
          <ns3:TrackPointExtension>
            <ns3:hr>114</ns3:hr>
          </ns3:TrackPointExtension>
        </extensions>
      </trkpt>
      <trkpt lat="24.4896698556840419769287109375" lon="118.1034120731055736541748046875">
        <ele>5.599999904632568359375</ele>
        <time>2025-05-04T10:07:41.000Z</time>
        <extensions>
          <ns3:TrackPointExtension>
            <ns3:hr>113</ns3:hr>
          </ns3:TrackPointExtension>
        </extensions>
      </trkpt>
      <trkpt lat="24.48967144824564456939697265625" lon="118.10339975170791149139404296875">
        <ele>5.599999904632568359375</ele>
        <time>2025-05-04T10:07:42.000Z</time>
        <extensions>
          <ns3:TrackPointExtension>
            <ns3:hr>113</ns3:hr>
          </ns3:TrackPointExtension>
        </extensions>
      </trkpt>
      <trkpt lat="24.48967597447335720062255859375" lon="118.10338784940540790557861328125">
        <ele>5.599999904632568359375</ele>
        <time>2025-05-04T10:07:43.000Z</time>
        <extensions>
          <ns3:TrackPointExtension>
            <ns3:hr>113</ns3:hr>
          </ns3:TrackPointExtension>
        </extensions>
      </trkpt>
      <trkpt lat="24.48968251235783100128173828125" lon="118.1033773720264434814453125">
        <ele>5.599999904632568359375</ele>
        <time>2025-05-04T10:07:44.000Z</time>
        <extensions>
          <ns3:TrackPointExtension>
            <ns3:hr>111</ns3:hr>
          </ns3:TrackPointExtension>
        </extensions>
      </trkpt>
      <trkpt lat="24.48968905024230480194091796875" lon="118.1033684872090816497802734375">
        <ele>5.599999904632568359375</ele>
        <time>2025-05-04T10:07:45.000Z</time>
        <extensions>
          <ns3:TrackPointExtension>
            <ns3:hr>111</ns3:hr>
          </ns3:TrackPointExtension>
        </extensions>
      </trkpt>
      <trkpt lat="24.48969416320323944091796875" lon="118.10335884802043437957763671875">
        <ele>5.599999904632568359375</ele>
        <time>2025-05-04T10:07:46.000Z</time>
        <extensions>
          <ns3:TrackPointExtension>
            <ns3:hr>111</ns3:hr>
          </ns3:TrackPointExtension>
        </extensions>
      </trkpt>
      <trkpt lat="24.48969743214547634124755859375" lon="118.103348203003406524658203125">
        <ele>5.599999904632568359375</ele>
        <time>2025-05-04T10:07:47.000Z</time>
        <extensions>
          <ns3:TrackPointExtension>
            <ns3:hr>111</ns3:hr>
          </ns3:TrackPointExtension>
        </extensions>
      </trkpt>
      <trkpt lat="24.4896986894309520721435546875" lon="118.10333655215799808502197265625">
        <ele>5.599999904632568359375</ele>
        <time>2025-05-04T10:07:48.000Z</time>
        <extensions>
          <ns3:TrackPointExtension>
            <ns3:hr>111</ns3:hr>
          </ns3:TrackPointExtension>
        </extensions>
      </trkpt>
      <trkpt lat="24.48969810269773006439208984375" lon="118.1033245660364627838134765625">
        <ele>5.599999904632568359375</ele>
        <time>2025-05-04T10:07:49.000Z</time>
        <extensions>
          <ns3:TrackPointExtension>
            <ns3:hr>111</ns3:hr>
          </ns3:TrackPointExtension>
        </extensions>
      </trkpt>
      <trkpt lat="24.4896961748600006103515625" lon="118.10331308282911777496337890625">
        <ele>5.80000019073486328125</ele>
        <time>2025-05-04T10:07:50.000Z</time>
        <extensions>
          <ns3:TrackPointExtension>
            <ns3:hr>113</ns3:hr>
          </ns3:TrackPointExtension>
        </extensions>
      </trkpt>
      <trkpt lat="24.48969357647001743316650390625" lon="118.10330168344080448150634765625">
        <ele>5.80000019073486328125</ele>
        <time>2025-05-04T10:07:51.000Z</time>
        <extensions>
          <ns3:TrackPointExtension>
            <ns3:hr>113</ns3:hr>
          </ns3:TrackPointExtension>
        </extensions>
      </trkpt>
      <trkpt lat="24.48969072662293910980224609375" lon="118.1032903678715229034423828125">
        <ele>5.80000019073486328125</ele>
        <time>2025-05-04T10:07:52.000Z</time>
        <extensions>
          <ns3:TrackPointExtension>
            <ns3:hr>113</ns3:hr>
          </ns3:TrackPointExtension>
        </extensions>
      </trkpt>
      <trkpt lat="24.489687792956829071044921875" lon="118.103279136121273040771484375">
        <ele>5.80000019073486328125</ele>
        <time>2025-05-04T10:07:53.000Z</time>
        <extensions>
          <ns3:TrackPointExtension>
            <ns3:hr>113</ns3:hr>
          </ns3:TrackPointExtension>
        </extensions>
      </trkpt>
      <trkpt lat="24.4896842725574970245361328125" lon="118.10326807200908660888671875">
        <ele>6</ele>
        <time>2025-05-04T10:07:54.000Z</time>
        <extensions>
          <ns3:TrackPointExtension>
            <ns3:hr>113</ns3:hr>
          </ns3:TrackPointExtension>
        </extensions>
      </trkpt>
      <trkpt lat="24.489680416882038116455078125" lon="118.10325692407786846160888671875">
        <ele>6</ele>
        <time>2025-05-04T10:07:55.000Z</time>
        <extensions>
          <ns3:TrackPointExtension>
            <ns3:hr>113</ns3:hr>
          </ns3:TrackPointExtension>
        </extensions>
      </trkpt>
      <trkpt lat="24.48967647738754749298095703125" lon="118.1032459437847137451171875">
        <ele>6</ele>
        <time>2025-05-04T10:07:56.000Z</time>
        <extensions>
          <ns3:TrackPointExtension>
            <ns3:hr>113</ns3:hr>
          </ns3:TrackPointExtension>
        </extensions>
      </trkpt>
      <trkpt lat="24.489672370254993438720703125" lon="118.10323513112962245941162109375">
        <ele>6.19999980926513671875</ele>
        <time>2025-05-04T10:07:57.000Z</time>
        <extensions>
          <ns3:TrackPointExtension>
            <ns3:hr>113</ns3:hr>
          </ns3:TrackPointExtension>
        </extensions>
      </trkpt>
      <trkpt lat="24.4896681793034076690673828125" lon="118.103224821388721466064453125">
        <ele>6.19999980926513671875</ele>
        <time>2025-05-04T10:07:58.000Z</time>
        <extensions>
          <ns3:TrackPointExtension>
            <ns3:hr>113</ns3:hr>
          </ns3:TrackPointExtension>
        </extensions>
      </trkpt>
      <trkpt lat="24.48966373689472675323486328125" lon="118.10321518220007419586181640625">
        <ele>6.19999980926513671875</ele>
        <time>2025-05-04T10:07:59.000Z</time>
        <extensions>
          <ns3:TrackPointExtension>
            <ns3:hr>113</ns3:hr>
          </ns3:TrackPointExtension>
        </extensions>
      </trkpt>
      <trkpt lat="24.4896591268479824066162109375" lon="118.1032057106494903564453125">
        <ele>6.19999980926513671875</ele>
        <time>2025-05-04T10:08:00.000Z</time>
        <extensions>
          <ns3:TrackPointExtension>
            <ns3:hr>113</ns3:hr>
          </ns3:TrackPointExtension>
        </extensions>
      </trkpt>
      <trkpt lat="24.48965393006801605224609375" lon="118.10319607146084308624267578125">
        <ele>6.400000095367431640625</ele>
        <time>2025-05-04T10:08:01.000Z</time>
        <extensions>
          <ns3:TrackPointExtension>
            <ns3:hr>113</ns3:hr>
          </ns3:TrackPointExtension>
        </extensions>
      </trkpt>
      <trkpt lat="24.4896478950977325439453125" lon="118.1031869351863861083984375">
        <ele>6.400000095367431640625</ele>
        <time>2025-05-04T10:08:02.000Z</time>
        <extensions>
          <ns3:TrackPointExtension>
            <ns3:hr>113</ns3:hr>
          </ns3:TrackPointExtension>
        </extensions>
      </trkpt>
      <trkpt lat="24.4896413572132587432861328125" lon="118.1031777150928974151611328125">
        <ele>6.400000095367431640625</ele>
        <time>2025-05-04T10:08:03.000Z</time>
        <extensions>
          <ns3:TrackPointExtension>
            <ns3:hr>113</ns3:hr>
          </ns3:TrackPointExtension>
        </extensions>
      </trkpt>
      <trkpt lat="24.48963590897619724273681640625" lon="118.103167824447154998779296875">
        <ele>6.400000095367431640625</ele>
        <time>2025-05-04T10:08:04.000Z</time>
        <extensions>
          <ns3:TrackPointExtension>
            <ns3:hr>113</ns3:hr>
          </ns3:TrackPointExtension>
        </extensions>
      </trkpt>
      <trkpt lat="24.48963188566267490386962890625" lon="118.1031575985252857208251953125">
        <ele>6.599999904632568359375</ele>
        <time>2025-05-04T10:08:05.000Z</time>
        <extensions>
          <ns3:TrackPointExtension>
            <ns3:hr>113</ns3:hr>
          </ns3:TrackPointExtension>
        </extensions>
      </trkpt>
      <trkpt lat="24.48962786234915256500244140625" lon="118.10314779169857501983642578125">
        <ele>6.599999904632568359375</ele>
        <time>2025-05-04T10:08:06.000Z</time>
        <extensions>
          <ns3:TrackPointExtension>
            <ns3:hr>113</ns3:hr>
          </ns3:TrackPointExtension>
        </extensions>
      </trkpt>
      <trkpt lat="24.489624090492725372314453125" lon="118.103141002357006072998046875">
        <ele>6.599999904632568359375</ele>
        <time>2025-05-04T10:08:07.000Z</time>
        <extensions>
          <ns3:TrackPointExtension>
            <ns3:hr>113</ns3:hr>
          </ns3:TrackPointExtension>
        </extensions>
      </trkpt>
      <trkpt lat="24.48961906135082244873046875" lon="118.1031358055770397186279296875">
        <ele>6.599999904632568359375</ele>
        <time>2025-05-04T10:08:08.000Z</time>
        <extensions>
          <ns3:TrackPointExtension>
            <ns3:hr>113</ns3:hr>
          </ns3:TrackPointExtension>
        </extensions>
      </trkpt>
      <trkpt lat="24.48961143381893634796142578125" lon="118.10312901623547077178955078125">
        <ele>6.80000019073486328125</ele>
        <time>2025-05-04T10:08:09.000Z</time>
        <extensions>
          <ns3:TrackPointExtension>
            <ns3:hr>113</ns3:hr>
          </ns3:TrackPointExtension>
        </extensions>
      </trkpt>
      <trkpt lat="24.489603303372859954833984375" lon="118.1031217239797115325927734375">
        <ele>6.80000019073486328125</ele>
        <time>2025-05-04T10:08:10.000Z</time>
        <extensions>
          <ns3:TrackPointExtension>
            <ns3:hr>112</ns3:hr>
          </ns3:TrackPointExtension>
        </extensions>
      </trkpt>
      <trkpt lat="24.4895957596600055694580078125" lon="118.10311459936201572418212890625">
        <ele>6.80000019073486328125</ele>
        <time>2025-05-04T10:08:11.000Z</time>
        <extensions>
          <ns3:TrackPointExtension>
            <ns3:hr>112</ns3:hr>
          </ns3:TrackPointExtension>
        </extensions>
      </trkpt>
      <trkpt lat="24.48958863504230976104736328125" lon="118.10310772620141506195068359375">
        <ele>6.80000019073486328125</ele>
        <time>2025-05-04T10:08:12.000Z</time>
        <extensions>
          <ns3:TrackPointExtension>
            <ns3:hr>112</ns3:hr>
          </ns3:TrackPointExtension>
        </extensions>
      </trkpt>
      <trkpt lat="24.48958243243396282196044921875" lon="118.10310169123113155364990234375">
        <ele>7</ele>
        <time>2025-05-04T10:08:13.000Z</time>
        <extensions>
          <ns3:TrackPointExtension>
            <ns3:hr>112</ns3:hr>
          </ns3:TrackPointExtension>
        </extensions>
      </trkpt>
      <trkpt lat="24.48957673273980617523193359375" lon="118.10309666208922863006591796875">
        <ele>7</ele>
        <time>2025-05-04T10:08:14.000Z</time>
        <extensions>
          <ns3:TrackPointExtension>
            <ns3:hr>112</ns3:hr>
          </ns3:TrackPointExtension>
        </extensions>
      </trkpt>
      <trkpt lat="24.4895706139504909515380859375" lon="118.1030922196805477142333984375">
        <ele>7</ele>
        <time>2025-05-04T10:08:15.000Z</time>
        <extensions>
          <ns3:TrackPointExtension>
            <ns3:hr>112</ns3:hr>
          </ns3:TrackPointExtension>
        </extensions>
      </trkpt>
      <trkpt lat="24.48956281878054141998291015625" lon="118.10308710671961307525634765625">
        <ele>7</ele>
        <time>2025-05-04T10:08:16.000Z</time>
        <extensions>
          <ns3:TrackPointExtension>
            <ns3:hr>112</ns3:hr>
          </ns3:TrackPointExtension>
        </extensions>
      </trkpt>
      <trkpt lat="24.48955309577286243438720703125" lon="118.10308090411126613616943359375">
        <ele>7</ele>
        <time>2025-05-04T10:08:17.000Z</time>
        <extensions>
          <ns3:TrackPointExtension>
            <ns3:hr>112</ns3:hr>
          </ns3:TrackPointExtension>
        </extensions>
      </trkpt>
      <trkpt lat="24.48954387567937374114990234375" lon="118.10307486914098262786865234375">
        <ele>7.19999980926513671875</ele>
        <time>2025-05-04T10:08:18.000Z</time>
        <extensions>
          <ns3:TrackPointExtension>
            <ns3:hr>112</ns3:hr>
          </ns3:TrackPointExtension>
        </extensions>
      </trkpt>
      <trkpt lat="24.489536918699741363525390625" lon="118.10307025909423828125">
        <ele>7.19999980926513671875</ele>
        <time>2025-05-04T10:08:19.000Z</time>
        <extensions>
          <ns3:TrackPointExtension>
            <ns3:hr>112</ns3:hr>
          </ns3:TrackPointExtension>
        </extensions>
      </trkpt>
      <trkpt lat="24.4895320571959018707275390625" lon="118.10306732542812824249267578125">
        <ele>7.19999980926513671875</ele>
        <time>2025-05-04T10:08:20.000Z</time>
        <extensions>
          <ns3:TrackPointExtension>
            <ns3:hr>112</ns3:hr>
          </ns3:TrackPointExtension>
        </extensions>
      </trkpt>
      <trkpt lat="24.48952694423496723175048828125" lon="118.10306447558104991912841796875">
        <ele>7.19999980926513671875</ele>
        <time>2025-05-04T10:08:21.000Z</time>
        <extensions>
          <ns3:TrackPointExtension>
            <ns3:hr>111</ns3:hr>
          </ns3:TrackPointExtension>
        </extensions>
      </trkpt>
      <trkpt lat="24.4895189814269542694091796875" lon="118.103059194982051849365234375">
        <ele>7.19999980926513671875</ele>
        <time>2025-05-04T10:08:22.000Z</time>
        <extensions>
          <ns3:TrackPointExtension>
            <ns3:hr>111</ns3:hr>
          </ns3:TrackPointExtension>
        </extensions>
      </trkpt>
      <trkpt lat="24.4895095936954021453857421875" lon="118.103053160011768341064453125">
        <ele>7.400000095367431640625</ele>
        <time>2025-05-04T10:08:23.000Z</time>
        <extensions>
          <ns3:TrackPointExtension>
            <ns3:hr>111</ns3:hr>
          </ns3:TrackPointExtension>
        </extensions>
      </trkpt>
      <trkpt lat="24.4894998706877231597900390625" lon="118.1030482985079288482666015625">
        <ele>7.400000095367431640625</ele>
        <time>2025-05-04T10:08:24.000Z</time>
        <extensions>
          <ns3:TrackPointExtension>
            <ns3:hr>111</ns3:hr>
          </ns3:TrackPointExtension>
        </extensions>
      </trkpt>
      <trkpt lat="24.48948972858488559722900390625" lon="118.10304452665150165557861328125">
        <ele>7.400000095367431640625</ele>
        <time>2025-05-04T10:08:25.000Z</time>
        <extensions>
          <ns3:TrackPointExtension>
            <ns3:hr>111</ns3:hr>
          </ns3:TrackPointExtension>
        </extensions>
      </trkpt>
      <trkpt lat="24.48948084376752376556396484375" lon="118.10304142534732818603515625">
        <ele>7.400000095367431640625</ele>
        <time>2025-05-04T10:08:26.000Z</time>
        <extensions>
          <ns3:TrackPointExtension>
            <ns3:hr>111</ns3:hr>
          </ns3:TrackPointExtension>
        </extensions>
      </trkpt>
      <trkpt lat="24.48947380296885967254638671875" lon="118.10303874313831329345703125">
        <ele>7.599999904632568359375</ele>
        <time>2025-05-04T10:08:27.000Z</time>
        <extensions>
          <ns3:TrackPointExtension>
            <ns3:hr>111</ns3:hr>
          </ns3:TrackPointExtension>
        </extensions>
      </trkpt>
      <trkpt lat="24.489467851817607879638671875" lon="118.10303664766252040863037109375">
        <ele>7.599999904632568359375</ele>
        <time>2025-05-04T10:08:28.000Z</time>
        <extensions>
          <ns3:TrackPointExtension>
            <ns3:hr>110</ns3:hr>
          </ns3:TrackPointExtension>
        </extensions>
      </trkpt>
      <trkpt lat="24.48946106247603893280029296875" lon="118.10303396545350551605224609375">
        <ele>7.599999904632568359375</ele>
        <time>2025-05-04T10:08:29.000Z</time>
        <extensions>
          <ns3:TrackPointExtension>
            <ns3:hr>110</ns3:hr>
          </ns3:TrackPointExtension>
        </extensions>
      </trkpt>
      <trkpt lat="24.4894525967538356781005859375" lon="118.10302994213998317718505859375">
        <ele>7.599999904632568359375</ele>
        <time>2025-05-04T10:08:30.000Z</time>
        <extensions>
          <ns3:TrackPointExtension>
            <ns3:hr>110</ns3:hr>
          </ns3:TrackPointExtension>
        </extensions>
      </trkpt>
      <trkpt lat="24.4894425384700298309326171875" lon="118.10302541591227054595947265625">
        <ele>7.599999904632568359375</ele>
        <time>2025-05-04T10:08:31.000Z</time>
        <extensions>
          <ns3:TrackPointExtension>
            <ns3:hr>110</ns3:hr>
          </ns3:TrackPointExtension>
        </extensions>
      </trkpt>
      <trkpt lat="24.4894318096339702606201171875" lon="118.1030221469700336456298828125">
        <ele>7.80000019073486328125</ele>
        <time>2025-05-04T10:08:32.000Z</time>
        <extensions>
          <ns3:TrackPointExtension>
            <ns3:hr>110</ns3:hr>
          </ns3:TrackPointExtension>
        </extensions>
      </trkpt>
      <trkpt lat="24.48942267335951328277587890625" lon="118.10301954858005046844482421875">
        <ele>7.80000019073486328125</ele>
        <time>2025-05-04T10:08:33.000Z</time>
        <extensions>
          <ns3:TrackPointExtension>
            <ns3:hr>110</ns3:hr>
          </ns3:TrackPointExtension>
        </extensions>
      </trkpt>
      <trkpt lat="24.48941429145634174346923828125" lon="118.10301653109490871429443359375">
        <ele>7.80000019073486328125</ele>
        <time>2025-05-04T10:08:34.000Z</time>
        <extensions>
          <ns3:TrackPointExtension>
            <ns3:hr>110</ns3:hr>
          </ns3:TrackPointExtension>
        </extensions>
      </trkpt>
      <trkpt lat="24.4894056580960750579833984375" lon="118.103013932704925537109375">
        <ele>7.80000019073486328125</ele>
        <time>2025-05-04T10:08:35.000Z</time>
        <extensions>
          <ns3:TrackPointExtension>
            <ns3:hr>110</ns3:hr>
          </ns3:TrackPointExtension>
        </extensions>
      </trkpt>
      <trkpt lat="24.48939635418355464935302734375" lon="118.10301125049591064453125">
        <ele>8</ele>
        <time>2025-05-04T10:08:36.000Z</time>
        <extensions>
          <ns3:TrackPointExtension>
            <ns3:hr>111</ns3:hr>
          </ns3:TrackPointExtension>
        </extensions>
      </trkpt>
      <trkpt lat="24.489386044442653656005859375" lon="118.10300814919173717498779296875">
        <ele>8</ele>
        <time>2025-05-04T10:08:37.000Z</time>
        <extensions>
          <ns3:TrackPointExtension>
            <ns3:hr>111</ns3:hr>
          </ns3:TrackPointExtension>
        </extensions>
      </trkpt>
      <trkpt lat="24.48937539942562580108642578125" lon="118.10300529934465885162353515625">
        <ele>8</ele>
        <time>2025-05-04T10:08:38.000Z</time>
        <extensions>
          <ns3:TrackPointExtension>
            <ns3:hr>113</ns3:hr>
          </ns3:TrackPointExtension>
        </extensions>
      </trkpt>
      <trkpt lat="24.48936500586569309234619140625" lon="118.10300253331661224365234375">
        <ele>8</ele>
        <time>2025-05-04T10:08:39.000Z</time>
        <extensions>
          <ns3:TrackPointExtension>
            <ns3:hr>113</ns3:hr>
          </ns3:TrackPointExtension>
        </extensions>
      </trkpt>
      <trkpt lat="24.489355199038982391357421875" lon="118.10300027020275592803955078125">
        <ele>8</ele>
        <time>2025-05-04T10:08:40.000Z</time>
        <extensions>
          <ns3:TrackPointExtension>
            <ns3:hr>113</ns3:hr>
          </ns3:TrackPointExtension>
        </extensions>
      </trkpt>
      <trkpt lat="24.48934488929808139801025390625" lon="118.102998174726963043212890625">
        <ele>8.19999980926513671875</ele>
        <time>2025-05-04T10:08:41.000Z</time>
        <extensions>
          <ns3:TrackPointExtension>
            <ns3:hr>113</ns3:hr>
          </ns3:TrackPointExtension>
        </extensions>
      </trkpt>
      <trkpt lat="24.4893340766429901123046875" lon="118.10299641452729701995849609375">
        <ele>8.19999980926513671875</ele>
        <time>2025-05-04T10:08:42.000Z</time>
        <extensions>
          <ns3:TrackPointExtension>
            <ns3:hr>113</ns3:hr>
          </ns3:TrackPointExtension>
        </extensions>
      </trkpt>
      <trkpt lat="24.4893231801688671112060546875" lon="118.1029953248798847198486328125">
        <ele>8.19999980926513671875</ele>
        <time>2025-05-04T10:08:43.000Z</time>
        <extensions>
          <ns3:TrackPointExtension>
            <ns3:hr>113</ns3:hr>
          </ns3:TrackPointExtension>
        </extensions>
      </trkpt>
      <trkpt lat="24.489311613142490386962890625" lon="118.1029951572418212890625">
        <ele>8.19999980926513671875</ele>
        <time>2025-05-04T10:08:44.000Z</time>
        <extensions>
          <ns3:TrackPointExtension>
            <ns3:hr>114</ns3:hr>
          </ns3:TrackPointExtension>
        </extensions>
      </trkpt>
      <trkpt lat="24.489300549030303955078125" lon="118.102996163070201873779296875">
        <ele>8.3999996185302734375</ele>
        <time>2025-05-04T10:08:45.000Z</time>
        <extensions>
          <ns3:TrackPointExtension>
            <ns3:hr>114</ns3:hr>
          </ns3:TrackPointExtension>
        </extensions>
      </trkpt>
      <trkpt lat="24.4892899878323078155517578125" lon="118.102997839450836181640625">
        <ele>8.3999996185302734375</ele>
        <time>2025-05-04T10:08:46.000Z</time>
        <extensions>
          <ns3:TrackPointExtension>
            <ns3:hr>114</ns3:hr>
          </ns3:TrackPointExtension>
        </extensions>
      </trkpt>
      <trkpt lat="24.48927917517721652984619140625" lon="118.10299976728856563568115234375">
        <ele>8.3999996185302734375</ele>
        <time>2025-05-04T10:08:47.000Z</time>
        <extensions>
          <ns3:TrackPointExtension>
            <ns3:hr>114</ns3:hr>
          </ns3:TrackPointExtension>
        </extensions>
      </trkpt>
      <trkpt lat="24.48926844634115695953369140625" lon="118.10300161130726337432861328125">
        <ele>8.3999996185302734375</ele>
        <time>2025-05-04T10:08:48.000Z</time>
        <extensions>
          <ns3:TrackPointExtension>
            <ns3:hr>114</ns3:hr>
          </ns3:TrackPointExtension>
        </extensions>
      </trkpt>
      <trkpt lat="24.489257633686065673828125" lon="118.103004209697246551513671875">
        <ele>8.3999996185302734375</ele>
        <time>2025-05-04T10:08:49.000Z</time>
        <extensions>
          <ns3:TrackPointExtension>
            <ns3:hr>114</ns3:hr>
          </ns3:TrackPointExtension>
        </extensions>
      </trkpt>
      <trkpt lat="24.48924564756453037261962890625" lon="118.1030080653727054595947265625">
        <ele>8.3999996185302734375</ele>
        <time>2025-05-04T10:08:50.000Z</time>
        <extensions>
          <ns3:TrackPointExtension>
            <ns3:hr>114</ns3:hr>
          </ns3:TrackPointExtension>
        </extensions>
      </trkpt>
      <trkpt lat="24.48923391290009021759033203125" lon="118.10301183722913265228271484375">
        <ele>8.3999996185302734375</ele>
        <time>2025-05-04T10:08:51.000Z</time>
        <extensions>
          <ns3:TrackPointExtension>
            <ns3:hr>114</ns3:hr>
          </ns3:TrackPointExtension>
        </extensions>
      </trkpt>
      <trkpt lat="24.48922234587371349334716796875" lon="118.103014938533306121826171875">
        <ele>8.6000003814697265625</ele>
        <time>2025-05-04T10:08:52.000Z</time>
        <extensions>
          <ns3:TrackPointExtension>
            <ns3:hr>114</ns3:hr>
          </ns3:TrackPointExtension>
        </extensions>
      </trkpt>
      <trkpt lat="24.4892106950283050537109375" lon="118.1030177883803844451904296875">
        <ele>8.6000003814697265625</ele>
        <time>2025-05-04T10:08:53.000Z</time>
        <extensions>
          <ns3:TrackPointExtension>
            <ns3:hr>114</ns3:hr>
          </ns3:TrackPointExtension>
        </extensions>
      </trkpt>
      <trkpt lat="24.4891984574496746063232421875" lon="118.10302072204649448394775390625">
        <ele>8.6000003814697265625</ele>
        <time>2025-05-04T10:08:54.000Z</time>
        <extensions>
          <ns3:TrackPointExtension>
            <ns3:hr>114</ns3:hr>
          </ns3:TrackPointExtension>
        </extensions>
      </trkpt>
      <trkpt lat="24.48918630369007587432861328125" lon="118.1030231527984142303466796875">
        <ele>8.6000003814697265625</ele>
        <time>2025-05-04T10:08:55.000Z</time>
        <extensions>
          <ns3:TrackPointExtension>
            <ns3:hr>114</ns3:hr>
          </ns3:TrackPointExtension>
        </extensions>
      </trkpt>
      <trkpt lat="24.4891749881207942962646484375" lon="118.10302533209323883056640625">
        <ele>8.3999996185302734375</ele>
        <time>2025-05-04T10:08:56.000Z</time>
        <extensions>
          <ns3:TrackPointExtension>
            <ns3:hr>114</ns3:hr>
          </ns3:TrackPointExtension>
        </extensions>
      </trkpt>
      <trkpt lat="24.48916375637054443359375" lon="118.10302776284515857696533203125">
        <ele>8.3999996185302734375</ele>
        <time>2025-05-04T10:08:57.000Z</time>
        <extensions>
          <ns3:TrackPointExtension>
            <ns3:hr>114</ns3:hr>
          </ns3:TrackPointExtension>
        </extensions>
      </trkpt>
      <trkpt lat="24.4891528598964214324951171875" lon="118.10303044505417346954345703125">
        <ele>8.3999996185302734375</ele>
        <time>2025-05-04T10:08:58.000Z</time>
        <extensions>
          <ns3:TrackPointExtension>
            <ns3:hr>117</ns3:hr>
          </ns3:TrackPointExtension>
        </extensions>
      </trkpt>
      <trkpt lat="24.48914221487939357757568359375" lon="118.10303363017737865447998046875">
        <ele>8.19999980926513671875</ele>
        <time>2025-05-04T10:08:59.000Z</time>
        <extensions>
          <ns3:TrackPointExtension>
            <ns3:hr>117</ns3:hr>
          </ns3:TrackPointExtension>
        </extensions>
      </trkpt>
      <trkpt lat="24.48913182131946086883544921875" lon="118.10303715057671070098876953125">
        <ele>8.19999980926513671875</ele>
        <time>2025-05-04T10:09:00.000Z</time>
        <extensions>
          <ns3:TrackPointExtension>
            <ns3:hr>117</ns3:hr>
          </ns3:TrackPointExtension>
        </extensions>
      </trkpt>
      <trkpt lat="24.489121846854686737060546875" lon="118.10304033569991588592529296875">
        <ele>8.19999980926513671875</ele>
        <time>2025-05-04T10:09:01.000Z</time>
        <extensions>
          <ns3:TrackPointExtension>
            <ns3:hr>117</ns3:hr>
          </ns3:TrackPointExtension>
        </extensions>
      </trkpt>
      <trkpt lat="24.4891136325895786285400390625" lon="118.10304251499474048614501953125">
        <ele>8</ele>
        <time>2025-05-04T10:09:02.000Z</time>
        <extensions>
          <ns3:TrackPointExtension>
            <ns3:hr>117</ns3:hr>
          </ns3:TrackPointExtension>
        </extensions>
      </trkpt>
      <trkpt lat="24.4891059212386608123779296875" lon="118.10304452665150165557861328125">
        <ele>8</ele>
        <time>2025-05-04T10:09:03.000Z</time>
        <extensions>
          <ns3:TrackPointExtension>
            <ns3:hr>117</ns3:hr>
          </ns3:TrackPointExtension>
        </extensions>
      </trkpt>
      <trkpt lat="24.48909678496420383453369140625" lon="118.103047795593738555908203125">
        <ele>8</ele>
        <time>2025-05-04T10:09:04.000Z</time>
        <extensions>
          <ns3:TrackPointExtension>
            <ns3:hr>117</ns3:hr>
          </ns3:TrackPointExtension>
        </extensions>
      </trkpt>
      <trkpt lat="24.48908622376620769500732421875" lon="118.10305274091660976409912109375">
        <ele>7.80000019073486328125</ele>
        <time>2025-05-04T10:09:05.000Z</time>
        <extensions>
          <ns3:TrackPointExtension>
            <ns3:hr>117</ns3:hr>
          </ns3:TrackPointExtension>
        </extensions>
      </trkpt>
      <trkpt lat="24.489075578749179840087890625" lon="118.1030580215156078338623046875">
        <ele>7.80000019073486328125</ele>
        <time>2025-05-04T10:09:06.000Z</time>
        <extensions>
          <ns3:TrackPointExtension>
            <ns3:hr>117</ns3:hr>
          </ns3:TrackPointExtension>
        </extensions>
      </trkpt>
      <trkpt lat="24.48906543664634227752685546875" lon="118.103062212467193603515625">
        <ele>7.599999904632568359375</ele>
        <time>2025-05-04T10:09:07.000Z</time>
        <extensions>
          <ns3:TrackPointExtension>
            <ns3:hr>117</ns3:hr>
          </ns3:TrackPointExtension>
        </extensions>
      </trkpt>
      <trkpt lat="24.48905504308640956878662109375" lon="118.10306531377136707305908203125">
        <ele>7.599999904632568359375</ele>
        <time>2025-05-04T10:09:08.000Z</time>
        <extensions>
          <ns3:TrackPointExtension>
            <ns3:hr>117</ns3:hr>
          </ns3:TrackPointExtension>
        </extensions>
      </trkpt>
      <trkpt lat="24.4890449009835720062255859375" lon="118.10306782834231853485107421875">
        <ele>7.599999904632568359375</ele>
        <time>2025-05-04T10:09:09.000Z</time>
        <extensions>
          <ns3:TrackPointExtension>
            <ns3:hr>117</ns3:hr>
          </ns3:TrackPointExtension>
        </extensions>
      </trkpt>
      <trkpt lat="24.4890345074236392974853515625" lon="118.10307067818939685821533203125">
        <ele>7.400000095367431640625</ele>
        <time>2025-05-04T10:09:10.000Z</time>
        <extensions>
          <ns3:TrackPointExtension>
            <ns3:hr>115</ns3:hr>
          </ns3:TrackPointExtension>
        </extensions>
      </trkpt>
      <trkpt lat="24.48902319185435771942138671875" lon="118.10307470150291919708251953125">
        <ele>7.400000095367431640625</ele>
        <time>2025-05-04T10:09:11.000Z</time>
        <extensions>
          <ns3:TrackPointExtension>
            <ns3:hr>115</ns3:hr>
          </ns3:TrackPointExtension>
        </extensions>
      </trkpt>
      <trkpt lat="24.48901095427572727203369140625" lon="118.1030804850161075592041015625">
        <ele>7.400000095367431640625</ele>
        <time>2025-05-04T10:09:12.000Z</time>
        <extensions>
          <ns3:TrackPointExtension>
            <ns3:hr>115</ns3:hr>
          </ns3:TrackPointExtension>
        </extensions>
      </trkpt>
      <trkpt lat="24.48899989016354084014892578125" lon="118.10308643616735935211181640625">
        <ele>7.19999980926513671875</ele>
        <time>2025-05-04T10:09:13.000Z</time>
        <extensions>
          <ns3:TrackPointExtension>
            <ns3:hr>115</ns3:hr>
          </ns3:TrackPointExtension>
        </extensions>
      </trkpt>
      <trkpt lat="24.48898999951779842376708984375" lon="118.1030915491282939910888671875">
        <ele>7.19999980926513671875</ele>
        <time>2025-05-04T10:09:14.000Z</time>
        <extensions>
          <ns3:TrackPointExtension>
            <ns3:hr>115</ns3:hr>
          </ns3:TrackPointExtension>
        </extensions>
      </trkpt>
      <trkpt lat="24.488979019224643707275390625" lon="118.10309649445116519927978515625">
        <ele>7.19999980926513671875</ele>
        <time>2025-05-04T10:09:15.000Z</time>
        <extensions>
          <ns3:TrackPointExtension>
            <ns3:hr>115</ns3:hr>
          </ns3:TrackPointExtension>
        </extensions>
      </trkpt>
      <trkpt lat="24.48896770365536212921142578125" lon="118.1031006015837192535400390625">
        <ele>7.19999980926513671875</ele>
        <time>2025-05-04T10:09:16.000Z</time>
        <extensions>
          <ns3:TrackPointExtension>
            <ns3:hr>115</ns3:hr>
          </ns3:TrackPointExtension>
        </extensions>
      </trkpt>
      <trkpt lat="24.48895680718123912811279296875" lon="118.1031039543449878692626953125">
        <ele>7.400000095367431640625</ele>
        <time>2025-05-04T10:09:17.000Z</time>
        <extensions>
          <ns3:TrackPointExtension>
            <ns3:hr>114</ns3:hr>
          </ns3:TrackPointExtension>
        </extensions>
      </trkpt>
      <trkpt lat="24.48894641362130641937255859375" lon="118.10310713946819305419921875">
        <ele>7.400000095367431640625</ele>
        <time>2025-05-04T10:09:18.000Z</time>
        <extensions>
          <ns3:TrackPointExtension>
            <ns3:hr>114</ns3:hr>
          </ns3:TrackPointExtension>
        </extensions>
      </trkpt>
      <trkpt lat="24.48893669061362743377685546875" lon="118.10311057604849338531494140625">
        <ele>7.400000095367431640625</ele>
        <time>2025-05-04T10:09:19.000Z</time>
        <extensions>
          <ns3:TrackPointExtension>
            <ns3:hr>114</ns3:hr>
          </ns3:TrackPointExtension>
        </extensions>
      </trkpt>
      <trkpt lat="24.48892663232982158660888671875" lon="118.10311476700007915496826171875">
        <ele>7.599999904632568359375</ele>
        <time>2025-05-04T10:09:20.000Z</time>
        <extensions>
          <ns3:TrackPointExtension>
            <ns3:hr>114</ns3:hr>
          </ns3:TrackPointExtension>
        </extensions>
      </trkpt>
      <trkpt lat="24.4889154843986034393310546875" lon="118.10311962850391864776611328125">
        <ele>7.599999904632568359375</ele>
        <time>2025-05-04T10:09:21.000Z</time>
        <extensions>
          <ns3:TrackPointExtension>
            <ns3:hr>114</ns3:hr>
          </ns3:TrackPointExtension>
        </extensions>
      </trkpt>
      <trkpt lat="24.48890425264835357666015625" lon="118.10312415473163127899169921875">
        <ele>7.599999904632568359375</ele>
        <time>2025-05-04T10:09:22.000Z</time>
        <extensions>
          <ns3:TrackPointExtension>
            <ns3:hr>114</ns3:hr>
          </ns3:TrackPointExtension>
        </extensions>
      </trkpt>
      <trkpt lat="24.4888933561742305755615234375" lon="118.10312834568321704864501953125">
        <ele>7.80000019073486328125</ele>
        <time>2025-05-04T10:09:23.000Z</time>
        <extensions>
          <ns3:TrackPointExtension>
            <ns3:hr>114</ns3:hr>
          </ns3:TrackPointExtension>
        </extensions>
      </trkpt>
      <trkpt lat="24.48888120241463184356689453125" lon="118.1031332910060882568359375">
        <ele>7.80000019073486328125</ele>
        <time>2025-05-04T10:09:24.000Z</time>
        <extensions>
          <ns3:TrackPointExtension>
            <ns3:hr>111</ns3:hr>
          </ns3:TrackPointExtension>
        </extensions>
      </trkpt>
      <trkpt lat="24.48886938393115997314453125" lon="118.103138320147991180419921875">
        <ele>8</ele>
        <time>2025-05-04T10:09:25.000Z</time>
        <extensions>
          <ns3:TrackPointExtension>
            <ns3:hr>111</ns3:hr>
          </ns3:TrackPointExtension>
        </extensions>
      </trkpt>
      <trkpt lat="24.48885865509510040283203125" lon="118.10314293019473552703857421875">
        <ele>8</ele>
        <time>2025-05-04T10:09:26.000Z</time>
        <extensions>
          <ns3:TrackPointExtension>
            <ns3:hr>111</ns3:hr>
          </ns3:TrackPointExtension>
        </extensions>
      </trkpt>
      <trkpt lat="24.488848261535167694091796875" lon="118.1031468696892261505126953125">
        <ele>8</ele>
        <time>2025-05-04T10:09:27.000Z</time>
        <extensions>
          <ns3:TrackPointExtension>
            <ns3:hr>111</ns3:hr>
          </ns3:TrackPointExtension>
        </extensions>
      </trkpt>
      <trkpt lat="24.4888380356132984161376953125" lon="118.10314963571727275848388671875">
        <ele>8.19999980926513671875</ele>
        <time>2025-05-04T10:09:28.000Z</time>
        <extensions>
          <ns3:TrackPointExtension>
            <ns3:hr>111</ns3:hr>
          </ns3:TrackPointExtension>
        </extensions>
      </trkpt>
      <trkpt lat="24.48882688768208026885986328125" lon="118.1031522341072559356689453125">
        <ele>8.19999980926513671875</ele>
        <time>2025-05-04T10:09:29.000Z</time>
        <extensions>
          <ns3:TrackPointExtension>
            <ns3:hr>111</ns3:hr>
          </ns3:TrackPointExtension>
        </extensions>
      </trkpt>
      <trkpt lat="24.4888155721127986907958984375" lon="118.10315516777336597442626953125">
        <ele>8.3999996185302734375</ele>
        <time>2025-05-04T10:09:30.000Z</time>
        <extensions>
          <ns3:TrackPointExtension>
            <ns3:hr>111</ns3:hr>
          </ns3:TrackPointExtension>
        </extensions>
      </trkpt>
      <trkpt lat="24.488804340362548828125" lon="118.1031586043536663055419921875">
        <ele>8.3999996185302734375</ele>
        <time>2025-05-04T10:09:31.000Z</time>
        <extensions>
          <ns3:TrackPointExtension>
            <ns3:hr>111</ns3:hr>
          </ns3:TrackPointExtension>
        </extensions>
      </trkpt>
      <trkpt lat="24.488792605698108673095703125" lon="118.10316220857203006744384765625">
        <ele>8.3999996185302734375</ele>
        <time>2025-05-04T10:09:32.000Z</time>
        <extensions>
          <ns3:TrackPointExtension>
            <ns3:hr>111</ns3:hr>
          </ns3:TrackPointExtension>
        </extensions>
      </trkpt>
      <trkpt lat="24.488780200481414794921875" lon="118.103166483342647552490234375">
        <ele>8.6000003814697265625</ele>
        <time>2025-05-04T10:09:33.000Z</time>
        <extensions>
          <ns3:TrackPointExtension>
            <ns3:hr>115</ns3:hr>
          </ns3:TrackPointExtension>
        </extensions>
      </trkpt>
      <trkpt lat="24.48876653797924518585205078125" lon="118.10317226685583591461181640625">
        <ele>8.3999996185302734375</ele>
        <time>2025-05-04T10:09:34.000Z</time>
        <extensions>
          <ns3:TrackPointExtension>
            <ns3:hr>115</ns3:hr>
          </ns3:TrackPointExtension>
        </extensions>
      </trkpt>
      <trkpt lat="24.48875262401998043060302734375" lon="118.10317813418805599212646484375">
        <ele>8.3999996185302734375</ele>
        <time>2025-05-04T10:09:35.000Z</time>
        <extensions>
          <ns3:TrackPointExtension>
            <ns3:hr>115</ns3:hr>
          </ns3:TrackPointExtension>
        </extensions>
      </trkpt>
      <trkpt lat="24.4887391291558742523193359375" lon="118.10318182222545146942138671875">
        <ele>8.19999980926513671875</ele>
        <time>2025-05-04T10:09:36.000Z</time>
        <extensions>
          <ns3:TrackPointExtension>
            <ns3:hr>115</ns3:hr>
          </ns3:TrackPointExtension>
        </extensions>
      </trkpt>
      <trkpt lat="24.4887213595211505889892578125" lon="118.1031844206154346466064453125">
        <ele>8.19999980926513671875</ele>
        <time>2025-05-04T10:09:37.000Z</time>
        <extensions>
          <ns3:TrackPointExtension>
            <ns3:hr>115</ns3:hr>
          </ns3:TrackPointExtension>
        </extensions>
      </trkpt>
      <trkpt lat="24.4887029193341732025146484375" lon="118.10318701900541782379150390625">
        <ele>8.19999980926513671875</ele>
        <time>2025-05-04T10:09:38.000Z</time>
        <extensions>
          <ns3:TrackPointExtension>
            <ns3:hr>115</ns3:hr>
          </ns3:TrackPointExtension>
        </extensions>
      </trkpt>
      <trkpt lat="24.48868154548108577728271484375" lon="118.10319053940474987030029296875">
        <ele>8</ele>
        <time>2025-05-04T10:09:39.000Z</time>
        <extensions>
          <ns3:TrackPointExtension>
            <ns3:hr>115</ns3:hr>
          </ns3:TrackPointExtension>
        </extensions>
      </trkpt>
      <trkpt lat="24.48865413665771484375" lon="118.1031964905560016632080078125">
        <ele>8</ele>
        <time>2025-05-04T10:09:40.000Z</time>
        <extensions>
          <ns3:TrackPointExtension>
            <ns3:hr>122</ns3:hr>
          </ns3:TrackPointExtension>
        </extensions>
      </trkpt>
      <trkpt lat="24.48862605728209018707275390625" lon="118.10320411808788776397705078125">
        <ele>8</ele>
        <time>2025-05-04T10:09:41.000Z</time>
        <extensions>
          <ns3:TrackPointExtension>
            <ns3:hr>122</ns3:hr>
          </ns3:TrackPointExtension>
        </extensions>
      </trkpt>
      <trkpt lat="24.488597810268402099609375" lon="118.1032125838100910186767578125">
        <ele>7.80000019073486328125</ele>
        <time>2025-05-04T10:09:42.000Z</time>
        <extensions>
          <ns3:TrackPointExtension>
            <ns3:hr>122</ns3:hr>
          </ns3:TrackPointExtension>
        </extensions>
      </trkpt>
      <trkpt lat="24.48857031762599945068359375" lon="118.1032218039035797119140625">
        <ele>7.80000019073486328125</ele>
        <time>2025-05-04T10:09:43.000Z</time>
        <extensions>
          <ns3:TrackPointExtension>
            <ns3:hr>122</ns3:hr>
          </ns3:TrackPointExtension>
        </extensions>
      </trkpt>
      <trkpt lat="24.488544501364231109619140625" lon="118.10323244892060756683349609375">
        <ele>7.80000019073486328125</ele>
        <time>2025-05-04T10:09:44.000Z</time>
        <extensions>
          <ns3:TrackPointExtension>
            <ns3:hr>122</ns3:hr>
          </ns3:TrackPointExtension>
        </extensions>
      </trkpt>
      <trkpt lat="24.488520361483097076416015625" lon="118.103244602680206298828125">
        <ele>8</ele>
        <time>2025-05-04T10:09:45.000Z</time>
        <extensions>
          <ns3:TrackPointExtension>
            <ns3:hr>132</ns3:hr>
          </ns3:TrackPointExtension>
        </extensions>
      </trkpt>
      <trkpt lat="24.48849697597324848175048828125" lon="118.103257678449153900146484375">
        <ele>8</ele>
        <time>2025-05-04T10:09:46.000Z</time>
        <extensions>
          <ns3:TrackPointExtension>
            <ns3:hr>132</ns3:hr>
          </ns3:TrackPointExtension>
        </extensions>
      </trkpt>
      <trkpt lat="24.4884735904633998870849609375" lon="118.103271089494228363037109375">
        <ele>8.19999980926513671875</ele>
        <time>2025-05-04T10:09:47.000Z</time>
        <extensions>
          <ns3:TrackPointExtension>
            <ns3:hr>132</ns3:hr>
          </ns3:TrackPointExtension>
        </extensions>
      </trkpt>
      <trkpt lat="24.48844953440129756927490234375" lon="118.10328391380608081817626953125">
        <ele>8.3999996185302734375</ele>
        <time>2025-05-04T10:09:48.000Z</time>
        <extensions>
          <ns3:TrackPointExtension>
            <ns3:hr>132</ns3:hr>
          </ns3:TrackPointExtension>
        </extensions>
      </trkpt>
      <trkpt lat="24.4884249754250049591064453125" lon="118.10329648666083812713623046875">
        <ele>8.19999980926513671875</ele>
        <time>2025-05-04T10:09:49.000Z</time>
        <extensions>
          <ns3:TrackPointExtension>
            <ns3:hr>132</ns3:hr>
          </ns3:TrackPointExtension>
        </extensions>
      </trkpt>
      <trkpt lat="24.48840209282934665679931640625" lon="118.10331040062010288238525390625">
        <ele>8.19999980926513671875</ele>
        <time>2025-05-04T10:09:50.000Z</time>
        <extensions>
          <ns3:TrackPointExtension>
            <ns3:hr>132</ns3:hr>
          </ns3:TrackPointExtension>
        </extensions>
      </trkpt>
      <trkpt lat="24.48838080279529094696044921875" lon="118.10332632623612880706787109375">
        <ele>8</ele>
        <time>2025-05-04T10:09:51.000Z</time>
        <extensions>
          <ns3:TrackPointExtension>
            <ns3:hr>132</ns3:hr>
          </ns3:TrackPointExtension>
        </extensions>
      </trkpt>
      <trkpt lat="24.4883595965802669525146484375" lon="118.10334392823278903961181640625">
        <ele>8.3999996185302734375</ele>
        <time>2025-05-04T10:09:52.000Z</time>
        <extensions>
          <ns3:TrackPointExtension>
            <ns3:hr>136</ns3:hr>
          </ns3:TrackPointExtension>
        </extensions>
      </trkpt>
      <trkpt lat="24.48833906091749668121337890625" lon="118.10336303897202014923095703125">
        <ele>9</ele>
        <time>2025-05-04T10:09:53.000Z</time>
        <extensions>
          <ns3:TrackPointExtension>
            <ns3:hr>136</ns3:hr>
          </ns3:TrackPointExtension>
        </extensions>
      </trkpt>
      <trkpt lat="24.48831995017826557159423828125" lon="118.10338298790156841278076171875">
        <ele>9.3999996185302734375</ele>
        <time>2025-05-04T10:09:54.000Z</time>
        <extensions>
          <ns3:TrackPointExtension>
            <ns3:hr>136</ns3:hr>
          </ns3:TrackPointExtension>
        </extensions>
      </trkpt>
      <trkpt lat="24.48830301873385906219482421875" lon="118.10340444557368755340576171875">
        <ele>9.3999996185302734375</ele>
        <time>2025-05-04T10:09:55.000Z</time>
        <extensions>
          <ns3:TrackPointExtension>
            <ns3:hr>136</ns3:hr>
          </ns3:TrackPointExtension>
        </extensions>
      </trkpt>
      <trkpt lat="24.48828793130815029144287109375" lon="118.1034278310835361480712890625">
        <ele>9.3999996185302734375</ele>
        <time>2025-05-04T10:09:56.000Z</time>
        <extensions>
          <ns3:TrackPointExtension>
            <ns3:hr>136</ns3:hr>
          </ns3:TrackPointExtension>
        </extensions>
      </trkpt>
      <trkpt lat="24.4882741011679172515869140625" lon="118.1034526415169239044189453125">
        <ele>9.3999996185302734375</ele>
        <time>2025-05-04T10:09:57.000Z</time>
        <extensions>
          <ns3:TrackPointExtension>
            <ns3:hr>137</ns3:hr>
          </ns3:TrackPointExtension>
        </extensions>
      </trkpt>
      <trkpt lat="24.488261528313159942626953125" lon="118.10347820632159709930419921875">
        <ele>9.19999980926513671875</ele>
        <time>2025-05-04T10:09:58.000Z</time>
        <extensions>
          <ns3:TrackPointExtension>
            <ns3:hr>145</ns3:hr>
          </ns3:TrackPointExtension>
        </extensions>
      </trkpt>
      <trkpt lat="24.4882504642009735107421875" lon="118.10350469313561916351318359375">
        <ele>9.3999996185302734375</ele>
        <time>2025-05-04T10:09:59.000Z</time>
        <extensions>
          <ns3:TrackPointExtension>
            <ns3:hr>145</ns3:hr>
          </ns3:TrackPointExtension>
        </extensions>
      </trkpt>
      <trkpt lat="24.48824099265038967132568359375" lon="118.103531934320926666259765625">
        <ele>9.3999996185302734375</ele>
        <time>2025-05-04T10:10:00.000Z</time>
        <extensions>
          <ns3:TrackPointExtension>
            <ns3:hr>145</ns3:hr>
          </ns3:TrackPointExtension>
        </extensions>
      </trkpt>
      <trkpt lat="24.48823361657559871673583984375" lon="118.10355967842042446136474609375">
        <ele>9.3999996185302734375</ele>
        <time>2025-05-04T10:10:01.000Z</time>
        <extensions>
          <ns3:TrackPointExtension>
            <ns3:hr>145</ns3:hr>
          </ns3:TrackPointExtension>
        </extensions>
      </trkpt>
      <trkpt lat="24.48822841979563236236572265625" lon="118.10358767397701740264892578125">
        <ele>9.3999996185302734375</ele>
        <time>2025-05-04T10:10:02.000Z</time>
        <extensions>
          <ns3:TrackPointExtension>
            <ns3:hr>145</ns3:hr>
          </ns3:TrackPointExtension>
        </extensions>
      </trkpt>
      <trkpt lat="24.48822640813887119293212890625" lon="118.1036159209907054901123046875">
        <ele>9.3999996185302734375</ele>
        <time>2025-05-04T10:10:03.000Z</time>
        <extensions>
          <ns3:TrackPointExtension>
            <ns3:hr>145</ns3:hr>
          </ns3:TrackPointExtension>
        </extensions>
      </trkpt>
      <trkpt lat="24.48822640813887119293212890625" lon="118.103644587099552154541015625">
        <ele>9.19999980926513671875</ele>
        <time>2025-05-04T10:10:04.000Z</time>
        <extensions>
          <ns3:TrackPointExtension>
            <ns3:hr>145</ns3:hr>
          </ns3:TrackPointExtension>
        </extensions>
      </trkpt>
      <trkpt lat="24.4882261566817760467529296875" lon="118.10367333702743053436279296875">
        <ele>9</ele>
        <time>2025-05-04T10:10:05.000Z</time>
        <extensions>
          <ns3:TrackPointExtension>
            <ns3:hr>145</ns3:hr>
          </ns3:TrackPointExtension>
        </extensions>
      </trkpt>
      <trkpt lat="24.48822607286274433135986328125" lon="118.1037020869553089141845703125">
        <ele>8.80000019073486328125</ele>
        <time>2025-05-04T10:10:06.000Z</time>
        <extensions>
          <ns3:TrackPointExtension>
            <ns3:hr>145</ns3:hr>
          </ns3:TrackPointExtension>
        </extensions>
      </trkpt>
      <trkpt lat="24.48822699487209320068359375" lon="118.10373066924512386322021484375">
        <ele>8.6000003814697265625</ele>
        <time>2025-05-04T10:10:07.000Z</time>
        <extensions>
          <ns3:TrackPointExtension>
            <ns3:hr>146</ns3:hr>
          </ns3:TrackPointExtension>
        </extensions>
      </trkpt>
      <trkpt lat="24.48822942562401294708251953125" lon="118.10375933535397052764892578125">
        <ele>8.19999980926513671875</ele>
        <time>2025-05-04T10:10:08.000Z</time>
        <extensions>
          <ns3:TrackPointExtension>
            <ns3:hr>146</ns3:hr>
          </ns3:TrackPointExtension>
        </extensions>
      </trkpt>
      <trkpt lat="24.488234035670757293701171875" lon="118.10378800146281719207763671875">
        <ele>7.599999904632568359375</ele>
        <time>2025-05-04T10:10:09.000Z</time>
        <extensions>
          <ns3:TrackPointExtension>
            <ns3:hr>146</ns3:hr>
          </ns3:TrackPointExtension>
        </extensions>
      </trkpt>
      <trkpt lat="24.48824040591716766357421875" lon="118.1038160808384418487548828125">
        <ele>7.19999980926513671875</ele>
        <time>2025-05-04T10:10:10.000Z</time>
        <extensions>
          <ns3:TrackPointExtension>
            <ns3:hr>146</ns3:hr>
          </ns3:TrackPointExtension>
        </extensions>
      </trkpt>
      <trkpt lat="24.48824820108711719512939453125" lon="118.103843741118907928466796875">
        <ele>6.80000019073486328125</ele>
        <time>2025-05-04T10:10:11.000Z</time>
        <extensions>
          <ns3:TrackPointExtension>
            <ns3:hr>146</ns3:hr>
          </ns3:TrackPointExtension>
        </extensions>
      </trkpt>
      <trkpt lat="24.488257504999637603759765625" lon="118.10387165285646915435791015625">
        <ele>6.400000095367431640625</ele>
        <time>2025-05-04T10:10:12.000Z</time>
        <extensions>
          <ns3:TrackPointExtension>
            <ns3:hr>146</ns3:hr>
          </ns3:TrackPointExtension>
        </extensions>
      </trkpt>
      <trkpt lat="24.48826856911182403564453125" lon="118.10389948077499866485595703125">
        <ele>5.80000019073486328125</ele>
        <time>2025-05-04T10:10:13.000Z</time>
        <extensions>
          <ns3:TrackPointExtension>
            <ns3:hr>146</ns3:hr>
          </ns3:TrackPointExtension>
        </extensions>
      </trkpt>
      <trkpt lat="24.48828055523335933685302734375" lon="118.10392655432224273681640625">
        <ele>5.400000095367431640625</ele>
        <time>2025-05-04T10:10:14.000Z</time>
        <extensions>
          <ns3:TrackPointExtension>
            <ns3:hr>148</ns3:hr>
          </ns3:TrackPointExtension>
        </extensions>
      </trkpt>
      <trkpt lat="24.48829329572618007659912109375" lon="118.10395262204110622406005859375">
        <ele>5</ele>
        <time>2025-05-04T10:10:15.000Z</time>
        <extensions>
          <ns3:TrackPointExtension>
            <ns3:hr>148</ns3:hr>
          </ns3:TrackPointExtension>
        </extensions>
      </trkpt>
      <trkpt lat="24.488307796418666839599609375" lon="118.10397751629352569580078125">
        <ele>5</ele>
        <time>2025-05-04T10:10:16.000Z</time>
        <extensions>
          <ns3:TrackPointExtension>
            <ns3:hr>148</ns3:hr>
          </ns3:TrackPointExtension>
        </extensions>
      </trkpt>
      <trkpt lat="24.48832464404404163360595703125" lon="118.10400190763175487518310546875">
        <ele>4.80000019073486328125</ele>
        <time>2025-05-04T10:10:17.000Z</time>
        <extensions>
          <ns3:TrackPointExtension>
            <ns3:hr>148</ns3:hr>
          </ns3:TrackPointExtension>
        </extensions>
      </trkpt>
      <trkpt lat="24.4883431680500507354736328125" lon="118.10402487404644489288330078125">
        <ele>4.80000019073486328125</ele>
        <time>2025-05-04T10:10:18.000Z</time>
        <extensions>
          <ns3:TrackPointExtension>
            <ns3:hr>148</ns3:hr>
          </ns3:TrackPointExtension>
        </extensions>
      </trkpt>
      <trkpt lat="24.4883626140654087066650390625" lon="118.10404566116631031036376953125">
        <ele>4.599999904632568359375</ele>
        <time>2025-05-04T10:10:19.000Z</time>
        <extensions>
          <ns3:TrackPointExtension>
            <ns3:hr>148</ns3:hr>
          </ns3:TrackPointExtension>
        </extensions>
      </trkpt>
      <trkpt lat="24.4883823953568935394287109375" lon="118.1040648557245731353759765625">
        <ele>4.400000095367431640625</ele>
        <time>2025-05-04T10:10:20.000Z</time>
        <extensions>
          <ns3:TrackPointExtension>
            <ns3:hr>148</ns3:hr>
          </ns3:TrackPointExtension>
        </extensions>
      </trkpt>
      <trkpt lat="24.488403014838695526123046875" lon="118.10408237390220165252685546875">
        <ele>4.400000095367431640625</ele>
        <time>2025-05-04T10:10:21.000Z</time>
        <extensions>
          <ns3:TrackPointExtension>
            <ns3:hr>148</ns3:hr>
          </ns3:TrackPointExtension>
        </extensions>
      </trkpt>
      <trkpt lat="24.4884248077869415283203125" lon="118.10409821569919586181640625">
        <ele>4.19999980926513671875</ele>
        <time>2025-05-04T10:10:22.000Z</time>
        <extensions>
          <ns3:TrackPointExtension>
            <ns3:hr>148</ns3:hr>
          </ns3:TrackPointExtension>
        </extensions>
      </trkpt>
      <trkpt lat="24.4884477742016315460205078125" lon="118.10411238111555576324462890625">
        <ele>4</ele>
        <time>2025-05-04T10:10:23.000Z</time>
        <extensions>
          <ns3:TrackPointExtension>
            <ns3:hr>148</ns3:hr>
          </ns3:TrackPointExtension>
        </extensions>
      </trkpt>
      <trkpt lat="24.48847149498760700225830078125" lon="118.10412445105612277984619140625">
        <ele>4.19999980926513671875</ele>
        <time>2025-05-04T10:10:24.000Z</time>
        <extensions>
          <ns3:TrackPointExtension>
            <ns3:hr>148</ns3:hr>
          </ns3:TrackPointExtension>
        </extensions>
      </trkpt>
      <trkpt lat="24.48849529959261417388916015625" lon="118.104134760797023773193359375">
        <ele>4.400000095367431640625</ele>
        <time>2025-05-04T10:10:25.000Z</time>
        <extensions>
          <ns3:TrackPointExtension>
            <ns3:hr>148</ns3:hr>
          </ns3:TrackPointExtension>
        </extensions>
      </trkpt>
      <trkpt lat="24.48851927183568477630615234375" lon="118.10414339415729045867919921875">
        <ele>4.599999904632568359375</ele>
        <time>2025-05-04T10:10:26.000Z</time>
        <extensions>
          <ns3:TrackPointExtension>
            <ns3:hr>148</ns3:hr>
          </ns3:TrackPointExtension>
        </extensions>
      </trkpt>
      <trkpt lat="24.48854349553585052490234375" lon="118.1041498482227325439453125">
        <ele>4.80000019073486328125</ele>
        <time>2025-05-04T10:10:27.000Z</time>
        <extensions>
          <ns3:TrackPointExtension>
            <ns3:hr>148</ns3:hr>
          </ns3:TrackPointExtension>
        </extensions>
      </trkpt>
      <trkpt lat="24.48856855742633342742919921875" lon="118.1041543744504451751708984375">
        <ele>4.80000019073486328125</ele>
        <time>2025-05-04T10:10:28.000Z</time>
        <extensions>
          <ns3:TrackPointExtension>
            <ns3:hr>148</ns3:hr>
          </ns3:TrackPointExtension>
        </extensions>
      </trkpt>
      <trkpt lat="24.48859420605003833770751953125" lon="118.1041567213833332061767578125">
        <ele>5</ele>
        <time>2025-05-04T10:10:29.000Z</time>
        <extensions>
          <ns3:TrackPointExtension>
            <ns3:hr>149</ns3:hr>
          </ns3:TrackPointExtension>
        </extensions>
      </trkpt>
      <trkpt lat="24.48862002231180667877197265625" lon="118.10415596701204776763916015625">
        <ele>5.19999980926513671875</ele>
        <time>2025-05-04T10:10:30.000Z</time>
        <extensions>
          <ns3:TrackPointExtension>
            <ns3:hr>149</ns3:hr>
          </ns3:TrackPointExtension>
        </extensions>
      </trkpt>
      <trkpt lat="24.488645754754543304443359375" lon="118.1041523627936840057373046875">
        <ele>5.400000095367431640625</ele>
        <time>2025-05-04T10:10:31.000Z</time>
        <extensions>
          <ns3:TrackPointExtension>
            <ns3:hr>149</ns3:hr>
          </ns3:TrackPointExtension>
        </extensions>
      </trkpt>
      <trkpt lat="24.48867098428308963775634765625" lon="118.104146830737590789794921875">
        <ele>5.599999904632568359375</ele>
        <time>2025-05-04T10:10:32.000Z</time>
        <extensions>
          <ns3:TrackPointExtension>
            <ns3:hr>149</ns3:hr>
          </ns3:TrackPointExtension>
        </extensions>
      </trkpt>
      <trkpt lat="24.488696046173572540283203125" lon="118.10413970611989498138427734375">
        <ele>5.599999904632568359375</ele>
        <time>2025-05-04T10:10:33.000Z</time>
        <extensions>
          <ns3:TrackPointExtension>
            <ns3:hr>149</ns3:hr>
          </ns3:TrackPointExtension>
        </extensions>
      </trkpt>
      <trkpt lat="24.488721191883087158203125" lon="118.1041305698454380035400390625">
        <ele>5.599999904632568359375</ele>
        <time>2025-05-04T10:10:34.000Z</time>
        <extensions>
          <ns3:TrackPointExtension>
            <ns3:hr>149</ns3:hr>
          </ns3:TrackPointExtension>
        </extensions>
      </trkpt>
      <trkpt lat="24.48874625377357006072998046875" lon="118.10411975719034671783447265625">
        <ele>6.19999980926513671875</ele>
        <time>2025-05-04T10:10:35.000Z</time>
        <extensions>
          <ns3:TrackPointExtension>
            <ns3:hr>150</ns3:hr>
          </ns3:TrackPointExtension>
        </extensions>
      </trkpt>
      <trkpt lat="24.4887709803879261016845703125" lon="118.1041077710688114166259765625">
        <ele>6.599999904632568359375</ele>
        <time>2025-05-04T10:10:36.000Z</time>
        <extensions>
          <ns3:TrackPointExtension>
            <ns3:hr>150</ns3:hr>
          </ns3:TrackPointExtension>
        </extensions>
      </trkpt>
      <trkpt lat="24.48879503645002841949462890625" lon="118.1040950305759906768798828125">
        <ele>7.19999980926513671875</ele>
        <time>2025-05-04T10:10:37.000Z</time>
        <extensions>
          <ns3:TrackPointExtension>
            <ns3:hr>150</ns3:hr>
          </ns3:TrackPointExtension>
        </extensions>
      </trkpt>
      <trkpt lat="24.48881967924535274505615234375" lon="118.104083128273487091064453125">
        <ele>7.599999904632568359375</ele>
        <time>2025-05-04T10:10:38.000Z</time>
        <extensions>
          <ns3:TrackPointExtension>
            <ns3:hr>150</ns3:hr>
          </ns3:TrackPointExtension>
        </extensions>
      </trkpt>
      <trkpt lat="24.4888454116880893707275390625" lon="118.10407332144677639007568359375">
        <ele>8.19999980926513671875</ele>
        <time>2025-05-04T10:10:39.000Z</time>
        <extensions>
          <ns3:TrackPointExtension>
            <ns3:hr>150</ns3:hr>
          </ns3:TrackPointExtension>
        </extensions>
      </trkpt>
      <trkpt lat="24.4888715632259845733642578125" lon="118.10406527481973171234130859375">
        <ele>8.6000003814697265625</ele>
        <time>2025-05-04T10:10:40.000Z</time>
        <extensions>
          <ns3:TrackPointExtension>
            <ns3:hr>150</ns3:hr>
          </ns3:TrackPointExtension>
        </extensions>
      </trkpt>
      <trkpt lat="24.4888980500400066375732421875" lon="118.1040581502020359039306640625">
        <ele>8.80000019073486328125</ele>
        <time>2025-05-04T10:10:41.000Z</time>
        <extensions>
          <ns3:TrackPointExtension>
            <ns3:hr>150</ns3:hr>
          </ns3:TrackPointExtension>
        </extensions>
      </trkpt>
      <trkpt lat="24.48892462067306041717529296875" lon="118.104050271213054656982421875">
        <ele>9.19999980926513671875</ele>
        <time>2025-05-04T10:10:42.000Z</time>
        <extensions>
          <ns3:TrackPointExtension>
            <ns3:hr>150</ns3:hr>
          </ns3:TrackPointExtension>
        </extensions>
      </trkpt>
      <trkpt lat="24.48895093984901905059814453125" lon="118.104041554033756256103515625">
        <ele>9.3999996185302734375</ele>
        <time>2025-05-04T10:10:43.000Z</time>
        <extensions>
          <ns3:TrackPointExtension>
            <ns3:hr>150</ns3:hr>
          </ns3:TrackPointExtension>
        </extensions>
      </trkpt>
      <trkpt lat="24.48897742666304111480712890625" lon="118.1040326692163944244384765625">
        <ele>9.6000003814697265625</ele>
        <time>2025-05-04T10:10:44.000Z</time>
        <extensions>
          <ns3:TrackPointExtension>
            <ns3:hr>150</ns3:hr>
          </ns3:TrackPointExtension>
        </extensions>
      </trkpt>
      <trkpt lat="24.48900424875319004058837890625" lon="118.10402420349419116973876953125">
        <ele>10</ele>
        <time>2025-05-04T10:10:45.000Z</time>
        <extensions>
          <ns3:TrackPointExtension>
            <ns3:hr>150</ns3:hr>
          </ns3:TrackPointExtension>
        </extensions>
      </trkpt>
      <trkpt lat="24.48903123848140239715576171875" lon="118.104015402495861053466796875">
        <ele>9.80000019073486328125</ele>
        <time>2025-05-04T10:10:46.000Z</time>
        <extensions>
          <ns3:TrackPointExtension>
            <ns3:hr>153</ns3:hr>
          </ns3:TrackPointExtension>
        </extensions>
      </trkpt>
      <trkpt lat="24.4890578091144561767578125" lon="118.104006014764308929443359375">
        <ele>9.6000003814697265625</ele>
        <time>2025-05-04T10:10:47.000Z</time>
        <extensions>
          <ns3:TrackPointExtension>
            <ns3:hr>153</ns3:hr>
          </ns3:TrackPointExtension>
        </extensions>
      </trkpt>
      <trkpt lat="24.48908387683331966400146484375" lon="118.10399704612791538238525390625">
        <ele>9.6000003814697265625</ele>
        <time>2025-05-04T10:10:48.000Z</time>
        <extensions>
          <ns3:TrackPointExtension>
            <ns3:hr>153</ns3:hr>
          </ns3:TrackPointExtension>
        </extensions>
      </trkpt>
      <trkpt lat="24.48911011219024658203125" lon="118.10398883186280727386474609375">
        <ele>10</ele>
        <time>2025-05-04T10:10:49.000Z</time>
        <extensions>
          <ns3:TrackPointExtension>
            <ns3:hr>153</ns3:hr>
          </ns3:TrackPointExtension>
        </extensions>
      </trkpt>
      <trkpt lat="24.48913668282330036163330078125" lon="118.10398011468350887298583984375">
        <ele>10.3999996185302734375</ele>
        <time>2025-05-04T10:10:50.000Z</time>
        <extensions>
          <ns3:TrackPointExtension>
            <ns3:hr>153</ns3:hr>
          </ns3:TrackPointExtension>
        </extensions>
      </trkpt>
      <trkpt lat="24.48916300199925899505615234375" lon="118.10397039167582988739013671875">
        <ele>10.6000003814697265625</ele>
        <time>2025-05-04T10:10:51.000Z</time>
        <extensions>
          <ns3:TrackPointExtension>
            <ns3:hr>153</ns3:hr>
          </ns3:TrackPointExtension>
        </extensions>
      </trkpt>
      <trkpt lat="24.4891892373561859130859375" lon="118.103960417211055755615234375">
        <ele>11</ele>
        <time>2025-05-04T10:10:52.000Z</time>
        <extensions>
          <ns3:TrackPointExtension>
            <ns3:hr>153</ns3:hr>
          </ns3:TrackPointExtension>
        </extensions>
      </trkpt>
      <trkpt lat="24.4892158918082714080810546875" lon="118.10395077802240848541259765625">
        <ele>11.19999980926513671875</ele>
        <time>2025-05-04T10:10:53.000Z</time>
        <extensions>
          <ns3:TrackPointExtension>
            <ns3:hr>153</ns3:hr>
          </ns3:TrackPointExtension>
        </extensions>
      </trkpt>
      <trkpt lat="24.48924246244132518768310546875" lon="118.10394172556698322296142578125">
        <ele>11.6000003814697265625</ele>
        <time>2025-05-04T10:10:54.000Z</time>
        <extensions>
          <ns3:TrackPointExtension>
            <ns3:hr>153</ns3:hr>
          </ns3:TrackPointExtension>
        </extensions>
      </trkpt>
      <trkpt lat="24.48926903307437896728515625" lon="118.10393233783543109893798828125">
        <ele>11.80000019073486328125</ele>
        <time>2025-05-04T10:10:55.000Z</time>
        <extensions>
          <ns3:TrackPointExtension>
            <ns3:hr>153</ns3:hr>
          </ns3:TrackPointExtension>
        </extensions>
      </trkpt>
      <trkpt lat="24.48929577134549617767333984375" lon="118.10392311774194240570068359375">
        <ele>11.6000003814697265625</ele>
        <time>2025-05-04T10:10:56.000Z</time>
        <extensions>
          <ns3:TrackPointExtension>
            <ns3:hr>153</ns3:hr>
          </ns3:TrackPointExtension>
        </extensions>
      </trkpt>
      <trkpt lat="24.489322341978549957275390625" lon="118.10391456820070743560791015625">
        <ele>11</ele>
        <time>2025-05-04T10:10:57.000Z</time>
        <extensions>
          <ns3:TrackPointExtension>
            <ns3:hr>154</ns3:hr>
          </ns3:TrackPointExtension>
        </extensions>
      </trkpt>
      <trkpt lat="24.48934857733547687530517578125" lon="118.1039062701165676116943359375">
        <ele>10.3999996185302734375</ele>
        <time>2025-05-04T10:10:58.000Z</time>
        <extensions>
          <ns3:TrackPointExtension>
            <ns3:hr>154</ns3:hr>
          </ns3:TrackPointExtension>
        </extensions>
      </trkpt>
      <trkpt lat="24.48937489651143550872802734375" lon="118.1038975529372692108154296875">
        <ele>9.80000019073486328125</ele>
        <time>2025-05-04T10:10:59.000Z</time>
        <extensions>
          <ns3:TrackPointExtension>
            <ns3:hr>154</ns3:hr>
          </ns3:TrackPointExtension>
        </extensions>
      </trkpt>
      <trkpt lat="24.48940155096352100372314453125" lon="118.1038881652057170867919921875">
        <ele>9.19999980926513671875</ele>
        <time>2025-05-04T10:11:00.000Z</time>
        <extensions>
          <ns3:TrackPointExtension>
            <ns3:hr>154</ns3:hr>
          </ns3:TrackPointExtension>
        </extensions>
      </trkpt>
      <trkpt lat="24.4894277863204479217529296875" lon="118.10387827455997467041015625">
        <ele>8.6000003814697265625</ele>
        <time>2025-05-04T10:11:01.000Z</time>
        <extensions>
          <ns3:TrackPointExtension>
            <ns3:hr>154</ns3:hr>
          </ns3:TrackPointExtension>
        </extensions>
      </trkpt>
      <trkpt lat="24.48945301584899425506591796875" lon="118.1038680486381053924560546875">
        <ele>8</ele>
        <time>2025-05-04T10:11:02.000Z</time>
        <extensions>
          <ns3:TrackPointExtension>
            <ns3:hr>154</ns3:hr>
          </ns3:TrackPointExtension>
        </extensions>
      </trkpt>
      <trkpt lat="24.48947732336819171905517578125" lon="118.1038563139736652374267578125">
        <ele>7.599999904632568359375</ele>
        <time>2025-05-04T10:11:03.000Z</time>
        <extensions>
          <ns3:TrackPointExtension>
            <ns3:hr>154</ns3:hr>
          </ns3:TrackPointExtension>
        </extensions>
      </trkpt>
      <trkpt lat="24.48950096033513545989990234375" lon="118.10384164564311504364013671875">
        <ele>7.19999980926513671875</ele>
        <time>2025-05-04T10:11:04.000Z</time>
        <extensions>
          <ns3:TrackPointExtension>
            <ns3:hr>154</ns3:hr>
          </ns3:TrackPointExtension>
        </extensions>
      </trkpt>
      <trkpt lat="24.48952409438788890838623046875" lon="118.10382454656064510345458984375">
        <ele>7</ele>
        <time>2025-05-04T10:11:05.000Z</time>
        <extensions>
          <ns3:TrackPointExtension>
            <ns3:hr>154</ns3:hr>
          </ns3:TrackPointExtension>
        </extensions>
      </trkpt>
      <trkpt lat="24.489546306431293487548828125" lon="118.10380593873560428619384765625">
        <ele>6.599999904632568359375</ele>
        <time>2025-05-04T10:11:06.000Z</time>
        <extensions>
          <ns3:TrackPointExtension>
            <ns3:hr>154</ns3:hr>
          </ns3:TrackPointExtension>
        </extensions>
      </trkpt>
      <trkpt lat="24.48956717737019062042236328125" lon="118.10378615744411945343017578125">
        <ele>6.400000095367431640625</ele>
        <time>2025-05-04T10:11:07.000Z</time>
        <extensions>
          <ns3:TrackPointExtension>
            <ns3:hr>154</ns3:hr>
          </ns3:TrackPointExtension>
        </extensions>
      </trkpt>
      <trkpt lat="24.48958662338554859161376953125" lon="118.10376453213393688201904296875">
        <ele>6.19999980926513671875</ele>
        <time>2025-05-04T10:11:08.000Z</time>
        <extensions>
          <ns3:TrackPointExtension>
            <ns3:hr>154</ns3:hr>
          </ns3:TrackPointExtension>
        </extensions>
      </trkpt>
      <trkpt lat="24.48960430920124053955078125" lon="118.10374072752892971038818359375">
        <ele>6.19999980926513671875</ele>
        <time>2025-05-04T10:11:09.000Z</time>
        <extensions>
          <ns3:TrackPointExtension>
            <ns3:hr>155</ns3:hr>
          </ns3:TrackPointExtension>
        </extensions>
      </trkpt>
      <trkpt lat="24.48962048627436161041259765625" lon="118.10371524654328823089599609375">
        <ele>6</ele>
        <time>2025-05-04T10:11:10.000Z</time>
        <extensions>
          <ns3:TrackPointExtension>
            <ns3:hr>155</ns3:hr>
          </ns3:TrackPointExtension>
        </extensions>
      </trkpt>
      <trkpt lat="24.48963490314781665802001953125" lon="118.1036885082721710205078125">
        <ele>5.80000019073486328125</ele>
        <time>2025-05-04T10:11:11.000Z</time>
        <extensions>
          <ns3:TrackPointExtension>
            <ns3:hr>155</ns3:hr>
          </ns3:TrackPointExtension>
        </extensions>
      </trkpt>
      <trkpt lat="24.48964781127870082855224609375" lon="118.10366109944880008697509765625">
        <ele>5.599999904632568359375</ele>
        <time>2025-05-04T10:11:12.000Z</time>
        <extensions>
          <ns3:TrackPointExtension>
            <ns3:hr>155</ns3:hr>
          </ns3:TrackPointExtension>
        </extensions>
      </trkpt>
      <trkpt lat="24.4896594621241092681884765625" lon="118.10363343916833400726318359375">
        <ele>5.599999904632568359375</ele>
        <time>2025-05-04T10:11:13.000Z</time>
        <extensions>
          <ns3:TrackPointExtension>
            <ns3:hr>155</ns3:hr>
          </ns3:TrackPointExtension>
        </extensions>
      </trkpt>
      <trkpt lat="24.48967002332210540771484375" lon="118.10360443778336048126220703125">
        <ele>5.599999904632568359375</ele>
        <time>2025-05-04T10:11:14.000Z</time>
        <extensions>
          <ns3:TrackPointExtension>
            <ns3:hr>155</ns3:hr>
          </ns3:TrackPointExtension>
        </extensions>
      </trkpt>
      <trkpt lat="24.4896789081394672393798828125" lon="118.103574179112911224365234375">
        <ele>5.599999904632568359375</ele>
        <time>2025-05-04T10:11:15.000Z</time>
        <extensions>
          <ns3:TrackPointExtension>
            <ns3:hr>155</ns3:hr>
          </ns3:TrackPointExtension>
        </extensions>
      </trkpt>
      <trkpt lat="24.489685110747814178466796875" lon="118.10354341752827167510986328125">
        <ele>5.599999904632568359375</ele>
        <time>2025-05-04T10:11:16.000Z</time>
        <extensions>
          <ns3:TrackPointExtension>
            <ns3:hr>155</ns3:hr>
          </ns3:TrackPointExtension>
        </extensions>
      </trkpt>
      <trkpt lat="24.48968938551843166351318359375" lon="118.10351240448653697967529296875">
        <ele>5.599999904632568359375</ele>
        <time>2025-05-04T10:11:17.000Z</time>
        <extensions>
          <ns3:TrackPointExtension>
            <ns3:hr>155</ns3:hr>
          </ns3:TrackPointExtension>
        </extensions>
      </trkpt>
      <trkpt lat="24.48969223536550998687744140625" lon="118.10348088853061199188232421875">
        <ele>5.599999904632568359375</ele>
        <time>2025-05-04T10:11:18.000Z</time>
        <extensions>
          <ns3:TrackPointExtension>
            <ns3:hr>155</ns3:hr>
          </ns3:TrackPointExtension>
        </extensions>
      </trkpt>
      <trkpt lat="24.489692486822605133056640625" lon="118.10344870202243328094482421875">
        <ele>5.599999904632568359375</ele>
        <time>2025-05-04T10:11:19.000Z</time>
        <extensions>
          <ns3:TrackPointExtension>
            <ns3:hr>156</ns3:hr>
          </ns3:TrackPointExtension>
        </extensions>
      </trkpt>
      <trkpt lat="24.48969013988971710205078125" lon="118.1034167669713497161865234375">
        <ele>5.599999904632568359375</ele>
        <time>2025-05-04T10:11:20.000Z</time>
        <extensions>
          <ns3:TrackPointExtension>
            <ns3:hr>156</ns3:hr>
          </ns3:TrackPointExtension>
        </extensions>
      </trkpt>
      <trkpt lat="24.48968586511909961700439453125" lon="118.1033854186534881591796875">
        <ele>5.599999904632568359375</ele>
        <time>2025-05-04T10:11:21.000Z</time>
        <extensions>
          <ns3:TrackPointExtension>
            <ns3:hr>156</ns3:hr>
          </ns3:TrackPointExtension>
        </extensions>
      </trkpt>
      <trkpt lat="24.48967999778687953948974609375" lon="118.1033544056117534637451171875">
        <ele>5.599999904632568359375</ele>
        <time>2025-05-04T10:11:22.000Z</time>
        <extensions>
          <ns3:TrackPointExtension>
            <ns3:hr>156</ns3:hr>
          </ns3:TrackPointExtension>
        </extensions>
      </trkpt>
      <trkpt lat="24.4896725378930568695068359375" lon="118.10332364402711391448974609375">
        <ele>5.80000019073486328125</ele>
        <time>2025-05-04T10:11:23.000Z</time>
        <extensions>
          <ns3:TrackPointExtension>
            <ns3:hr>156</ns3:hr>
          </ns3:TrackPointExtension>
        </extensions>
      </trkpt>
      <trkpt lat="24.48966407217085361480712890625" lon="118.10329263098537921905517578125">
        <ele>6</ele>
        <time>2025-05-04T10:11:24.000Z</time>
        <extensions>
          <ns3:TrackPointExtension>
            <ns3:hr>156</ns3:hr>
          </ns3:TrackPointExtension>
        </extensions>
      </trkpt>
      <trkpt lat="24.48965401388704776763916015625" lon="118.10326161794364452362060546875">
        <ele>6</ele>
        <time>2025-05-04T10:11:25.000Z</time>
        <extensions>
          <ns3:TrackPointExtension>
            <ns3:hr>155</ns3:hr>
          </ns3:TrackPointExtension>
        </extensions>
      </trkpt>
      <trkpt lat="24.48964194394648075103759765625" lon="118.10323177836835384368896484375">
        <ele>6.19999980926513671875</ele>
        <time>2025-05-04T10:11:26.000Z</time>
        <extensions>
          <ns3:TrackPointExtension>
            <ns3:hr>155</ns3:hr>
          </ns3:TrackPointExtension>
        </extensions>
      </trkpt>
      <trkpt lat="24.48962853290140628814697265625" lon="118.10320361517369747161865234375">
        <ele>6.400000095367431640625</ele>
        <time>2025-05-04T10:11:27.000Z</time>
        <extensions>
          <ns3:TrackPointExtension>
            <ns3:hr>155</ns3:hr>
          </ns3:TrackPointExtension>
        </extensions>
      </trkpt>
      <trkpt lat="24.48961411602795124053955078125" lon="118.10317679308354854583740234375">
        <ele>6.599999904632568359375</ele>
        <time>2025-05-04T10:11:28.000Z</time>
        <extensions>
          <ns3:TrackPointExtension>
            <ns3:hr>155</ns3:hr>
          </ns3:TrackPointExtension>
        </extensions>
      </trkpt>
      <trkpt lat="24.48959835804998874664306640625" lon="118.10315139591693878173828125">
        <ele>6.599999904632568359375</ele>
        <time>2025-05-04T10:11:29.000Z</time>
        <extensions>
          <ns3:TrackPointExtension>
            <ns3:hr>155</ns3:hr>
          </ns3:TrackPointExtension>
        </extensions>
      </trkpt>
      <trkpt lat="24.4895808398723602294921875" lon="118.10312733985483646392822265625">
        <ele>6.80000019073486328125</ele>
        <time>2025-05-04T10:11:30.000Z</time>
        <extensions>
          <ns3:TrackPointExtension>
            <ns3:hr>155</ns3:hr>
          </ns3:TrackPointExtension>
        </extensions>
      </trkpt>
      <trkpt lat="24.4895608909428119659423828125" lon="118.1031049601733684539794921875">
        <ele>7</ele>
        <time>2025-05-04T10:11:31.000Z</time>
        <extensions>
          <ns3:TrackPointExtension>
            <ns3:hr>154</ns3:hr>
          </ns3:TrackPointExtension>
        </extensions>
      </trkpt>
      <trkpt lat="24.4895394332706928253173828125" lon="118.10308559797704219818115234375">
        <ele>7.19999980926513671875</ele>
        <time>2025-05-04T10:11:32.000Z</time>
        <extensions>
          <ns3:TrackPointExtension>
            <ns3:hr>154</ns3:hr>
          </ns3:TrackPointExtension>
        </extensions>
      </trkpt>
      <trkpt lat="24.4895164668560028076171875" lon="118.10306900180876255035400390625">
        <ele>7.19999980926513671875</ele>
        <time>2025-05-04T10:11:33.000Z</time>
        <extensions>
          <ns3:TrackPointExtension>
            <ns3:hr>154</ns3:hr>
          </ns3:TrackPointExtension>
        </extensions>
      </trkpt>
      <trkpt lat="24.489491991698741912841796875" lon="118.10305391438305377960205078125">
        <ele>7.400000095367431640625</ele>
        <time>2025-05-04T10:11:34.000Z</time>
        <extensions>
          <ns3:TrackPointExtension>
            <ns3:hr>154</ns3:hr>
          </ns3:TrackPointExtension>
        </extensions>
      </trkpt>
      <trkpt lat="24.48946659453213214874267578125" lon="118.10304117389023303985595703125">
        <ele>7.599999904632568359375</ele>
        <time>2025-05-04T10:11:35.000Z</time>
        <extensions>
          <ns3:TrackPointExtension>
            <ns3:hr>154</ns3:hr>
          </ns3:TrackPointExtension>
        </extensions>
      </trkpt>
      <trkpt lat="24.48944061063230037689208984375" lon="118.10303094796836376190185546875">
        <ele>7.599999904632568359375</ele>
        <time>2025-05-04T10:11:36.000Z</time>
        <extensions>
          <ns3:TrackPointExtension>
            <ns3:hr>154</ns3:hr>
          </ns3:TrackPointExtension>
        </extensions>
      </trkpt>
      <trkpt lat="24.4894140399992465972900390625" lon="118.10302264988422393798828125">
        <ele>7.80000019073486328125</ele>
        <time>2025-05-04T10:11:37.000Z</time>
        <extensions>
          <ns3:TrackPointExtension>
            <ns3:hr>154</ns3:hr>
          </ns3:TrackPointExtension>
        </extensions>
      </trkpt>
      <trkpt lat="24.48938696645200252532958984375" lon="118.1030147708952426910400390625">
        <ele>8</ele>
        <time>2025-05-04T10:11:38.000Z</time>
        <extensions>
          <ns3:TrackPointExtension>
            <ns3:hr>154</ns3:hr>
          </ns3:TrackPointExtension>
        </extensions>
      </trkpt>
      <trkpt lat="24.48935964144766330718994140625" lon="118.103007562458515167236328125">
        <ele>8</ele>
        <time>2025-05-04T10:11:39.000Z</time>
        <extensions>
          <ns3:TrackPointExtension>
            <ns3:hr>154</ns3:hr>
          </ns3:TrackPointExtension>
        </extensions>
      </trkpt>
      <trkpt lat="24.48933214880526065826416015625" lon="118.1030027009546756744384765625">
        <ele>8.19999980926513671875</ele>
        <time>2025-05-04T10:11:40.000Z</time>
        <extensions>
          <ns3:TrackPointExtension>
            <ns3:hr>154</ns3:hr>
          </ns3:TrackPointExtension>
        </extensions>
      </trkpt>
      <trkpt lat="24.48930482380092144012451171875" lon="118.10300043784081935882568359375">
        <ele>8.19999980926513671875</ele>
        <time>2025-05-04T10:11:41.000Z</time>
        <extensions>
          <ns3:TrackPointExtension>
            <ns3:hr>154</ns3:hr>
          </ns3:TrackPointExtension>
        </extensions>
      </trkpt>
      <trkpt lat="24.48927707970142364501953125" lon="118.10300043784081935882568359375">
        <ele>8.3999996185302734375</ele>
        <time>2025-05-04T10:11:42.000Z</time>
        <extensions>
          <ns3:TrackPointExtension>
            <ns3:hr>154</ns3:hr>
          </ns3:TrackPointExtension>
        </extensions>
      </trkpt>
      <trkpt lat="24.489248581230640411376953125" lon="118.1030016951262950897216796875">
        <ele>8.3999996185302734375</ele>
        <time>2025-05-04T10:11:43.000Z</time>
        <extensions>
          <ns3:TrackPointExtension>
            <ns3:hr>154</ns3:hr>
          </ns3:TrackPointExtension>
        </extensions>
      </trkpt>
      <trkpt lat="24.4892195798456668853759765625" lon="118.103004880249500274658203125">
        <ele>8.6000003814697265625</ele>
        <time>2025-05-04T10:11:44.000Z</time>
        <extensions>
          <ns3:TrackPointExtension>
            <ns3:hr>154</ns3:hr>
          </ns3:TrackPointExtension>
        </extensions>
      </trkpt>
      <trkpt lat="24.4891910813748836517333984375" lon="118.10301083140075206756591796875">
        <ele>8.6000003814697265625</ele>
        <time>2025-05-04T10:11:45.000Z</time>
        <extensions>
          <ns3:TrackPointExtension>
            <ns3:hr>154</ns3:hr>
          </ns3:TrackPointExtension>
        </extensions>
      </trkpt>
      <trkpt lat="24.48916316963732242584228515625" lon="118.10301887802779674530029296875">
        <ele>8.6000003814697265625</ele>
        <time>2025-05-04T10:11:46.000Z</time>
        <extensions>
          <ns3:TrackPointExtension>
            <ns3:hr>153</ns3:hr>
          </ns3:TrackPointExtension>
        </extensions>
      </trkpt>
      <trkpt lat="24.4891347549855709075927734375" lon="118.10302776284515857696533203125">
        <ele>8.3999996185302734375</ele>
        <time>2025-05-04T10:11:47.000Z</time>
        <extensions>
          <ns3:TrackPointExtension>
            <ns3:hr>153</ns3:hr>
          </ns3:TrackPointExtension>
        </extensions>
      </trkpt>
      <trkpt lat="24.4891060888767242431640625" lon="118.10303782112896442413330078125">
        <ele>8.19999980926513671875</ele>
        <time>2025-05-04T10:11:48.000Z</time>
        <extensions>
          <ns3:TrackPointExtension>
            <ns3:hr>153</ns3:hr>
          </ns3:TrackPointExtension>
        </extensions>
      </trkpt>
      <trkpt lat="24.4890787638723850250244140625" lon="118.10304905287921428680419921875">
        <ele>7.80000019073486328125</ele>
        <time>2025-05-04T10:11:49.000Z</time>
        <extensions>
          <ns3:TrackPointExtension>
            <ns3:hr>153</ns3:hr>
          </ns3:TrackPointExtension>
        </extensions>
      </trkpt>
      <trkpt lat="24.48905219323933124542236328125" lon="118.10306011699140071868896484375">
        <ele>7.599999904632568359375</ele>
        <time>2025-05-04T10:11:50.000Z</time>
        <extensions>
          <ns3:TrackPointExtension>
            <ns3:hr>153</ns3:hr>
          </ns3:TrackPointExtension>
        </extensions>
      </trkpt>
      <trkpt lat="24.48902495205402374267578125" lon="118.10307017527520656585693359375">
        <ele>7.400000095367431640625</ele>
        <time>2025-05-04T10:11:51.000Z</time>
        <extensions>
          <ns3:TrackPointExtension>
            <ns3:hr>153</ns3:hr>
          </ns3:TrackPointExtension>
        </extensions>
      </trkpt>
      <trkpt lat="24.48899754323065280914306640625" lon="118.10307922773063182830810546875">
        <ele>7.19999980926513671875</ele>
        <time>2025-05-04T10:11:52.000Z</time>
        <extensions>
          <ns3:TrackPointExtension>
            <ns3:hr>153</ns3:hr>
          </ns3:TrackPointExtension>
        </extensions>
      </trkpt>
      <trkpt lat="24.488970302045345306396484375" lon="118.1030871905386447906494140625">
        <ele>7.400000095367431640625</ele>
        <time>2025-05-04T10:11:53.000Z</time>
        <extensions>
          <ns3:TrackPointExtension>
            <ns3:hr>153</ns3:hr>
          </ns3:TrackPointExtension>
        </extensions>
      </trkpt>
      <trkpt lat="24.4889438152313232421875" lon="118.10309498570859432220458984375">
        <ele>7.400000095367431640625</ele>
        <time>2025-05-04T10:11:54.000Z</time>
        <extensions>
          <ns3:TrackPointExtension>
            <ns3:hr>153</ns3:hr>
          </ns3:TrackPointExtension>
        </extensions>
      </trkpt>
      <trkpt lat="24.4889174960553646087646484375" lon="118.10310470871627330780029296875">
        <ele>7.599999904632568359375</ele>
        <time>2025-05-04T10:11:55.000Z</time>
        <extensions>
          <ns3:TrackPointExtension>
            <ns3:hr>153</ns3:hr>
          </ns3:TrackPointExtension>
        </extensions>
      </trkpt>
      <trkpt lat="24.48889075778424739837646484375" lon="118.103116191923618316650390625">
        <ele>7.80000019073486328125</ele>
        <time>2025-05-04T10:11:56.000Z</time>
        <extensions>
          <ns3:TrackPointExtension>
            <ns3:hr>153</ns3:hr>
          </ns3:TrackPointExtension>
        </extensions>
      </trkpt>
      <trkpt lat="24.488864354789257049560546875" lon="118.10312859714031219482421875">
        <ele>8</ele>
        <time>2025-05-04T10:11:57.000Z</time>
        <extensions>
          <ns3:TrackPointExtension>
            <ns3:hr>154</ns3:hr>
          </ns3:TrackPointExtension>
        </extensions>
      </trkpt>
      <trkpt lat="24.48883845470845699310302734375" lon="118.1031413376331329345703125">
        <ele>8.19999980926513671875</ele>
        <time>2025-05-04T10:11:58.000Z</time>
        <extensions>
          <ns3:TrackPointExtension>
            <ns3:hr>154</ns3:hr>
          </ns3:TrackPointExtension>
        </extensions>
      </trkpt>
      <trkpt lat="24.48881247080862522125244140625" lon="118.1031532399356365203857421875">
        <ele>8.3999996185302734375</ele>
        <time>2025-05-04T10:11:59.000Z</time>
        <extensions>
          <ns3:TrackPointExtension>
            <ns3:hr>154</ns3:hr>
          </ns3:TrackPointExtension>
        </extensions>
      </trkpt>
      <trkpt lat="24.48878623545169830322265625" lon="118.10316422022879123687744140625">
        <ele>8.6000003814697265625</ele>
        <time>2025-05-04T10:12:00.000Z</time>
        <extensions>
          <ns3:TrackPointExtension>
            <ns3:hr>154</ns3:hr>
          </ns3:TrackPointExtension>
        </extensions>
      </trkpt>
      <trkpt lat="24.48876000009477138519287109375" lon="118.1031750328838825225830078125">
        <ele>8.3999996185302734375</ele>
        <time>2025-05-04T10:12:01.000Z</time>
        <extensions>
          <ns3:TrackPointExtension>
            <ns3:hr>154</ns3:hr>
          </ns3:TrackPointExtension>
        </extensions>
      </trkpt>
      <trkpt lat="24.48873334564268589019775390625" lon="118.1031864322721958160400390625">
        <ele>8.19999980926513671875</ele>
        <time>2025-05-04T10:12:02.000Z</time>
        <extensions>
          <ns3:TrackPointExtension>
            <ns3:hr>154</ns3:hr>
          </ns3:TrackPointExtension>
        </extensions>
      </trkpt>
      <trkpt lat="24.48870652355253696441650390625" lon="118.1031974963843822479248046875">
        <ele>8</ele>
        <time>2025-05-04T10:12:03.000Z</time>
        <extensions>
          <ns3:TrackPointExtension>
            <ns3:hr>154</ns3:hr>
          </ns3:TrackPointExtension>
        </extensions>
      </trkpt>
      <trkpt lat="24.48867903091013431549072265625" lon="118.10320772230625152587890625">
        <ele>7.80000019073486328125</ele>
        <time>2025-05-04T10:12:04.000Z</time>
        <extensions>
          <ns3:TrackPointExtension>
            <ns3:hr>155</ns3:hr>
          </ns3:TrackPointExtension>
        </extensions>
      </trkpt>
      <trkpt lat="24.488651119172573089599609375" lon="118.1032172776758670806884765625">
        <ele>7.80000019073486328125</ele>
        <time>2025-05-04T10:12:05.000Z</time>
        <extensions>
          <ns3:TrackPointExtension>
            <ns3:hr>155</ns3:hr>
          </ns3:TrackPointExtension>
        </extensions>
      </trkpt>
      <trkpt lat="24.48862320743501186370849609375" lon="118.10322674922645092010498046875">
        <ele>7.599999904632568359375</ele>
        <time>2025-05-04T10:12:06.000Z</time>
        <extensions>
          <ns3:TrackPointExtension>
            <ns3:hr>155</ns3:hr>
          </ns3:TrackPointExtension>
        </extensions>
      </trkpt>
      <trkpt lat="24.48859521187841892242431640625" lon="118.1032357178628444671630859375">
        <ele>7.599999904632568359375</ele>
        <time>2025-05-04T10:12:07.000Z</time>
        <extensions>
          <ns3:TrackPointExtension>
            <ns3:hr>155</ns3:hr>
          </ns3:TrackPointExtension>
        </extensions>
      </trkpt>
      <trkpt lat="24.48856738395988941192626953125" lon="118.10324518941342830657958984375">
        <ele>7.599999904632568359375</ele>
        <time>2025-05-04T10:12:08.000Z</time>
        <extensions>
          <ns3:TrackPointExtension>
            <ns3:hr>156</ns3:hr>
          </ns3:TrackPointExtension>
        </extensions>
      </trkpt>
      <trkpt lat="24.48854039423167705535888671875" lon="118.10325608588755130767822265625">
        <ele>7.80000019073486328125</ele>
        <time>2025-05-04T10:12:09.000Z</time>
        <extensions>
          <ns3:TrackPointExtension>
            <ns3:hr>156</ns3:hr>
          </ns3:TrackPointExtension>
        </extensions>
      </trkpt>
      <trkpt lat="24.48851491324603557586669921875" lon="118.10326765291392803192138671875">
        <ele>8</ele>
        <time>2025-05-04T10:12:10.000Z</time>
        <extensions>
          <ns3:TrackPointExtension>
            <ns3:hr>156</ns3:hr>
          </ns3:TrackPointExtension>
        </extensions>
      </trkpt>
      <trkpt lat="24.48848959989845752716064453125" lon="118.10327938757836818695068359375">
        <ele>8</ele>
        <time>2025-05-04T10:12:11.000Z</time>
        <extensions>
          <ns3:TrackPointExtension>
            <ns3:hr>156</ns3:hr>
          </ns3:TrackPointExtension>
        </extensions>
      </trkpt>
      <trkpt lat="24.48846378363668918609619140625" lon="118.10329045169055461883544921875">
        <ele>8.19999980926513671875</ele>
        <time>2025-05-04T10:12:12.000Z</time>
        <extensions>
          <ns3:TrackPointExtension>
            <ns3:hr>156</ns3:hr>
          </ns3:TrackPointExtension>
        </extensions>
      </trkpt>
      <trkpt lat="24.4884377159178256988525390625" lon="118.10330101288855075836181640625">
        <ele>8.19999980926513671875</ele>
        <time>2025-05-04T10:12:13.000Z</time>
        <extensions>
          <ns3:TrackPointExtension>
            <ns3:hr>156</ns3:hr>
          </ns3:TrackPointExtension>
        </extensions>
      </trkpt>
      <trkpt lat="24.488411732017993927001953125" lon="118.10331257991492748260498046875">
        <ele>8.19999980926513671875</ele>
        <time>2025-05-04T10:12:14.000Z</time>
        <extensions>
          <ns3:TrackPointExtension>
            <ns3:hr>155</ns3:hr>
          </ns3:TrackPointExtension>
        </extensions>
      </trkpt>
      <trkpt lat="24.4883859157562255859375" lon="118.10332532040774822235107421875">
        <ele>8</ele>
        <time>2025-05-04T10:12:15.000Z</time>
        <extensions>
          <ns3:TrackPointExtension>
            <ns3:hr>155</ns3:hr>
          </ns3:TrackPointExtension>
        </extensions>
      </trkpt>
      <trkpt lat="24.48836110532283782958984375" lon="118.10334040783345699310302734375">
        <ele>8.3999996185302734375</ele>
        <time>2025-05-04T10:12:16.000Z</time>
        <extensions>
          <ns3:TrackPointExtension>
            <ns3:hr>155</ns3:hr>
          </ns3:TrackPointExtension>
        </extensions>
      </trkpt>
      <trkpt lat="24.48833788745105266571044921875" lon="118.1033580936491489410400390625">
        <ele>8.80000019073486328125</ele>
        <time>2025-05-04T10:12:17.000Z</time>
        <extensions>
          <ns3:TrackPointExtension>
            <ns3:hr>155</ns3:hr>
          </ns3:TrackPointExtension>
        </extensions>
      </trkpt>
      <trkpt lat="24.4883160106837749481201171875" lon="118.103379048407077789306640625">
        <ele>9.3999996185302734375</ele>
        <time>2025-05-04T10:12:18.000Z</time>
        <extensions>
          <ns3:TrackPointExtension>
            <ns3:hr>155</ns3:hr>
          </ns3:TrackPointExtension>
        </extensions>
      </trkpt>
      <trkpt lat="24.4882952235639095306396484375" lon="118.10340310446918010711669921875">
        <ele>9.3999996185302734375</ele>
        <time>2025-05-04T10:12:19.000Z</time>
        <extensions>
          <ns3:TrackPointExtension>
            <ns3:hr>155</ns3:hr>
          </ns3:TrackPointExtension>
        </extensions>
      </trkpt>
      <trkpt lat="24.48827527463436126708984375" lon="118.10342774726450443267822265625">
        <ele>9.6000003814697265625</ele>
        <time>2025-05-04T10:12:20.000Z</time>
        <extensions>
          <ns3:TrackPointExtension>
            <ns3:hr>155</ns3:hr>
          </ns3:TrackPointExtension>
        </extensions>
      </trkpt>
      <trkpt lat="24.48825859464704990386962890625" lon="118.103452138602733612060546875">
        <ele>9.6000003814697265625</ele>
        <time>2025-05-04T10:12:21.000Z</time>
        <extensions>
          <ns3:TrackPointExtension>
            <ns3:hr>155</ns3:hr>
          </ns3:TrackPointExtension>
        </extensions>
      </trkpt>
      <trkpt lat="24.48824602179229259490966796875" lon="118.103477954864501953125">
        <ele>9.6000003814697265625</ele>
        <time>2025-05-04T10:12:22.000Z</time>
        <extensions>
          <ns3:TrackPointExtension>
            <ns3:hr>155</ns3:hr>
          </ns3:TrackPointExtension>
        </extensions>
      </trkpt>
      <trkpt lat="24.48823546059429645538330078125" lon="118.10350569896399974822998046875">
        <ele>9.6000003814697265625</ele>
        <time>2025-05-04T10:12:23.000Z</time>
        <extensions>
          <ns3:TrackPointExtension>
            <ns3:hr>155</ns3:hr>
          </ns3:TrackPointExtension>
        </extensions>
      </trkpt>
      <trkpt lat="24.48822607286274433135986328125" lon="118.10353520326316356658935546875">
        <ele>9.6000003814697265625</ele>
        <time>2025-05-04T10:12:24.000Z</time>
        <extensions>
          <ns3:TrackPointExtension>
            <ns3:hr>155</ns3:hr>
          </ns3:TrackPointExtension>
        </extensions>
      </trkpt>
      <trkpt lat="24.48821785859763622283935546875" lon="118.10356621630489826202392578125">
        <ele>9.6000003814697265625</ele>
        <time>2025-05-04T10:12:25.000Z</time>
        <extensions>
          <ns3:TrackPointExtension>
            <ns3:hr>155</ns3:hr>
          </ns3:TrackPointExtension>
        </extensions>
      </trkpt>
      <trkpt lat="24.488211236894130706787109375" lon="118.10359873808920383453369140625">
        <ele>9.6000003814697265625</ele>
        <time>2025-05-04T10:12:26.000Z</time>
        <extensions>
          <ns3:TrackPointExtension>
            <ns3:hr>155</ns3:hr>
          </ns3:TrackPointExtension>
        </extensions>
      </trkpt>
      <trkpt lat="24.48820712976157665252685546875" lon="118.10363159514963626861572265625">
        <ele>9.6000003814697265625</ele>
        <time>2025-05-04T10:12:27.000Z</time>
        <extensions>
          <ns3:TrackPointExtension>
            <ns3:hr>155</ns3:hr>
          </ns3:TrackPointExtension>
        </extensions>
      </trkpt>
      <trkpt lat="24.48820562101900577545166015625" lon="118.10366369783878326416015625">
        <ele>9.3999996185302734375</ele>
        <time>2025-05-04T10:12:28.000Z</time>
        <extensions>
          <ns3:TrackPointExtension>
            <ns3:hr>155</ns3:hr>
          </ns3:TrackPointExtension>
        </extensions>
      </trkpt>
      <trkpt lat="24.48820679448544979095458984375" lon="118.1036953814327716827392578125">
        <ele>9.19999980926513671875</ele>
        <time>2025-05-04T10:12:29.000Z</time>
        <extensions>
          <ns3:TrackPointExtension>
            <ns3:hr>156</ns3:hr>
          </ns3:TrackPointExtension>
        </extensions>
      </trkpt>
      <trkpt lat="24.48821065016090869903564453125" lon="118.10372672975063323974609375">
        <ele>8.80000019073486328125</ele>
        <time>2025-05-04T10:12:30.000Z</time>
        <extensions>
          <ns3:TrackPointExtension>
            <ns3:hr>156</ns3:hr>
          </ns3:TrackPointExtension>
        </extensions>
      </trkpt>
      <trkpt lat="24.4882155954837799072265625" lon="118.10375832952558994293212890625">
        <ele>8.19999980926513671875</ele>
        <time>2025-05-04T10:12:31.000Z</time>
        <extensions>
          <ns3:TrackPointExtension>
            <ns3:hr>156</ns3:hr>
          </ns3:TrackPointExtension>
        </extensions>
      </trkpt>
      <trkpt lat="24.48822121135890483856201171875" lon="118.1037895940244197845458984375">
        <ele>7.80000019073486328125</ele>
        <time>2025-05-04T10:12:32.000Z</time>
        <extensions>
          <ns3:TrackPointExtension>
            <ns3:hr>156</ns3:hr>
          </ns3:TrackPointExtension>
        </extensions>
      </trkpt>
      <trkpt lat="24.48822758160531520843505859375" lon="118.10381985269486904144287109375">
        <ele>7.19999980926513671875</ele>
        <time>2025-05-04T10:12:33.000Z</time>
        <extensions>
          <ns3:TrackPointExtension>
            <ns3:hr>156</ns3:hr>
          </ns3:TrackPointExtension>
        </extensions>
      </trkpt>
      <trkpt lat="24.48823546059429645538330078125" lon="118.10384935699403285980224609375">
        <ele>6.80000019073486328125</ele>
        <time>2025-05-04T10:12:34.000Z</time>
        <extensions>
          <ns3:TrackPointExtension>
            <ns3:hr>156</ns3:hr>
          </ns3:TrackPointExtension>
        </extensions>
      </trkpt>
      <trkpt lat="24.488245435059070587158203125" lon="118.10387886129319667816162109375">
        <ele>6.400000095367431640625</ele>
        <time>2025-05-04T10:12:35.000Z</time>
        <extensions>
          <ns3:TrackPointExtension>
            <ns3:hr>156</ns3:hr>
          </ns3:TrackPointExtension>
        </extensions>
      </trkpt>
      <trkpt lat="24.4882571697235107421875" lon="118.10390803031623363494873046875">
        <ele>5.80000019073486328125</ele>
        <time>2025-05-04T10:12:36.000Z</time>
        <extensions>
          <ns3:TrackPointExtension>
            <ns3:hr>156</ns3:hr>
          </ns3:TrackPointExtension>
        </extensions>
      </trkpt>
      <trkpt lat="24.488270916044712066650390625" lon="118.10393636114895343780517578125">
        <ele>5.19999980926513671875</ele>
        <time>2025-05-04T10:12:37.000Z</time>
        <extensions>
          <ns3:TrackPointExtension>
            <ns3:hr>156</ns3:hr>
          </ns3:TrackPointExtension>
        </extensions>
      </trkpt>
      <trkpt lat="24.48828726075589656829833984375" lon="118.10396301560103893280029296875">
        <ele>5.19999980926513671875</ele>
        <time>2025-05-04T10:12:38.000Z</time>
        <extensions>
          <ns3:TrackPointExtension>
            <ns3:hr>156</ns3:hr>
          </ns3:TrackPointExtension>
        </extensions>
      </trkpt>
      <trkpt lat="24.48830570094287395477294921875" lon="118.10398866422474384307861328125">
        <ele>5</ele>
        <time>2025-05-04T10:12:39.000Z</time>
        <extensions>
          <ns3:TrackPointExtension>
            <ns3:hr>156</ns3:hr>
          </ns3:TrackPointExtension>
        </extensions>
      </trkpt>
      <trkpt lat="24.48832548223435878753662109375" lon="118.10401397757232189178466796875">
        <ele>4.80000019073486328125</ele>
        <time>2025-05-04T10:12:40.000Z</time>
        <extensions>
          <ns3:TrackPointExtension>
            <ns3:hr>155</ns3:hr>
          </ns3:TrackPointExtension>
        </extensions>
      </trkpt>
      <trkpt lat="24.48834626935422420501708984375" lon="118.10403862036764621734619140625">
        <ele>4.80000019073486328125</ele>
        <time>2025-05-04T10:12:41.000Z</time>
        <extensions>
          <ns3:TrackPointExtension>
            <ns3:hr>155</ns3:hr>
          </ns3:TrackPointExtension>
        </extensions>
      </trkpt>
      <trkpt lat="24.488367475569248199462890625" lon="118.1040615029633045196533203125">
        <ele>4.599999904632568359375</ele>
        <time>2025-05-04T10:12:42.000Z</time>
        <extensions>
          <ns3:TrackPointExtension>
            <ns3:hr>155</ns3:hr>
          </ns3:TrackPointExtension>
        </extensions>
      </trkpt>
      <trkpt lat="24.48838935233652591705322265625" lon="118.104081451892852783203125">
        <ele>4.400000095367431640625</ele>
        <time>2025-05-04T10:12:43.000Z</time>
        <extensions>
          <ns3:TrackPointExtension>
            <ns3:hr>155</ns3:hr>
          </ns3:TrackPointExtension>
        </extensions>
      </trkpt>
      <trkpt lat="24.48841365985572338104248046875" lon="118.10409863479435443878173828125">
        <ele>4.19999980926513671875</ele>
        <time>2025-05-04T10:12:44.000Z</time>
        <extensions>
          <ns3:TrackPointExtension>
            <ns3:hr>155</ns3:hr>
          </ns3:TrackPointExtension>
        </extensions>
      </trkpt>
      <trkpt lat="24.48843997903168201446533203125" lon="118.104113638401031494140625">
        <ele>4</ele>
        <time>2025-05-04T10:12:45.000Z</time>
        <extensions>
          <ns3:TrackPointExtension>
            <ns3:hr>155</ns3:hr>
          </ns3:TrackPointExtension>
        </extensions>
      </trkpt>
      <trkpt lat="24.48846730403602123260498046875" lon="118.10412646271288394927978515625">
        <ele>4.19999980926513671875</ele>
        <time>2025-05-04T10:12:46.000Z</time>
        <extensions>
          <ns3:TrackPointExtension>
            <ns3:hr>155</ns3:hr>
          </ns3:TrackPointExtension>
        </extensions>
      </trkpt>
      <trkpt lat="24.4884950481355190277099609375" lon="118.10413719154894351959228515625">
        <ele>4.400000095367431640625</ele>
        <time>2025-05-04T10:12:47.000Z</time>
        <extensions>
          <ns3:TrackPointExtension>
            <ns3:hr>155</ns3:hr>
          </ns3:TrackPointExtension>
        </extensions>
      </trkpt>
      <trkpt lat="24.48852262459695339202880859375" lon="118.10414607636630535125732421875">
        <ele>4.599999904632568359375</ele>
        <time>2025-05-04T10:12:48.000Z</time>
        <extensions>
          <ns3:TrackPointExtension>
            <ns3:hr>155</ns3:hr>
          </ns3:TrackPointExtension>
        </extensions>
      </trkpt>
      <trkpt lat="24.4885508716106414794921875" lon="118.1041526980698108673095703125">
        <ele>4.80000019073486328125</ele>
        <time>2025-05-04T10:12:49.000Z</time>
        <extensions>
          <ns3:TrackPointExtension>
            <ns3:hr>155</ns3:hr>
          </ns3:TrackPointExtension>
        </extensions>
      </trkpt>
      <trkpt lat="24.4885795377194881439208984375" lon="118.10415613465011119842529296875">
        <ele>5</ele>
        <time>2025-05-04T10:12:50.000Z</time>
        <extensions>
          <ns3:TrackPointExtension>
            <ns3:hr>155</ns3:hr>
          </ns3:TrackPointExtension>
        </extensions>
      </trkpt>
      <trkpt lat="24.4886080361902713775634765625" lon="118.10415663756430149078369140625">
        <ele>5.19999980926513671875</ele>
        <time>2025-05-04T10:12:51.000Z</time>
        <extensions>
          <ns3:TrackPointExtension>
            <ns3:hr>155</ns3:hr>
          </ns3:TrackPointExtension>
        </extensions>
      </trkpt>
      <trkpt lat="24.48863578028976917266845703125" lon="118.10415579937398433685302734375">
        <ele>5.400000095367431640625</ele>
        <time>2025-05-04T10:12:52.000Z</time>
        <extensions>
          <ns3:TrackPointExtension>
            <ns3:hr>155</ns3:hr>
          </ns3:TrackPointExtension>
        </extensions>
      </trkpt>
      <trkpt lat="24.48866277001798152923583984375" lon="118.1041543744504451751708984375">
        <ele>5.599999904632568359375</ele>
        <time>2025-05-04T10:12:53.000Z</time>
        <extensions>
          <ns3:TrackPointExtension>
            <ns3:hr>156</ns3:hr>
          </ns3:TrackPointExtension>
        </extensions>
      </trkpt>
      <trkpt lat="24.4886895082890987396240234375" lon="118.10415160842239856719970703125">
        <ele>5.599999904632568359375</ele>
        <time>2025-05-04T10:12:54.000Z</time>
        <extensions>
          <ns3:TrackPointExtension>
            <ns3:hr>156</ns3:hr>
          </ns3:TrackPointExtension>
        </extensions>
      </trkpt>
      <trkpt lat="24.4887163303792476654052734375" lon="118.1041466630995273590087890625">
        <ele>5.80000019073486328125</ele>
        <time>2025-05-04T10:12:55.000Z</time>
        <extensions>
          <ns3:TrackPointExtension>
            <ns3:hr>156</ns3:hr>
          </ns3:TrackPointExtension>
        </extensions>
      </trkpt>
      <trkpt lat="24.488743655383586883544921875" lon="118.10413937084376811981201171875">
        <ele>6.19999980926513671875</ele>
        <time>2025-05-04T10:12:56.000Z</time>
        <extensions>
          <ns3:TrackPointExtension>
            <ns3:hr>156</ns3:hr>
          </ns3:TrackPointExtension>
        </extensions>
      </trkpt>
      <trkpt lat="24.4887706451117992401123046875" lon="118.1041298992931842803955078125">
        <ele>6.80000019073486328125</ele>
        <time>2025-05-04T10:12:57.000Z</time>
        <extensions>
          <ns3:TrackPointExtension>
            <ns3:hr>156</ns3:hr>
          </ns3:TrackPointExtension>
        </extensions>
      </trkpt>
      <trkpt lat="24.4887971319258213043212890625" lon="118.10411967337131500244140625">
        <ele>7.19999980926513671875</ele>
        <time>2025-05-04T10:12:58.000Z</time>
        <extensions>
          <ns3:TrackPointExtension>
            <ns3:hr>156</ns3:hr>
          </ns3:TrackPointExtension>
        </extensions>
      </trkpt>
      <trkpt lat="24.48882319964468479156494140625" lon="118.1041087768971920013427734375">
        <ele>7.80000019073486328125</ele>
        <time>2025-05-04T10:12:59.000Z</time>
        <extensions>
          <ns3:TrackPointExtension>
            <ns3:hr>156</ns3:hr>
          </ns3:TrackPointExtension>
        </extensions>
      </trkpt>
      <trkpt lat="24.4888494350016117095947265625" lon="118.10409729368984699249267578125">
        <ele>8.3999996185302734375</ele>
        <time>2025-05-04T10:13:00.000Z</time>
        <extensions>
          <ns3:TrackPointExtension>
            <ns3:hr>156</ns3:hr>
          </ns3:TrackPointExtension>
        </extensions>
      </trkpt>
      <trkpt lat="24.48887567035853862762451171875" lon="118.104085810482501983642578125">
        <ele>8.80000019073486328125</ele>
        <time>2025-05-04T10:13:01.000Z</time>
        <extensions>
          <ns3:TrackPointExtension>
            <ns3:hr>156</ns3:hr>
          </ns3:TrackPointExtension>
        </extensions>
      </trkpt>
      <trkpt lat="24.48890198953449726104736328125" lon="118.1040749140083789825439453125">
        <ele>9</ele>
        <time>2025-05-04T10:13:02.000Z</time>
        <extensions>
          <ns3:TrackPointExtension>
            <ns3:hr>155</ns3:hr>
          </ns3:TrackPointExtension>
        </extensions>
      </trkpt>
      <trkpt lat="24.48892864398658275604248046875" lon="118.10406468808650970458984375">
        <ele>9.3999996185302734375</ele>
        <time>2025-05-04T10:13:03.000Z</time>
        <extensions>
          <ns3:TrackPointExtension>
            <ns3:hr>155</ns3:hr>
          </ns3:TrackPointExtension>
        </extensions>
      </trkpt>
      <trkpt lat="24.4889553822576999664306640625" lon="118.10405488125979900360107421875">
        <ele>9.6000003814697265625</ele>
        <time>2025-05-04T10:13:04.000Z</time>
        <extensions>
          <ns3:TrackPointExtension>
            <ns3:hr>156</ns3:hr>
          </ns3:TrackPointExtension>
        </extensions>
      </trkpt>
      <trkpt lat="24.488982371985912322998046875" lon="118.10404599644243717193603515625">
        <ele>9.80000019073486328125</ele>
        <time>2025-05-04T10:13:05.000Z</time>
        <extensions>
          <ns3:TrackPointExtension>
            <ns3:hr>156</ns3:hr>
          </ns3:TrackPointExtension>
        </extensions>
      </trkpt>
      <trkpt lat="24.489009864628314971923828125" lon="118.10403778217732906341552734375">
        <ele>10</ele>
        <time>2025-05-04T10:13:06.000Z</time>
        <extensions>
          <ns3:TrackPointExtension>
            <ns3:hr>156</ns3:hr>
          </ns3:TrackPointExtension>
        </extensions>
      </trkpt>
      <trkpt lat="24.489037692546844482421875" lon="118.1040299870073795318603515625">
        <ele>9.80000019073486328125</ele>
        <time>2025-05-04T10:13:07.000Z</time>
        <extensions>
          <ns3:TrackPointExtension>
            <ns3:hr>156</ns3:hr>
          </ns3:TrackPointExtension>
        </extensions>
      </trkpt>
      <trkpt lat="24.48906627483665943145751953125" lon="118.10402219183743000030517578125">
        <ele>9.6000003814697265625</ele>
        <time>2025-05-04T10:13:08.000Z</time>
        <extensions>
          <ns3:TrackPointExtension>
            <ns3:hr>156</ns3:hr>
          </ns3:TrackPointExtension>
        </extensions>
      </trkpt>
      <trkpt lat="24.4890955276787281036376953125" lon="118.104013390839099884033203125">
        <ele>9.80000019073486328125</ele>
        <time>2025-05-04T10:13:09.000Z</time>
        <extensions>
          <ns3:TrackPointExtension>
            <ns3:hr>156</ns3:hr>
          </ns3:TrackPointExtension>
        </extensions>
      </trkpt>
      <trkpt lat="24.48912444524466991424560546875" lon="118.1040036678314208984375">
        <ele>10.19999980926513671875</ele>
        <time>2025-05-04T10:13:10.000Z</time>
        <extensions>
          <ns3:TrackPointExtension>
            <ns3:hr>156</ns3:hr>
          </ns3:TrackPointExtension>
        </extensions>
      </trkpt>
      <trkpt lat="24.4891531951725482940673828125" lon="118.1039937771856784820556640625">
        <ele>10.3999996185302734375</ele>
        <time>2025-05-04T10:13:11.000Z</time>
        <extensions>
          <ns3:TrackPointExtension>
            <ns3:hr>156</ns3:hr>
          </ns3:TrackPointExtension>
        </extensions>
      </trkpt>
      <trkpt lat="24.489181526005268096923828125" lon="118.1039840541779994964599609375">
        <ele>10.80000019073486328125</ele>
        <time>2025-05-04T10:13:12.000Z</time>
        <extensions>
          <ns3:TrackPointExtension>
            <ns3:hr>156</ns3:hr>
          </ns3:TrackPointExtension>
        </extensions>
      </trkpt>
      <trkpt lat="24.489209353923797607421875" lon="118.1039736606180667877197265625">
        <ele>11.19999980926513671875</ele>
        <time>2025-05-04T10:13:13.000Z</time>
        <extensions>
          <ns3:TrackPointExtension>
            <ns3:hr>156</ns3:hr>
          </ns3:TrackPointExtension>
        </extensions>
      </trkpt>
      <trkpt lat="24.48923684656620025634765625" lon="118.10396268032491207122802734375">
        <ele>11.3999996185302734375</ele>
        <time>2025-05-04T10:13:14.000Z</time>
        <extensions>
          <ns3:TrackPointExtension>
            <ns3:hr>156</ns3:hr>
          </ns3:TrackPointExtension>
        </extensions>
      </trkpt>
      <trkpt lat="24.48926500976085662841796875" lon="118.10395111329853534698486328125">
        <ele>11.80000019073486328125</ele>
        <time>2025-05-04T10:13:15.000Z</time>
        <extensions>
          <ns3:TrackPointExtension>
            <ns3:hr>156</ns3:hr>
          </ns3:TrackPointExtension>
        </extensions>
      </trkpt>
      <trkpt lat="24.4892940111458301544189453125" lon="118.1039394624531269073486328125">
        <ele>11.80000019073486328125</ele>
        <time>2025-05-04T10:13:16.000Z</time>
        <extensions>
          <ns3:TrackPointExtension>
            <ns3:hr>156</ns3:hr>
          </ns3:TrackPointExtension>
        </extensions>
      </trkpt>
      <trkpt lat="24.4893231801688671112060546875" lon="118.10392831452190876007080078125">
        <ele>11</ele>
        <time>2025-05-04T10:13:17.000Z</time>
        <extensions>
          <ns3:TrackPointExtension>
            <ns3:hr>156</ns3:hr>
          </ns3:TrackPointExtension>
        </extensions>
      </trkpt>
      <trkpt lat="24.4893515110015869140625" lon="118.10391775332391262054443359375">
        <ele>10.3999996185302734375</ele>
        <time>2025-05-04T10:13:18.000Z</time>
        <extensions>
          <ns3:TrackPointExtension>
            <ns3:hr>156</ns3:hr>
          </ns3:TrackPointExtension>
        </extensions>
      </trkpt>
      <trkpt lat="24.48937875218689441680908203125" lon="118.10390777885913848876953125">
        <ele>9.80000019073486328125</ele>
        <time>2025-05-04T10:13:19.000Z</time>
        <extensions>
          <ns3:TrackPointExtension>
            <ns3:hr>156</ns3:hr>
          </ns3:TrackPointExtension>
        </extensions>
      </trkpt>
      <trkpt lat="24.489405490458011627197265625" lon="118.10389813967049121856689453125">
        <ele>9.19999980926513671875</ele>
        <time>2025-05-04T10:13:20.000Z</time>
        <extensions>
          <ns3:TrackPointExtension>
            <ns3:hr>157</ns3:hr>
          </ns3:TrackPointExtension>
        </extensions>
      </trkpt>
      <trkpt lat="24.48943264782428741455078125" lon="118.1038878299295902252197265625">
        <ele>8.6000003814697265625</ele>
        <time>2025-05-04T10:13:21.000Z</time>
        <extensions>
          <ns3:TrackPointExtension>
            <ns3:hr>157</ns3:hr>
          </ns3:TrackPointExtension>
        </extensions>
      </trkpt>
      <trkpt lat="24.48946055956184864044189453125" lon="118.1038771010935306549072265625">
        <ele>8</ele>
        <time>2025-05-04T10:13:22.000Z</time>
        <extensions>
          <ns3:TrackPointExtension>
            <ns3:hr>157</ns3:hr>
          </ns3:TrackPointExtension>
        </extensions>
      </trkpt>
      <trkpt lat="24.4894881360232830047607421875" lon="118.10386545024812221527099609375">
        <ele>7.400000095367431640625</ele>
        <time>2025-05-04T10:13:23.000Z</time>
        <extensions>
          <ns3:TrackPointExtension>
            <ns3:hr>157</ns3:hr>
          </ns3:TrackPointExtension>
        </extensions>
      </trkpt>
      <trkpt lat="24.48951445519924163818359375" lon="118.10385086573660373687744140625">
        <ele>7.19999980926513671875</ele>
        <time>2025-05-04T10:13:24.000Z</time>
        <extensions>
          <ns3:TrackPointExtension>
            <ns3:hr>157</ns3:hr>
          </ns3:TrackPointExtension>
        </extensions>
      </trkpt>
      <trkpt lat="24.4895384274423122406005859375" lon="118.1038333475589752197265625">
        <ele>6.80000019073486328125</ele>
        <time>2025-05-04T10:13:25.000Z</time>
        <extensions>
          <ns3:TrackPointExtension>
            <ns3:hr>157</ns3:hr>
          </ns3:TrackPointExtension>
        </extensions>
      </trkpt>
      <trkpt lat="24.48955996893346309661865234375" lon="118.103812895715236663818359375">
        <ele>6.599999904632568359375</ele>
        <time>2025-05-04T10:13:26.000Z</time>
        <extensions>
          <ns3:TrackPointExtension>
            <ns3:hr>157</ns3:hr>
          </ns3:TrackPointExtension>
        </extensions>
      </trkpt>
      <trkpt lat="24.48958016932010650634765625" lon="118.10379018075764179229736328125">
        <ele>6.400000095367431640625</ele>
        <time>2025-05-04T10:13:27.000Z</time>
        <extensions>
          <ns3:TrackPointExtension>
            <ns3:hr>157</ns3:hr>
          </ns3:TrackPointExtension>
        </extensions>
      </trkpt>
      <trkpt lat="24.489599950611591339111328125" lon="118.10376562178134918212890625">
        <ele>6.19999980926513671875</ele>
        <time>2025-05-04T10:13:28.000Z</time>
        <extensions>
          <ns3:TrackPointExtension>
            <ns3:hr>157</ns3:hr>
          </ns3:TrackPointExtension>
        </extensions>
      </trkpt>
      <trkpt lat="24.48961813934147357940673828125" lon="118.10373888351023197174072265625">
        <ele>6</ele>
        <time>2025-05-04T10:13:29.000Z</time>
        <extensions>
          <ns3:TrackPointExtension>
            <ns3:hr>157</ns3:hr>
          </ns3:TrackPointExtension>
        </extensions>
      </trkpt>
      <trkpt lat="24.48963423259556293487548828125" lon="118.10370988212525844573974609375">
        <ele>5.80000019073486328125</ele>
        <time>2025-05-04T10:13:30.000Z</time>
        <extensions>
          <ns3:TrackPointExtension>
            <ns3:hr>157</ns3:hr>
          </ns3:TrackPointExtension>
        </extensions>
      </trkpt>
      <trkpt lat="24.48964814655482769012451171875" lon="118.10367870144546031951904296875">
        <ele>5.80000019073486328125</ele>
        <time>2025-05-04T10:13:31.000Z</time>
        <extensions>
          <ns3:TrackPointExtension>
            <ns3:hr>157</ns3:hr>
          </ns3:TrackPointExtension>
        </extensions>
      </trkpt>
      <trkpt lat="24.489660300314426422119140625" lon="118.10364626348018646240234375">
        <ele>5.599999904632568359375</ele>
        <time>2025-05-04T10:13:32.000Z</time>
        <extensions>
          <ns3:TrackPointExtension>
            <ns3:hr>157</ns3:hr>
          </ns3:TrackPointExtension>
        </extensions>
      </trkpt>
      <trkpt lat="24.48967136442661285400390625" lon="118.1036149151623249053955078125">
        <ele>5.599999904632568359375</ele>
        <time>2025-05-04T10:13:33.000Z</time>
        <extensions>
          <ns3:TrackPointExtension>
            <ns3:hr>157</ns3:hr>
          </ns3:TrackPointExtension>
        </extensions>
      </trkpt>
      <trkpt lat="24.4896802492439746856689453125" lon="118.103584237396717071533203125">
        <ele>5.599999904632568359375</ele>
        <time>2025-05-04T10:13:34.000Z</time>
        <extensions>
          <ns3:TrackPointExtension>
            <ns3:hr>157</ns3:hr>
          </ns3:TrackPointExtension>
        </extensions>
      </trkpt>
      <trkpt lat="24.489686451852321624755859375" lon="118.10355297289788722991943359375">
        <ele>5.599999904632568359375</ele>
        <time>2025-05-04T10:13:35.000Z</time>
        <extensions>
          <ns3:TrackPointExtension>
            <ns3:hr>157</ns3:hr>
          </ns3:TrackPointExtension>
        </extensions>
      </trkpt>
      <trkpt lat="24.48969072662293910980224609375" lon="118.10352061875164508819580078125">
        <ele>5.599999904632568359375</ele>
        <time>2025-05-04T10:13:36.000Z</time>
        <extensions>
          <ns3:TrackPointExtension>
            <ns3:hr>157</ns3:hr>
          </ns3:TrackPointExtension>
        </extensions>
      </trkpt>
      <trkpt lat="24.489693157374858856201171875" lon="118.10348692350089550018310546875">
        <ele>5.599999904632568359375</ele>
        <time>2025-05-04T10:13:37.000Z</time>
        <extensions>
          <ns3:TrackPointExtension>
            <ns3:hr>157</ns3:hr>
          </ns3:TrackPointExtension>
        </extensions>
      </trkpt>
      <trkpt lat="24.4896929897367954254150390625" lon="118.103452809154987335205078125">
        <ele>5.599999904632568359375</ele>
        <time>2025-05-04T10:13:38.000Z</time>
        <extensions>
          <ns3:TrackPointExtension>
            <ns3:hr>157</ns3:hr>
          </ns3:TrackPointExtension>
        </extensions>
      </trkpt>
      <trkpt lat="24.48969072662293910980224609375" lon="118.10341961681842803955078125">
        <ele>5.599999904632568359375</ele>
        <time>2025-05-04T10:13:39.000Z</time>
        <extensions>
          <ns3:TrackPointExtension>
            <ns3:hr>157</ns3:hr>
          </ns3:TrackPointExtension>
        </extensions>
      </trkpt>
      <trkpt lat="24.48968611657619476318359375" lon="118.103387765586376190185546875">
        <ele>5.599999904632568359375</ele>
        <time>2025-05-04T10:13:40.000Z</time>
        <extensions>
          <ns3:TrackPointExtension>
            <ns3:hr>157</ns3:hr>
          </ns3:TrackPointExtension>
        </extensions>
      </trkpt>
      <trkpt lat="24.48967865668237209320068359375" lon="118.1033570878207683563232421875">
        <ele>5.599999904632568359375</ele>
        <time>2025-05-04T10:13:41.000Z</time>
        <extensions>
          <ns3:TrackPointExtension>
            <ns3:hr>157</ns3:hr>
          </ns3:TrackPointExtension>
        </extensions>
      </trkpt>
      <trkpt lat="24.4896688498556613922119140625" lon="118.10332666151225566864013671875">
        <ele>5.80000019073486328125</ele>
        <time>2025-05-04T10:13:42.000Z</time>
        <extensions>
          <ns3:TrackPointExtension>
            <ns3:hr>157</ns3:hr>
          </ns3:TrackPointExtension>
        </extensions>
      </trkpt>
      <trkpt lat="24.48965652845799922943115234375" lon="118.10329598374664783477783203125">
        <ele>6</ele>
        <time>2025-05-04T10:13:43.000Z</time>
        <extensions>
          <ns3:TrackPointExtension>
            <ns3:hr>157</ns3:hr>
          </ns3:TrackPointExtension>
        </extensions>
      </trkpt>
      <trkpt lat="24.48964244686067104339599609375" lon="118.1032658927142620086669921875">
        <ele>6.19999980926513671875</ele>
        <time>2025-05-04T10:13:44.000Z</time>
        <extensions>
          <ns3:TrackPointExtension>
            <ns3:hr>157</ns3:hr>
          </ns3:TrackPointExtension>
        </extensions>
      </trkpt>
      <trkpt lat="24.4896266050636768341064453125" lon="118.1032367236912250518798828125">
        <ele>6.19999980926513671875</ele>
        <time>2025-05-04T10:13:45.000Z</time>
        <extensions>
          <ns3:TrackPointExtension>
            <ns3:hr>157</ns3:hr>
          </ns3:TrackPointExtension>
        </extensions>
      </trkpt>
      <trkpt lat="24.48960942216217517852783203125" lon="118.1032097339630126953125">
        <ele>6.400000095367431640625</ele>
        <time>2025-05-04T10:13:46.000Z</time>
        <extensions>
          <ns3:TrackPointExtension>
            <ns3:hr>157</ns3:hr>
          </ns3:TrackPointExtension>
        </extensions>
      </trkpt>
      <trkpt lat="24.4895910657942295074462890625" lon="118.1031840853393077850341796875">
        <ele>6.599999904632568359375</ele>
        <time>2025-05-04T10:13:47.000Z</time>
        <extensions>
          <ns3:TrackPointExtension>
            <ns3:hr>157</ns3:hr>
          </ns3:TrackPointExtension>
        </extensions>
      </trkpt>
      <trkpt lat="24.4895722903311252593994140625" lon="118.10315919108688831329345703125">
        <ele>6.80000019073486328125</ele>
        <time>2025-05-04T10:13:48.000Z</time>
        <extensions>
          <ns3:TrackPointExtension>
            <ns3:hr>157</ns3:hr>
          </ns3:TrackPointExtension>
        </extensions>
      </trkpt>
      <trkpt lat="24.4895525090396404266357421875" lon="118.103134967386722564697265625">
        <ele>7</ele>
        <time>2025-05-04T10:13:49.000Z</time>
        <extensions>
          <ns3:TrackPointExtension>
            <ns3:hr>157</ns3:hr>
          </ns3:TrackPointExtension>
        </extensions>
      </trkpt>
      <trkpt lat="24.48953096754848957061767578125" lon="118.1031116656959056854248046875">
        <ele>7</ele>
        <time>2025-05-04T10:13:50.000Z</time>
        <extensions>
          <ns3:TrackPointExtension>
            <ns3:hr>157</ns3:hr>
          </ns3:TrackPointExtension>
        </extensions>
      </trkpt>
      <trkpt lat="24.48950774967670440673828125" lon="118.1030905432999134063720703125">
        <ele>7.19999980926513671875</ele>
        <time>2025-05-04T10:13:51.000Z</time>
        <extensions>
          <ns3:TrackPointExtension>
            <ns3:hr>156</ns3:hr>
          </ns3:TrackPointExtension>
        </extensions>
      </trkpt>
      <trkpt lat="24.48948352597653865814208984375" lon="118.10307218693196773529052734375">
        <ele>7.400000095367431640625</ele>
        <time>2025-05-04T10:13:52.000Z</time>
        <extensions>
          <ns3:TrackPointExtension>
            <ns3:hr>156</ns3:hr>
          </ns3:TrackPointExtension>
        </extensions>
      </trkpt>
      <trkpt lat="24.4894582964479923248291015625" lon="118.1030555069446563720703125">
        <ele>7.599999904632568359375</ele>
        <time>2025-05-04T10:13:53.000Z</time>
        <extensions>
          <ns3:TrackPointExtension>
            <ns3:hr>156</ns3:hr>
          </ns3:TrackPointExtension>
        </extensions>
      </trkpt>
      <trkpt lat="24.48943206109106540679931640625" lon="118.10303966514766216278076171875">
        <ele>7.599999904632568359375</ele>
        <time>2025-05-04T10:13:54.000Z</time>
        <extensions>
          <ns3:TrackPointExtension>
            <ns3:hr>156</ns3:hr>
          </ns3:TrackPointExtension>
        </extensions>
      </trkpt>
      <trkpt lat="24.48940448462963104248046875" lon="118.103026337921619415283203125">
        <ele>7.80000019073486328125</ele>
        <time>2025-05-04T10:13:55.000Z</time>
        <extensions>
          <ns3:TrackPointExtension>
            <ns3:hr>156</ns3:hr>
          </ns3:TrackPointExtension>
        </extensions>
      </trkpt>
      <trkpt lat="24.489375650882720947265625" lon="118.1030166149139404296875">
        <ele>8</ele>
        <time>2025-05-04T10:13:56.000Z</time>
        <extensions>
          <ns3:TrackPointExtension>
            <ns3:hr>155</ns3:hr>
          </ns3:TrackPointExtension>
        </extensions>
      </trkpt>
      <trkpt lat="24.489346481859683990478515625" lon="118.10301057994365692138671875">
        <ele>8</ele>
        <time>2025-05-04T10:13:57.000Z</time>
        <extensions>
          <ns3:TrackPointExtension>
            <ns3:hr>155</ns3:hr>
          </ns3:TrackPointExtension>
        </extensions>
      </trkpt>
      <trkpt lat="24.4893174804747104644775390625" lon="118.1030073948204517364501953125">
        <ele>8.19999980926513671875</ele>
        <time>2025-05-04T10:13:58.000Z</time>
        <extensions>
          <ns3:TrackPointExtension>
            <ns3:hr>155</ns3:hr>
          </ns3:TrackPointExtension>
        </extensions>
      </trkpt>
      <trkpt lat="24.48928856290876865386962890625" lon="118.103005886077880859375">
        <ele>8.3999996185302734375</ele>
        <time>2025-05-04T10:13:59.000Z</time>
        <extensions>
          <ns3:TrackPointExtension>
            <ns3:hr>155</ns3:hr>
          </ns3:TrackPointExtension>
        </extensions>
      </trkpt>
      <trkpt lat="24.48925905860960483551025390625" lon="118.1030057184398174285888671875">
        <ele>8.3999996185302734375</ele>
        <time>2025-05-04T10:14:00.000Z</time>
        <extensions>
          <ns3:TrackPointExtension>
            <ns3:hr>156</ns3:hr>
          </ns3:TrackPointExtension>
        </extensions>
      </trkpt>
      <trkpt lat="24.4892293028533458709716796875" lon="118.10300731100142002105712890625">
        <ele>8.6000003814697265625</ele>
        <time>2025-05-04T10:14:01.000Z</time>
        <extensions>
          <ns3:TrackPointExtension>
            <ns3:hr>156</ns3:hr>
          </ns3:TrackPointExtension>
        </extensions>
      </trkpt>
      <trkpt lat="24.489199630916118621826171875" lon="118.10301150195300579071044921875">
        <ele>8.6000003814697265625</ele>
        <time>2025-05-04T10:14:02.000Z</time>
        <extensions>
          <ns3:TrackPointExtension>
            <ns3:hr>156</ns3:hr>
          </ns3:TrackPointExtension>
        </extensions>
      </trkpt>
      <trkpt lat="24.48917054571211338043212890625" lon="118.10301871038973331451416015625">
        <ele>8.6000003814697265625</ele>
        <time>2025-05-04T10:14:03.000Z</time>
        <extensions>
          <ns3:TrackPointExtension>
            <ns3:hr>156</ns3:hr>
          </ns3:TrackPointExtension>
        </extensions>
      </trkpt>
      <trkpt lat="24.48914229869842529296875" lon="118.10302843339741230010986328125">
        <ele>8.3999996185302734375</ele>
        <time>2025-05-04T10:14:04.000Z</time>
        <extensions>
          <ns3:TrackPointExtension>
            <ns3:hr>156</ns3:hr>
          </ns3:TrackPointExtension>
        </extensions>
      </trkpt>
      <trkpt lat="24.4891149736940860748291015625" lon="118.10304000042378902435302734375">
        <ele>8.19999980926513671875</ele>
        <time>2025-05-04T10:14:05.000Z</time>
        <extensions>
          <ns3:TrackPointExtension>
            <ns3:hr>156</ns3:hr>
          </ns3:TrackPointExtension>
        </extensions>
      </trkpt>
      <trkpt lat="24.4890878163278102874755859375" lon="118.103051818907260894775390625">
        <ele>7.80000019073486328125</ele>
        <time>2025-05-04T10:14:06.000Z</time>
        <extensions>
          <ns3:TrackPointExtension>
            <ns3:hr>156</ns3:hr>
          </ns3:TrackPointExtension>
        </extensions>
      </trkpt>
      <trkpt lat="24.4890603236854076385498046875" lon="118.10306279920041561126708984375">
        <ele>7.599999904632568359375</ele>
        <time>2025-05-04T10:14:07.000Z</time>
        <extensions>
          <ns3:TrackPointExtension>
            <ns3:hr>157</ns3:hr>
          </ns3:TrackPointExtension>
        </extensions>
      </trkpt>
      <trkpt lat="24.48903274722397327423095703125" lon="118.103072941303253173828125">
        <ele>7.400000095367431640625</ele>
        <time>2025-05-04T10:14:08.000Z</time>
        <extensions>
          <ns3:TrackPointExtension>
            <ns3:hr>157</ns3:hr>
          </ns3:TrackPointExtension>
        </extensions>
      </trkpt>
      <trkpt lat="24.48900525458157062530517578125" lon="118.10308190993964672088623046875">
        <ele>7.19999980926513671875</ele>
        <time>2025-05-04T10:14:09.000Z</time>
        <extensions>
          <ns3:TrackPointExtension>
            <ns3:hr>156</ns3:hr>
          </ns3:TrackPointExtension>
        </extensions>
      </trkpt>
      <trkpt lat="24.48897801339626312255859375" lon="118.10309096239507198333740234375">
        <ele>7.19999980926513671875</ele>
        <time>2025-05-04T10:14:10.000Z</time>
        <extensions>
          <ns3:TrackPointExtension>
            <ns3:hr>156</ns3:hr>
          </ns3:TrackPointExtension>
        </extensions>
      </trkpt>
      <trkpt lat="24.48895110748708248138427734375" lon="118.10310102067887783050537109375">
        <ele>7.400000095367431640625</ele>
        <time>2025-05-04T10:14:11.000Z</time>
        <extensions>
          <ns3:TrackPointExtension>
            <ns3:hr>156</ns3:hr>
          </ns3:TrackPointExtension>
        </extensions>
      </trkpt>
      <trkpt lat="24.48892445303499698638916015625" lon="118.103112168610095977783203125">
        <ele>7.599999904632568359375</ele>
        <time>2025-05-04T10:14:12.000Z</time>
        <extensions>
          <ns3:TrackPointExtension>
            <ns3:hr>156</ns3:hr>
          </ns3:TrackPointExtension>
        </extensions>
      </trkpt>
      <trkpt lat="24.48889754712581634521484375" lon="118.1031239032745361328125">
        <ele>7.80000019073486328125</ele>
        <time>2025-05-04T10:14:13.000Z</time>
        <extensions>
          <ns3:TrackPointExtension>
            <ns3:hr>156</ns3:hr>
          </ns3:TrackPointExtension>
        </extensions>
      </trkpt>
      <trkpt lat="24.48887080885469913482666015625" lon="118.10313672758638858795166015625">
        <ele>8</ele>
        <time>2025-05-04T10:14:14.000Z</time>
        <extensions>
          <ns3:TrackPointExtension>
            <ns3:hr>156</ns3:hr>
          </ns3:TrackPointExtension>
        </extensions>
      </trkpt>
      <trkpt lat="24.48884465731680393218994140625" lon="118.10314879752695560455322265625">
        <ele>8.19999980926513671875</ele>
        <time>2025-05-04T10:14:15.000Z</time>
        <extensions>
          <ns3:TrackPointExtension>
            <ns3:hr>156</ns3:hr>
          </ns3:TrackPointExtension>
        </extensions>
      </trkpt>
      <trkpt lat="24.488818086683750152587890625" lon="118.103158436715602874755859375">
        <ele>8.3999996185302734375</ele>
        <time>2025-05-04T10:14:16.000Z</time>
        <extensions>
          <ns3:TrackPointExtension>
            <ns3:hr>156</ns3:hr>
          </ns3:TrackPointExtension>
        </extensions>
      </trkpt>
      <trkpt lat="24.48879084549844264984130859375" lon="118.10316748917102813720703125">
        <ele>8.6000003814697265625</ele>
        <time>2025-05-04T10:14:17.000Z</time>
        <extensions>
          <ns3:TrackPointExtension>
            <ns3:hr>156</ns3:hr>
          </ns3:TrackPointExtension>
        </extensions>
      </trkpt>
      <trkpt lat="24.48876402340829372406005859375" lon="118.10317779891192913055419921875">
        <ele>8.3999996185302734375</ele>
        <time>2025-05-04T10:14:18.000Z</time>
        <extensions>
          <ns3:TrackPointExtension>
            <ns3:hr>156</ns3:hr>
          </ns3:TrackPointExtension>
        </extensions>
      </trkpt>
      <trkpt lat="24.48873795568943023681640625" lon="118.103189952671527862548828125">
        <ele>8.19999980926513671875</ele>
        <time>2025-05-04T10:14:19.000Z</time>
        <extensions>
          <ns3:TrackPointExtension>
            <ns3:hr>156</ns3:hr>
          </ns3:TrackPointExtension>
        </extensions>
      </trkpt>
      <trkpt lat="24.48871255852282047271728515625" lon="118.1032028608024120330810546875">
        <ele>8</ele>
        <time>2025-05-04T10:14:20.000Z</time>
        <extensions>
          <ns3:TrackPointExtension>
            <ns3:hr>156</ns3:hr>
          </ns3:TrackPointExtension>
        </extensions>
      </trkpt>
      <trkpt lat="24.488687999546527862548828125" lon="118.10321551747620105743408203125">
        <ele>7.80000019073486328125</ele>
        <time>2025-05-04T10:14:21.000Z</time>
        <extensions>
          <ns3:TrackPointExtension>
            <ns3:hr>156</ns3:hr>
          </ns3:TrackPointExtension>
        </extensions>
      </trkpt>
      <trkpt lat="24.48866444639861583709716796875" lon="118.10322741977870464324951171875">
        <ele>7.599999904632568359375</ele>
        <time>2025-05-04T10:14:22.000Z</time>
        <extensions>
          <ns3:TrackPointExtension>
            <ns3:hr>157</ns3:hr>
          </ns3:TrackPointExtension>
        </extensions>
      </trkpt>
      <trkpt lat="24.4886402226984500885009765625" lon="118.10323848389089107513427734375">
        <ele>7.599999904632568359375</ele>
        <time>2025-05-04T10:14:23.000Z</time>
        <extensions>
          <ns3:TrackPointExtension>
            <ns3:hr>157</ns3:hr>
          </ns3:TrackPointExtension>
        </extensions>
      </trkpt>
      <trkpt lat="24.48861365206539630889892578125" lon="118.1032491289079189300537109375">
        <ele>7.400000095367431640625</ele>
        <time>2025-05-04T10:14:24.000Z</time>
        <extensions>
          <ns3:TrackPointExtension>
            <ns3:hr>157</ns3:hr>
          </ns3:TrackPointExtension>
        </extensions>
      </trkpt>
      <trkpt lat="24.48858532123267650604248046875" lon="118.10326027683913707733154296875">
        <ele>7.400000095367431640625</ele>
        <time>2025-05-04T10:14:25.000Z</time>
        <extensions>
          <ns3:TrackPointExtension>
            <ns3:hr>157</ns3:hr>
          </ns3:TrackPointExtension>
        </extensions>
      </trkpt>
      <trkpt lat="24.4885564036667346954345703125" lon="118.10327134095132350921630859375">
        <ele>7.599999904632568359375</ele>
        <time>2025-05-04T10:14:26.000Z</time>
        <extensions>
          <ns3:TrackPointExtension>
            <ns3:hr>157</ns3:hr>
          </ns3:TrackPointExtension>
        </extensions>
      </trkpt>
      <trkpt lat="24.48852765373885631561279296875" lon="118.103282153606414794921875">
        <ele>7.80000019073486328125</ele>
        <time>2025-05-04T10:14:27.000Z</time>
        <extensions>
          <ns3:TrackPointExtension>
            <ns3:hr>158</ns3:hr>
          </ns3:TrackPointExtension>
        </extensions>
      </trkpt>
      <trkpt lat="24.48850032873451709747314453125" lon="118.103292547166347503662109375">
        <ele>8</ele>
        <time>2025-05-04T10:14:28.000Z</time>
        <extensions>
          <ns3:TrackPointExtension>
            <ns3:hr>158</ns3:hr>
          </ns3:TrackPointExtension>
        </extensions>
      </trkpt>
      <trkpt lat="24.48847417719662189483642578125" lon="118.10330268926918506622314453125">
        <ele>8</ele>
        <time>2025-05-04T10:14:29.000Z</time>
        <extensions>
          <ns3:TrackPointExtension>
            <ns3:hr>158</ns3:hr>
          </ns3:TrackPointExtension>
        </extensions>
      </trkpt>
      <trkpt lat="24.48844785802066326141357421875" lon="118.10331308282911777496337890625">
        <ele>8.19999980926513671875</ele>
        <time>2025-05-04T10:14:30.000Z</time>
        <extensions>
          <ns3:TrackPointExtension>
            <ns3:hr>158</ns3:hr>
          </ns3:TrackPointExtension>
        </extensions>
      </trkpt>
      <trkpt lat="24.48842204175889492034912109375" lon="118.1033238954842090606689453125">
        <ele>8.19999980926513671875</ele>
        <time>2025-05-04T10:14:31.000Z</time>
        <extensions>
          <ns3:TrackPointExtension>
            <ns3:hr>158</ns3:hr>
          </ns3:TrackPointExtension>
        </extensions>
      </trkpt>
      <trkpt lat="24.48839664459228515625" lon="118.103335462510585784912109375">
        <ele>8</ele>
        <time>2025-05-04T10:14:32.000Z</time>
        <extensions>
          <ns3:TrackPointExtension>
            <ns3:hr>158</ns3:hr>
          </ns3:TrackPointExtension>
        </extensions>
      </trkpt>
      <trkpt lat="24.48837124742567539215087890625" lon="118.103349208831787109375">
        <ele>8.3999996185302734375</ele>
        <time>2025-05-04T10:14:33.000Z</time>
        <extensions>
          <ns3:TrackPointExtension>
            <ns3:hr>158</ns3:hr>
          </ns3:TrackPointExtension>
        </extensions>
      </trkpt>
      <trkpt lat="24.4883468560874462127685546875" lon="118.1033661402761936187744140625">
        <ele>8.80000019073486328125</ele>
        <time>2025-05-04T10:14:34.000Z</time>
        <extensions>
          <ns3:TrackPointExtension>
            <ns3:hr>158</ns3:hr>
          </ns3:TrackPointExtension>
        </extensions>
      </trkpt>
      <trkpt lat="24.4883250631392002105712890625" lon="118.10338701121509075164794921875">
        <ele>9.19999980926513671875</ele>
        <time>2025-05-04T10:14:35.000Z</time>
        <extensions>
          <ns3:TrackPointExtension>
            <ns3:hr>158</ns3:hr>
          </ns3:TrackPointExtension>
        </extensions>
      </trkpt>
      <trkpt lat="24.4883059523999691009521484375" lon="118.10341081582009792327880859375">
        <ele>9.19999980926513671875</ele>
        <time>2025-05-04T10:14:36.000Z</time>
        <extensions>
          <ns3:TrackPointExtension>
            <ns3:hr>158</ns3:hr>
          </ns3:TrackPointExtension>
        </extensions>
      </trkpt>
      <trkpt lat="24.4882895238697528839111328125" lon="118.1034365482628345489501953125">
        <ele>9.19999980926513671875</ele>
        <time>2025-05-04T10:14:37.000Z</time>
        <extensions>
          <ns3:TrackPointExtension>
            <ns3:hr>158</ns3:hr>
          </ns3:TrackPointExtension>
        </extensions>
      </trkpt>
      <trkpt lat="24.48827519081532955169677734375" lon="118.1034637056291103363037109375">
        <ele>9.19999980926513671875</ele>
        <time>2025-05-04T10:14:38.000Z</time>
        <extensions>
          <ns3:TrackPointExtension>
            <ns3:hr>158</ns3:hr>
          </ns3:TrackPointExtension>
        </extensions>
      </trkpt>
      <trkpt lat="24.48826161213219165802001953125" lon="118.1034911982715129852294921875">
        <ele>9.19999980926513671875</ele>
        <time>2025-05-04T10:14:39.000Z</time>
        <extensions>
          <ns3:TrackPointExtension>
            <ns3:hr>157</ns3:hr>
          </ns3:TrackPointExtension>
        </extensions>
      </trkpt>
      <trkpt lat="24.48824937455356121063232421875" lon="118.10351885855197906494140625">
        <ele>9.3999996185302734375</ele>
        <time>2025-05-04T10:14:40.000Z</time>
        <extensions>
          <ns3:TrackPointExtension>
            <ns3:hr>157</ns3:hr>
          </ns3:TrackPointExtension>
        </extensions>
      </trkpt>
      <trkpt lat="24.48823881335556507110595703125" lon="118.1035475246608257293701171875">
        <ele>9.3999996185302734375</ele>
        <time>2025-05-04T10:14:41.000Z</time>
        <extensions>
          <ns3:TrackPointExtension>
            <ns3:hr>157</ns3:hr>
          </ns3:TrackPointExtension>
        </extensions>
      </trkpt>
      <trkpt lat="24.48822992853820323944091796875" lon="118.10357744805514812469482421875">
        <ele>9.3999996185302734375</ele>
        <time>2025-05-04T10:14:42.000Z</time>
        <extensions>
          <ns3:TrackPointExtension>
            <ns3:hr>157</ns3:hr>
          </ns3:TrackPointExtension>
        </extensions>
      </trkpt>
      <trkpt lat="24.48822305537760257720947265625" lon="118.1036085449159145355224609375">
        <ele>9.3999996185302734375</ele>
        <time>2025-05-04T10:14:43.000Z</time>
        <extensions>
          <ns3:TrackPointExtension>
            <ns3:hr>157</ns3:hr>
          </ns3:TrackPointExtension>
        </extensions>
      </trkpt>
      <trkpt lat="24.48821852914988994598388671875" lon="118.10364047996699810028076171875">
        <ele>9.3999996185302734375</ele>
        <time>2025-05-04T10:14:44.000Z</time>
        <extensions>
          <ns3:TrackPointExtension>
            <ns3:hr>157</ns3:hr>
          </ns3:TrackPointExtension>
        </extensions>
      </trkpt>
      <trkpt lat="24.4882164336740970611572265625" lon="118.10367283411324024200439453125">
        <ele>9.19999980926513671875</ele>
        <time>2025-05-04T10:14:45.000Z</time>
        <extensions>
          <ns3:TrackPointExtension>
            <ns3:hr>157</ns3:hr>
          </ns3:TrackPointExtension>
        </extensions>
      </trkpt>
      <trkpt lat="24.4882171042263507843017578125" lon="118.103705607354640960693359375">
        <ele>9</ele>
        <time>2025-05-04T10:14:46.000Z</time>
        <extensions>
          <ns3:TrackPointExtension>
            <ns3:hr>157</ns3:hr>
          </ns3:TrackPointExtension>
        </extensions>
      </trkpt>
      <trkpt lat="24.4882197864353656768798828125" lon="118.10373754240572452545166015625">
        <ele>8.6000003814697265625</ele>
        <time>2025-05-04T10:14:47.000Z</time>
        <extensions>
          <ns3:TrackPointExtension>
            <ns3:hr>157</ns3:hr>
          </ns3:TrackPointExtension>
        </extensions>
      </trkpt>
      <trkpt lat="24.4882231391966342926025390625" lon="118.10376838780939579010009765625">
        <ele>8</ele>
        <time>2025-05-04T10:14:48.000Z</time>
        <extensions>
          <ns3:TrackPointExtension>
            <ns3:hr>157</ns3:hr>
          </ns3:TrackPointExtension>
        </extensions>
      </trkpt>
      <trkpt lat="24.48822825215756893157958984375" lon="118.10379889793694019317626953125">
        <ele>7.599999904632568359375</ele>
        <time>2025-05-04T10:14:49.000Z</time>
        <extensions>
          <ns3:TrackPointExtension>
            <ns3:hr>157</ns3:hr>
          </ns3:TrackPointExtension>
        </extensions>
      </trkpt>
      <trkpt lat="24.4882355444133281707763671875" lon="118.10382957570254802703857421875">
        <ele>7</ele>
        <time>2025-05-04T10:14:50.000Z</time>
        <extensions>
          <ns3:TrackPointExtension>
            <ns3:hr>157</ns3:hr>
          </ns3:TrackPointExtension>
        </extensions>
      </trkpt>
      <trkpt lat="24.4882449321448802947998046875" lon="118.103859834372997283935546875">
        <ele>6.599999904632568359375</ele>
        <time>2025-05-04T10:14:51.000Z</time>
        <extensions>
          <ns3:TrackPointExtension>
            <ns3:hr>157</ns3:hr>
          </ns3:TrackPointExtension>
        </extensions>
      </trkpt>
      <trkpt lat="24.48825725354254245758056640625" lon="118.10388959012925624847412109375">
        <ele>6</ele>
        <time>2025-05-04T10:14:52.000Z</time>
        <extensions>
          <ns3:TrackPointExtension>
            <ns3:hr>157</ns3:hr>
          </ns3:TrackPointExtension>
        </extensions>
      </trkpt>
      <trkpt lat="24.4882717542350292205810546875" lon="118.103918172419071197509765625">
        <ele>5.599999904632568359375</ele>
        <time>2025-05-04T10:14:53.000Z</time>
        <extensions>
          <ns3:TrackPointExtension>
            <ns3:hr>157</ns3:hr>
          </ns3:TrackPointExtension>
        </extensions>
      </trkpt>
      <trkpt lat="24.4882880151271820068359375" lon="118.10394532978534698486328125">
        <ele>5.19999980926513671875</ele>
        <time>2025-05-04T10:14:54.000Z</time>
        <extensions>
          <ns3:TrackPointExtension>
            <ns3:hr>157</ns3:hr>
          </ns3:TrackPointExtension>
        </extensions>
      </trkpt>
      <trkpt lat="24.48830570094287395477294921875" lon="118.10397081077098846435546875">
        <ele>5</ele>
        <time>2025-05-04T10:14:55.000Z</time>
        <extensions>
          <ns3:TrackPointExtension>
            <ns3:hr>157</ns3:hr>
          </ns3:TrackPointExtension>
        </extensions>
      </trkpt>
      <trkpt lat="24.48832497932016849517822265625" lon="118.10399486683309078216552734375">
        <ele>4.80000019073486328125</ele>
        <time>2025-05-04T10:14:56.000Z</time>
        <extensions>
          <ns3:TrackPointExtension>
            <ns3:hr>157</ns3:hr>
          </ns3:TrackPointExtension>
        </extensions>
      </trkpt>
      <trkpt lat="24.48834526352584362030029296875" lon="118.10401766560971736907958984375">
        <ele>4.80000019073486328125</ele>
        <time>2025-05-04T10:14:57.000Z</time>
        <extensions>
          <ns3:TrackPointExtension>
            <ns3:hr>157</ns3:hr>
          </ns3:TrackPointExtension>
        </extensions>
      </trkpt>
      <trkpt lat="24.4883657991886138916015625" lon="118.1040390394628047943115234375">
        <ele>4.599999904632568359375</ele>
        <time>2025-05-04T10:14:58.000Z</time>
        <extensions>
          <ns3:TrackPointExtension>
            <ns3:hr>157</ns3:hr>
          </ns3:TrackPointExtension>
        </extensions>
      </trkpt>
      <trkpt lat="24.48838734067976474761962890625" lon="118.104058317840099334716796875">
        <ele>4.400000095367431640625</ele>
        <time>2025-05-04T10:14:59.000Z</time>
        <extensions>
          <ns3:TrackPointExtension>
            <ns3:hr>157</ns3:hr>
          </ns3:TrackPointExtension>
        </extensions>
      </trkpt>
      <trkpt lat="24.48841072618961334228515625" lon="118.10407583601772785186767578125">
        <ele>4.19999980926513671875</ele>
        <time>2025-05-04T10:15:00.000Z</time>
        <extensions>
          <ns3:TrackPointExtension>
            <ns3:hr>158</ns3:hr>
          </ns3:TrackPointExtension>
        </extensions>
      </trkpt>
      <trkpt lat="24.48843494988977909088134765625" lon="118.104092180728912353515625">
        <ele>4</ele>
        <time>2025-05-04T10:15:01.000Z</time>
        <extensions>
          <ns3:TrackPointExtension>
            <ns3:hr>158</ns3:hr>
          </ns3:TrackPointExtension>
        </extensions>
      </trkpt>
      <trkpt lat="24.48845992796123027801513671875" lon="118.10410718433558940887451171875">
        <ele>4.19999980926513671875</ele>
        <time>2025-05-04T10:15:02.000Z</time>
        <extensions>
          <ns3:TrackPointExtension>
            <ns3:hr>158</ns3:hr>
          </ns3:TrackPointExtension>
        </extensions>
      </trkpt>
      <trkpt lat="24.48848742060363292694091796875" lon="118.10412042774260044097900390625">
        <ele>4.400000095367431640625</ele>
        <time>2025-05-04T10:15:03.000Z</time>
        <extensions>
          <ns3:TrackPointExtension>
            <ns3:hr>158</ns3:hr>
          </ns3:TrackPointExtension>
        </extensions>
      </trkpt>
      <trkpt lat="24.488516338169574737548828125" lon="118.104131408035755157470703125">
        <ele>4.599999904632568359375</ele>
        <time>2025-05-04T10:15:04.000Z</time>
        <extensions>
          <ns3:TrackPointExtension>
            <ns3:hr>158</ns3:hr>
          </ns3:TrackPointExtension>
        </extensions>
      </trkpt>
      <trkpt lat="24.48854492045938968658447265625" lon="118.10413953848183155059814453125">
        <ele>4.80000019073486328125</ele>
        <time>2025-05-04T10:15:05.000Z</time>
        <extensions>
          <ns3:TrackPointExtension>
            <ns3:hr>158</ns3:hr>
          </ns3:TrackPointExtension>
        </extensions>
      </trkpt>
      <trkpt lat="24.48857341893017292022705078125" lon="118.10414590872824192047119140625">
        <ele>5</ele>
        <time>2025-05-04T10:15:06.000Z</time>
        <extensions>
          <ns3:TrackPointExtension>
            <ns3:hr>158</ns3:hr>
          </ns3:TrackPointExtension>
        </extensions>
      </trkpt>
      <trkpt lat="24.48860250413417816162109375" lon="118.1041503511369228363037109375">
        <ele>5.19999980926513671875</ele>
        <time>2025-05-04T10:15:07.000Z</time>
        <extensions>
          <ns3:TrackPointExtension>
            <ns3:hr>158</ns3:hr>
          </ns3:TrackPointExtension>
        </extensions>
      </trkpt>
      <trkpt lat="24.4886318407952785491943359375" lon="118.10415227897465229034423828125">
        <ele>5.400000095367431640625</ele>
        <time>2025-05-04T10:15:08.000Z</time>
        <extensions>
          <ns3:TrackPointExtension>
            <ns3:hr>158</ns3:hr>
          </ns3:TrackPointExtension>
        </extensions>
      </trkpt>
      <trkpt lat="24.4886606745421886444091796875" lon="118.1041510216891765594482421875">
        <ele>5.599999904632568359375</ele>
        <time>2025-05-04T10:15:09.000Z</time>
        <extensions>
          <ns3:TrackPointExtension>
            <ns3:hr>158</ns3:hr>
          </ns3:TrackPointExtension>
        </extensions>
      </trkpt>
      <trkpt lat="24.4886881671845912933349609375" lon="118.10414624400436878204345703125">
        <ele>5.599999904632568359375</ele>
        <time>2025-05-04T10:15:10.000Z</time>
        <extensions>
          <ns3:TrackPointExtension>
            <ns3:hr>158</ns3:hr>
          </ns3:TrackPointExtension>
        </extensions>
      </trkpt>
      <trkpt lat="24.488715492188930511474609375" lon="118.104138784110546112060546875">
        <ele>5.599999904632568359375</ele>
        <time>2025-05-04T10:15:11.000Z</time>
        <extensions>
          <ns3:TrackPointExtension>
            <ns3:hr>158</ns3:hr>
          </ns3:TrackPointExtension>
        </extensions>
      </trkpt>
      <trkpt lat="24.48874323628842830657958984375" lon="118.104130737483501434326171875">
        <ele>6.19999980926513671875</ele>
        <time>2025-05-04T10:15:12.000Z</time>
        <extensions>
          <ns3:TrackPointExtension>
            <ns3:hr>158</ns3:hr>
          </ns3:TrackPointExtension>
        </extensions>
      </trkpt>
      <trkpt lat="24.4887716509401798248291015625" lon="118.10412235558032989501953125">
        <ele>6.80000019073486328125</ele>
        <time>2025-05-04T10:15:13.000Z</time>
        <extensions>
          <ns3:TrackPointExtension>
            <ns3:hr>158</ns3:hr>
          </ns3:TrackPointExtension>
        </extensions>
      </trkpt>
      <trkpt lat="24.488799981772899627685546875" lon="118.10411305166780948638916015625">
        <ele>7.19999980926513671875</ele>
        <time>2025-05-04T10:15:14.000Z</time>
        <extensions>
          <ns3:TrackPointExtension>
            <ns3:hr>158</ns3:hr>
          </ns3:TrackPointExtension>
        </extensions>
      </trkpt>
      <trkpt lat="24.4888273067772388458251953125" lon="118.10410249046981334686279296875">
        <ele>7.80000019073486328125</ele>
        <time>2025-05-04T10:15:15.000Z</time>
        <extensions>
          <ns3:TrackPointExtension>
            <ns3:hr>158</ns3:hr>
          </ns3:TrackPointExtension>
        </extensions>
      </trkpt>
      <trkpt lat="24.4888544641435146331787109375" lon="118.10409151017665863037109375">
        <ele>8.3999996185302734375</ele>
        <time>2025-05-04T10:15:16.000Z</time>
        <extensions>
          <ns3:TrackPointExtension>
            <ns3:hr>158</ns3:hr>
          </ns3:TrackPointExtension>
        </extensions>
      </trkpt>
      <trkpt lat="24.488882124423980712890625" lon="118.10408052988350391387939453125">
        <ele>8.80000019073486328125</ele>
        <time>2025-05-04T10:15:17.000Z</time>
        <extensions>
          <ns3:TrackPointExtension>
            <ns3:hr>158</ns3:hr>
          </ns3:TrackPointExtension>
        </extensions>
      </trkpt>
      <trkpt lat="24.4889101199805736541748046875" lon="118.10406980104744434356689453125">
        <ele>9.19999980926513671875</ele>
        <time>2025-05-04T10:15:18.000Z</time>
        <extensions>
          <ns3:TrackPointExtension>
            <ns3:hr>158</ns3:hr>
          </ns3:TrackPointExtension>
        </extensions>
      </trkpt>
      <trkpt lat="24.48893786408007144927978515625" lon="118.104060329496860504150390625">
        <ele>9.3999996185302734375</ele>
        <time>2025-05-04T10:15:19.000Z</time>
        <extensions>
          <ns3:TrackPointExtension>
            <ns3:hr>158</ns3:hr>
          </ns3:TrackPointExtension>
        </extensions>
      </trkpt>
      <trkpt lat="24.488964937627315521240234375" lon="118.10405186377465724945068359375">
        <ele>9.80000019073486328125</ele>
        <time>2025-05-04T10:15:20.000Z</time>
        <extensions>
          <ns3:TrackPointExtension>
            <ns3:hr>158</ns3:hr>
          </ns3:TrackPointExtension>
        </extensions>
      </trkpt>
      <trkpt lat="24.48899134062230587005615234375" lon="118.10404323041439056396484375">
        <ele>10</ele>
        <time>2025-05-04T10:15:21.000Z</time>
        <extensions>
          <ns3:TrackPointExtension>
            <ns3:hr>158</ns3:hr>
          </ns3:TrackPointExtension>
        </extensions>
      </trkpt>
      <trkpt lat="24.48901782743632793426513671875" lon="118.10403426177799701690673828125">
        <ele>10</ele>
        <time>2025-05-04T10:15:22.000Z</time>
        <extensions>
          <ns3:TrackPointExtension>
            <ns3:hr>158</ns3:hr>
          </ns3:TrackPointExtension>
        </extensions>
      </trkpt>
      <trkpt lat="24.48904481716454029083251953125" lon="118.1040249578654766082763671875">
        <ele>9.80000019073486328125</ele>
        <time>2025-05-04T10:15:23.000Z</time>
        <extensions>
          <ns3:TrackPointExtension>
            <ns3:hr>158</ns3:hr>
          </ns3:TrackPointExtension>
        </extensions>
      </trkpt>
      <trkpt lat="24.4890727289021015167236328125" lon="118.10401515103876590728759765625">
        <ele>9.6000003814697265625</ele>
        <time>2025-05-04T10:15:24.000Z</time>
        <extensions>
          <ns3:TrackPointExtension>
            <ns3:hr>158</ns3:hr>
          </ns3:TrackPointExtension>
        </extensions>
      </trkpt>
      <trkpt lat="24.4891008920967578887939453125" lon="118.1040048412978649139404296875">
        <ele>9.80000019073486328125</ele>
        <time>2025-05-04T10:15:25.000Z</time>
        <extensions>
          <ns3:TrackPointExtension>
            <ns3:hr>158</ns3:hr>
          </ns3:TrackPointExtension>
        </extensions>
      </trkpt>
      <trkpt lat="24.48912955820560455322265625" lon="118.10399369336664676666259765625">
        <ele>10.19999980926513671875</ele>
        <time>2025-05-04T10:15:26.000Z</time>
        <extensions>
          <ns3:TrackPointExtension>
            <ns3:hr>158</ns3:hr>
          </ns3:TrackPointExtension>
        </extensions>
      </trkpt>
      <trkpt lat="24.48915814049541950225830078125" lon="118.1039822101593017578125">
        <ele>10.6000003814697265625</ele>
        <time>2025-05-04T10:15:27.000Z</time>
        <extensions>
          <ns3:TrackPointExtension>
            <ns3:hr>158</ns3:hr>
          </ns3:TrackPointExtension>
        </extensions>
      </trkpt>
      <trkpt lat="24.48918588459491729736328125" lon="118.10397139750421047210693359375">
        <ele>10.80000019073486328125</ele>
        <time>2025-05-04T10:15:28.000Z</time>
        <extensions>
          <ns3:TrackPointExtension>
            <ns3:hr>158</ns3:hr>
          </ns3:TrackPointExtension>
        </extensions>
      </trkpt>
      <trkpt lat="24.4892125390470027923583984375" lon="118.1039615906774997711181640625">
        <ele>11.19999980926513671875</ele>
        <time>2025-05-04T10:15:29.000Z</time>
        <extensions>
          <ns3:TrackPointExtension>
            <ns3:hr>158</ns3:hr>
          </ns3:TrackPointExtension>
        </extensions>
      </trkpt>
      <trkpt lat="24.48923860676586627960205078125" lon="118.1039518676698207855224609375">
        <ele>11.6000003814697265625</ele>
        <time>2025-05-04T10:15:30.000Z</time>
        <extensions>
          <ns3:TrackPointExtension>
            <ns3:hr>158</ns3:hr>
          </ns3:TrackPointExtension>
        </extensions>
      </trkpt>
      <trkpt lat="24.4892645068466663360595703125" lon="118.10394155792891979217529296875">
        <ele>11.80000019073486328125</ele>
        <time>2025-05-04T10:15:31.000Z</time>
        <extensions>
          <ns3:TrackPointExtension>
            <ns3:hr>158</ns3:hr>
          </ns3:TrackPointExtension>
        </extensions>
      </trkpt>
      <trkpt lat="24.48929074220359325408935546875" lon="118.10393066145479679107666015625">
        <ele>11.6000003814697265625</ele>
        <time>2025-05-04T10:15:32.000Z</time>
        <extensions>
          <ns3:TrackPointExtension>
            <ns3:hr>158</ns3:hr>
          </ns3:TrackPointExtension>
        </extensions>
      </trkpt>
      <trkpt lat="24.48931731283664703369140625" lon="118.103920184075832366943359375">
        <ele>11</ele>
        <time>2025-05-04T10:15:33.000Z</time>
        <extensions>
          <ns3:TrackPointExtension>
            <ns3:hr>158</ns3:hr>
          </ns3:TrackPointExtension>
        </extensions>
      </trkpt>
      <trkpt lat="24.4893448054790496826171875" lon="118.1039102934300899505615234375">
        <ele>10.3999996185302734375</ele>
        <time>2025-05-04T10:15:34.000Z</time>
        <extensions>
          <ns3:TrackPointExtension>
            <ns3:hr>158</ns3:hr>
          </ns3:TrackPointExtension>
        </extensions>
      </trkpt>
      <trkpt lat="24.48937238194048404693603515625" lon="118.10390098951756954193115234375">
        <ele>9.80000019073486328125</ele>
        <time>2025-05-04T10:15:35.000Z</time>
        <extensions>
          <ns3:TrackPointExtension>
            <ns3:hr>158</ns3:hr>
          </ns3:TrackPointExtension>
        </extensions>
      </trkpt>
      <trkpt lat="24.48939987458288669586181640625" lon="118.10389176942408084869384765625">
        <ele>9.3999996185302734375</ele>
        <time>2025-05-04T10:15:36.000Z</time>
        <extensions>
          <ns3:TrackPointExtension>
            <ns3:hr>158</ns3:hr>
          </ns3:TrackPointExtension>
        </extensions>
      </trkpt>
      <trkpt lat="24.48942787013947963714599609375" lon="118.10388221405446529388427734375">
        <ele>8.6000003814697265625</ele>
        <time>2025-05-04T10:15:37.000Z</time>
        <extensions>
          <ns3:TrackPointExtension>
            <ns3:hr>157</ns3:hr>
          </ns3:TrackPointExtension>
        </extensions>
      </trkpt>
      <trkpt lat="24.4894556142389774322509765625" lon="118.10387215577065944671630859375">
        <ele>8</ele>
        <time>2025-05-04T10:15:38.000Z</time>
        <extensions>
          <ns3:TrackPointExtension>
            <ns3:hr>157</ns3:hr>
          </ns3:TrackPointExtension>
        </extensions>
      </trkpt>
      <trkpt lat="24.48948201723396778106689453125" lon="118.1038603372871875762939453125">
        <ele>7.599999904632568359375</ele>
        <time>2025-05-04T10:15:39.000Z</time>
        <extensions>
          <ns3:TrackPointExtension>
            <ns3:hr>157</ns3:hr>
          </ns3:TrackPointExtension>
        </extensions>
      </trkpt>
      <trkpt lat="24.48950682766735553741455078125" lon="118.1038462556898593902587890625">
        <ele>7.19999980926513671875</ele>
        <time>2025-05-04T10:15:40.000Z</time>
        <extensions>
          <ns3:TrackPointExtension>
            <ns3:hr>158</ns3:hr>
          </ns3:TrackPointExtension>
        </extensions>
      </trkpt>
      <trkpt lat="24.48953063227236270904541015625" lon="118.10383041389286518096923828125">
        <ele>6.80000019073486328125</ele>
        <time>2025-05-04T10:15:41.000Z</time>
        <extensions>
          <ns3:TrackPointExtension>
            <ns3:hr>158</ns3:hr>
          </ns3:TrackPointExtension>
        </extensions>
      </trkpt>
      <trkpt lat="24.48955334722995758056640625" lon="118.10381256043910980224609375">
        <ele>6.599999904632568359375</ele>
        <time>2025-05-04T10:15:42.000Z</time>
        <extensions>
          <ns3:TrackPointExtension>
            <ns3:hr>158</ns3:hr>
          </ns3:TrackPointExtension>
        </extensions>
      </trkpt>
      <trkpt lat="24.48957505635917186737060546875" lon="118.10379303060472011566162109375">
        <ele>6.400000095367431640625</ele>
        <time>2025-05-04T10:15:43.000Z</time>
        <extensions>
          <ns3:TrackPointExtension>
            <ns3:hr>158</ns3:hr>
          </ns3:TrackPointExtension>
        </extensions>
      </trkpt>
      <trkpt lat="24.48959517292678356170654296875" lon="118.10377073474228382110595703125">
        <ele>6.19999980926513671875</ele>
        <time>2025-05-04T10:15:44.000Z</time>
        <extensions>
          <ns3:TrackPointExtension>
            <ns3:hr>158</ns3:hr>
          </ns3:TrackPointExtension>
        </extensions>
      </trkpt>
      <trkpt lat="24.48961344547569751739501953125" lon="118.103745169937610626220703125">
        <ele>6</ele>
        <time>2025-05-04T10:15:45.000Z</time>
        <extensions>
          <ns3:TrackPointExtension>
            <ns3:hr>158</ns3:hr>
          </ns3:TrackPointExtension>
        </extensions>
      </trkpt>
      <trkpt lat="24.4896299578249454498291015625" lon="118.10371725820004940032958984375">
        <ele>6</ele>
        <time>2025-05-04T10:15:46.000Z</time>
        <extensions>
          <ns3:TrackPointExtension>
            <ns3:hr>158</ns3:hr>
          </ns3:TrackPointExtension>
        </extensions>
      </trkpt>
      <trkpt lat="24.48964496143162250518798828125" lon="118.103688843548297882080078125">
        <ele>5.80000019073486328125</ele>
        <time>2025-05-04T10:15:47.000Z</time>
        <extensions>
          <ns3:TrackPointExtension>
            <ns3:hr>158</ns3:hr>
          </ns3:TrackPointExtension>
        </extensions>
      </trkpt>
      <trkpt lat="24.4896581210196018218994140625" lon="118.10366009362041950225830078125">
        <ele>5.599999904632568359375</ele>
        <time>2025-05-04T10:15:48.000Z</time>
        <extensions>
          <ns3:TrackPointExtension>
            <ns3:hr>158</ns3:hr>
          </ns3:TrackPointExtension>
        </extensions>
      </trkpt>
      <trkpt lat="24.4896688498556613922119140625" lon="118.10363008640706539154052734375">
        <ele>5.599999904632568359375</ele>
        <time>2025-05-04T10:15:49.000Z</time>
        <extensions>
          <ns3:TrackPointExtension>
            <ns3:hr>158</ns3:hr>
          </ns3:TrackPointExtension>
        </extensions>
      </trkpt>
      <trkpt lat="24.4896768964827060699462890625" lon="118.10359932482242584228515625">
        <ele>5.599999904632568359375</ele>
        <time>2025-05-04T10:15:50.000Z</time>
        <extensions>
          <ns3:TrackPointExtension>
            <ns3:hr>158</ns3:hr>
          </ns3:TrackPointExtension>
        </extensions>
      </trkpt>
      <trkpt lat="24.48968335054814815521240234375" lon="118.10356738977134227752685546875">
        <ele>5.599999904632568359375</ele>
        <time>2025-05-04T10:15:51.000Z</time>
        <extensions>
          <ns3:TrackPointExtension>
            <ns3:hr>158</ns3:hr>
          </ns3:TrackPointExtension>
        </extensions>
      </trkpt>
      <trkpt lat="24.48968854732811450958251953125" lon="118.10353470034897327423095703125">
        <ele>5.599999904632568359375</ele>
        <time>2025-05-04T10:15:52.000Z</time>
        <extensions>
          <ns3:TrackPointExtension>
            <ns3:hr>158</ns3:hr>
          </ns3:TrackPointExtension>
        </extensions>
      </trkpt>
      <trkpt lat="24.4896916486322879791259765625" lon="118.10350150801241397857666015625">
        <ele>5.599999904632568359375</ele>
        <time>2025-05-04T10:15:53.000Z</time>
        <extensions>
          <ns3:TrackPointExtension>
            <ns3:hr>157</ns3:hr>
          </ns3:TrackPointExtension>
        </extensions>
      </trkpt>
      <trkpt lat="24.48969223536550998687744140625" lon="118.1034683994948863983154296875">
        <ele>5.599999904632568359375</ele>
        <time>2025-05-04T10:15:54.000Z</time>
        <extensions>
          <ns3:TrackPointExtension>
            <ns3:hr>157</ns3:hr>
          </ns3:TrackPointExtension>
        </extensions>
      </trkpt>
      <trkpt lat="24.4896909780800342559814453125" lon="118.1034355424344539642333984375">
        <ele>5.599999904632568359375</ele>
        <time>2025-05-04T10:15:55.000Z</time>
        <extensions>
          <ns3:TrackPointExtension>
            <ns3:hr>157</ns3:hr>
          </ns3:TrackPointExtension>
        </extensions>
      </trkpt>
      <trkpt lat="24.48968854732811450958251953125" lon="118.10340360738337039947509765625">
        <ele>5.599999904632568359375</ele>
        <time>2025-05-04T10:15:56.000Z</time>
        <extensions>
          <ns3:TrackPointExtension>
            <ns3:hr>157</ns3:hr>
          </ns3:TrackPointExtension>
        </extensions>
      </trkpt>
      <trkpt lat="24.48968477547168731689453125" lon="118.10337276197969913482666015625">
        <ele>5.599999904632568359375</ele>
        <time>2025-05-04T10:15:57.000Z</time>
        <extensions>
          <ns3:TrackPointExtension>
            <ns3:hr>157</ns3:hr>
          </ns3:TrackPointExtension>
        </extensions>
      </trkpt>
      <trkpt lat="24.4896792434155941009521484375" lon="118.103341497480869293212890625">
        <ele>5.80000019073486328125</ele>
        <time>2025-05-04T10:15:58.000Z</time>
        <extensions>
          <ns3:TrackPointExtension>
            <ns3:hr>157</ns3:hr>
          </ns3:TrackPointExtension>
        </extensions>
      </trkpt>
      <trkpt lat="24.48967077769339084625244140625" lon="118.103309981524944305419921875">
        <ele>5.80000019073486328125</ele>
        <time>2025-05-04T10:15:59.000Z</time>
        <extensions>
          <ns3:TrackPointExtension>
            <ns3:hr>157</ns3:hr>
          </ns3:TrackPointExtension>
        </extensions>
      </trkpt>
      <trkpt lat="24.48965988121926784515380859375" lon="118.1032793037593364715576171875">
        <ele>6</ele>
        <time>2025-05-04T10:16:00.000Z</time>
        <extensions>
          <ns3:TrackPointExtension>
            <ns3:hr>157</ns3:hr>
          </ns3:TrackPointExtension>
        </extensions>
      </trkpt>
      <trkpt lat="24.48964730836451053619384765625" lon="118.10325055383145809173583984375">
        <ele>6.19999980926513671875</ele>
        <time>2025-05-04T10:16:01.000Z</time>
        <extensions>
          <ns3:TrackPointExtension>
            <ns3:hr>157</ns3:hr>
          </ns3:TrackPointExtension>
        </extensions>
      </trkpt>
      <trkpt lat="24.4896333105862140655517578125" lon="118.10322381556034088134765625">
        <ele>6.19999980926513671875</ele>
        <time>2025-05-04T10:16:02.000Z</time>
        <extensions>
          <ns3:TrackPointExtension>
            <ns3:hr>157</ns3:hr>
          </ns3:TrackPointExtension>
        </extensions>
      </trkpt>
      <trkpt lat="24.489618055522441864013671875" lon="118.10319841839373111724853515625">
        <ele>6.400000095367431640625</ele>
        <time>2025-05-04T10:16:03.000Z</time>
        <extensions>
          <ns3:TrackPointExtension>
            <ns3:hr>157</ns3:hr>
          </ns3:TrackPointExtension>
        </extensions>
      </trkpt>
      <trkpt lat="24.48960104025900363922119140625" lon="118.103173859417438507080078125">
        <ele>6.599999904632568359375</ele>
        <time>2025-05-04T10:16:04.000Z</time>
        <extensions>
          <ns3:TrackPointExtension>
            <ns3:hr>157</ns3:hr>
          </ns3:TrackPointExtension>
        </extensions>
      </trkpt>
      <trkpt lat="24.4895823486149311065673828125" lon="118.1031498871743679046630859375">
        <ele>6.80000019073486328125</ele>
        <time>2025-05-04T10:16:05.000Z</time>
        <extensions>
          <ns3:TrackPointExtension>
            <ns3:hr>157</ns3:hr>
          </ns3:TrackPointExtension>
        </extensions>
      </trkpt>
      <trkpt lat="24.489562399685382843017578125" lon="118.10312750749289989471435546875">
        <ele>6.80000019073486328125</ele>
        <time>2025-05-04T10:16:06.000Z</time>
        <extensions>
          <ns3:TrackPointExtension>
            <ns3:hr>157</ns3:hr>
          </ns3:TrackPointExtension>
        </extensions>
      </trkpt>
      <trkpt lat="24.489541947841644287109375" lon="118.10310755856335163116455078125">
        <ele>7</ele>
        <time>2025-05-04T10:16:07.000Z</time>
        <extensions>
          <ns3:TrackPointExtension>
            <ns3:hr>157</ns3:hr>
          </ns3:TrackPointExtension>
        </extensions>
      </trkpt>
      <trkpt lat="24.489520154893398284912109375" lon="118.10308978892862796783447265625">
        <ele>7.19999980926513671875</ele>
        <time>2025-05-04T10:16:08.000Z</time>
        <extensions>
          <ns3:TrackPointExtension>
            <ns3:hr>157</ns3:hr>
          </ns3:TrackPointExtension>
        </extensions>
      </trkpt>
      <trkpt lat="24.48949567973613739013671875" lon="118.10307419858872890472412109375">
        <ele>7.400000095367431640625</ele>
        <time>2025-05-04T10:16:09.000Z</time>
        <extensions>
          <ns3:TrackPointExtension>
            <ns3:hr>157</ns3:hr>
          </ns3:TrackPointExtension>
        </extensions>
      </trkpt>
      <trkpt lat="24.48946927674114704132080078125" lon="118.1030607037246227264404296875">
        <ele>7.400000095367431640625</ele>
        <time>2025-05-04T10:16:10.000Z</time>
        <extensions>
          <ns3:TrackPointExtension>
            <ns3:hr>157</ns3:hr>
          </ns3:TrackPointExtension>
        </extensions>
      </trkpt>
      <trkpt lat="24.4894422031939029693603515625" lon="118.103049807250499725341796875">
        <ele>7.599999904632568359375</ele>
        <time>2025-05-04T10:16:11.000Z</time>
        <extensions>
          <ns3:TrackPointExtension>
            <ns3:hr>158</ns3:hr>
          </ns3:TrackPointExtension>
        </extensions>
      </trkpt>
      <trkpt lat="24.48941462673246860504150390625" lon="118.103041090071201324462890625">
        <ele>7.80000019073486328125</ele>
        <time>2025-05-04T10:16:12.000Z</time>
        <extensions>
          <ns3:TrackPointExtension>
            <ns3:hr>158</ns3:hr>
          </ns3:TrackPointExtension>
        </extensions>
      </trkpt>
      <trkpt lat="24.4893868826329708099365234375" lon="118.10303379781544208526611328125">
        <ele>7.80000019073486328125</ele>
        <time>2025-05-04T10:16:13.000Z</time>
        <extensions>
          <ns3:TrackPointExtension>
            <ns3:hr>158</ns3:hr>
          </ns3:TrackPointExtension>
        </extensions>
      </trkpt>
      <trkpt lat="24.4893580488860607147216796875" lon="118.1030278466641902923583984375">
        <ele>8</ele>
        <time>2025-05-04T10:16:14.000Z</time>
        <extensions>
          <ns3:TrackPointExtension>
            <ns3:hr>158</ns3:hr>
          </ns3:TrackPointExtension>
        </extensions>
      </trkpt>
      <trkpt lat="24.48932711966335773468017578125" lon="118.1030244939029216766357421875">
        <ele>8.19999980926513671875</ele>
        <time>2025-05-04T10:16:15.000Z</time>
        <extensions>
          <ns3:TrackPointExtension>
            <ns3:hr>157</ns3:hr>
          </ns3:TrackPointExtension>
        </extensions>
      </trkpt>
      <trkpt lat="24.48929493315517902374267578125" lon="118.10302474536001682281494140625">
        <ele>8.19999980926513671875</ele>
        <time>2025-05-04T10:16:16.000Z</time>
        <extensions>
          <ns3:TrackPointExtension>
            <ns3:hr>157</ns3:hr>
          </ns3:TrackPointExtension>
        </extensions>
      </trkpt>
      <trkpt lat="24.48926408775150775909423828125" lon="118.10302776284515857696533203125">
        <ele>8.3999996185302734375</ele>
        <time>2025-05-04T10:16:17.000Z</time>
        <extensions>
          <ns3:TrackPointExtension>
            <ns3:hr>157</ns3:hr>
          </ns3:TrackPointExtension>
        </extensions>
      </trkpt>
      <trkpt lat="24.4892356730997562408447265625" lon="118.103032372891902923583984375">
        <ele>8.3999996185302734375</ele>
        <time>2025-05-04T10:16:18.000Z</time>
        <extensions>
          <ns3:TrackPointExtension>
            <ns3:hr>157</ns3:hr>
          </ns3:TrackPointExtension>
        </extensions>
      </trkpt>
      <trkpt lat="24.4892088510096073150634765625" lon="118.10303765349090099334716796875">
        <ele>8.3999996185302734375</ele>
        <time>2025-05-04T10:16:19.000Z</time>
        <extensions>
          <ns3:TrackPointExtension>
            <ns3:hr>157</ns3:hr>
          </ns3:TrackPointExtension>
        </extensions>
      </trkpt>
      <trkpt lat="24.4891823641955852508544921875" lon="118.10304368846118450164794921875">
        <ele>8.3999996185302734375</ele>
        <time>2025-05-04T10:16:20.000Z</time>
        <extensions>
          <ns3:TrackPointExtension>
            <ns3:hr>157</ns3:hr>
          </ns3:TrackPointExtension>
        </extensions>
      </trkpt>
      <trkpt lat="24.4891555421054363250732421875" lon="118.10305072925984859466552734375">
        <ele>8.19999980926513671875</ele>
        <time>2025-05-04T10:16:21.000Z</time>
        <extensions>
          <ns3:TrackPointExtension>
            <ns3:hr>157</ns3:hr>
          </ns3:TrackPointExtension>
        </extensions>
      </trkpt>
      <trkpt lat="24.4891280494630336761474609375" lon="118.10305894352495670318603515625">
        <ele>8</ele>
        <time>2025-05-04T10:16:22.000Z</time>
        <extensions>
          <ns3:TrackPointExtension>
            <ns3:hr>158</ns3:hr>
          </ns3:TrackPointExtension>
        </extensions>
      </trkpt>
      <trkpt lat="24.48910047300159931182861328125" lon="118.10306900180876255035400390625">
        <ele>7.80000019073486328125</ele>
        <time>2025-05-04T10:16:23.000Z</time>
        <extensions>
          <ns3:TrackPointExtension>
            <ns3:hr>158</ns3:hr>
          </ns3:TrackPointExtension>
        </extensions>
      </trkpt>
      <trkpt lat="24.4890737347304821014404296875" lon="118.1030798144638538360595703125">
        <ele>7.599999904632568359375</ele>
        <time>2025-05-04T10:16:24.000Z</time>
        <extensions>
          <ns3:TrackPointExtension>
            <ns3:hr>158</ns3:hr>
          </ns3:TrackPointExtension>
        </extensions>
      </trkpt>
      <trkpt lat="24.489046745002269744873046875" lon="118.10309045948088169097900390625">
        <ele>7.400000095367431640625</ele>
        <time>2025-05-04T10:16:25.000Z</time>
        <extensions>
          <ns3:TrackPointExtension>
            <ns3:hr>158</ns3:hr>
          </ns3:TrackPointExtension>
        </extensions>
      </trkpt>
      <trkpt lat="24.48901967145502567291259765625" lon="118.10310135595500469207763671875">
        <ele>7.19999980926513671875</ele>
        <time>2025-05-04T10:16:26.000Z</time>
        <extensions>
          <ns3:TrackPointExtension>
            <ns3:hr>158</ns3:hr>
          </ns3:TrackPointExtension>
        </extensions>
      </trkpt>
      <trkpt lat="24.48899234645068645477294921875" lon="118.10311250388622283935546875">
        <ele>7</ele>
        <time>2025-05-04T10:16:27.000Z</time>
        <extensions>
          <ns3:TrackPointExtension>
            <ns3:hr>158</ns3:hr>
          </ns3:TrackPointExtension>
        </extensions>
      </trkpt>
      <trkpt lat="24.48896451853215694427490234375" lon="118.10312331654131412506103515625">
        <ele>7.19999980926513671875</ele>
        <time>2025-05-04T10:16:28.000Z</time>
        <extensions>
          <ns3:TrackPointExtension>
            <ns3:hr>157</ns3:hr>
          </ns3:TrackPointExtension>
        </extensions>
      </trkpt>
      <trkpt lat="24.48893618769943714141845703125" lon="118.1031334586441516876220703125">
        <ele>7.400000095367431640625</ele>
        <time>2025-05-04T10:16:29.000Z</time>
        <extensions>
          <ns3:TrackPointExtension>
            <ns3:hr>157</ns3:hr>
          </ns3:TrackPointExtension>
        </extensions>
      </trkpt>
      <trkpt lat="24.4889077730476856231689453125" lon="118.103142678737640380859375">
        <ele>7.599999904632568359375</ele>
        <time>2025-05-04T10:16:30.000Z</time>
        <extensions>
          <ns3:TrackPointExtension>
            <ns3:hr>157</ns3:hr>
          </ns3:TrackPointExtension>
        </extensions>
      </trkpt>
      <trkpt lat="24.48888011276721954345703125" lon="118.10315231792628765106201171875">
        <ele>7.80000019073486328125</ele>
        <time>2025-05-04T10:16:31.000Z</time>
        <extensions>
          <ns3:TrackPointExtension>
            <ns3:hr>157</ns3:hr>
          </ns3:TrackPointExtension>
        </extensions>
      </trkpt>
      <trkpt lat="24.4888534583151340484619140625" lon="118.10316271148622035980224609375">
        <ele>8</ele>
        <time>2025-05-04T10:16:32.000Z</time>
        <extensions>
          <ns3:TrackPointExtension>
            <ns3:hr>157</ns3:hr>
          </ns3:TrackPointExtension>
        </extensions>
      </trkpt>
      <trkpt lat="24.48882672004401683807373046875" lon="118.103173188865184783935546875">
        <ele>8.19999980926513671875</ele>
        <time>2025-05-04T10:16:33.000Z</time>
        <extensions>
          <ns3:TrackPointExtension>
            <ns3:hr>157</ns3:hr>
          </ns3:TrackPointExtension>
        </extensions>
      </trkpt>
      <trkpt lat="24.48880006559193134307861328125" lon="118.10318366624414920806884765625">
        <ele>8.3999996185302734375</ele>
        <time>2025-05-04T10:16:34.000Z</time>
        <extensions>
          <ns3:TrackPointExtension>
            <ns3:hr>157</ns3:hr>
          </ns3:TrackPointExtension>
        </extensions>
      </trkpt>
      <trkpt lat="24.48877341113984584808349609375" lon="118.10319364070892333984375">
        <ele>8.19999980926513671875</ele>
        <time>2025-05-04T10:16:35.000Z</time>
        <extensions>
          <ns3:TrackPointExtension>
            <ns3:hr>157</ns3:hr>
          </ns3:TrackPointExtension>
        </extensions>
      </trkpt>
      <trkpt lat="24.48874658904969692230224609375" lon="118.1032028608024120330810546875">
        <ele>8</ele>
        <time>2025-05-04T10:16:36.000Z</time>
        <extensions>
          <ns3:TrackPointExtension>
            <ns3:hr>157</ns3:hr>
          </ns3:TrackPointExtension>
        </extensions>
      </trkpt>
      <trkpt lat="24.48872010223567485809326171875" lon="118.1032119132578372955322265625">
        <ele>7.80000019073486328125</ele>
        <time>2025-05-04T10:16:37.000Z</time>
        <extensions>
          <ns3:TrackPointExtension>
            <ns3:hr>157</ns3:hr>
          </ns3:TrackPointExtension>
        </extensions>
      </trkpt>
      <trkpt lat="24.48869369924068450927734375" lon="118.10322104953229427337646484375">
        <ele>7.80000019073486328125</ele>
        <time>2025-05-04T10:16:38.000Z</time>
        <extensions>
          <ns3:TrackPointExtension>
            <ns3:hr>157</ns3:hr>
          </ns3:TrackPointExtension>
        </extensions>
      </trkpt>
      <trkpt lat="24.48866687715053558349609375" lon="118.1032303534448146820068359375">
        <ele>7.599999904632568359375</ele>
        <time>2025-05-04T10:16:39.000Z</time>
        <extensions>
          <ns3:TrackPointExtension>
            <ns3:hr>157</ns3:hr>
          </ns3:TrackPointExtension>
        </extensions>
      </trkpt>
      <trkpt lat="24.48864005506038665771484375" lon="118.10323898680508136749267578125">
        <ele>7.599999904632568359375</ele>
        <time>2025-05-04T10:16:40.000Z</time>
        <extensions>
          <ns3:TrackPointExtension>
            <ns3:hr>157</ns3:hr>
          </ns3:TrackPointExtension>
        </extensions>
      </trkpt>
      <trkpt lat="24.48861432261765003204345703125" lon="118.1032474525272846221923828125">
        <ele>7.400000095367431640625</ele>
        <time>2025-05-04T10:16:41.000Z</time>
        <extensions>
          <ns3:TrackPointExtension>
            <ns3:hr>157</ns3:hr>
          </ns3:TrackPointExtension>
        </extensions>
      </trkpt>
      <trkpt lat="24.4885892607271671295166015625" lon="118.10325675643980503082275390625">
        <ele>7.400000095367431640625</ele>
        <time>2025-05-04T10:16:42.000Z</time>
        <extensions>
          <ns3:TrackPointExtension>
            <ns3:hr>157</ns3:hr>
          </ns3:TrackPointExtension>
        </extensions>
      </trkpt>
      <trkpt lat="24.488563947379589080810546875" lon="118.1032665632665157318115234375">
        <ele>7.599999904632568359375</ele>
        <time>2025-05-04T10:16:43.000Z</time>
        <extensions>
          <ns3:TrackPointExtension>
            <ns3:hr>157</ns3:hr>
          </ns3:TrackPointExtension>
        </extensions>
      </trkpt>
      <trkpt lat="24.48853888548910617828369140625" lon="118.10327586717903614044189453125">
        <ele>7.80000019073486328125</ele>
        <time>2025-05-04T10:16:44.000Z</time>
        <extensions>
          <ns3:TrackPointExtension>
            <ns3:hr>157</ns3:hr>
          </ns3:TrackPointExtension>
        </extensions>
      </trkpt>
      <trkpt lat="24.48851340450346469879150390625" lon="118.1032853387296199798583984375">
        <ele>7.80000019073486328125</ele>
        <time>2025-05-04T10:16:45.000Z</time>
        <extensions>
          <ns3:TrackPointExtension>
            <ns3:hr>157</ns3:hr>
          </ns3:TrackPointExtension>
        </extensions>
      </trkpt>
      <trkpt lat="24.48848708532750606536865234375" lon="118.10329548083245754241943359375">
        <ele>8</ele>
        <time>2025-05-04T10:16:46.000Z</time>
        <extensions>
          <ns3:TrackPointExtension>
            <ns3:hr>157</ns3:hr>
          </ns3:TrackPointExtension>
        </extensions>
      </trkpt>
      <trkpt lat="24.48845992796123027801513671875" lon="118.10330570675432682037353515625">
        <ele>8.19999980926513671875</ele>
        <time>2025-05-04T10:16:47.000Z</time>
        <extensions>
          <ns3:TrackPointExtension>
            <ns3:hr>157</ns3:hr>
          </ns3:TrackPointExtension>
        </extensions>
      </trkpt>
      <trkpt lat="24.48843310587108135223388671875" lon="118.1033161841332912445068359375">
        <ele>8.19999980926513671875</ele>
        <time>2025-05-04T10:16:48.000Z</time>
        <extensions>
          <ns3:TrackPointExtension>
            <ns3:hr>157</ns3:hr>
          </ns3:TrackPointExtension>
        </extensions>
      </trkpt>
      <trkpt lat="24.48840762488543987274169921875" lon="118.10332800261676311492919921875">
        <ele>8</ele>
        <time>2025-05-04T10:16:49.000Z</time>
        <extensions>
          <ns3:TrackPointExtension>
            <ns3:hr>157</ns3:hr>
          </ns3:TrackPointExtension>
        </extensions>
      </trkpt>
      <trkpt lat="24.48838331736624240875244140625" lon="118.10334183275699615478515625">
        <ele>8.19999980926513671875</ele>
        <time>2025-05-04T10:16:50.000Z</time>
        <extensions>
          <ns3:TrackPointExtension>
            <ns3:hr>157</ns3:hr>
          </ns3:TrackPointExtension>
        </extensions>
      </trkpt>
      <trkpt lat="24.4883595965802669525146484375" lon="118.10335851274430751800537109375">
        <ele>8.6000003814697265625</ele>
        <time>2025-05-04T10:16:51.000Z</time>
        <extensions>
          <ns3:TrackPointExtension>
            <ns3:hr>157</ns3:hr>
          </ns3:TrackPointExtension>
        </extensions>
      </trkpt>
      <trkpt lat="24.48833654634654521942138671875" lon="118.103377707302570343017578125">
        <ele>9.19999980926513671875</ele>
        <time>2025-05-04T10:16:52.000Z</time>
        <extensions>
          <ns3:TrackPointExtension>
            <ns3:hr>157</ns3:hr>
          </ns3:TrackPointExtension>
        </extensions>
      </trkpt>
      <trkpt lat="24.488315172493457794189453125" lon="118.1033988296985626220703125">
        <ele>9.19999980926513671875</ele>
        <time>2025-05-04T10:16:53.000Z</time>
        <extensions>
          <ns3:TrackPointExtension>
            <ns3:hr>157</ns3:hr>
          </ns3:TrackPointExtension>
        </extensions>
      </trkpt>
      <trkpt lat="24.4882958941161632537841796875" lon="118.103421628475189208984375">
        <ele>9.3999996185302734375</ele>
        <time>2025-05-04T10:16:54.000Z</time>
        <extensions>
          <ns3:TrackPointExtension>
            <ns3:hr>157</ns3:hr>
          </ns3:TrackPointExtension>
        </extensions>
      </trkpt>
      <trkpt lat="24.48827871121466159820556640625" lon="118.1034457683563232421875">
        <ele>9.3999996185302734375</ele>
        <time>2025-05-04T10:16:55.000Z</time>
        <extensions>
          <ns3:TrackPointExtension>
            <ns3:hr>157</ns3:hr>
          </ns3:TrackPointExtension>
        </extensions>
      </trkpt>
      <trkpt lat="24.48826362378895282745361328125" lon="118.1034717522561550140380859375">
        <ele>9.3999996185302734375</ele>
        <time>2025-05-04T10:16:56.000Z</time>
        <extensions>
          <ns3:TrackPointExtension>
            <ns3:hr>157</ns3:hr>
          </ns3:TrackPointExtension>
        </extensions>
      </trkpt>
      <trkpt lat="24.48825121857225894927978515625" lon="118.10349941253662109375">
        <ele>9.3999996185302734375</ele>
        <time>2025-05-04T10:16:57.000Z</time>
        <extensions>
          <ns3:TrackPointExtension>
            <ns3:hr>157</ns3:hr>
          </ns3:TrackPointExtension>
        </extensions>
      </trkpt>
      <trkpt lat="24.48824082501232624053955078125" lon="118.10352849774062633514404296875">
        <ele>9.3999996185302734375</ele>
        <time>2025-05-04T10:16:58.000Z</time>
        <extensions>
          <ns3:TrackPointExtension>
            <ns3:hr>157</ns3:hr>
          </ns3:TrackPointExtension>
        </extensions>
      </trkpt>
      <trkpt lat="24.48823160491883754730224609375" lon="118.10355867259204387664794921875">
        <ele>9.3999996185302734375</ele>
        <time>2025-05-04T10:16:59.000Z</time>
        <extensions>
          <ns3:TrackPointExtension>
            <ns3:hr>157</ns3:hr>
          </ns3:TrackPointExtension>
        </extensions>
      </trkpt>
      <trkpt lat="24.488223977386951446533203125" lon="118.10358993709087371826171875">
        <ele>9.3999996185302734375</ele>
        <time>2025-05-04T10:17:00.000Z</time>
        <extensions>
          <ns3:TrackPointExtension>
            <ns3:hr>156</ns3:hr>
          </ns3:TrackPointExtension>
        </extensions>
      </trkpt>
      <trkpt lat="24.48821785859763622283935546875" lon="118.103621788322925567626953125">
        <ele>9.3999996185302734375</ele>
        <time>2025-05-04T10:17:01.000Z</time>
        <extensions>
          <ns3:TrackPointExtension>
            <ns3:hr>156</ns3:hr>
          </ns3:TrackPointExtension>
        </extensions>
      </trkpt>
      <trkpt lat="24.48821333236992359161376953125" lon="118.103653304278850555419921875">
        <ele>9.3999996185302734375</ele>
        <time>2025-05-04T10:17:02.000Z</time>
        <extensions>
          <ns3:TrackPointExtension>
            <ns3:hr>156</ns3:hr>
          </ns3:TrackPointExtension>
        </extensions>
      </trkpt>
      <trkpt lat="24.48821031488478183746337890625" lon="118.103684149682521820068359375">
        <ele>9.19999980926513671875</ele>
        <time>2025-05-04T10:17:03.000Z</time>
        <extensions>
          <ns3:TrackPointExtension>
            <ns3:hr>156</ns3:hr>
          </ns3:TrackPointExtension>
        </extensions>
      </trkpt>
      <trkpt lat="24.48821014724671840667724609375" lon="118.10371558181941509246826171875">
        <ele>9</ele>
        <time>2025-05-04T10:17:04.000Z</time>
        <extensions>
          <ns3:TrackPointExtension>
            <ns3:hr>157</ns3:hr>
          </ns3:TrackPointExtension>
        </extensions>
      </trkpt>
      <trkpt lat="24.48821299709379673004150390625" lon="118.10374760068953037261962890625">
        <ele>8.3999996185302734375</ele>
        <time>2025-05-04T10:17:05.000Z</time>
        <extensions>
          <ns3:TrackPointExtension>
            <ns3:hr>157</ns3:hr>
          </ns3:TrackPointExtension>
        </extensions>
      </trkpt>
      <trkpt lat="24.488217942416667938232421875" lon="118.10377928428351879119873046875">
        <ele>8</ele>
        <time>2025-05-04T10:17:06.000Z</time>
        <extensions>
          <ns3:TrackPointExtension>
            <ns3:hr>157</ns3:hr>
          </ns3:TrackPointExtension>
        </extensions>
      </trkpt>
      <trkpt lat="24.48822431266307830810546875" lon="118.10380962677299976348876953125">
        <ele>7.400000095367431640625</ele>
        <time>2025-05-04T10:17:07.000Z</time>
        <extensions>
          <ns3:TrackPointExtension>
            <ns3:hr>157</ns3:hr>
          </ns3:TrackPointExtension>
        </extensions>
      </trkpt>
      <trkpt lat="24.4882321916520595550537109375" lon="118.10383913107216358184814453125">
        <ele>7</ele>
        <time>2025-05-04T10:17:08.000Z</time>
        <extensions>
          <ns3:TrackPointExtension>
            <ns3:hr>157</ns3:hr>
          </ns3:TrackPointExtension>
        </extensions>
      </trkpt>
      <trkpt lat="24.48824174702167510986328125" lon="118.103868551552295684814453125">
        <ele>6.400000095367431640625</ele>
        <time>2025-05-04T10:17:09.000Z</time>
        <extensions>
          <ns3:TrackPointExtension>
            <ns3:hr>157</ns3:hr>
          </ns3:TrackPointExtension>
        </extensions>
      </trkpt>
      <trkpt lat="24.4882529787719249725341796875" lon="118.10389696620404720306396484375">
        <ele>6</ele>
        <time>2025-05-04T10:17:10.000Z</time>
        <extensions>
          <ns3:TrackPointExtension>
            <ns3:hr>157</ns3:hr>
          </ns3:TrackPointExtension>
        </extensions>
      </trkpt>
      <trkpt lat="24.4882650487124919891357421875" lon="118.1039243750274181365966796875">
        <ele>5.599999904632568359375</ele>
        <time>2025-05-04T10:17:11.000Z</time>
        <extensions>
          <ns3:TrackPointExtension>
            <ns3:hr>157</ns3:hr>
          </ns3:TrackPointExtension>
        </extensions>
      </trkpt>
      <trkpt lat="24.48827887885272502899169921875" lon="118.10395128093659877777099609375">
        <ele>5.19999980926513671875</ele>
        <time>2025-05-04T10:17:12.000Z</time>
        <extensions>
          <ns3:TrackPointExtension>
            <ns3:hr>157</ns3:hr>
          </ns3:TrackPointExtension>
        </extensions>
      </trkpt>
      <trkpt lat="24.4882952235639095306396484375" lon="118.1039776839315891265869140625">
        <ele>5</ele>
        <time>2025-05-04T10:17:13.000Z</time>
        <extensions>
          <ns3:TrackPointExtension>
            <ns3:hr>157</ns3:hr>
          </ns3:TrackPointExtension>
        </extensions>
      </trkpt>
      <trkpt lat="24.48831416666507720947265625" lon="118.10400241054594516754150390625">
        <ele>5</ele>
        <time>2025-05-04T10:17:14.000Z</time>
        <extensions>
          <ns3:TrackPointExtension>
            <ns3:hr>157</ns3:hr>
          </ns3:TrackPointExtension>
        </extensions>
      </trkpt>
      <trkpt lat="24.48833503760397434234619140625" lon="118.10402445495128631591796875">
        <ele>4.80000019073486328125</ele>
        <time>2025-05-04T10:17:15.000Z</time>
        <extensions>
          <ns3:TrackPointExtension>
            <ns3:hr>157</ns3:hr>
          </ns3:TrackPointExtension>
        </extensions>
      </trkpt>
      <trkpt lat="24.4883579201996326446533203125" lon="118.10404448769986629486083984375">
        <ele>4.599999904632568359375</ele>
        <time>2025-05-04T10:17:16.000Z</time>
        <extensions>
          <ns3:TrackPointExtension>
            <ns3:hr>157</ns3:hr>
          </ns3:TrackPointExtension>
        </extensions>
      </trkpt>
      <trkpt lat="24.4883823953568935394287109375" lon="118.10406343080103397369384765625">
        <ele>4.400000095367431640625</ele>
        <time>2025-05-04T10:17:17.000Z</time>
        <extensions>
          <ns3:TrackPointExtension>
            <ns3:hr>157</ns3:hr>
          </ns3:TrackPointExtension>
        </extensions>
      </trkpt>
      <trkpt lat="24.4884073734283447265625" lon="118.104081787168979644775390625">
        <ele>4.19999980926513671875</ele>
        <time>2025-05-04T10:17:18.000Z</time>
        <extensions>
          <ns3:TrackPointExtension>
            <ns3:hr>157</ns3:hr>
          </ns3:TrackPointExtension>
        </extensions>
      </trkpt>
      <trkpt lat="24.4884330220520496368408203125" lon="118.1040988862514495849609375">
        <ele>4</ele>
        <time>2025-05-04T10:17:19.000Z</time>
        <extensions>
          <ns3:TrackPointExtension>
            <ns3:hr>157</ns3:hr>
          </ns3:TrackPointExtension>
        </extensions>
      </trkpt>
      <trkpt lat="24.4884596765041351318359375" lon="118.10411388985812664031982421875">
        <ele>4.19999980926513671875</ele>
        <time>2025-05-04T10:17:20.000Z</time>
        <extensions>
          <ns3:TrackPointExtension>
            <ns3:hr>157</ns3:hr>
          </ns3:TrackPointExtension>
        </extensions>
      </trkpt>
      <trkpt lat="24.48848725296556949615478515625" lon="118.10412696562707424163818359375">
        <ele>4.400000095367431640625</ele>
        <time>2025-05-04T10:17:21.000Z</time>
        <extensions>
          <ns3:TrackPointExtension>
            <ns3:hr>157</ns3:hr>
          </ns3:TrackPointExtension>
        </extensions>
      </trkpt>
      <trkpt lat="24.48851541616022586822509765625" lon="118.10413752682507038116455078125">
        <ele>4.599999904632568359375</ele>
        <time>2025-05-04T10:17:22.000Z</time>
        <extensions>
          <ns3:TrackPointExtension>
            <ns3:hr>157</ns3:hr>
          </ns3:TrackPointExtension>
        </extensions>
      </trkpt>
      <trkpt lat="24.48854441754519939422607421875" lon="118.10414574109017848968505859375">
        <ele>4.80000019073486328125</ele>
        <time>2025-05-04T10:17:23.000Z</time>
        <extensions>
          <ns3:TrackPointExtension>
            <ns3:hr>157</ns3:hr>
          </ns3:TrackPointExtension>
        </extensions>
      </trkpt>
      <trkpt lat="24.48857392184436321258544921875" lon="118.10415194369852542877197265625">
        <ele>5</ele>
        <time>2025-05-04T10:17:24.000Z</time>
        <extensions>
          <ns3:TrackPointExtension>
            <ns3:hr>157</ns3:hr>
          </ns3:TrackPointExtension>
        </extensions>
      </trkpt>
      <trkpt lat="24.488604180514812469482421875" lon="118.1041557155549526214599609375">
        <ele>5.19999980926513671875</ele>
        <time>2025-05-04T10:17:25.000Z</time>
        <extensions>
          <ns3:TrackPointExtension>
            <ns3:hr>157</ns3:hr>
          </ns3:TrackPointExtension>
        </extensions>
      </trkpt>
      <trkpt lat="24.48863443918526172637939453125" lon="118.1041557155549526214599609375">
        <ele>5.400000095367431640625</ele>
        <time>2025-05-04T10:17:26.000Z</time>
        <extensions>
          <ns3:TrackPointExtension>
            <ns3:hr>157</ns3:hr>
          </ns3:TrackPointExtension>
        </extensions>
      </trkpt>
      <trkpt lat="24.4886643625795841217041015625" lon="118.10415194369852542877197265625">
        <ele>5.599999904632568359375</ele>
        <time>2025-05-04T10:17:27.000Z</time>
        <extensions>
          <ns3:TrackPointExtension>
            <ns3:hr>157</ns3:hr>
          </ns3:TrackPointExtension>
        </extensions>
      </trkpt>
      <trkpt lat="24.48869344778358936309814453125" lon="118.10414624400436878204345703125">
        <ele>5.599999904632568359375</ele>
        <time>2025-05-04T10:17:28.000Z</time>
        <extensions>
          <ns3:TrackPointExtension>
            <ns3:hr>157</ns3:hr>
          </ns3:TrackPointExtension>
        </extensions>
      </trkpt>
      <trkpt lat="24.4887216947972774505615234375" lon="118.10413903556764125823974609375">
        <ele>5.80000019073486328125</ele>
        <time>2025-05-04T10:17:29.000Z</time>
        <extensions>
          <ns3:TrackPointExtension>
            <ns3:hr>157</ns3:hr>
          </ns3:TrackPointExtension>
        </extensions>
      </trkpt>
      <trkpt lat="24.488749690353870391845703125" lon="118.104129731655120849609375">
        <ele>6.19999980926513671875</ele>
        <time>2025-05-04T10:17:30.000Z</time>
        <extensions>
          <ns3:TrackPointExtension>
            <ns3:hr>157</ns3:hr>
          </ns3:TrackPointExtension>
        </extensions>
      </trkpt>
      <trkpt lat="24.488777182996273040771484375" lon="118.104118667542934417724609375">
        <ele>6.80000019073486328125</ele>
        <time>2025-05-04T10:17:31.000Z</time>
        <extensions>
          <ns3:TrackPointExtension>
            <ns3:hr>157</ns3:hr>
          </ns3:TrackPointExtension>
        </extensions>
      </trkpt>
      <trkpt lat="24.48880425654351711273193359375" lon="118.10410751961171627044677734375">
        <ele>7.400000095367431640625</ele>
        <time>2025-05-04T10:17:32.000Z</time>
        <extensions>
          <ns3:TrackPointExtension>
            <ns3:hr>157</ns3:hr>
          </ns3:TrackPointExtension>
        </extensions>
      </trkpt>
      <trkpt lat="24.48883107863366603851318359375" lon="118.1040960364043712615966796875">
        <ele>8</ele>
        <time>2025-05-04T10:17:33.000Z</time>
        <extensions>
          <ns3:TrackPointExtension>
            <ns3:hr>157</ns3:hr>
          </ns3:TrackPointExtension>
        </extensions>
      </trkpt>
      <trkpt lat="24.4888574816286563873291015625" lon="118.1040846370160579681396484375">
        <ele>8.3999996185302734375</ele>
        <time>2025-05-04T10:17:34.000Z</time>
        <extensions>
          <ns3:TrackPointExtension>
            <ns3:hr>157</ns3:hr>
          </ns3:TrackPointExtension>
        </extensions>
      </trkpt>
      <trkpt lat="24.488884471356868743896484375" lon="118.104073740541934967041015625">
        <ele>8.80000019073486328125</ele>
        <time>2025-05-04T10:17:35.000Z</time>
        <extensions>
          <ns3:TrackPointExtension>
            <ns3:hr>157</ns3:hr>
          </ns3:TrackPointExtension>
        </extensions>
      </trkpt>
      <trkpt lat="24.48891255073249340057373046875" lon="118.10406326316297054290771484375">
        <ele>9</ele>
        <time>2025-05-04T10:17:36.000Z</time>
        <extensions>
          <ns3:TrackPointExtension>
            <ns3:hr>157</ns3:hr>
          </ns3:TrackPointExtension>
        </extensions>
      </trkpt>
      <trkpt lat="24.48894104920327663421630859375" lon="118.1040531210601329803466796875">
        <ele>9.3999996185302734375</ele>
        <time>2025-05-04T10:17:37.000Z</time>
        <extensions>
          <ns3:TrackPointExtension>
            <ns3:hr>157</ns3:hr>
          </ns3:TrackPointExtension>
        </extensions>
      </trkpt>
      <trkpt lat="24.48896904475986957550048828125" lon="118.10404297895729541778564453125">
        <ele>9.6000003814697265625</ele>
        <time>2025-05-04T10:17:38.000Z</time>
        <extensions>
          <ns3:TrackPointExtension>
            <ns3:hr>157</ns3:hr>
          </ns3:TrackPointExtension>
        </extensions>
      </trkpt>
      <trkpt lat="24.4889962859451770782470703125" lon="118.10403292067348957061767578125">
        <ele>10</ele>
        <time>2025-05-04T10:17:39.000Z</time>
        <extensions>
          <ns3:TrackPointExtension>
            <ns3:hr>157</ns3:hr>
          </ns3:TrackPointExtension>
        </extensions>
      </trkpt>
      <trkpt lat="24.48902285657823085784912109375" lon="118.1040226109325885772705078125">
        <ele>9.80000019073486328125</ele>
        <time>2025-05-04T10:17:40.000Z</time>
        <extensions>
          <ns3:TrackPointExtension>
            <ns3:hr>157</ns3:hr>
          </ns3:TrackPointExtension>
        </extensions>
      </trkpt>
      <trkpt lat="24.48904900811612606048583984375" lon="118.10401146300137042999267578125">
        <ele>9.6000003814697265625</ele>
        <time>2025-05-04T10:17:41.000Z</time>
        <extensions>
          <ns3:TrackPointExtension>
            <ns3:hr>157</ns3:hr>
          </ns3:TrackPointExtension>
        </extensions>
      </trkpt>
      <trkpt lat="24.48907583020627498626708984375" lon="118.1040004827082157135009765625">
        <ele>9.6000003814697265625</ele>
        <time>2025-05-04T10:17:42.000Z</time>
        <extensions>
          <ns3:TrackPointExtension>
            <ns3:hr>157</ns3:hr>
          </ns3:TrackPointExtension>
        </extensions>
      </trkpt>
      <trkpt lat="24.48910349048674106597900390625" lon="118.103990592062473297119140625">
        <ele>10</ele>
        <time>2025-05-04T10:17:43.000Z</time>
        <extensions>
          <ns3:TrackPointExtension>
            <ns3:hr>157</ns3:hr>
          </ns3:TrackPointExtension>
        </extensions>
      </trkpt>
      <trkpt lat="24.4891317375004291534423828125" lon="118.10398153960704803466796875">
        <ele>10.19999980926513671875</ele>
        <time>2025-05-04T10:17:44.000Z</time>
        <extensions>
          <ns3:TrackPointExtension>
            <ns3:hr>157</ns3:hr>
          </ns3:TrackPointExtension>
        </extensions>
      </trkpt>
      <trkpt lat="24.48915998451411724090576171875" lon="118.10397206805646419525146484375">
        <ele>10.6000003814697265625</ele>
        <time>2025-05-04T10:17:45.000Z</time>
        <extensions>
          <ns3:TrackPointExtension>
            <ns3:hr>157</ns3:hr>
          </ns3:TrackPointExtension>
        </extensions>
      </trkpt>
      <trkpt lat="24.48918798007071018218994140625" lon="118.10396100394427776336669921875">
        <ele>11</ele>
        <time>2025-05-04T10:17:46.000Z</time>
        <extensions>
          <ns3:TrackPointExtension>
            <ns3:hr>157</ns3:hr>
          </ns3:TrackPointExtension>
        </extensions>
      </trkpt>
      <trkpt lat="24.48921547271311283111572265625" lon="118.10394926927983760833740234375">
        <ele>11.19999980926513671875</ele>
        <time>2025-05-04T10:17:47.000Z</time>
        <extensions>
          <ns3:TrackPointExtension>
            <ns3:hr>157</ns3:hr>
          </ns3:TrackPointExtension>
        </extensions>
      </trkpt>
      <trkpt lat="24.489243216812610626220703125" lon="118.103938288986682891845703125">
        <ele>11.6000003814697265625</ele>
        <time>2025-05-04T10:17:48.000Z</time>
        <extensions>
          <ns3:TrackPointExtension>
            <ns3:hr>158</ns3:hr>
          </ns3:TrackPointExtension>
        </extensions>
      </trkpt>
      <trkpt lat="24.48927079327404499053955078125" lon="118.10392864979803562164306640625">
        <ele>11.80000019073486328125</ele>
        <time>2025-05-04T10:17:49.000Z</time>
        <extensions>
          <ns3:TrackPointExtension>
            <ns3:hr>158</ns3:hr>
          </ns3:TrackPointExtension>
        </extensions>
      </trkpt>
      <trkpt lat="24.48929795064032077789306640625" lon="118.1039196811616420745849609375">
        <ele>11.3999996185302734375</ele>
        <time>2025-05-04T10:17:50.000Z</time>
        <extensions>
          <ns3:TrackPointExtension>
            <ns3:hr>158</ns3:hr>
          </ns3:TrackPointExtension>
        </extensions>
      </trkpt>
      <trkpt lat="24.48932460509240627288818359375" lon="118.103910125792026519775390625">
        <ele>10.80000019073486328125</ele>
        <time>2025-05-04T10:17:51.000Z</time>
        <extensions>
          <ns3:TrackPointExtension>
            <ns3:hr>158</ns3:hr>
          </ns3:TrackPointExtension>
        </extensions>
      </trkpt>
      <trkpt lat="24.48935125954449176788330078125" lon="118.10389931313693523406982421875">
        <ele>10.19999980926513671875</ele>
        <time>2025-05-04T10:17:52.000Z</time>
        <extensions>
          <ns3:TrackPointExtension>
            <ns3:hr>158</ns3:hr>
          </ns3:TrackPointExtension>
        </extensions>
      </trkpt>
      <trkpt lat="24.489377997815608978271484375" lon="118.10388875193893909454345703125">
        <ele>9.6000003814697265625</ele>
        <time>2025-05-04T10:17:53.000Z</time>
        <extensions>
          <ns3:TrackPointExtension>
            <ns3:hr>158</ns3:hr>
          </ns3:TrackPointExtension>
        </extensions>
      </trkpt>
      <trkpt lat="24.489404819905757904052734375" lon="118.1038787774741649627685546875">
        <ele>9</ele>
        <time>2025-05-04T10:17:54.000Z</time>
        <extensions>
          <ns3:TrackPointExtension>
            <ns3:hr>158</ns3:hr>
          </ns3:TrackPointExtension>
        </extensions>
      </trkpt>
      <trkpt lat="24.48943197727203369140625" lon="118.10386863537132740020751953125">
        <ele>8.3999996185302734375</ele>
        <time>2025-05-04T10:17:55.000Z</time>
        <extensions>
          <ns3:TrackPointExtension>
            <ns3:hr>158</ns3:hr>
          </ns3:TrackPointExtension>
        </extensions>
      </trkpt>
      <trkpt lat="24.4894587993621826171875" lon="118.10385740362107753753662109375">
        <ele>7.80000019073486328125</ele>
        <time>2025-05-04T10:17:56.000Z</time>
        <extensions>
          <ns3:TrackPointExtension>
            <ns3:hr>158</ns3:hr>
          </ns3:TrackPointExtension>
        </extensions>
      </trkpt>
      <trkpt lat="24.4894847832620143890380859375" lon="118.10384382493793964385986328125">
        <ele>7.400000095367431640625</ele>
        <time>2025-05-04T10:17:57.000Z</time>
        <extensions>
          <ns3:TrackPointExtension>
            <ns3:hr>158</ns3:hr>
          </ns3:TrackPointExtension>
        </extensions>
      </trkpt>
      <trkpt lat="24.48950950987637042999267578125" lon="118.10382756404578685760498046875">
        <ele>7.19999980926513671875</ele>
        <time>2025-05-04T10:17:58.000Z</time>
        <extensions>
          <ns3:TrackPointExtension>
            <ns3:hr>158</ns3:hr>
          </ns3:TrackPointExtension>
        </extensions>
      </trkpt>
      <trkpt lat="24.48953297920525074005126953125" lon="118.10380929149687290191650390625">
        <ele>6.80000019073486328125</ele>
        <time>2025-05-04T10:17:59.000Z</time>
        <extensions>
          <ns3:TrackPointExtension>
            <ns3:hr>158</ns3:hr>
          </ns3:TrackPointExtension>
        </extensions>
      </trkpt>
      <trkpt lat="24.48955527506768703460693359375" lon="118.10378967784345149993896484375">
        <ele>6.400000095367431640625</ele>
        <time>2025-05-04T10:18:00.000Z</time>
        <extensions>
          <ns3:TrackPointExtension>
            <ns3:hr>158</ns3:hr>
          </ns3:TrackPointExtension>
        </extensions>
      </trkpt>
      <trkpt lat="24.489576816558837890625" lon="118.1037676334381103515625">
        <ele>6.400000095367431640625</ele>
        <time>2025-05-04T10:18:01.000Z</time>
        <extensions>
          <ns3:TrackPointExtension>
            <ns3:hr>158</ns3:hr>
          </ns3:TrackPointExtension>
        </extensions>
      </trkpt>
      <trkpt lat="24.48959760367870330810546875" lon="118.1037433259189128875732421875">
        <ele>6.19999980926513671875</ele>
        <time>2025-05-04T10:18:02.000Z</time>
        <extensions>
          <ns3:TrackPointExtension>
            <ns3:hr>158</ns3:hr>
          </ns3:TrackPointExtension>
        </extensions>
      </trkpt>
      <trkpt lat="24.4896162115037441253662109375" lon="118.1037171743810176849365234375">
        <ele>6</ele>
        <time>2025-05-04T10:18:03.000Z</time>
        <extensions>
          <ns3:TrackPointExtension>
            <ns3:hr>158</ns3:hr>
          </ns3:TrackPointExtension>
        </extensions>
      </trkpt>
      <trkpt lat="24.4896318018436431884765625" lon="118.1036893464624881744384765625">
        <ele>5.80000019073486328125</ele>
        <time>2025-05-04T10:18:04.000Z</time>
        <extensions>
          <ns3:TrackPointExtension>
            <ns3:hr>158</ns3:hr>
          </ns3:TrackPointExtension>
        </extensions>
      </trkpt>
      <trkpt lat="24.48964546434581279754638671875" lon="118.10366076417267322540283203125">
        <ele>5.599999904632568359375</ele>
        <time>2025-05-04T10:18:05.000Z</time>
        <extensions>
          <ns3:TrackPointExtension>
            <ns3:hr>158</ns3:hr>
          </ns3:TrackPointExtension>
        </extensions>
      </trkpt>
      <trkpt lat="24.489657618105411529541015625" lon="118.1036320142447948455810546875">
        <ele>5.599999904632568359375</ele>
        <time>2025-05-04T10:18:06.000Z</time>
        <extensions>
          <ns3:TrackPointExtension>
            <ns3:hr>158</ns3:hr>
          </ns3:TrackPointExtension>
        </extensions>
      </trkpt>
      <trkpt lat="24.48966876603662967681884765625" lon="118.1036021746695041656494140625">
        <ele>5.599999904632568359375</ele>
        <time>2025-05-04T10:18:07.000Z</time>
        <extensions>
          <ns3:TrackPointExtension>
            <ns3:hr>158</ns3:hr>
          </ns3:TrackPointExtension>
        </extensions>
      </trkpt>
      <trkpt lat="24.48967899195849895477294921875" lon="118.10357124544680118560791015625">
        <ele>5.599999904632568359375</ele>
        <time>2025-05-04T10:18:08.000Z</time>
        <extensions>
          <ns3:TrackPointExtension>
            <ns3:hr>158</ns3:hr>
          </ns3:TrackPointExtension>
        </extensions>
      </trkpt>
      <trkpt lat="24.48968804441392421722412109375" lon="118.1035404838621616363525390625">
        <ele>5.599999904632568359375</ele>
        <time>2025-05-04T10:18:09.000Z</time>
        <extensions>
          <ns3:TrackPointExtension>
            <ns3:hr>158</ns3:hr>
          </ns3:TrackPointExtension>
        </extensions>
      </trkpt>
      <trkpt lat="24.48969474993646144866943359375" lon="118.10350905172526836395263671875">
        <ele>5.599999904632568359375</ele>
        <time>2025-05-04T10:18:10.000Z</time>
        <extensions>
          <ns3:TrackPointExtension>
            <ns3:hr>158</ns3:hr>
          </ns3:TrackPointExtension>
        </extensions>
      </trkpt>
      <trkpt lat="24.4896973483264446258544921875" lon="118.10347569175064563751220703125">
        <ele>5.400000095367431640625</ele>
        <time>2025-05-04T10:18:11.000Z</time>
        <extensions>
          <ns3:TrackPointExtension>
            <ns3:hr>158</ns3:hr>
          </ns3:TrackPointExtension>
        </extensions>
      </trkpt>
      <trkpt lat="24.48969659395515918731689453125" lon="118.10344199649989604949951171875">
        <ele>5.400000095367431640625</ele>
        <time>2025-05-04T10:18:12.000Z</time>
        <extensions>
          <ns3:TrackPointExtension>
            <ns3:hr>158</ns3:hr>
          </ns3:TrackPointExtension>
        </extensions>
      </trkpt>
      <trkpt lat="24.489693157374858856201171875" lon="118.103409223258495330810546875">
        <ele>5.599999904632568359375</ele>
        <time>2025-05-04T10:18:13.000Z</time>
        <extensions>
          <ns3:TrackPointExtension>
            <ns3:hr>158</ns3:hr>
          </ns3:TrackPointExtension>
        </extensions>
      </trkpt>
      <trkpt lat="24.4896876253187656402587890625" lon="118.1033773720264434814453125">
        <ele>5.599999904632568359375</ele>
        <time>2025-05-04T10:18:14.000Z</time>
        <extensions>
          <ns3:TrackPointExtension>
            <ns3:hr>158</ns3:hr>
          </ns3:TrackPointExtension>
        </extensions>
      </trkpt>
      <trkpt lat="24.48967999778687953948974609375" lon="118.103346861898899078369140625">
        <ele>5.599999904632568359375</ele>
        <time>2025-05-04T10:18:15.000Z</time>
        <extensions>
          <ns3:TrackPointExtension>
            <ns3:hr>158</ns3:hr>
          </ns3:TrackPointExtension>
        </extensions>
      </trkpt>
      <trkpt lat="24.48967027477920055389404296875" lon="118.10331693850457668304443359375">
        <ele>5.80000019073486328125</ele>
        <time>2025-05-04T10:18:16.000Z</time>
        <extensions>
          <ns3:TrackPointExtension>
            <ns3:hr>158</ns3:hr>
          </ns3:TrackPointExtension>
        </extensions>
      </trkpt>
      <trkpt lat="24.489658959209918975830078125" lon="118.10328776948153972625732421875">
        <ele>6</ele>
        <time>2025-05-04T10:18:17.000Z</time>
        <extensions>
          <ns3:TrackPointExtension>
            <ns3:hr>158</ns3:hr>
          </ns3:TrackPointExtension>
        </extensions>
      </trkpt>
      <trkpt lat="24.4896463863551616668701171875" lon="118.10325943864881992340087890625">
        <ele>6.19999980926513671875</ele>
        <time>2025-05-04T10:18:18.000Z</time>
        <extensions>
          <ns3:TrackPointExtension>
            <ns3:hr>158</ns3:hr>
          </ns3:TrackPointExtension>
        </extensions>
      </trkpt>
      <trkpt lat="24.48963238857686519622802734375" lon="118.10323228128254413604736328125">
        <ele>6.19999980926513671875</ele>
        <time>2025-05-04T10:18:19.000Z</time>
        <extensions>
          <ns3:TrackPointExtension>
            <ns3:hr>159</ns3:hr>
          </ns3:TrackPointExtension>
        </extensions>
      </trkpt>
      <trkpt lat="24.4896172173321247100830078125" lon="118.1032065488398075103759765625">
        <ele>6.400000095367431640625</ele>
        <time>2025-05-04T10:18:20.000Z</time>
        <extensions>
          <ns3:TrackPointExtension>
            <ns3:hr>159</ns3:hr>
          </ns3:TrackPointExtension>
        </extensions>
      </trkpt>
      <trkpt lat="24.4896007888019084930419921875" lon="118.103181906044483184814453125">
        <ele>6.599999904632568359375</ele>
        <time>2025-05-04T10:18:21.000Z</time>
        <extensions>
          <ns3:TrackPointExtension>
            <ns3:hr>159</ns3:hr>
          </ns3:TrackPointExtension>
        </extensions>
      </trkpt>
      <trkpt lat="24.48958260007202625274658203125" lon="118.1031575985252857208251953125">
        <ele>6.80000019073486328125</ele>
        <time>2025-05-04T10:18:22.000Z</time>
        <extensions>
          <ns3:TrackPointExtension>
            <ns3:hr>159</ns3:hr>
          </ns3:TrackPointExtension>
        </extensions>
      </trkpt>
      <trkpt lat="24.489562399685382843017578125" lon="118.10313396155834197998046875">
        <ele>6.80000019073486328125</ele>
        <time>2025-05-04T10:18:23.000Z</time>
        <extensions>
          <ns3:TrackPointExtension>
            <ns3:hr>158</ns3:hr>
          </ns3:TrackPointExtension>
        </extensions>
      </trkpt>
      <trkpt lat="24.4895401038229465484619140625" lon="118.1031126715242862701416015625">
        <ele>7</ele>
        <time>2025-05-04T10:18:24.000Z</time>
        <extensions>
          <ns3:TrackPointExtension>
            <ns3:hr>158</ns3:hr>
          </ns3:TrackPointExtension>
        </extensions>
      </trkpt>
      <trkpt lat="24.4895166344940662384033203125" lon="118.10309381224215030670166015625">
        <ele>7.19999980926513671875</ele>
        <time>2025-05-04T10:18:25.000Z</time>
        <extensions>
          <ns3:TrackPointExtension>
            <ns3:hr>158</ns3:hr>
          </ns3:TrackPointExtension>
        </extensions>
      </trkpt>
      <trkpt lat="24.4894923269748687744140625" lon="118.10307654552161693572998046875">
        <ele>7.400000095367431640625</ele>
        <time>2025-05-04T10:18:26.000Z</time>
        <extensions>
          <ns3:TrackPointExtension>
            <ns3:hr>158</ns3:hr>
          </ns3:TrackPointExtension>
        </extensions>
      </trkpt>
      <trkpt lat="24.48946726508438587188720703125" lon="118.1030613742768764495849609375">
        <ele>7.400000095367431640625</ele>
        <time>2025-05-04T10:18:27.000Z</time>
        <extensions>
          <ns3:TrackPointExtension>
            <ns3:hr>158</ns3:hr>
          </ns3:TrackPointExtension>
        </extensions>
      </trkpt>
      <trkpt lat="24.48944128118455410003662109375" lon="118.10304821468889713287353515625">
        <ele>7.599999904632568359375</ele>
        <time>2025-05-04T10:18:28.000Z</time>
        <extensions>
          <ns3:TrackPointExtension>
            <ns3:hr>158</ns3:hr>
          </ns3:TrackPointExtension>
        </extensions>
      </trkpt>
      <trkpt lat="24.48941387236118316650390625" lon="118.1030372343957424163818359375">
        <ele>7.80000019073486328125</ele>
        <time>2025-05-04T10:18:29.000Z</time>
        <extensions>
          <ns3:TrackPointExtension>
            <ns3:hr>158</ns3:hr>
          </ns3:TrackPointExtension>
        </extensions>
      </trkpt>
      <trkpt lat="24.48938545770943164825439453125" lon="118.1030291877686977386474609375">
        <ele>7.80000019073486328125</ele>
        <time>2025-05-04T10:18:30.000Z</time>
        <extensions>
          <ns3:TrackPointExtension>
            <ns3:hr>158</ns3:hr>
          </ns3:TrackPointExtension>
        </extensions>
      </trkpt>
      <trkpt lat="24.48935679160058498382568359375" lon="118.10302441008388996124267578125">
        <ele>8</ele>
        <time>2025-05-04T10:18:31.000Z</time>
        <extensions>
          <ns3:TrackPointExtension>
            <ns3:hr>158</ns3:hr>
          </ns3:TrackPointExtension>
        </extensions>
      </trkpt>
      <trkpt lat="24.4893282093107700347900390625" lon="118.103022985160350799560546875">
        <ele>8.19999980926513671875</ele>
        <time>2025-05-04T10:18:32.000Z</time>
        <extensions>
          <ns3:TrackPointExtension>
            <ns3:hr>157</ns3:hr>
          </ns3:TrackPointExtension>
        </extensions>
      </trkpt>
      <trkpt lat="24.4892993755638599395751953125" lon="118.10302340425550937652587890625">
        <ele>8.19999980926513671875</ele>
        <time>2025-05-04T10:18:33.000Z</time>
        <extensions>
          <ns3:TrackPointExtension>
            <ns3:hr>157</ns3:hr>
          </ns3:TrackPointExtension>
        </extensions>
      </trkpt>
      <trkpt lat="24.4892697036266326904296875" lon="118.10302424244582653045654296875">
        <ele>8.3999996185302734375</ele>
        <time>2025-05-04T10:18:34.000Z</time>
        <extensions>
          <ns3:TrackPointExtension>
            <ns3:hr>157</ns3:hr>
          </ns3:TrackPointExtension>
        </extensions>
      </trkpt>
      <trkpt lat="24.48924045078456401824951171875" lon="118.103026337921619415283203125">
        <ele>8.3999996185302734375</ele>
        <time>2025-05-04T10:18:35.000Z</time>
        <extensions>
          <ns3:TrackPointExtension>
            <ns3:hr>157</ns3:hr>
          </ns3:TrackPointExtension>
        </extensions>
      </trkpt>
      <trkpt lat="24.48921195231378078460693359375" lon="118.103031031787395477294921875">
        <ele>8.6000003814697265625</ele>
        <time>2025-05-04T10:18:36.000Z</time>
        <extensions>
          <ns3:TrackPointExtension>
            <ns3:hr>157</ns3:hr>
          </ns3:TrackPointExtension>
        </extensions>
      </trkpt>
      <trkpt lat="24.489184208214282989501953125" lon="118.10303782112896442413330078125">
        <ele>8.3999996185302734375</ele>
        <time>2025-05-04T10:18:37.000Z</time>
        <extensions>
          <ns3:TrackPointExtension>
            <ns3:hr>157</ns3:hr>
          </ns3:TrackPointExtension>
        </extensions>
      </trkpt>
      <trkpt lat="24.48915663175284862518310546875" lon="118.103045783936977386474609375">
        <ele>8.19999980926513671875</ele>
        <time>2025-05-04T10:18:38.000Z</time>
        <extensions>
          <ns3:TrackPointExtension>
            <ns3:hr>157</ns3:hr>
          </ns3:TrackPointExtension>
        </extensions>
      </trkpt>
      <trkpt lat="24.48912913911044597625732421875" lon="118.10305475257337093353271484375">
        <ele>8</ele>
        <time>2025-05-04T10:18:39.000Z</time>
        <extensions>
          <ns3:TrackPointExtension>
            <ns3:hr>157</ns3:hr>
          </ns3:TrackPointExtension>
        </extensions>
      </trkpt>
      <trkpt lat="24.48910164646804332733154296875" lon="118.1030650623142719268798828125">
        <ele>7.80000019073486328125</ele>
        <time>2025-05-04T10:18:40.000Z</time>
        <extensions>
          <ns3:TrackPointExtension>
            <ns3:hr>157</ns3:hr>
          </ns3:TrackPointExtension>
        </extensions>
      </trkpt>
      <trkpt lat="24.4890739023685455322265625" lon="118.10307637788355350494384765625">
        <ele>7.599999904632568359375</ele>
        <time>2025-05-04T10:18:41.000Z</time>
        <extensions>
          <ns3:TrackPointExtension>
            <ns3:hr>157</ns3:hr>
          </ns3:TrackPointExtension>
        </extensions>
      </trkpt>
      <trkpt lat="24.48904582299292087554931640625" lon="118.1030878610908985137939453125">
        <ele>7.400000095367431640625</ele>
        <time>2025-05-04T10:18:42.000Z</time>
        <extensions>
          <ns3:TrackPointExtension>
            <ns3:hr>157</ns3:hr>
          </ns3:TrackPointExtension>
        </extensions>
      </trkpt>
      <trkpt lat="24.48901824653148651123046875" lon="118.1030989252030849456787109375">
        <ele>7.19999980926513671875</ele>
        <time>2025-05-04T10:18:43.000Z</time>
        <extensions>
          <ns3:TrackPointExtension>
            <ns3:hr>157</ns3:hr>
          </ns3:TrackPointExtension>
        </extensions>
      </trkpt>
      <trkpt lat="24.48899100534617900848388671875" lon="118.1031106598675251007080078125">
        <ele>7</ele>
        <time>2025-05-04T10:18:44.000Z</time>
        <extensions>
          <ns3:TrackPointExtension>
            <ns3:hr>157</ns3:hr>
          </ns3:TrackPointExtension>
        </extensions>
      </trkpt>
      <trkpt lat="24.4889637641608715057373046875" lon="118.10312331654131412506103515625">
        <ele>7.19999980926513671875</ele>
        <time>2025-05-04T10:18:45.000Z</time>
        <extensions>
          <ns3:TrackPointExtension>
            <ns3:hr>157</ns3:hr>
          </ns3:TrackPointExtension>
        </extensions>
      </trkpt>
      <trkpt lat="24.48893568478524684906005859375" lon="118.10313488356769084930419921875">
        <ele>7.400000095367431640625</ele>
        <time>2025-05-04T10:18:46.000Z</time>
        <extensions>
          <ns3:TrackPointExtension>
            <ns3:hr>157</ns3:hr>
          </ns3:TrackPointExtension>
        </extensions>
      </trkpt>
      <trkpt lat="24.48890735395252704620361328125" lon="118.1031451933085918426513671875">
        <ele>7.599999904632568359375</ele>
        <time>2025-05-04T10:18:47.000Z</time>
        <extensions>
          <ns3:TrackPointExtension>
            <ns3:hr>157</ns3:hr>
          </ns3:TrackPointExtension>
        </extensions>
      </trkpt>
      <trkpt lat="24.4888796098530292510986328125" lon="118.1031545810401439666748046875">
        <ele>7.80000019073486328125</ele>
        <time>2025-05-04T10:18:48.000Z</time>
        <extensions>
          <ns3:TrackPointExtension>
            <ns3:hr>157</ns3:hr>
          </ns3:TrackPointExtension>
        </extensions>
      </trkpt>
      <trkpt lat="24.48885203339159488677978515625" lon="118.1031636334955692291259765625">
        <ele>8</ele>
        <time>2025-05-04T10:18:49.000Z</time>
        <extensions>
          <ns3:TrackPointExtension>
            <ns3:hr>157</ns3:hr>
          </ns3:TrackPointExtension>
        </extensions>
      </trkpt>
      <trkpt lat="24.4888246245682239532470703125" lon="118.1031733565032482147216796875">
        <ele>8.19999980926513671875</ele>
        <time>2025-05-04T10:18:50.000Z</time>
        <extensions>
          <ns3:TrackPointExtension>
            <ns3:hr>157</ns3:hr>
          </ns3:TrackPointExtension>
        </extensions>
      </trkpt>
      <trkpt lat="24.4887978024780750274658203125" lon="118.1031844206154346466064453125">
        <ele>8.3999996185302734375</ele>
        <time>2025-05-04T10:18:51.000Z</time>
        <extensions>
          <ns3:TrackPointExtension>
            <ns3:hr>157</ns3:hr>
          </ns3:TrackPointExtension>
        </extensions>
      </trkpt>
      <trkpt lat="24.4887713156640529632568359375" lon="118.10319540090858936309814453125">
        <ele>8.19999980926513671875</ele>
        <time>2025-05-04T10:18:52.000Z</time>
        <extensions>
          <ns3:TrackPointExtension>
            <ns3:hr>158</ns3:hr>
          </ns3:TrackPointExtension>
        </extensions>
      </trkpt>
      <trkpt lat="24.48874357156455516815185546875" lon="118.1032055430114269256591796875">
        <ele>8</ele>
        <time>2025-05-04T10:18:53.000Z</time>
        <extensions>
          <ns3:TrackPointExtension>
            <ns3:hr>157</ns3:hr>
          </ns3:TrackPointExtension>
        </extensions>
      </trkpt>
      <trkpt lat="24.48871490545570850372314453125" lon="118.10321484692394733428955078125">
        <ele>7.80000019073486328125</ele>
        <time>2025-05-04T10:18:54.000Z</time>
        <extensions>
          <ns3:TrackPointExtension>
            <ns3:hr>157</ns3:hr>
          </ns3:TrackPointExtension>
        </extensions>
      </trkpt>
      <trkpt lat="24.48868674226105213165283203125" lon="118.10322515666484832763671875">
        <ele>7.80000019073486328125</ele>
        <time>2025-05-04T10:18:55.000Z</time>
        <extensions>
          <ns3:TrackPointExtension>
            <ns3:hr>157</ns3:hr>
          </ns3:TrackPointExtension>
        </extensions>
      </trkpt>
      <trkpt lat="24.488659836351871490478515625" lon="118.103237561881542205810546875">
        <ele>7.599999904632568359375</ele>
        <time>2025-05-04T10:18:56.000Z</time>
        <extensions>
          <ns3:TrackPointExtension>
            <ns3:hr>157</ns3:hr>
          </ns3:TrackPointExtension>
        </extensions>
      </trkpt>
      <trkpt lat="24.4886331818997859954833984375" lon="118.10325055383145809173583984375">
        <ele>7.400000095367431640625</ele>
        <time>2025-05-04T10:18:57.000Z</time>
        <extensions>
          <ns3:TrackPointExtension>
            <ns3:hr>157</ns3:hr>
          </ns3:TrackPointExtension>
        </extensions>
      </trkpt>
      <trkpt lat="24.48860661126673221588134765625" lon="118.10326111502945423126220703125">
        <ele>7.400000095367431640625</ele>
        <time>2025-05-04T10:18:58.000Z</time>
        <extensions>
          <ns3:TrackPointExtension>
            <ns3:hr>157</ns3:hr>
          </ns3:TrackPointExtension>
        </extensions>
      </trkpt>
      <trkpt lat="24.48857911862432956695556640625" lon="118.10326949693262577056884765625">
        <ele>7.400000095367431640625</ele>
        <time>2025-05-04T10:18:59.000Z</time>
        <extensions>
          <ns3:TrackPointExtension>
            <ns3:hr>157</ns3:hr>
          </ns3:TrackPointExtension>
        </extensions>
      </trkpt>
      <trkpt lat="24.48855062015354633331298828125" lon="118.10327754355967044830322265625">
        <ele>7.599999904632568359375</ele>
        <time>2025-05-04T10:19:00.000Z</time>
        <extensions>
          <ns3:TrackPointExtension>
            <ns3:hr>157</ns3:hr>
          </ns3:TrackPointExtension>
        </extensions>
      </trkpt>
      <trkpt lat="24.4885218702256679534912109375" lon="118.1032863445580005645751953125">
        <ele>7.80000019073486328125</ele>
        <time>2025-05-04T10:19:01.000Z</time>
        <extensions>
          <ns3:TrackPointExtension>
            <ns3:hr>157</ns3:hr>
          </ns3:TrackPointExtension>
        </extensions>
      </trkpt>
      <trkpt lat="24.488493539392948150634765625" lon="118.10329623520374298095703125">
        <ele>8</ele>
        <time>2025-05-04T10:19:02.000Z</time>
        <extensions>
          <ns3:TrackPointExtension>
            <ns3:hr>157</ns3:hr>
          </ns3:TrackPointExtension>
        </extensions>
      </trkpt>
      <trkpt lat="24.48846680112183094024658203125" lon="118.1033076345920562744140625">
        <ele>8.19999980926513671875</ele>
        <time>2025-05-04T10:19:03.000Z</time>
        <extensions>
          <ns3:TrackPointExtension>
            <ns3:hr>157</ns3:hr>
          </ns3:TrackPointExtension>
        </extensions>
      </trkpt>
      <trkpt lat="24.488441236317157745361328125" lon="118.10332096181809902191162109375">
        <ele>8.19999980926513671875</ele>
        <time>2025-05-04T10:19:04.000Z</time>
        <extensions>
          <ns3:TrackPointExtension>
            <ns3:hr>157</ns3:hr>
          </ns3:TrackPointExtension>
        </extensions>
      </trkpt>
      <trkpt lat="24.48841550387442111968994140625" lon="118.10333487577736377716064453125">
        <ele>8</ele>
        <time>2025-05-04T10:19:05.000Z</time>
        <extensions>
          <ns3:TrackPointExtension>
            <ns3:hr>157</ns3:hr>
          </ns3:TrackPointExtension>
        </extensions>
      </trkpt>
      <trkpt lat="24.488390274345874786376953125" lon="118.103348873555660247802734375">
        <ele>8.19999980926513671875</ele>
        <time>2025-05-04T10:19:06.000Z</time>
        <extensions>
          <ns3:TrackPointExtension>
            <ns3:hr>156</ns3:hr>
          </ns3:TrackPointExtension>
        </extensions>
      </trkpt>
      <trkpt lat="24.488367140293121337890625" lon="118.10336438007652759552001953125">
        <ele>8.6000003814697265625</ele>
        <time>2025-05-04T10:19:07.000Z</time>
        <extensions>
          <ns3:TrackPointExtension>
            <ns3:hr>156</ns3:hr>
          </ns3:TrackPointExtension>
        </extensions>
      </trkpt>
      <trkpt lat="24.48834509588778018951416015625" lon="118.1033829040825366973876953125">
        <ele>9</ele>
        <time>2025-05-04T10:19:08.000Z</time>
        <extensions>
          <ns3:TrackPointExtension>
            <ns3:hr>156</ns3:hr>
          </ns3:TrackPointExtension>
        </extensions>
      </trkpt>
      <trkpt lat="24.48832355439662933349609375" lon="118.103405199944972991943359375">
        <ele>9.19999980926513671875</ele>
        <time>2025-05-04T10:19:09.000Z</time>
        <extensions>
          <ns3:TrackPointExtension>
            <ns3:hr>156</ns3:hr>
          </ns3:TrackPointExtension>
        </extensions>
      </trkpt>
      <trkpt lat="24.48830268345773220062255859375" lon="118.10343042947351932525634765625">
        <ele>9.19999980926513671875</ele>
        <time>2025-05-04T10:19:10.000Z</time>
        <extensions>
          <ns3:TrackPointExtension>
            <ns3:hr>156</ns3:hr>
          </ns3:TrackPointExtension>
        </extensions>
      </trkpt>
      <trkpt lat="24.48828374035656452178955078125" lon="118.10345725156366825103759765625">
        <ele>9.19999980926513671875</ele>
        <time>2025-05-04T10:19:11.000Z</time>
        <extensions>
          <ns3:TrackPointExtension>
            <ns3:hr>157</ns3:hr>
          </ns3:TrackPointExtension>
        </extensions>
      </trkpt>
      <trkpt lat="24.488266892731189727783203125" lon="118.103484995663166046142578125">
        <ele>9.19999980926513671875</ele>
        <time>2025-05-04T10:19:12.000Z</time>
        <extensions>
          <ns3:TrackPointExtension>
            <ns3:hr>157</ns3:hr>
          </ns3:TrackPointExtension>
        </extensions>
      </trkpt>
      <trkpt lat="24.48825222440063953399658203125" lon="118.10351341031491756439208984375">
        <ele>9.3999996185302734375</ele>
        <time>2025-05-04T10:19:13.000Z</time>
        <extensions>
          <ns3:TrackPointExtension>
            <ns3:hr>157</ns3:hr>
          </ns3:TrackPointExtension>
        </extensions>
      </trkpt>
      <trkpt lat="24.48823998682200908660888671875" lon="118.10354375280439853668212890625">
        <ele>9.3999996185302734375</ele>
        <time>2025-05-04T10:19:14.000Z</time>
        <extensions>
          <ns3:TrackPointExtension>
            <ns3:hr>157</ns3:hr>
          </ns3:TrackPointExtension>
        </extensions>
      </trkpt>
      <trkpt lat="24.48823026381433010101318359375" lon="118.10357560403645038604736328125">
        <ele>9.3999996185302734375</ele>
        <time>2025-05-04T10:19:15.000Z</time>
        <extensions>
          <ns3:TrackPointExtension>
            <ns3:hr>157</ns3:hr>
          </ns3:TrackPointExtension>
        </extensions>
      </trkpt>
      <trkpt lat="24.48822297155857086181640625" lon="118.103607706725597381591796875">
        <ele>9.3999996185302734375</ele>
        <time>2025-05-04T10:19:16.000Z</time>
        <extensions>
          <ns3:TrackPointExtension>
            <ns3:hr>159</ns3:hr>
          </ns3:TrackPointExtension>
        </extensions>
      </trkpt>
      <trkpt lat="24.48821735568344593048095703125" lon="118.10364014469087123870849609375">
        <ele>9.3999996185302734375</ele>
        <time>2025-05-04T10:19:17.000Z</time>
        <extensions>
          <ns3:TrackPointExtension>
            <ns3:hr>159</ns3:hr>
          </ns3:TrackPointExtension>
        </extensions>
      </trkpt>
      <trkpt lat="24.48821366764605045318603515625" lon="118.10367316938936710357666015625">
        <ele>9.19999980926513671875</ele>
        <time>2025-05-04T10:19:18.000Z</time>
        <extensions>
          <ns3:TrackPointExtension>
            <ns3:hr>159</ns3:hr>
          </ns3:TrackPointExtension>
        </extensions>
      </trkpt>
      <trkpt lat="24.48821282945573329925537109375" lon="118.103706277906894683837890625">
        <ele>9</ele>
        <time>2025-05-04T10:19:19.000Z</time>
        <extensions>
          <ns3:TrackPointExtension>
            <ns3:hr>159</ns3:hr>
          </ns3:TrackPointExtension>
        </extensions>
      </trkpt>
      <trkpt lat="24.48821417056024074554443359375" lon="118.1037386320531368255615234375">
        <ele>8.6000003814697265625</ele>
        <time>2025-05-04T10:19:20.000Z</time>
        <extensions>
          <ns3:TrackPointExtension>
            <ns3:hr>159</ns3:hr>
          </ns3:TrackPointExtension>
        </extensions>
      </trkpt>
      <trkpt lat="24.48821685276925563812255859375" lon="118.10377039946615695953369140625">
        <ele>8</ele>
        <time>2025-05-04T10:19:21.000Z</time>
        <extensions>
          <ns3:TrackPointExtension>
            <ns3:hr>159</ns3:hr>
          </ns3:TrackPointExtension>
        </extensions>
      </trkpt>
      <trkpt lat="24.4882209599018096923828125" lon="118.1038013286888599395751953125">
        <ele>7.599999904632568359375</ele>
        <time>2025-05-04T10:19:22.000Z</time>
        <extensions>
          <ns3:TrackPointExtension>
            <ns3:hr>159</ns3:hr>
          </ns3:TrackPointExtension>
        </extensions>
      </trkpt>
      <trkpt lat="24.4882278330624103546142578125" lon="118.1038321740925312042236328125">
        <ele>7.19999980926513671875</ele>
        <time>2025-05-04T10:19:23.000Z</time>
        <extensions>
          <ns3:TrackPointExtension>
            <ns3:hr>159</ns3:hr>
          </ns3:TrackPointExtension>
        </extensions>
      </trkpt>
      <trkpt lat="24.488238058984279632568359375" lon="118.103862516582012176513671875">
        <ele>6.599999904632568359375</ele>
        <time>2025-05-04T10:19:24.000Z</time>
        <extensions>
          <ns3:TrackPointExtension>
            <ns3:hr>159</ns3:hr>
          </ns3:TrackPointExtension>
        </extensions>
      </trkpt>
      <trkpt lat="24.4882513023912906646728515625" lon="118.10389227233827114105224609375">
        <ele>6</ele>
        <time>2025-05-04T10:19:25.000Z</time>
        <extensions>
          <ns3:TrackPointExtension>
            <ns3:hr>159</ns3:hr>
          </ns3:TrackPointExtension>
        </extensions>
      </trkpt>
      <trkpt lat="24.4882653839886188507080078125" lon="118.10392060317099094390869140625">
        <ele>5.599999904632568359375</ele>
        <time>2025-05-04T10:19:26.000Z</time>
        <extensions>
          <ns3:TrackPointExtension>
            <ns3:hr>159</ns3:hr>
          </ns3:TrackPointExtension>
        </extensions>
      </trkpt>
      <trkpt lat="24.488279633224010467529296875" lon="118.1039471738040447235107421875">
        <ele>5.19999980926513671875</ele>
        <time>2025-05-04T10:19:27.000Z</time>
        <extensions>
          <ns3:TrackPointExtension>
            <ns3:hr>159</ns3:hr>
          </ns3:TrackPointExtension>
        </extensions>
      </trkpt>
      <trkpt lat="24.488295726478099822998046875" lon="118.10397273860871791839599609375">
        <ele>5</ele>
        <time>2025-05-04T10:19:28.000Z</time>
        <extensions>
          <ns3:TrackPointExtension>
            <ns3:hr>160</ns3:hr>
          </ns3:TrackPointExtension>
        </extensions>
      </trkpt>
      <trkpt lat="24.48831425048410892486572265625" lon="118.10399721376597881317138671875">
        <ele>5</ele>
        <time>2025-05-04T10:19:29.000Z</time>
        <extensions>
          <ns3:TrackPointExtension>
            <ns3:hr>160</ns3:hr>
          </ns3:TrackPointExtension>
        </extensions>
      </trkpt>
      <trkpt lat="24.488333947956562042236328125" lon="118.10401984490454196929931640625">
        <ele>4.80000019073486328125</ele>
        <time>2025-05-04T10:19:30.000Z</time>
        <extensions>
          <ns3:TrackPointExtension>
            <ns3:hr>160</ns3:hr>
          </ns3:TrackPointExtension>
        </extensions>
      </trkpt>
      <trkpt lat="24.48835532180964946746826171875" lon="118.10403912328183650970458984375">
        <ele>4.599999904632568359375</ele>
        <time>2025-05-04T10:19:31.000Z</time>
        <extensions>
          <ns3:TrackPointExtension>
            <ns3:hr>160</ns3:hr>
          </ns3:TrackPointExtension>
        </extensions>
      </trkpt>
      <trkpt lat="24.4883793778717517852783203125" lon="118.104056306183338165283203125">
        <ele>4.400000095367431640625</ele>
        <time>2025-05-04T10:19:32.000Z</time>
        <extensions>
          <ns3:TrackPointExtension>
            <ns3:hr>160</ns3:hr>
          </ns3:TrackPointExtension>
        </extensions>
      </trkpt>
      <trkpt lat="24.48840544559061527252197265625" lon="118.1040729023516178131103515625">
        <ele>4.19999980926513671875</ele>
        <time>2025-05-04T10:19:33.000Z</time>
        <extensions>
          <ns3:TrackPointExtension>
            <ns3:hr>159</ns3:hr>
          </ns3:TrackPointExtension>
        </extensions>
      </trkpt>
      <trkpt lat="24.4884328544139862060546875" lon="118.104089163243770599365234375">
        <ele>4</ele>
        <time>2025-05-04T10:19:34.000Z</time>
        <extensions>
          <ns3:TrackPointExtension>
            <ns3:hr>159</ns3:hr>
          </ns3:TrackPointExtension>
        </extensions>
      </trkpt>
      <trkpt lat="24.48846193961799144744873046875" lon="118.1041040830314159393310546875">
        <ele>4.19999980926513671875</ele>
        <time>2025-05-04T10:19:35.000Z</time>
        <extensions>
          <ns3:TrackPointExtension>
            <ns3:hr>159</ns3:hr>
          </ns3:TrackPointExtension>
        </extensions>
      </trkpt>
      <trkpt lat="24.48849194683134555816650390625" lon="118.10411539860069751739501953125">
        <ele>4.400000095367431640625</ele>
        <time>2025-05-04T10:19:36.000Z</time>
        <extensions>
          <ns3:TrackPointExtension>
            <ns3:hr>159</ns3:hr>
          </ns3:TrackPointExtension>
        </extensions>
      </trkpt>
      <trkpt lat="24.488521702587604522705078125" lon="118.10412369668483734130859375">
        <ele>4.599999904632568359375</ele>
        <time>2025-05-04T10:19:37.000Z</time>
        <extensions>
          <ns3:TrackPointExtension>
            <ns3:hr>159</ns3:hr>
          </ns3:TrackPointExtension>
        </extensions>
      </trkpt>
      <trkpt lat="24.4885517098009586334228515625" lon="118.10413031838834285736083984375">
        <ele>4.80000019073486328125</ele>
        <time>2025-05-04T10:19:38.000Z</time>
        <extensions>
          <ns3:TrackPointExtension>
            <ns3:hr>159</ns3:hr>
          </ns3:TrackPointExtension>
        </extensions>
      </trkpt>
      <trkpt lat="24.4885818846523761749267578125" lon="118.1041355989873409271240234375">
        <ele>5</ele>
        <time>2025-05-04T10:19:39.000Z</time>
        <extensions>
          <ns3:TrackPointExtension>
            <ns3:hr>159</ns3:hr>
          </ns3:TrackPointExtension>
        </extensions>
      </trkpt>
      <trkpt lat="24.4886120595037937164306640625" lon="118.10413870029151439666748046875">
        <ele>5.19999980926513671875</ele>
        <time>2025-05-04T10:19:40.000Z</time>
        <extensions>
          <ns3:TrackPointExtension>
            <ns3:hr>159</ns3:hr>
          </ns3:TrackPointExtension>
        </extensions>
      </trkpt>
      <trkpt lat="24.488641731441020965576171875" lon="118.104139454662799835205078125">
        <ele>5.400000095367431640625</ele>
        <time>2025-05-04T10:19:41.000Z</time>
        <extensions>
          <ns3:TrackPointExtension>
            <ns3:hr>159</ns3:hr>
          </ns3:TrackPointExtension>
        </extensions>
      </trkpt>
      <trkpt lat="24.4886715710163116455078125" lon="118.1041372753679752349853515625">
        <ele>5.599999904632568359375</ele>
        <time>2025-05-04T10:19:42.000Z</time>
        <extensions>
          <ns3:TrackPointExtension>
            <ns3:hr>159</ns3:hr>
          </ns3:TrackPointExtension>
        </extensions>
      </trkpt>
      <trkpt lat="24.48870065622031688690185546875" lon="118.1041322462260723114013671875">
        <ele>5.599999904632568359375</ele>
        <time>2025-05-04T10:19:43.000Z</time>
        <extensions>
          <ns3:TrackPointExtension>
            <ns3:hr>159</ns3:hr>
          </ns3:TrackPointExtension>
        </extensions>
      </trkpt>
      <trkpt lat="24.48872965760529041290283203125" lon="118.10412478633224964141845703125">
        <ele>5.80000019073486328125</ele>
        <time>2025-05-04T10:19:44.000Z</time>
        <extensions>
          <ns3:TrackPointExtension>
            <ns3:hr>159</ns3:hr>
          </ns3:TrackPointExtension>
        </extensions>
      </trkpt>
      <trkpt lat="24.48875882662832736968994140625" lon="118.10411506332457065582275390625">
        <ele>6.400000095367431640625</ele>
        <time>2025-05-04T10:19:45.000Z</time>
        <extensions>
          <ns3:TrackPointExtension>
            <ns3:hr>159</ns3:hr>
          </ns3:TrackPointExtension>
        </extensions>
      </trkpt>
      <trkpt lat="24.48878816328942775726318359375" lon="118.10410383157432079315185546875">
        <ele>7</ele>
        <time>2025-05-04T10:19:46.000Z</time>
        <extensions>
          <ns3:TrackPointExtension>
            <ns3:hr>159</ns3:hr>
          </ns3:TrackPointExtension>
        </extensions>
      </trkpt>
      <trkpt lat="24.48881682939827442169189453125" lon="118.10409226454794406890869140625">
        <ele>7.599999904632568359375</ele>
        <time>2025-05-04T10:19:47.000Z</time>
        <extensions>
          <ns3:TrackPointExtension>
            <ns3:hr>159</ns3:hr>
          </ns3:TrackPointExtension>
        </extensions>
      </trkpt>
      <trkpt lat="24.488844238221645355224609375" lon="118.1040801107883453369140625">
        <ele>8.19999980926513671875</ele>
        <time>2025-05-04T10:19:48.000Z</time>
        <extensions>
          <ns3:TrackPointExtension>
            <ns3:hr>159</ns3:hr>
          </ns3:TrackPointExtension>
        </extensions>
      </trkpt>
      <trkpt lat="24.48887097649276256561279296875" lon="118.10406795702874660491943359375">
        <ele>8.6000003814697265625</ele>
        <time>2025-05-04T10:19:49.000Z</time>
        <extensions>
          <ns3:TrackPointExtension>
            <ns3:hr>159</ns3:hr>
          </ns3:TrackPointExtension>
        </extensions>
      </trkpt>
      <trkpt lat="24.4888970442116260528564453125" lon="118.10405655764043331146240234375">
        <ele>8.80000019073486328125</ele>
        <time>2025-05-04T10:19:50.000Z</time>
        <extensions>
          <ns3:TrackPointExtension>
            <ns3:hr>159</ns3:hr>
          </ns3:TrackPointExtension>
        </extensions>
      </trkpt>
      <trkpt lat="24.48892277665436267852783203125" lon="118.1040460802614688873291015625">
        <ele>9</ele>
        <time>2025-05-04T10:19:51.000Z</time>
        <extensions>
          <ns3:TrackPointExtension>
            <ns3:hr>159</ns3:hr>
          </ns3:TrackPointExtension>
        </extensions>
      </trkpt>
      <trkpt lat="24.488948844373226165771484375" lon="118.104035519063472747802734375">
        <ele>9.19999980926513671875</ele>
        <time>2025-05-04T10:19:52.000Z</time>
        <extensions>
          <ns3:TrackPointExtension>
            <ns3:hr>159</ns3:hr>
          </ns3:TrackPointExtension>
        </extensions>
      </trkpt>
      <trkpt lat="24.48897533118724822998046875" lon="118.10402403585612773895263671875">
        <ele>9.6000003814697265625</ele>
        <time>2025-05-04T10:19:53.000Z</time>
        <extensions>
          <ns3:TrackPointExtension>
            <ns3:hr>159</ns3:hr>
          </ns3:TrackPointExtension>
        </extensions>
      </trkpt>
      <trkpt lat="24.48900206945836544036865234375" lon="118.10401196591556072235107421875">
        <ele>9.80000019073486328125</ele>
        <time>2025-05-04T10:19:54.000Z</time>
        <extensions>
          <ns3:TrackPointExtension>
            <ns3:hr>159</ns3:hr>
          </ns3:TrackPointExtension>
        </extensions>
      </trkpt>
      <trkpt lat="24.48902922682464122772216796875" lon="118.10399989597499370574951171875">
        <ele>9.6000003814697265625</ele>
        <time>2025-05-04T10:19:55.000Z</time>
        <extensions>
          <ns3:TrackPointExtension>
            <ns3:hr>158</ns3:hr>
          </ns3:TrackPointExtension>
        </extensions>
      </trkpt>
      <trkpt lat="24.48905722238123416900634765625" lon="118.10398883186280727386474609375">
        <ele>9.3999996185302734375</ele>
        <time>2025-05-04T10:19:56.000Z</time>
        <extensions>
          <ns3:TrackPointExtension>
            <ns3:hr>158</ns3:hr>
          </ns3:TrackPointExtension>
        </extensions>
      </trkpt>
      <trkpt lat="24.4890861399471759796142578125" lon="118.10397827066481113433837890625">
        <ele>9.80000019073486328125</ele>
        <time>2025-05-04T10:19:57.000Z</time>
        <extensions>
          <ns3:TrackPointExtension>
            <ns3:hr>158</ns3:hr>
          </ns3:TrackPointExtension>
        </extensions>
      </trkpt>
      <trkpt lat="24.48911623097956180572509765625" lon="118.1039682962000370025634765625">
        <ele>10.19999980926513671875</ele>
        <time>2025-05-04T10:19:58.000Z</time>
        <extensions>
          <ns3:TrackPointExtension>
            <ns3:hr>158</ns3:hr>
          </ns3:TrackPointExtension>
        </extensions>
      </trkpt>
      <trkpt lat="24.48914674110710620880126953125" lon="118.1039589084684848785400390625">
        <ele>10.6000003814697265625</ele>
        <time>2025-05-04T10:19:59.000Z</time>
        <extensions>
          <ns3:TrackPointExtension>
            <ns3:hr>158</ns3:hr>
          </ns3:TrackPointExtension>
        </extensions>
      </trkpt>
      <trkpt lat="24.4891763292253017425537109375" lon="118.10394935309886932373046875">
        <ele>10.80000019073486328125</ele>
        <time>2025-05-04T10:20:00.000Z</time>
        <extensions>
          <ns3:TrackPointExtension>
            <ns3:hr>158</ns3:hr>
          </ns3:TrackPointExtension>
        </extensions>
      </trkpt>
      <trkpt lat="24.48920466005802154541015625" lon="118.103939630091190338134765625">
        <ele>11.19999980926513671875</ele>
        <time>2025-05-04T10:20:01.000Z</time>
        <extensions>
          <ns3:TrackPointExtension>
            <ns3:hr>158</ns3:hr>
          </ns3:TrackPointExtension>
        </extensions>
      </trkpt>
      <trkpt lat="24.489231817424297332763671875" lon="118.10393032617866992950439453125">
        <ele>11.3999996185302734375</ele>
        <time>2025-05-04T10:20:02.000Z</time>
        <extensions>
          <ns3:TrackPointExtension>
            <ns3:hr>158</ns3:hr>
          </ns3:TrackPointExtension>
        </extensions>
      </trkpt>
      <trkpt lat="24.4892584718763828277587890625" lon="118.103920854628086090087890625">
        <ele>11.6000003814697265625</ele>
        <time>2025-05-04T10:20:03.000Z</time>
        <extensions>
          <ns3:TrackPointExtension>
            <ns3:hr>158</ns3:hr>
          </ns3:TrackPointExtension>
        </extensions>
      </trkpt>
      <trkpt lat="24.48928512632846832275390625" lon="118.1039111316204071044921875">
        <ele>11.6000003814697265625</ele>
        <time>2025-05-04T10:20:04.000Z</time>
        <extensions>
          <ns3:TrackPointExtension>
            <ns3:hr>158</ns3:hr>
          </ns3:TrackPointExtension>
        </extensions>
      </trkpt>
      <trkpt lat="24.48931219987571239471435546875" lon="118.10390149243175983428955078125">
        <ele>11</ele>
        <time>2025-05-04T10:20:05.000Z</time>
        <extensions>
          <ns3:TrackPointExtension>
            <ns3:hr>158</ns3:hr>
          </ns3:TrackPointExtension>
        </extensions>
      </trkpt>
      <trkpt lat="24.489340446889400482177734375" lon="118.10389176942408084869384765625">
        <ele>10.3999996185302734375</ele>
        <time>2025-05-04T10:20:06.000Z</time>
        <extensions>
          <ns3:TrackPointExtension>
            <ns3:hr>158</ns3:hr>
          </ns3:TrackPointExtension>
        </extensions>
      </trkpt>
      <trkpt lat="24.489369951188564300537109375" lon="118.1038814596831798553466796875">
        <ele>9.80000019073486328125</ele>
        <time>2025-05-04T10:20:07.000Z</time>
        <extensions>
          <ns3:TrackPointExtension>
            <ns3:hr>159</ns3:hr>
          </ns3:TrackPointExtension>
        </extensions>
      </trkpt>
      <trkpt lat="24.4893992878496646881103515625" lon="118.10387081466615200042724609375">
        <ele>9</ele>
        <time>2025-05-04T10:20:08.000Z</time>
        <extensions>
          <ns3:TrackPointExtension>
            <ns3:hr>159</ns3:hr>
          </ns3:TrackPointExtension>
        </extensions>
      </trkpt>
      <trkpt lat="24.4894279539585113525390625" lon="118.1038600020110607147216796875">
        <ele>8.3999996185302734375</ele>
        <time>2025-05-04T10:20:09.000Z</time>
        <extensions>
          <ns3:TrackPointExtension>
            <ns3:hr>159</ns3:hr>
          </ns3:TrackPointExtension>
        </extensions>
      </trkpt>
      <trkpt lat="24.4894556142389774322509765625" lon="118.103848434984683990478515625">
        <ele>7.80000019073486328125</ele>
        <time>2025-05-04T10:20:10.000Z</time>
        <extensions>
          <ns3:TrackPointExtension>
            <ns3:hr>159</ns3:hr>
          </ns3:TrackPointExtension>
        </extensions>
      </trkpt>
      <trkpt lat="24.48948235251009464263916015625" lon="118.10383577831089496612548828125">
        <ele>7.400000095367431640625</ele>
        <time>2025-05-04T10:20:11.000Z</time>
        <extensions>
          <ns3:TrackPointExtension>
            <ns3:hr>159</ns3:hr>
          </ns3:TrackPointExtension>
        </extensions>
      </trkpt>
      <trkpt lat="24.48950783349573612213134765625" lon="118.1038217805325984954833984375">
        <ele>7.19999980926513671875</ele>
        <time>2025-05-04T10:20:12.000Z</time>
        <extensions>
          <ns3:TrackPointExtension>
            <ns3:hr>159</ns3:hr>
          </ns3:TrackPointExtension>
        </extensions>
      </trkpt>
      <trkpt lat="24.48953247629106044769287109375" lon="118.10380526818335056304931640625">
        <ele>6.80000019073486328125</ele>
        <time>2025-05-04T10:20:13.000Z</time>
        <extensions>
          <ns3:TrackPointExtension>
            <ns3:hr>159</ns3:hr>
          </ns3:TrackPointExtension>
        </extensions>
      </trkpt>
      <trkpt lat="24.48955594561994075775146484375" lon="118.10378531925380229949951171875">
        <ele>6.400000095367431640625</ele>
        <time>2025-05-04T10:20:14.000Z</time>
        <extensions>
          <ns3:TrackPointExtension>
            <ns3:hr>159</ns3:hr>
          </ns3:TrackPointExtension>
        </extensions>
      </trkpt>
      <trkpt lat="24.4895783253014087677001953125" lon="118.10376201756298542022705078125">
        <ele>6.19999980926513671875</ele>
        <time>2025-05-04T10:20:15.000Z</time>
        <extensions>
          <ns3:TrackPointExtension>
            <ns3:hr>158</ns3:hr>
          </ns3:TrackPointExtension>
        </extensions>
      </trkpt>
      <trkpt lat="24.4896001182496547698974609375" lon="118.10373653657734394073486328125">
        <ele>6.19999980926513671875</ele>
        <time>2025-05-04T10:20:16.000Z</time>
        <extensions>
          <ns3:TrackPointExtension>
            <ns3:hr>158</ns3:hr>
          </ns3:TrackPointExtension>
        </extensions>
      </trkpt>
      <trkpt lat="24.48962048627436161041259765625" lon="118.1037091277539730072021484375">
        <ele>6</ele>
        <time>2025-05-04T10:20:17.000Z</time>
        <extensions>
          <ns3:TrackPointExtension>
            <ns3:hr>158</ns3:hr>
          </ns3:TrackPointExtension>
        </extensions>
      </trkpt>
      <trkpt lat="24.4896390102803707122802734375" lon="118.10368004254996776580810546875">
        <ele>5.80000019073486328125</ele>
        <time>2025-05-04T10:20:18.000Z</time>
        <extensions>
          <ns3:TrackPointExtension>
            <ns3:hr>158</ns3:hr>
          </ns3:TrackPointExtension>
        </extensions>
      </trkpt>
      <trkpt lat="24.48965535499155521392822265625" lon="118.1036494486033916473388671875">
        <ele>5.599999904632568359375</ele>
        <time>2025-05-04T10:20:19.000Z</time>
        <extensions>
          <ns3:TrackPointExtension>
            <ns3:hr>158</ns3:hr>
          </ns3:TrackPointExtension>
        </extensions>
      </trkpt>
      <trkpt lat="24.4896688498556613922119140625" lon="118.10361784882843494415283203125">
        <ele>5.599999904632568359375</ele>
        <time>2025-05-04T10:20:20.000Z</time>
        <extensions>
          <ns3:TrackPointExtension>
            <ns3:hr>158</ns3:hr>
          </ns3:TrackPointExtension>
        </extensions>
      </trkpt>
      <trkpt lat="24.48968821205198764801025390625" lon="118.10355481691658496856689453125">
        <ele>5.599999904632568359375</ele>
        <time>2025-05-04T10:20:21.000Z</time>
        <extensions>
          <ns3:TrackPointExtension>
            <ns3:hr>158</ns3:hr>
          </ns3:TrackPointExtension>
        </extensions>
      </trkpt>
      <trkpt lat="24.4896948337554931640625" lon="118.103523217141628265380859375">
        <ele>5.599999904632568359375</ele>
        <time>2025-05-04T10:20:22.000Z</time>
        <extensions>
          <ns3:TrackPointExtension>
            <ns3:hr>158</ns3:hr>
          </ns3:TrackPointExtension>
        </extensions>
      </trkpt>
      <trkpt lat="24.48969952762126922607421875" lon="118.103491701185703277587890625">
        <ele>5.400000095367431640625</ele>
        <time>2025-05-04T10:20:23.000Z</time>
        <extensions>
          <ns3:TrackPointExtension>
            <ns3:hr>158</ns3:hr>
          </ns3:TrackPointExtension>
        </extensions>
      </trkpt>
      <trkpt lat="24.4897023774683475494384765625" lon="118.1034600175917148590087890625">
        <ele>5.400000095367431640625</ele>
        <time>2025-05-04T10:20:24.000Z</time>
        <extensions>
          <ns3:TrackPointExtension>
            <ns3:hr>160</ns3:hr>
          </ns3:TrackPointExtension>
        </extensions>
      </trkpt>
      <trkpt lat="24.4897027127444744110107421875" lon="118.10342724435031414031982421875">
        <ele>5.400000095367431640625</ele>
        <time>2025-05-04T10:20:25.000Z</time>
        <extensions>
          <ns3:TrackPointExtension>
            <ns3:hr>160</ns3:hr>
          </ns3:TrackPointExtension>
        </extensions>
      </trkpt>
      <trkpt lat="24.48969818651676177978515625" lon="118.10339321382343769073486328125">
        <ele>5.400000095367431640625</ele>
        <time>2025-05-04T10:20:26.000Z</time>
        <extensions>
          <ns3:TrackPointExtension>
            <ns3:hr>160</ns3:hr>
          </ns3:TrackPointExtension>
        </extensions>
      </trkpt>
      <trkpt lat="24.489689134061336517333984375" lon="118.10335951857268810272216796875">
        <ele>5.599999904632568359375</ele>
        <time>2025-05-04T10:20:27.000Z</time>
        <extensions>
          <ns3:TrackPointExtension>
            <ns3:hr>160</ns3:hr>
          </ns3:TrackPointExtension>
        </extensions>
      </trkpt>
      <trkpt lat="24.48967874050140380859375" lon="118.103328086435794830322265625">
        <ele>5.80000019073486328125</ele>
        <time>2025-05-04T10:20:28.000Z</time>
        <extensions>
          <ns3:TrackPointExtension>
            <ns3:hr>160</ns3:hr>
          </ns3:TrackPointExtension>
        </extensions>
      </trkpt>
      <trkpt lat="24.48966868221759796142578125" lon="118.1032984144985675811767578125">
        <ele>5.80000019073486328125</ele>
        <time>2025-05-04T10:20:29.000Z</time>
        <extensions>
          <ns3:TrackPointExtension>
            <ns3:hr>160</ns3:hr>
          </ns3:TrackPointExtension>
        </extensions>
      </trkpt>
      <trkpt lat="24.4896577857434749603271484375" lon="118.1032692454755306243896484375">
        <ele>6</ele>
        <time>2025-05-04T10:20:30.000Z</time>
        <extensions>
          <ns3:TrackPointExtension>
            <ns3:hr>160</ns3:hr>
          </ns3:TrackPointExtension>
        </extensions>
      </trkpt>
      <trkpt lat="24.48964630253612995147705078125" lon="118.10324083082377910614013671875">
        <ele>6.19999980926513671875</ele>
        <time>2025-05-04T10:20:31.000Z</time>
        <extensions>
          <ns3:TrackPointExtension>
            <ns3:hr>160</ns3:hr>
          </ns3:TrackPointExtension>
        </extensions>
      </trkpt>
      <trkpt lat="24.4896339811384677886962890625" lon="118.103213422000408172607421875">
        <ele>6.400000095367431640625</ele>
        <time>2025-05-04T10:20:32.000Z</time>
        <extensions>
          <ns3:TrackPointExtension>
            <ns3:hr>160</ns3:hr>
          </ns3:TrackPointExtension>
        </extensions>
      </trkpt>
      <trkpt lat="24.48961906135082244873046875" lon="118.10318785719573497772216796875">
        <ele>6.400000095367431640625</ele>
        <time>2025-05-04T10:20:33.000Z</time>
        <extensions>
          <ns3:TrackPointExtension>
            <ns3:hr>160</ns3:hr>
          </ns3:TrackPointExtension>
        </extensions>
      </trkpt>
      <trkpt lat="24.489601291716098785400390625" lon="118.10316405259072780609130859375">
        <ele>6.599999904632568359375</ele>
        <time>2025-05-04T10:20:34.000Z</time>
        <extensions>
          <ns3:TrackPointExtension>
            <ns3:hr>160</ns3:hr>
          </ns3:TrackPointExtension>
        </extensions>
      </trkpt>
      <trkpt lat="24.489581845700740814208984375" lon="118.1031418405473232269287109375">
        <ele>6.80000019073486328125</ele>
        <time>2025-05-04T10:20:36.000Z</time>
        <extensions>
          <ns3:TrackPointExtension>
            <ns3:hr>160</ns3:hr>
          </ns3:TrackPointExtension>
        </extensions>
      </trkpt>
      <trkpt lat="24.48956164531409740447998046875" lon="118.103121221065521240234375">
        <ele>7</ele>
        <time>2025-05-04T10:20:37.000Z</time>
        <extensions>
          <ns3:TrackPointExtension>
            <ns3:hr>160</ns3:hr>
          </ns3:TrackPointExtension>
        </extensions>
      </trkpt>
      <trkpt lat="24.48953951708972454071044921875" lon="118.10310185886919498443603515625">
        <ele>7</ele>
        <time>2025-05-04T10:20:38.000Z</time>
        <extensions>
          <ns3:TrackPointExtension>
            <ns3:hr>160</ns3:hr>
          </ns3:TrackPointExtension>
        </extensions>
      </trkpt>
      <trkpt lat="24.48951579630374908447265625" lon="118.10308526270091533660888671875">
        <ele>7.19999980926513671875</ele>
        <time>2025-05-04T10:20:39.000Z</time>
        <extensions>
          <ns3:TrackPointExtension>
            <ns3:hr>160</ns3:hr>
          </ns3:TrackPointExtension>
        </extensions>
      </trkpt>
      <trkpt lat="24.489490985870361328125" lon="118.1030717678368091583251953125">
        <ele>7.400000095367431640625</ele>
        <time>2025-05-04T10:20:40.000Z</time>
        <extensions>
          <ns3:TrackPointExtension>
            <ns3:hr>160</ns3:hr>
          </ns3:TrackPointExtension>
        </extensions>
      </trkpt>
      <trkpt lat="24.489463828504085540771484375" lon="118.103060536086559295654296875">
        <ele>7.400000095367431640625</ele>
        <time>2025-05-04T10:20:41.000Z</time>
        <extensions>
          <ns3:TrackPointExtension>
            <ns3:hr>160</ns3:hr>
          </ns3:TrackPointExtension>
        </extensions>
      </trkpt>
      <trkpt lat="24.48943524621427059173583984375" lon="118.10305072925984859466552734375">
        <ele>7.599999904632568359375</ele>
        <time>2025-05-04T10:20:42.000Z</time>
        <extensions>
          <ns3:TrackPointExtension>
            <ns3:hr>160</ns3:hr>
          </ns3:TrackPointExtension>
        </extensions>
      </trkpt>
      <trkpt lat="24.48940674774348735809326171875" lon="118.10304234735667705535888671875">
        <ele>7.80000019073486328125</ele>
        <time>2025-05-04T10:20:43.000Z</time>
        <extensions>
          <ns3:TrackPointExtension>
            <ns3:hr>160</ns3:hr>
          </ns3:TrackPointExtension>
        </extensions>
      </trkpt>
      <trkpt lat="24.48937766253948211669921875" lon="118.10303497128188610076904296875">
        <ele>7.80000019073486328125</ele>
        <time>2025-05-04T10:20:44.000Z</time>
        <extensions>
          <ns3:TrackPointExtension>
            <ns3:hr>160</ns3:hr>
          </ns3:TrackPointExtension>
        </extensions>
      </trkpt>
      <trkpt lat="24.4893479906022548675537109375" lon="118.10302943922579288482666015625">
        <ele>8</ele>
        <time>2025-05-04T10:20:45.000Z</time>
        <extensions>
          <ns3:TrackPointExtension>
            <ns3:hr>160</ns3:hr>
          </ns3:TrackPointExtension>
        </extensions>
      </trkpt>
      <trkpt lat="24.48931873776018619537353515625" lon="118.10302658937871456146240234375">
        <ele>8.19999980926513671875</ele>
        <time>2025-05-04T10:20:46.000Z</time>
        <extensions>
          <ns3:TrackPointExtension>
            <ns3:hr>160</ns3:hr>
          </ns3:TrackPointExtension>
        </extensions>
      </trkpt>
      <trkpt lat="24.4892899878323078155517578125" lon="118.10302625410258769989013671875">
        <ele>8.19999980926513671875</ele>
        <time>2025-05-04T10:20:47.000Z</time>
        <extensions>
          <ns3:TrackPointExtension>
            <ns3:hr>160</ns3:hr>
          </ns3:TrackPointExtension>
        </extensions>
      </trkpt>
      <trkpt lat="24.48926098644733428955078125" lon="118.10302759520709514617919921875">
        <ele>8.3999996185302734375</ele>
        <time>2025-05-04T10:20:48.000Z</time>
        <extensions>
          <ns3:TrackPointExtension>
            <ns3:hr>160</ns3:hr>
          </ns3:TrackPointExtension>
        </extensions>
      </trkpt>
      <trkpt lat="24.48923240415751934051513671875" lon="118.10303061269223690032958984375">
        <ele>8.3999996185302734375</ele>
        <time>2025-05-04T10:20:49.000Z</time>
        <extensions>
          <ns3:TrackPointExtension>
            <ns3:hr>159</ns3:hr>
          </ns3:TrackPointExtension>
        </extensions>
      </trkpt>
      <trkpt lat="24.48920331895351409912109375" lon="118.103035725653171539306640625">
        <ele>8.3999996185302734375</ele>
        <time>2025-05-04T10:20:50.000Z</time>
        <extensions>
          <ns3:TrackPointExtension>
            <ns3:hr>159</ns3:hr>
          </ns3:TrackPointExtension>
        </extensions>
      </trkpt>
      <trkpt lat="24.489175491034984588623046875" lon="118.10304251499474048614501953125">
        <ele>8.3999996185302734375</ele>
        <time>2025-05-04T10:20:51.000Z</time>
        <extensions>
          <ns3:TrackPointExtension>
            <ns3:hr>159</ns3:hr>
          </ns3:TrackPointExtension>
        </extensions>
      </trkpt>
      <trkpt lat="24.4891490042209625244140625" lon="118.103050477802753448486328125">
        <ele>8.19999980926513671875</ele>
        <time>2025-05-04T10:20:52.000Z</time>
        <extensions>
          <ns3:TrackPointExtension>
            <ns3:hr>159</ns3:hr>
          </ns3:TrackPointExtension>
        </extensions>
      </trkpt>
      <trkpt lat="24.4891213439404964447021484375" lon="118.1030583567917346954345703125">
        <ele>8</ele>
        <time>2025-05-04T10:20:53.000Z</time>
        <extensions>
          <ns3:TrackPointExtension>
            <ns3:hr>159</ns3:hr>
          </ns3:TrackPointExtension>
        </extensions>
      </trkpt>
      <trkpt lat="24.4890928454697132110595703125" lon="118.10306615196168422698974609375">
        <ele>7.80000019073486328125</ele>
        <time>2025-05-04T10:20:54.000Z</time>
        <extensions>
          <ns3:TrackPointExtension>
            <ns3:hr>159</ns3:hr>
          </ns3:TrackPointExtension>
        </extensions>
      </trkpt>
      <trkpt lat="24.489064514636993408203125" lon="118.1030744500458240509033203125">
        <ele>7.599999904632568359375</ele>
        <time>2025-05-04T10:20:55.000Z</time>
        <extensions>
          <ns3:TrackPointExtension>
            <ns3:hr>159</ns3:hr>
          </ns3:TrackPointExtension>
        </extensions>
      </trkpt>
      <trkpt lat="24.489036016166210174560546875" lon="118.10308375395834445953369140625">
        <ele>7.400000095367431640625</ele>
        <time>2025-05-04T10:20:56.000Z</time>
        <extensions>
          <ns3:TrackPointExtension>
            <ns3:hr>159</ns3:hr>
          </ns3:TrackPointExtension>
        </extensions>
      </trkpt>
      <trkpt lat="24.48900843970477581024169921875" lon="118.10309364460408687591552734375">
        <ele>7.19999980926513671875</ele>
        <time>2025-05-04T10:20:57.000Z</time>
        <extensions>
          <ns3:TrackPointExtension>
            <ns3:hr>159</ns3:hr>
          </ns3:TrackPointExtension>
        </extensions>
      </trkpt>
      <trkpt lat="24.48898245580494403839111328125" lon="118.10310303233563899993896484375">
        <ele>7.19999980926513671875</ele>
        <time>2025-05-04T10:20:58.000Z</time>
        <extensions>
          <ns3:TrackPointExtension>
            <ns3:hr>159</ns3:hr>
          </ns3:TrackPointExtension>
        </extensions>
      </trkpt>
      <trkpt lat="24.48895680718123912811279296875" lon="118.10311208479106426239013671875">
        <ele>7.400000095367431640625</ele>
        <time>2025-05-04T10:20:59.000Z</time>
        <extensions>
          <ns3:TrackPointExtension>
            <ns3:hr>159</ns3:hr>
          </ns3:TrackPointExtension>
        </extensions>
      </trkpt>
      <trkpt lat="24.4889302365481853485107421875" lon="118.10312197543680667877197265625">
        <ele>7.599999904632568359375</ele>
        <time>2025-05-04T10:21:00.000Z</time>
        <extensions>
          <ns3:TrackPointExtension>
            <ns3:hr>159</ns3:hr>
          </ns3:TrackPointExtension>
        </extensions>
      </trkpt>
      <trkpt lat="24.4889027439057826995849609375" lon="118.103132285177707672119140625">
        <ele>7.80000019073486328125</ele>
        <time>2025-05-04T10:21:01.000Z</time>
        <extensions>
          <ns3:TrackPointExtension>
            <ns3:hr>159</ns3:hr>
          </ns3:TrackPointExtension>
        </extensions>
      </trkpt>
      <trkpt lat="24.48887499980628490447998046875" lon="118.103141672909259796142578125">
        <ele>8</ele>
        <time>2025-05-04T10:21:02.000Z</time>
        <extensions>
          <ns3:TrackPointExtension>
            <ns3:hr>159</ns3:hr>
          </ns3:TrackPointExtension>
        </extensions>
      </trkpt>
      <trkpt lat="24.488847590982913970947265625" lon="118.10315047390758991241455078125">
        <ele>8</ele>
        <time>2025-05-04T10:21:03.000Z</time>
        <extensions>
          <ns3:TrackPointExtension>
            <ns3:hr>159</ns3:hr>
          </ns3:TrackPointExtension>
        </extensions>
      </trkpt>
      <trkpt lat="24.48882043361663818359375" lon="118.1031596101820468902587890625">
        <ele>8.19999980926513671875</ele>
        <time>2025-05-04T10:21:04.000Z</time>
        <extensions>
          <ns3:TrackPointExtension>
            <ns3:hr>159</ns3:hr>
          </ns3:TrackPointExtension>
        </extensions>
      </trkpt>
      <trkpt lat="24.48879386298358440399169921875" lon="118.1031681597232818603515625">
        <ele>8.3999996185302734375</ele>
        <time>2025-05-04T10:21:05.000Z</time>
        <extensions>
          <ns3:TrackPointExtension>
            <ns3:hr>159</ns3:hr>
          </ns3:TrackPointExtension>
        </extensions>
      </trkpt>
      <trkpt lat="24.48876745998859405517578125" lon="118.10317662544548511505126953125">
        <ele>8.3999996185302734375</ele>
        <time>2025-05-04T10:21:06.000Z</time>
        <extensions>
          <ns3:TrackPointExtension>
            <ns3:hr>159</ns3:hr>
          </ns3:TrackPointExtension>
        </extensions>
      </trkpt>
      <trkpt lat="24.48874105699360370635986328125" lon="118.10318651609122753143310546875">
        <ele>8.19999980926513671875</ele>
        <time>2025-05-04T10:21:07.000Z</time>
        <extensions>
          <ns3:TrackPointExtension>
            <ns3:hr>159</ns3:hr>
          </ns3:TrackPointExtension>
        </extensions>
      </trkpt>
      <trkpt lat="24.48871440254151821136474609375" lon="118.10319699347019195556640625">
        <ele>8</ele>
        <time>2025-05-04T10:21:08.000Z</time>
        <extensions>
          <ns3:TrackPointExtension>
            <ns3:hr>159</ns3:hr>
          </ns3:TrackPointExtension>
        </extensions>
      </trkpt>
      <trkpt lat="24.48868707753717899322509765625" lon="118.1032057106494903564453125">
        <ele>8</ele>
        <time>2025-05-04T10:21:09.000Z</time>
        <extensions>
          <ns3:TrackPointExtension>
            <ns3:hr>158</ns3:hr>
          </ns3:TrackPointExtension>
        </extensions>
      </trkpt>
      <trkpt lat="24.48865958489477634429931640625" lon="118.1032122485339641571044921875">
        <ele>7.80000019073486328125</ele>
        <time>2025-05-04T10:21:10.000Z</time>
        <extensions>
          <ns3:TrackPointExtension>
            <ns3:hr>158</ns3:hr>
          </ns3:TrackPointExtension>
        </extensions>
      </trkpt>
      <trkpt lat="24.48863225989043712615966796875" lon="118.1032182835042476654052734375">
        <ele>7.80000019073486328125</ele>
        <time>2025-05-04T10:21:11.000Z</time>
        <extensions>
          <ns3:TrackPointExtension>
            <ns3:hr>158</ns3:hr>
          </ns3:TrackPointExtension>
        </extensions>
      </trkpt>
      <trkpt lat="24.4886043481528759002685546875" lon="118.10322582721710205078125">
        <ele>7.599999904632568359375</ele>
        <time>2025-05-04T10:21:12.000Z</time>
        <extensions>
          <ns3:TrackPointExtension>
            <ns3:hr>158</ns3:hr>
          </ns3:TrackPointExtension>
        </extensions>
      </trkpt>
      <trkpt lat="24.48857643641531467437744140625" lon="118.1032352149486541748046875">
        <ele>7.599999904632568359375</ele>
        <time>2025-05-04T10:21:13.000Z</time>
        <extensions>
          <ns3:TrackPointExtension>
            <ns3:hr>158</ns3:hr>
          </ns3:TrackPointExtension>
        </extensions>
      </trkpt>
      <trkpt lat="24.4885483570396900177001953125" lon="118.103243596851825714111328125">
        <ele>7.80000019073486328125</ele>
        <time>2025-05-04T10:21:14.000Z</time>
        <extensions>
          <ns3:TrackPointExtension>
            <ns3:hr>158</ns3:hr>
          </ns3:TrackPointExtension>
        </extensions>
      </trkpt>
      <trkpt lat="24.488519020378589630126953125" lon="118.1032514758408069610595703125">
        <ele>8</ele>
        <time>2025-05-04T10:21:15.000Z</time>
        <extensions>
          <ns3:TrackPointExtension>
            <ns3:hr>158</ns3:hr>
          </ns3:TrackPointExtension>
        </extensions>
      </trkpt>
      <trkpt lat="24.48848909698426723480224609375" lon="118.10325876809656620025634765625">
        <ele>8.19999980926513671875</ele>
        <time>2025-05-04T10:21:16.000Z</time>
        <extensions>
          <ns3:TrackPointExtension>
            <ns3:hr>158</ns3:hr>
          </ns3:TrackPointExtension>
        </extensions>
      </trkpt>
      <trkpt lat="24.48845992796123027801513671875" lon="118.10326346196234226226806640625">
        <ele>8.3999996185302734375</ele>
        <time>2025-05-04T10:21:17.000Z</time>
        <extensions>
          <ns3:TrackPointExtension>
            <ns3:hr>157</ns3:hr>
          </ns3:TrackPointExtension>
        </extensions>
      </trkpt>
      <trkpt lat="24.4884320162236690521240234375" lon="118.10326513834297657012939453125">
        <ele>8.3999996185302734375</ele>
        <time>2025-05-04T10:21:18.000Z</time>
        <extensions>
          <ns3:TrackPointExtension>
            <ns3:hr>157</ns3:hr>
          </ns3:TrackPointExtension>
        </extensions>
      </trkpt>
      <trkpt lat="24.4884055294096469879150390625" lon="118.10326396487653255462646484375">
        <ele>8.19999980926513671875</ele>
        <time>2025-05-04T10:21:19.000Z</time>
        <extensions>
          <ns3:TrackPointExtension>
            <ns3:hr>157</ns3:hr>
          </ns3:TrackPointExtension>
        </extensions>
      </trkpt>
      <trkpt lat="24.48838046751916408538818359375" lon="118.103260695934295654296875">
        <ele>8.19999980926513671875</ele>
        <time>2025-05-04T10:21:20.000Z</time>
        <extensions>
          <ns3:TrackPointExtension>
            <ns3:hr>157</ns3:hr>
          </ns3:TrackPointExtension>
        </extensions>
      </trkpt>
      <trkpt lat="24.48835439980030059814453125" lon="118.103259019553661346435546875">
        <ele>8.19999980926513671875</ele>
        <time>2025-05-04T10:21:21.000Z</time>
        <extensions>
          <ns3:TrackPointExtension>
            <ns3:hr>157</ns3:hr>
          </ns3:TrackPointExtension>
        </extensions>
      </trkpt>
      <trkpt lat="24.4883274100720882415771484375" lon="118.10326178558170795440673828125">
        <ele>8</ele>
        <time>2025-05-04T10:21:22.000Z</time>
        <extensions>
          <ns3:TrackPointExtension>
            <ns3:hr>157</ns3:hr>
          </ns3:TrackPointExtension>
        </extensions>
      </trkpt>
      <trkpt lat="24.48830083943903446197509765625" lon="118.10326748527586460113525390625">
        <ele>8.3999996185302734375</ele>
        <time>2025-05-04T10:21:23.000Z</time>
        <extensions>
          <ns3:TrackPointExtension>
            <ns3:hr>157</ns3:hr>
          </ns3:TrackPointExtension>
        </extensions>
      </trkpt>
      <trkpt lat="24.4882746040821075439453125" lon="118.10327318497002124786376953125">
        <ele>8.6000003814697265625</ele>
        <time>2025-05-04T10:21:24.000Z</time>
        <extensions>
          <ns3:TrackPointExtension>
            <ns3:hr>157</ns3:hr>
          </ns3:TrackPointExtension>
        </extensions>
      </trkpt>
      <trkpt lat="24.48824845254421234130859375" lon="118.10327611863613128662109375">
        <ele>9</ele>
        <time>2025-05-04T10:21:25.000Z</time>
        <extensions>
          <ns3:TrackPointExtension>
            <ns3:hr>157</ns3:hr>
          </ns3:TrackPointExtension>
        </extensions>
      </trkpt>
      <trkpt lat="24.48822171427309513092041015625" lon="118.10327586717903614044189453125">
        <ele>9.19999980926513671875</ele>
        <time>2025-05-04T10:21:26.000Z</time>
        <extensions>
          <ns3:TrackPointExtension>
            <ns3:hr>157</ns3:hr>
          </ns3:TrackPointExtension>
        </extensions>
      </trkpt>
      <trkpt lat="24.4881946407258510589599609375" lon="118.10327385552227497100830078125">
        <ele>9.6000003814697265625</ele>
        <time>2025-05-04T10:21:27.000Z</time>
        <extensions>
          <ns3:TrackPointExtension>
            <ns3:hr>156</ns3:hr>
          </ns3:TrackPointExtension>
        </extensions>
      </trkpt>
      <trkpt lat="24.4881678186357021331787109375" lon="118.10326949693262577056884765625">
        <ele>9.80000019073486328125</ele>
        <time>2025-05-04T10:21:28.000Z</time>
        <extensions>
          <ns3:TrackPointExtension>
            <ns3:hr>156</ns3:hr>
          </ns3:TrackPointExtension>
        </extensions>
      </trkpt>
      <trkpt lat="24.4881431758403778076171875" lon="118.10326161794364452362060546875">
        <ele>9.6000003814697265625</ele>
        <time>2025-05-04T10:21:29.000Z</time>
        <extensions>
          <ns3:TrackPointExtension>
            <ns3:hr>156</ns3:hr>
          </ns3:TrackPointExtension>
        </extensions>
      </trkpt>
      <trkpt lat="24.48812163434922695159912109375" lon="118.1032497994601726531982421875">
        <ele>9.6000003814697265625</ele>
        <time>2025-05-04T10:21:30.000Z</time>
        <extensions>
          <ns3:TrackPointExtension>
            <ns3:hr>156</ns3:hr>
          </ns3:TrackPointExtension>
        </extensions>
      </trkpt>
      <trkpt lat="24.48810285888612270355224609375" lon="118.10323211364448070526123046875">
        <ele>9.3999996185302734375</ele>
        <time>2025-05-04T10:21:31.000Z</time>
        <extensions>
          <ns3:TrackPointExtension>
            <ns3:hr>156</ns3:hr>
          </ns3:TrackPointExtension>
        </extensions>
      </trkpt>
      <trkpt lat="24.488086514174938201904296875" lon="118.10320906341075897216796875">
        <ele>9.19999980926513671875</ele>
        <time>2025-05-04T10:21:32.000Z</time>
        <extensions>
          <ns3:TrackPointExtension>
            <ns3:hr>156</ns3:hr>
          </ns3:TrackPointExtension>
        </extensions>
      </trkpt>
      <trkpt lat="24.48807570151984691619873046875" lon="118.1031824089586734771728515625">
        <ele>8.80000019073486328125</ele>
        <time>2025-05-04T10:21:33.000Z</time>
        <extensions>
          <ns3:TrackPointExtension>
            <ns3:hr>156</ns3:hr>
          </ns3:TrackPointExtension>
        </extensions>
      </trkpt>
      <trkpt lat="24.4880692474544048309326171875" lon="118.103155083954334259033203125">
        <ele>8.6000003814697265625</ele>
        <time>2025-05-04T10:21:34.000Z</time>
        <extensions>
          <ns3:TrackPointExtension>
            <ns3:hr>157</ns3:hr>
          </ns3:TrackPointExtension>
        </extensions>
      </trkpt>
      <trkpt lat="24.4880615361034870147705078125" lon="118.10313236899673938751220703125">
        <ele>8.19999980926513671875</ele>
        <time>2025-05-04T10:21:35.000Z</time>
        <extensions>
          <ns3:TrackPointExtension>
            <ns3:hr>157</ns3:hr>
          </ns3:TrackPointExtension>
        </extensions>
      </trkpt>
      <trkpt lat="24.48804971762001514434814453125" lon="118.10311426408588886260986328125">
        <ele>8</ele>
        <time>2025-05-04T10:21:36.000Z</time>
        <extensions>
          <ns3:TrackPointExtension>
            <ns3:hr>157</ns3:hr>
          </ns3:TrackPointExtension>
        </extensions>
      </trkpt>
      <trkpt lat="24.48803295381367206573486328125" lon="118.10309934429824352264404296875">
        <ele>8</ele>
        <time>2025-05-04T10:21:37.000Z</time>
        <extensions>
          <ns3:TrackPointExtension>
            <ns3:hr>157</ns3:hr>
          </ns3:TrackPointExtension>
        </extensions>
      </trkpt>
      <trkpt lat="24.4880129210650920867919921875" lon="118.10308425687253475189208984375">
        <ele>7.80000019073486328125</ele>
        <time>2025-05-04T10:21:38.000Z</time>
        <extensions>
          <ns3:TrackPointExtension>
            <ns3:hr>157</ns3:hr>
          </ns3:TrackPointExtension>
        </extensions>
      </trkpt>
      <trkpt lat="24.48799406178295612335205078125" lon="118.10306464321911334991455078125">
        <ele>7.80000019073486328125</ele>
        <time>2025-05-04T10:21:39.000Z</time>
        <extensions>
          <ns3:TrackPointExtension>
            <ns3:hr>155</ns3:hr>
          </ns3:TrackPointExtension>
        </extensions>
      </trkpt>
      <trkpt lat="24.48797796852886676788330078125" lon="118.10304117389023303985595703125">
        <ele>7.599999904632568359375</ele>
        <time>2025-05-04T10:21:40.000Z</time>
        <extensions>
          <ns3:TrackPointExtension>
            <ns3:hr>155</ns3:hr>
          </ns3:TrackPointExtension>
        </extensions>
      </trkpt>
      <trkpt lat="24.48796422220766544342041015625" lon="118.10301921330392360687255859375">
        <ele>7.400000095367431640625</ele>
        <time>2025-05-04T10:21:41.000Z</time>
        <extensions>
          <ns3:TrackPointExtension>
            <ns3:hr>155</ns3:hr>
          </ns3:TrackPointExtension>
        </extensions>
      </trkpt>
      <trkpt lat="24.487952403724193572998046875" lon="118.10300094075500965118408203125">
        <ele>7.19999980926513671875</ele>
        <time>2025-05-04T10:21:42.000Z</time>
        <extensions>
          <ns3:TrackPointExtension>
            <ns3:hr>155</ns3:hr>
          </ns3:TrackPointExtension>
        </extensions>
      </trkpt>
      <trkpt lat="24.48794142343103885650634765625" lon="118.10298442840576171875">
        <ele>7.19999980926513671875</ele>
        <time>2025-05-04T10:21:43.000Z</time>
        <extensions>
          <ns3:TrackPointExtension>
            <ns3:hr>155</ns3:hr>
          </ns3:TrackPointExtension>
        </extensions>
      </trkpt>
      <trkpt lat="24.487929604947566986083984375" lon="118.10297009535133838653564453125">
        <ele>7</ele>
        <time>2025-05-04T10:21:44.000Z</time>
        <extensions>
          <ns3:TrackPointExtension>
            <ns3:hr>155</ns3:hr>
          </ns3:TrackPointExtension>
        </extensions>
      </trkpt>
      <trkpt lat="24.4879160262644290924072265625" lon="118.10295869596302509307861328125">
        <ele>7</ele>
        <time>2025-05-04T10:21:45.000Z</time>
        <extensions>
          <ns3:TrackPointExtension>
            <ns3:hr>155</ns3:hr>
          </ns3:TrackPointExtension>
        </extensions>
      </trkpt>
      <trkpt lat="24.48789901100099086761474609375" lon="118.10295157134532928466796875">
        <ele>6.80000019073486328125</ele>
        <time>2025-05-04T10:21:46.000Z</time>
        <extensions>
          <ns3:TrackPointExtension>
            <ns3:hr>155</ns3:hr>
          </ns3:TrackPointExtension>
        </extensions>
      </trkpt>
      <trkpt lat="24.487879313528537750244140625" lon="118.102953247725963592529296875">
        <ele>6.80000019073486328125</ele>
        <time>2025-05-04T10:21:47.000Z</time>
        <extensions>
          <ns3:TrackPointExtension>
            <ns3:hr>155</ns3:hr>
          </ns3:TrackPointExtension>
        </extensions>
      </trkpt>
      <trkpt lat="24.48786221444606781005859375" lon="118.1029691733419895172119140625">
        <ele>6.80000019073486328125</ele>
        <time>2025-05-04T10:21:48.000Z</time>
        <extensions>
          <ns3:TrackPointExtension>
            <ns3:hr>155</ns3:hr>
          </ns3:TrackPointExtension>
        </extensions>
      </trkpt>
      <trkpt lat="24.487851820886135101318359375" lon="118.10299716889858245849609375">
        <ele>7</ele>
        <time>2025-05-04T10:21:49.000Z</time>
        <extensions>
          <ns3:TrackPointExtension>
            <ns3:hr>155</ns3:hr>
          </ns3:TrackPointExtension>
        </extensions>
      </trkpt>
      <trkpt lat="24.48784637264907360076904296875" lon="118.10302893631160259246826171875">
        <ele>7.19999980926513671875</ele>
        <time>2025-05-04T10:21:50.000Z</time>
        <extensions>
          <ns3:TrackPointExtension>
            <ns3:hr>155</ns3:hr>
          </ns3:TrackPointExtension>
        </extensions>
      </trkpt>
      <trkpt lat="24.4878415949642658233642578125" lon="118.10305944643914699554443359375">
        <ele>7.400000095367431640625</ele>
        <time>2025-05-04T10:21:51.000Z</time>
        <extensions>
          <ns3:TrackPointExtension>
            <ns3:hr>153</ns3:hr>
          </ns3:TrackPointExtension>
        </extensions>
      </trkpt>
      <trkpt lat="24.4878362305462360382080078125" lon="118.10308760963380336761474609375">
        <ele>7.599999904632568359375</ele>
        <time>2025-05-04T10:21:52.000Z</time>
        <extensions>
          <ns3:TrackPointExtension>
            <ns3:hr>153</ns3:hr>
          </ns3:TrackPointExtension>
        </extensions>
      </trkpt>
      <trkpt lat="24.48783027939498424530029296875" lon="118.103114850819110870361328125">
        <ele>8</ele>
        <time>2025-05-04T10:21:53.000Z</time>
        <extensions>
          <ns3:TrackPointExtension>
            <ns3:hr>153</ns3:hr>
          </ns3:TrackPointExtension>
        </extensions>
      </trkpt>
      <trkpt lat="24.48782323859632015228271484375" lon="118.103143014013767242431640625">
        <ele>8.3999996185302734375</ele>
        <time>2025-05-04T10:21:54.000Z</time>
        <extensions>
          <ns3:TrackPointExtension>
            <ns3:hr>153</ns3:hr>
          </ns3:TrackPointExtension>
        </extensions>
      </trkpt>
      <trkpt lat="24.48781661689281463623046875" lon="118.10317276977002620697021484375">
        <ele>9</ele>
        <time>2025-05-04T10:21:55.000Z</time>
        <extensions>
          <ns3:TrackPointExtension>
            <ns3:hr>153</ns3:hr>
          </ns3:TrackPointExtension>
        </extensions>
      </trkpt>
      <trkpt lat="24.487810917198657989501953125" lon="118.103203363716602325439453125">
        <ele>9.3999996185302734375</ele>
        <time>2025-05-04T10:21:56.000Z</time>
        <extensions>
          <ns3:TrackPointExtension>
            <ns3:hr>153</ns3:hr>
          </ns3:TrackPointExtension>
        </extensions>
      </trkpt>
      <trkpt lat="24.48780496604740619659423828125" lon="118.10323362238705158233642578125">
        <ele>10</ele>
        <time>2025-05-04T10:21:57.000Z</time>
        <extensions>
          <ns3:TrackPointExtension>
            <ns3:hr>153</ns3:hr>
          </ns3:TrackPointExtension>
        </extensions>
      </trkpt>
      <trkpt lat="24.48779918253421783447265625" lon="118.10326312668621540069580078125">
        <ele>10.6000003814697265625</ele>
        <time>2025-05-04T10:21:58.000Z</time>
        <extensions>
          <ns3:TrackPointExtension>
            <ns3:hr>153</ns3:hr>
          </ns3:TrackPointExtension>
        </extensions>
      </trkpt>
      <trkpt lat="24.48779381811618804931640625" lon="118.10329296626150608062744140625">
        <ele>11</ele>
        <time>2025-05-04T10:21:59.000Z</time>
        <extensions>
          <ns3:TrackPointExtension>
            <ns3:hr>153</ns3:hr>
          </ns3:TrackPointExtension>
        </extensions>
      </trkpt>
      <trkpt lat="24.48778836987912654876708984375" lon="118.10332364402711391448974609375">
        <ele>11.3999996185302734375</ele>
        <time>2025-05-04T10:22:00.000Z</time>
        <extensions>
          <ns3:TrackPointExtension>
            <ns3:hr>153</ns3:hr>
          </ns3:TrackPointExtension>
        </extensions>
      </trkpt>
      <trkpt lat="24.4877832569181919097900390625" lon="118.10335448943078517913818359375">
        <ele>11.80000019073486328125</ele>
        <time>2025-05-04T10:22:01.000Z</time>
        <extensions>
          <ns3:TrackPointExtension>
            <ns3:hr>153</ns3:hr>
          </ns3:TrackPointExtension>
        </extensions>
      </trkpt>
      <trkpt lat="24.4877792336046695709228515625" lon="118.10338608920574188232421875">
        <ele>12.19999980926513671875</ele>
        <time>2025-05-04T10:22:02.000Z</time>
        <extensions>
          <ns3:TrackPointExtension>
            <ns3:hr>153</ns3:hr>
          </ns3:TrackPointExtension>
        </extensions>
      </trkpt>
      <trkpt lat="24.4877758808434009552001953125" lon="118.1034181080758571624755859375">
        <ele>12</ele>
        <time>2025-05-04T10:22:03.000Z</time>
        <extensions>
          <ns3:TrackPointExtension>
            <ns3:hr>153</ns3:hr>
          </ns3:TrackPointExtension>
        </extensions>
      </trkpt>
      <trkpt lat="24.48777236044406890869140625" lon="118.10344870202243328094482421875">
        <ele>12</ele>
        <time>2025-05-04T10:22:04.000Z</time>
        <extensions>
          <ns3:TrackPointExtension>
            <ns3:hr>153</ns3:hr>
          </ns3:TrackPointExtension>
        </extensions>
      </trkpt>
      <trkpt lat="24.48776825331151485443115234375" lon="118.103477954864501953125">
        <ele>11.80000019073486328125</ele>
        <time>2025-05-04T10:22:05.000Z</time>
        <extensions>
          <ns3:TrackPointExtension>
            <ns3:hr>154</ns3:hr>
          </ns3:TrackPointExtension>
        </extensions>
      </trkpt>
      <trkpt lat="24.48776456527411937713623046875" lon="118.103507123887538909912109375">
        <ele>11.6000003814697265625</ele>
        <time>2025-05-04T10:22:06.000Z</time>
        <extensions>
          <ns3:TrackPointExtension>
            <ns3:hr>154</ns3:hr>
          </ns3:TrackPointExtension>
        </extensions>
      </trkpt>
      <trkpt lat="24.48776205070316791534423828125" lon="118.10353654436767101287841796875">
        <ele>11.6000003814697265625</ele>
        <time>2025-05-04T10:22:07.000Z</time>
        <extensions>
          <ns3:TrackPointExtension>
            <ns3:hr>154</ns3:hr>
          </ns3:TrackPointExtension>
        </extensions>
      </trkpt>
      <trkpt lat="24.4877607934176921844482421875" lon="118.10356638394296169281005859375">
        <ele>11.3999996185302734375</ele>
        <time>2025-05-04T10:22:08.000Z</time>
        <extensions>
          <ns3:TrackPointExtension>
            <ns3:hr>154</ns3:hr>
          </ns3:TrackPointExtension>
        </extensions>
      </trkpt>
      <trkpt lat="24.48776070959866046905517578125" lon="118.10359689407050609588623046875">
        <ele>11.3999996185302734375</ele>
        <time>2025-05-04T10:22:09.000Z</time>
        <extensions>
          <ns3:TrackPointExtension>
            <ns3:hr>154</ns3:hr>
          </ns3:TrackPointExtension>
        </extensions>
      </trkpt>
      <trkpt lat="24.487761966884136199951171875" lon="118.1036269851028919219970703125">
        <ele>11.19999980926513671875</ele>
        <time>2025-05-04T10:22:10.000Z</time>
        <extensions>
          <ns3:TrackPointExtension>
            <ns3:hr>154</ns3:hr>
          </ns3:TrackPointExtension>
        </extensions>
      </trkpt>
      <trkpt lat="24.48776389472186565399169921875" lon="118.10365539975464344024658203125">
        <ele>11.19999980926513671875</ele>
        <time>2025-05-04T10:22:11.000Z</time>
        <extensions>
          <ns3:TrackPointExtension>
            <ns3:hr>154</ns3:hr>
          </ns3:TrackPointExtension>
        </extensions>
      </trkpt>
      <trkpt lat="24.48776674456894397735595703125" lon="118.1036833114922046661376953125">
        <ele>10.80000019073486328125</ele>
        <time>2025-05-04T10:22:12.000Z</time>
        <extensions>
          <ns3:TrackPointExtension>
            <ns3:hr>154</ns3:hr>
          </ns3:TrackPointExtension>
        </extensions>
      </trkpt>
      <trkpt lat="24.48777060024440288543701171875" lon="118.1037128157913684844970703125">
        <ele>10.3999996185302734375</ele>
        <time>2025-05-04T10:22:13.000Z</time>
        <extensions>
          <ns3:TrackPointExtension>
            <ns3:hr>154</ns3:hr>
          </ns3:TrackPointExtension>
        </extensions>
      </trkpt>
      <trkpt lat="24.48777428828179836273193359375" lon="118.103742487728595733642578125">
        <ele>10</ele>
        <time>2025-05-04T10:22:14.000Z</time>
        <extensions>
          <ns3:TrackPointExtension>
            <ns3:hr>154</ns3:hr>
          </ns3:TrackPointExtension>
        </extensions>
      </trkpt>
      <trkpt lat="24.48777847923338413238525390625" lon="118.10377073474228382110595703125">
        <ele>9.6000003814697265625</ele>
        <time>2025-05-04T10:22:15.000Z</time>
        <extensions>
          <ns3:TrackPointExtension>
            <ns3:hr>154</ns3:hr>
          </ns3:TrackPointExtension>
        </extensions>
      </trkpt>
      <trkpt lat="24.4877835921943187713623046875" lon="118.10379990376532077789306640625">
        <ele>9.19999980926513671875</ele>
        <time>2025-05-04T10:22:16.000Z</time>
        <extensions>
          <ns3:TrackPointExtension>
            <ns3:hr>154</ns3:hr>
          </ns3:TrackPointExtension>
        </extensions>
      </trkpt>
      <trkpt lat="24.487789459526538848876953125" lon="118.1038308329880237579345703125">
        <ele>8.80000019073486328125</ele>
        <time>2025-05-04T10:22:17.000Z</time>
        <extensions>
          <ns3:TrackPointExtension>
            <ns3:hr>154</ns3:hr>
          </ns3:TrackPointExtension>
        </extensions>
      </trkpt>
      <trkpt lat="24.48779641650617122650146484375" lon="118.1038613431155681610107421875">
        <ele>8.6000003814697265625</ele>
        <time>2025-05-04T10:22:18.000Z</time>
        <extensions>
          <ns3:TrackPointExtension>
            <ns3:hr>154</ns3:hr>
          </ns3:TrackPointExtension>
        </extensions>
      </trkpt>
      <trkpt lat="24.48780454695224761962890625" lon="118.10389126650989055633544921875">
        <ele>8.3999996185302734375</ele>
        <time>2025-05-04T10:22:19.000Z</time>
        <extensions>
          <ns3:TrackPointExtension>
            <ns3:hr>154</ns3:hr>
          </ns3:TrackPointExtension>
        </extensions>
      </trkpt>
      <trkpt lat="24.48781334795057773590087890625" lon="118.10392060317099094390869140625">
        <ele>8.19999980926513671875</ele>
        <time>2025-05-04T10:22:20.000Z</time>
        <extensions>
          <ns3:TrackPointExtension>
            <ns3:hr>154</ns3:hr>
          </ns3:TrackPointExtension>
        </extensions>
      </trkpt>
      <trkpt lat="24.487821646034717559814453125" lon="118.10394926927983760833740234375">
        <ele>8</ele>
        <time>2025-05-04T10:22:21.000Z</time>
        <extensions>
          <ns3:TrackPointExtension>
            <ns3:hr>154</ns3:hr>
          </ns3:TrackPointExtension>
        </extensions>
      </trkpt>
      <trkpt lat="24.4878291897475719451904296875" lon="118.10397751629352569580078125">
        <ele>7.80000019073486328125</ele>
        <time>2025-05-04T10:22:22.000Z</time>
        <extensions>
          <ns3:TrackPointExtension>
            <ns3:hr>154</ns3:hr>
          </ns3:TrackPointExtension>
        </extensions>
      </trkpt>
      <trkpt lat="24.48783648200333118438720703125" lon="118.104005344212055206298828125">
        <ele>7.599999904632568359375</ele>
        <time>2025-05-04T10:22:23.000Z</time>
        <extensions>
          <ns3:TrackPointExtension>
            <ns3:hr>154</ns3:hr>
          </ns3:TrackPointExtension>
        </extensions>
      </trkpt>
      <trkpt lat="24.4878442771732807159423828125" lon="118.10403359122574329376220703125">
        <ele>7.400000095367431640625</ele>
        <time>2025-05-04T10:22:24.000Z</time>
        <extensions>
          <ns3:TrackPointExtension>
            <ns3:hr>154</ns3:hr>
          </ns3:TrackPointExtension>
        </extensions>
      </trkpt>
      <trkpt lat="24.48785341344773769378662109375" lon="118.10406259261071681976318359375">
        <ele>7.19999980926513671875</ele>
        <time>2025-05-04T10:22:25.000Z</time>
        <extensions>
          <ns3:TrackPointExtension>
            <ns3:hr>154</ns3:hr>
          </ns3:TrackPointExtension>
        </extensions>
      </trkpt>
      <trkpt lat="24.4878640584647655487060546875" lon="118.10409209690988063812255859375">
        <ele>7</ele>
        <time>2025-05-04T10:22:26.000Z</time>
        <extensions>
          <ns3:TrackPointExtension>
            <ns3:hr>154</ns3:hr>
          </ns3:TrackPointExtension>
        </extensions>
      </trkpt>
      <trkpt lat="24.4878751225769519805908203125" lon="118.10412160120904445648193359375">
        <ele>6.599999904632568359375</ele>
        <time>2025-05-04T10:22:27.000Z</time>
        <extensions>
          <ns3:TrackPointExtension>
            <ns3:hr>155</ns3:hr>
          </ns3:TrackPointExtension>
        </extensions>
      </trkpt>
      <trkpt lat="24.4878858514130115509033203125" lon="118.10415051877498626708984375">
        <ele>6.400000095367431640625</ele>
        <time>2025-05-04T10:22:28.000Z</time>
        <extensions>
          <ns3:TrackPointExtension>
            <ns3:hr>155</ns3:hr>
          </ns3:TrackPointExtension>
        </extensions>
      </trkpt>
      <trkpt lat="24.4878969155251979827880859375" lon="118.10417893342673778533935546875">
        <ele>6.19999980926513671875</ele>
        <time>2025-05-04T10:22:29.000Z</time>
        <extensions>
          <ns3:TrackPointExtension>
            <ns3:hr>155</ns3:hr>
          </ns3:TrackPointExtension>
        </extensions>
      </trkpt>
      <trkpt lat="24.4879086501896381378173828125" lon="118.10420684516429901123046875">
        <ele>6</ele>
        <time>2025-05-04T10:22:30.000Z</time>
        <extensions>
          <ns3:TrackPointExtension>
            <ns3:hr>155</ns3:hr>
          </ns3:TrackPointExtension>
        </extensions>
      </trkpt>
      <trkpt lat="24.487920887768268585205078125" lon="118.10423366725444793701171875">
        <ele>6</ele>
        <time>2025-05-04T10:22:31.000Z</time>
        <extensions>
          <ns3:TrackPointExtension>
            <ns3:hr>155</ns3:hr>
          </ns3:TrackPointExtension>
        </extensions>
      </trkpt>
      <trkpt lat="24.4879339635372161865234375" lon="118.10425990261137485504150390625">
        <ele>6</ele>
        <time>2025-05-04T10:22:32.000Z</time>
        <extensions>
          <ns3:TrackPointExtension>
            <ns3:hr>155</ns3:hr>
          </ns3:TrackPointExtension>
        </extensions>
      </trkpt>
      <trkpt lat="24.487947709858417510986328125" lon="118.1042854674160480499267578125">
        <ele>6</ele>
        <time>2025-05-04T10:22:33.000Z</time>
        <extensions>
          <ns3:TrackPointExtension>
            <ns3:hr>155</ns3:hr>
          </ns3:TrackPointExtension>
        </extensions>
      </trkpt>
      <trkpt lat="24.48796120472252368927001953125" lon="118.10431019403040409088134765625">
        <ele>6</ele>
        <time>2025-05-04T10:22:34.000Z</time>
        <extensions>
          <ns3:TrackPointExtension>
            <ns3:hr>155</ns3:hr>
          </ns3:TrackPointExtension>
        </extensions>
      </trkpt>
      <trkpt lat="24.4879757054150104522705078125" lon="118.10433466918766498565673828125">
        <ele>6</ele>
        <time>2025-05-04T10:22:35.000Z</time>
        <extensions>
          <ns3:TrackPointExtension>
            <ns3:hr>155</ns3:hr>
          </ns3:TrackPointExtension>
        </extensions>
      </trkpt>
      <trkpt lat="24.487992636859416961669921875" lon="118.10436031781136989593505859375">
        <ele>6</ele>
        <time>2025-05-04T10:22:36.000Z</time>
        <extensions>
          <ns3:TrackPointExtension>
            <ns3:hr>155</ns3:hr>
          </ns3:TrackPointExtension>
        </extensions>
      </trkpt>
      <trkpt lat="24.48801183141767978668212890625" lon="118.10438697226345539093017578125">
        <ele>6</ele>
        <time>2025-05-04T10:22:37.000Z</time>
        <extensions>
          <ns3:TrackPointExtension>
            <ns3:hr>155</ns3:hr>
          </ns3:TrackPointExtension>
        </extensions>
      </trkpt>
      <trkpt lat="24.48803119361400604248046875" lon="118.1044111959636211395263671875">
        <ele>6</ele>
        <time>2025-05-04T10:22:38.000Z</time>
        <extensions>
          <ns3:TrackPointExtension>
            <ns3:hr>155</ns3:hr>
          </ns3:TrackPointExtension>
        </extensions>
      </trkpt>
      <trkpt lat="24.488048963248729705810546875" lon="118.10443307273089885711669921875">
        <ele>6</ele>
        <time>2025-05-04T10:22:39.000Z</time>
        <extensions>
          <ns3:TrackPointExtension>
            <ns3:hr>155</ns3:hr>
          </ns3:TrackPointExtension>
        </extensions>
      </trkpt>
      <trkpt lat="24.48806614615023136138916015625" lon="118.10445453040301799774169921875">
        <ele>6</ele>
        <time>2025-05-04T10:22:40.000Z</time>
        <extensions>
          <ns3:TrackPointExtension>
            <ns3:hr>155</ns3:hr>
          </ns3:TrackPointExtension>
        </extensions>
      </trkpt>
      <trkpt lat="24.48808441869914531707763671875" lon="118.10447582043707370758056640625">
        <ele>6</ele>
        <time>2025-05-04T10:22:41.000Z</time>
        <extensions>
          <ns3:TrackPointExtension>
            <ns3:hr>155</ns3:hr>
          </ns3:TrackPointExtension>
        </extensions>
      </trkpt>
      <trkpt lat="24.48810386471450328826904296875" lon="118.1044966913759708404541015625">
        <ele>6</ele>
        <time>2025-05-04T10:22:42.000Z</time>
        <extensions>
          <ns3:TrackPointExtension>
            <ns3:hr>154</ns3:hr>
          </ns3:TrackPointExtension>
        </extensions>
      </trkpt>
      <trkpt lat="24.48812372982501983642578125" lon="118.1045168079435825347900390625">
        <ele>6.19999980926513671875</ele>
        <time>2025-05-04T10:22:43.000Z</time>
        <extensions>
          <ns3:TrackPointExtension>
            <ns3:hr>153</ns3:hr>
          </ns3:TrackPointExtension>
        </extensions>
      </trkpt>
      <trkpt lat="24.48814325965940952301025390625" lon="118.1045372597873210906982421875">
        <ele>6.400000095367431640625</ele>
        <time>2025-05-04T10:22:44.000Z</time>
        <extensions>
          <ns3:TrackPointExtension>
            <ns3:hr>153</ns3:hr>
          </ns3:TrackPointExtension>
        </extensions>
      </trkpt>
      <trkpt lat="24.48816253803670406341552734375" lon="118.1045583821833133697509765625">
        <ele>6.599999904632568359375</ele>
        <time>2025-05-04T10:22:45.000Z</time>
        <extensions>
          <ns3:TrackPointExtension>
            <ns3:hr>153</ns3:hr>
          </ns3:TrackPointExtension>
        </extensions>
      </trkpt>
      <trkpt lat="24.48818198405206203460693359375" lon="118.10457942076027393341064453125">
        <ele>6.599999904632568359375</ele>
        <time>2025-05-04T10:22:46.000Z</time>
        <extensions>
          <ns3:TrackPointExtension>
            <ns3:hr>153</ns3:hr>
          </ns3:TrackPointExtension>
        </extensions>
      </trkpt>
      <trkpt lat="24.48820159770548343658447265625" lon="118.1045996211469173431396484375">
        <ele>6.599999904632568359375</ele>
        <time>2025-05-04T10:22:47.000Z</time>
        <extensions>
          <ns3:TrackPointExtension>
            <ns3:hr>153</ns3:hr>
          </ns3:TrackPointExtension>
        </extensions>
      </trkpt>
      <trkpt lat="24.48822104372084140777587890625" lon="118.1046183966100215911865234375">
        <ele>6.599999904632568359375</ele>
        <time>2025-05-04T10:22:48.000Z</time>
        <extensions>
          <ns3:TrackPointExtension>
            <ns3:hr>153</ns3:hr>
          </ns3:TrackPointExtension>
        </extensions>
      </trkpt>
      <trkpt lat="24.48824032209813594818115234375" lon="118.10463625006377696990966796875">
        <ele>6.400000095367431640625</ele>
        <time>2025-05-04T10:22:49.000Z</time>
        <extensions>
          <ns3:TrackPointExtension>
            <ns3:hr>153</ns3:hr>
          </ns3:TrackPointExtension>
        </extensions>
      </trkpt>
      <trkpt lat="24.48825976811349391937255859375" lon="118.10465401969850063323974609375">
        <ele>6.400000095367431640625</ele>
        <time>2025-05-04T10:22:50.000Z</time>
        <extensions>
          <ns3:TrackPointExtension>
            <ns3:hr>153</ns3:hr>
          </ns3:TrackPointExtension>
        </extensions>
      </trkpt>
      <trkpt lat="24.488279633224010467529296875" lon="118.10467128641903400421142578125">
        <ele>6.19999980926513671875</ele>
        <time>2025-05-04T10:22:51.000Z</time>
        <extensions>
          <ns3:TrackPointExtension>
            <ns3:hr>153</ns3:hr>
          </ns3:TrackPointExtension>
        </extensions>
      </trkpt>
      <trkpt lat="24.4883000850677490234375" lon="118.10468771494925022125244140625">
        <ele>6.19999980926513671875</ele>
        <time>2025-05-04T10:22:52.000Z</time>
        <extensions>
          <ns3:TrackPointExtension>
            <ns3:hr>153</ns3:hr>
          </ns3:TrackPointExtension>
        </extensions>
      </trkpt>
      <trkpt lat="24.48832095600664615631103515625" lon="118.1047032214701175689697265625">
        <ele>6</ele>
        <time>2025-05-04T10:22:53.000Z</time>
        <extensions>
          <ns3:TrackPointExtension>
            <ns3:hr>153</ns3:hr>
          </ns3:TrackPointExtension>
        </extensions>
      </trkpt>
      <trkpt lat="24.4883656315505504608154296875" lon="118.10473130084574222564697265625">
        <ele>5.599999904632568359375</ele>
        <time>2025-05-04T10:22:54.000Z</time>
        <extensions>
          <ns3:TrackPointExtension>
            <ns3:hr>153</ns3:hr>
          </ns3:TrackPointExtension>
        </extensions>
      </trkpt>
      <trkpt lat="24.48839002288877964019775390625" lon="118.10474395751953125">
        <ele>5.400000095367431640625</ele>
        <time>2025-05-04T10:22:55.000Z</time>
        <extensions>
          <ns3:TrackPointExtension>
            <ns3:hr>153</ns3:hr>
          </ns3:TrackPointExtension>
        </extensions>
      </trkpt>
      <trkpt lat="24.48841474950313568115234375" lon="118.1047595478594303131103515625">
        <ele>5.19999980926513671875</ele>
        <time>2025-05-04T10:22:56.000Z</time>
        <extensions>
          <ns3:TrackPointExtension>
            <ns3:hr>153</ns3:hr>
          </ns3:TrackPointExtension>
        </extensions>
      </trkpt>
      <trkpt lat="24.4884382188320159912109375" lon="118.1047773174941539764404296875">
        <ele>5.19999980926513671875</ele>
        <time>2025-05-04T10:22:57.000Z</time>
        <extensions>
          <ns3:TrackPointExtension>
            <ns3:hr>153</ns3:hr>
          </ns3:TrackPointExtension>
        </extensions>
      </trkpt>
      <trkpt lat="24.48846110142767429351806640625" lon="118.1047935783863067626953125">
        <ele>5</ele>
        <time>2025-05-04T10:22:58.000Z</time>
        <extensions>
          <ns3:TrackPointExtension>
            <ns3:hr>153</ns3:hr>
          </ns3:TrackPointExtension>
        </extensions>
      </trkpt>
      <trkpt lat="24.48848406784236431121826171875" lon="118.10480657033622264862060546875">
        <ele>5</ele>
        <time>2025-05-04T10:22:59.000Z</time>
        <extensions>
          <ns3:TrackPointExtension>
            <ns3:hr>153</ns3:hr>
          </ns3:TrackPointExtension>
        </extensions>
      </trkpt>
      <trkpt lat="24.48850728571414947509765625" lon="118.10481780208647251129150390625">
        <ele>5</ele>
        <time>2025-05-04T10:23:00.000Z</time>
        <extensions>
          <ns3:TrackPointExtension>
            <ns3:hr>153</ns3:hr>
          </ns3:TrackPointExtension>
        </extensions>
      </trkpt>
      <trkpt lat="24.48853142559528350830078125" lon="118.10482853092253208160400390625">
        <ele>5</ele>
        <time>2025-05-04T10:23:01.000Z</time>
        <extensions>
          <ns3:TrackPointExtension>
            <ns3:hr>153</ns3:hr>
          </ns3:TrackPointExtension>
        </extensions>
      </trkpt>
      <trkpt lat="24.48855497874319553375244140625" lon="118.10483858920633792877197265625">
        <ele>5</ele>
        <time>2025-05-04T10:23:02.000Z</time>
        <extensions>
          <ns3:TrackPointExtension>
            <ns3:hr>154</ns3:hr>
          </ns3:TrackPointExtension>
        </extensions>
      </trkpt>
      <trkpt lat="24.48857744224369525909423828125" lon="118.104848563671112060546875">
        <ele>5</ele>
        <time>2025-05-04T10:23:03.000Z</time>
        <extensions>
          <ns3:TrackPointExtension>
            <ns3:hr>154</ns3:hr>
          </ns3:TrackPointExtension>
        </extensions>
      </trkpt>
      <trkpt lat="24.4885996542870998382568359375" lon="118.10485920868813991546630859375">
        <ele>5</ele>
        <time>2025-05-04T10:23:04.000Z</time>
        <extensions>
          <ns3:TrackPointExtension>
            <ns3:hr>154</ns3:hr>
          </ns3:TrackPointExtension>
        </extensions>
      </trkpt>
      <trkpt lat="24.48862270452082157135009765625" lon="118.1048701889812946319580078125">
        <ele>5</ele>
        <time>2025-05-04T10:23:05.000Z</time>
        <extensions>
          <ns3:TrackPointExtension>
            <ns3:hr>154</ns3:hr>
          </ns3:TrackPointExtension>
        </extensions>
      </trkpt>
      <trkpt lat="24.4886452518403530120849609375" lon="118.10488167218863964080810546875">
        <ele>5</ele>
        <time>2025-05-04T10:23:06.000Z</time>
        <extensions>
          <ns3:TrackPointExtension>
            <ns3:hr>154</ns3:hr>
          </ns3:TrackPointExtension>
        </extensions>
      </trkpt>
      <trkpt lat="24.48866377584636211395263671875" lon="118.10489776544272899627685546875">
        <ele>5</ele>
        <time>2025-05-04T10:23:07.000Z</time>
        <extensions>
          <ns3:TrackPointExtension>
            <ns3:hr>154</ns3:hr>
          </ns3:TrackPointExtension>
        </extensions>
      </trkpt>
      <trkpt lat="24.4886724092066287994384765625" lon="118.10492106713354587554931640625">
        <ele>5</ele>
        <time>2025-05-04T10:23:08.000Z</time>
        <extensions>
          <ns3:TrackPointExtension>
            <ns3:hr>154</ns3:hr>
          </ns3:TrackPointExtension>
        </extensions>
      </trkpt>
      <trkpt lat="24.48867014609277248382568359375" lon="118.10494721867144107818603515625">
        <ele>5</ele>
        <time>2025-05-04T10:23:09.000Z</time>
        <extensions>
          <ns3:TrackPointExtension>
            <ns3:hr>154</ns3:hr>
          </ns3:TrackPointExtension>
        </extensions>
      </trkpt>
      <trkpt lat="24.4886600039899349212646484375" lon="118.1049737893044948577880859375">
        <ele>5</ele>
        <time>2025-05-04T10:23:10.000Z</time>
        <extensions>
          <ns3:TrackPointExtension>
            <ns3:hr>154</ns3:hr>
          </ns3:TrackPointExtension>
        </extensions>
      </trkpt>
      <trkpt lat="24.488645084202289581298828125" lon="118.10500069521367549896240234375">
        <ele>5.400000095367431640625</ele>
        <time>2025-05-04T10:23:11.000Z</time>
        <extensions>
          <ns3:TrackPointExtension>
            <ns3:hr>154</ns3:hr>
          </ns3:TrackPointExtension>
        </extensions>
      </trkpt>
      <trkpt lat="24.48862731456756591796875" lon="118.105025589466094970703125">
        <ele>6</ele>
        <time>2025-05-04T10:23:12.000Z</time>
        <extensions>
          <ns3:TrackPointExtension>
            <ns3:hr>154</ns3:hr>
          </ns3:TrackPointExtension>
        </extensions>
      </trkpt>
      <trkpt lat="24.48860443197190761566162109375" lon="118.10504637658596038818359375">
        <ele>6.599999904632568359375</ele>
        <time>2025-05-04T10:23:13.000Z</time>
        <extensions>
          <ns3:TrackPointExtension>
            <ns3:hr>154</ns3:hr>
          </ns3:TrackPointExtension>
        </extensions>
      </trkpt>
      <trkpt lat="24.488576352596282958984375" lon="118.105060793459415435791015625">
        <ele>7.19999980926513671875</ele>
        <time>2025-05-04T10:23:14.000Z</time>
        <extensions>
          <ns3:TrackPointExtension>
            <ns3:hr>154</ns3:hr>
          </ns3:TrackPointExtension>
        </extensions>
      </trkpt>
      <trkpt lat="24.48854642920196056365966796875" lon="118.105068504810333251953125">
        <ele>7.80000019073486328125</ele>
        <time>2025-05-04T10:23:15.000Z</time>
        <extensions>
          <ns3:TrackPointExtension>
            <ns3:hr>154</ns3:hr>
          </ns3:TrackPointExtension>
        </extensions>
      </trkpt>
      <trkpt lat="24.48851642198860645294189453125" lon="118.1050710193812847137451171875">
        <ele>8.3999996185302734375</ele>
        <time>2025-05-04T10:23:16.000Z</time>
        <extensions>
          <ns3:TrackPointExtension>
            <ns3:hr>154</ns3:hr>
          </ns3:TrackPointExtension>
        </extensions>
      </trkpt>
      <trkpt lat="24.48848675005137920379638671875" lon="118.105070851743221282958984375">
        <ele>8.80000019073486328125</ele>
        <time>2025-05-04T10:23:17.000Z</time>
        <extensions>
          <ns3:TrackPointExtension>
            <ns3:hr>154</ns3:hr>
          </ns3:TrackPointExtension>
        </extensions>
      </trkpt>
      <trkpt lat="24.488458335399627685546875" lon="118.10507210902869701385498046875">
        <ele>9.19999980926513671875</ele>
        <time>2025-05-04T10:23:18.000Z</time>
        <extensions>
          <ns3:TrackPointExtension>
            <ns3:hr>154</ns3:hr>
          </ns3:TrackPointExtension>
        </extensions>
      </trkpt>
      <trkpt lat="24.48843042366206645965576171875" lon="118.105076886713504791259765625">
        <ele>9.3999996185302734375</ele>
        <time>2025-05-04T10:23:19.000Z</time>
        <extensions>
          <ns3:TrackPointExtension>
            <ns3:hr>154</ns3:hr>
          </ns3:TrackPointExtension>
        </extensions>
      </trkpt>
      <trkpt lat="24.48840276338160037994384765625" lon="118.105083592236042022705078125">
        <ele>10</ele>
        <time>2025-05-04T10:23:20.000Z</time>
        <extensions>
          <ns3:TrackPointExtension>
            <ns3:hr>154</ns3:hr>
          </ns3:TrackPointExtension>
        </extensions>
      </trkpt>
      <trkpt lat="24.4883760251104831695556640625" lon="118.10509063303470611572265625">
        <ele>10.3999996185302734375</ele>
        <time>2025-05-04T10:23:21.000Z</time>
        <extensions>
          <ns3:TrackPointExtension>
            <ns3:hr>154</ns3:hr>
          </ns3:TrackPointExtension>
        </extensions>
      </trkpt>
      <trkpt lat="24.48835062794387340545654296875" lon="118.1050981767475605010986328125">
        <ele>10.80000019073486328125</ele>
        <time>2025-05-04T10:23:22.000Z</time>
        <extensions>
          <ns3:TrackPointExtension>
            <ns3:hr>154</ns3:hr>
          </ns3:TrackPointExtension>
        </extensions>
      </trkpt>
      <trkpt lat="24.48832632042467594146728515625" lon="118.10510697774589061737060546875">
        <ele>11.3999996185302734375</ele>
        <time>2025-05-04T10:23:23.000Z</time>
        <extensions>
          <ns3:TrackPointExtension>
            <ns3:hr>154</ns3:hr>
          </ns3:TrackPointExtension>
        </extensions>
      </trkpt>
      <trkpt lat="24.4883019290864467620849609375" lon="118.10511921532452106475830078125">
        <ele>11.80000019073486328125</ele>
        <time>2025-05-04T10:23:24.000Z</time>
        <extensions>
          <ns3:TrackPointExtension>
            <ns3:hr>154</ns3:hr>
          </ns3:TrackPointExtension>
        </extensions>
      </trkpt>
      <trkpt lat="24.48827795684337615966796875" lon="118.1051374040544033050537109375">
        <ele>12.3999996185302734375</ele>
        <time>2025-05-04T10:23:25.000Z</time>
        <extensions>
          <ns3:TrackPointExtension>
            <ns3:hr>154</ns3:hr>
          </ns3:TrackPointExtension>
        </extensions>
      </trkpt>
      <trkpt lat="24.48825390078127384185791015625" lon="118.10515911318361759185791015625">
        <ele>12.80000019073486328125</ele>
        <time>2025-05-04T10:23:26.000Z</time>
        <extensions>
          <ns3:TrackPointExtension>
            <ns3:hr>153</ns3:hr>
          </ns3:TrackPointExtension>
        </extensions>
      </trkpt>
      <trkpt lat="24.48822858743369579315185546875" lon="118.10517990030348300933837890625">
        <ele>13</ele>
        <time>2025-05-04T10:23:27.000Z</time>
        <extensions>
          <ns3:TrackPointExtension>
            <ns3:hr>153</ns3:hr>
          </ns3:TrackPointExtension>
        </extensions>
      </trkpt>
      <trkpt lat="24.488203190267086029052734375" lon="118.1051970832049846649169921875">
        <ele>13.19999980926513671875</ele>
        <time>2025-05-04T10:23:28.000Z</time>
        <extensions>
          <ns3:TrackPointExtension>
            <ns3:hr>154</ns3:hr>
          </ns3:TrackPointExtension>
        </extensions>
      </trkpt>
      <trkpt lat="24.48817737400531768798828125" lon="118.10520906932651996612548828125">
        <ele>13.3999996185302734375</ele>
        <time>2025-05-04T10:23:29.000Z</time>
        <extensions>
          <ns3:TrackPointExtension>
            <ns3:hr>154</ns3:hr>
          </ns3:TrackPointExtension>
        </extensions>
      </trkpt>
      <trkpt lat="24.48814996518194675445556640625" lon="118.10521812178194522857666015625">
        <ele>13.3999996185302734375</ele>
        <time>2025-05-04T10:23:30.000Z</time>
        <extensions>
          <ns3:TrackPointExtension>
            <ns3:hr>154</ns3:hr>
          </ns3:TrackPointExtension>
        </extensions>
      </trkpt>
      <trkpt lat="24.4881222210824489593505859375" lon="118.1052267551422119140625">
        <ele>13.19999980926513671875</ele>
        <time>2025-05-04T10:23:31.000Z</time>
        <extensions>
          <ns3:TrackPointExtension>
            <ns3:hr>154</ns3:hr>
          </ns3:TrackPointExtension>
        </extensions>
      </trkpt>
      <trkpt lat="24.488095231354236602783203125" lon="118.10523572377860546112060546875">
        <ele>12.80000019073486328125</ele>
        <time>2025-05-04T10:23:32.000Z</time>
        <extensions>
          <ns3:TrackPointExtension>
            <ns3:hr>154</ns3:hr>
          </ns3:TrackPointExtension>
        </extensions>
      </trkpt>
      <trkpt lat="24.4880689121782779693603515625" lon="118.105245530605316162109375">
        <ele>12.6000003814697265625</ele>
        <time>2025-05-04T10:23:33.000Z</time>
        <extensions>
          <ns3:TrackPointExtension>
            <ns3:hr>154</ns3:hr>
          </ns3:TrackPointExtension>
        </extensions>
      </trkpt>
      <trkpt lat="24.48804200626909732818603515625" lon="118.1052560918033123016357421875">
        <ele>12.19999980926513671875</ele>
        <time>2025-05-04T10:23:34.000Z</time>
        <extensions>
          <ns3:TrackPointExtension>
            <ns3:hr>154</ns3:hr>
          </ns3:TrackPointExtension>
        </extensions>
      </trkpt>
      <trkpt lat="24.48801434598863124847412109375" lon="118.105266653001308441162109375">
        <ele>11.80000019073486328125</ele>
        <time>2025-05-04T10:23:35.000Z</time>
        <extensions>
          <ns3:TrackPointExtension>
            <ns3:hr>154</ns3:hr>
          </ns3:TrackPointExtension>
        </extensions>
      </trkpt>
      <trkpt lat="24.4879876077175140380859375" lon="118.105276711285114288330078125">
        <ele>11.3999996185302734375</ele>
        <time>2025-05-04T10:23:36.000Z</time>
        <extensions>
          <ns3:TrackPointExtension>
            <ns3:hr>154</ns3:hr>
          </ns3:TrackPointExtension>
        </extensions>
      </trkpt>
      <trkpt lat="24.4879629649221897125244140625" lon="118.1052855961024761199951171875">
        <ele>11</ele>
        <time>2025-05-04T10:23:37.000Z</time>
        <extensions>
          <ns3:TrackPointExtension>
            <ns3:hr>154</ns3:hr>
          </ns3:TrackPointExtension>
        </extensions>
      </trkpt>
      <trkpt lat="24.48793874122202396392822265625" lon="118.10529456473886966705322265625">
        <ele>10.80000019073486328125</ele>
        <time>2025-05-04T10:23:38.000Z</time>
        <extensions>
          <ns3:TrackPointExtension>
            <ns3:hr>155</ns3:hr>
          </ns3:TrackPointExtension>
        </extensions>
      </trkpt>
      <trkpt lat="24.48791292496025562286376953125" lon="118.10530520975589752197265625">
        <ele>10.3999996185302734375</ele>
        <time>2025-05-04T10:23:39.000Z</time>
        <extensions>
          <ns3:TrackPointExtension>
            <ns3:hr>155</ns3:hr>
          </ns3:TrackPointExtension>
        </extensions>
      </trkpt>
      <trkpt lat="24.4878856837749481201171875" lon="118.10531702823936939239501953125">
        <ele>10</ele>
        <time>2025-05-04T10:23:40.000Z</time>
        <extensions>
          <ns3:TrackPointExtension>
            <ns3:hr>155</ns3:hr>
          </ns3:TrackPointExtension>
        </extensions>
      </trkpt>
      <trkpt lat="24.48785810731351375579833984375" lon="118.10532893054187297821044921875">
        <ele>9.3999996185302734375</ele>
        <time>2025-05-04T10:23:41.000Z</time>
        <extensions>
          <ns3:TrackPointExtension>
            <ns3:hr>155</ns3:hr>
          </ns3:TrackPointExtension>
        </extensions>
      </trkpt>
      <trkpt lat="24.48783128522336483001708984375" lon="118.105340413749217987060546875">
        <ele>9</ele>
        <time>2025-05-04T10:23:42.000Z</time>
        <extensions>
          <ns3:TrackPointExtension>
            <ns3:hr>155</ns3:hr>
          </ns3:TrackPointExtension>
        </extensions>
      </trkpt>
      <trkpt lat="24.487806223332881927490234375" lon="118.10535089112818241119384765625">
        <ele>8.6000003814697265625</ele>
        <time>2025-05-04T10:23:43.000Z</time>
        <extensions>
          <ns3:TrackPointExtension>
            <ns3:hr>155</ns3:hr>
          </ns3:TrackPointExtension>
        </extensions>
      </trkpt>
      <trkpt lat="24.4877845980226993560791015625" lon="118.1053586862981319427490234375">
        <ele>8.19999980926513671875</ele>
        <time>2025-05-04T10:23:44.000Z</time>
        <extensions>
          <ns3:TrackPointExtension>
            <ns3:hr>155</ns3:hr>
          </ns3:TrackPointExtension>
        </extensions>
      </trkpt>
      <trkpt lat="24.4877664931118488311767578125" lon="118.1053630448877811431884765625">
        <ele>8</ele>
        <time>2025-05-04T10:23:45.000Z</time>
        <extensions>
          <ns3:TrackPointExtension>
            <ns3:hr>155</ns3:hr>
          </ns3:TrackPointExtension>
        </extensions>
      </trkpt>
      <trkpt lat="24.4877537526190280914306640625" lon="118.105362541973590850830078125">
        <ele>7.599999904632568359375</ele>
        <time>2025-05-04T10:23:46.000Z</time>
        <extensions>
          <ns3:TrackPointExtension>
            <ns3:hr>155</ns3:hr>
          </ns3:TrackPointExtension>
        </extensions>
      </trkpt>
      <trkpt lat="24.48774595744907855987548828125" lon="118.1053590215742588043212890625">
        <ele>7.599999904632568359375</ele>
        <time>2025-05-04T10:23:47.000Z</time>
        <extensions>
          <ns3:TrackPointExtension>
            <ns3:hr>155</ns3:hr>
          </ns3:TrackPointExtension>
        </extensions>
      </trkpt>
      <trkpt lat="24.48773891665041446685791015625" lon="118.1053576804697513580322265625">
        <ele>7.400000095367431640625</ele>
        <time>2025-05-04T10:23:48.000Z</time>
        <extensions>
          <ns3:TrackPointExtension>
            <ns3:hr>154</ns3:hr>
          </ns3:TrackPointExtension>
        </extensions>
      </trkpt>
      <trkpt lat="24.48773003183305263519287109375" lon="118.10536153614521026611328125">
        <ele>7.19999980926513671875</ele>
        <time>2025-05-04T10:23:49.000Z</time>
        <extensions>
          <ns3:TrackPointExtension>
            <ns3:hr>154</ns3:hr>
          </ns3:TrackPointExtension>
        </extensions>
      </trkpt>
      <trkpt lat="24.4877155311405658721923828125" lon="118.10537385754287242889404296875">
        <ele>7</ele>
        <time>2025-05-04T10:23:50.000Z</time>
        <extensions>
          <ns3:TrackPointExtension>
            <ns3:hr>154</ns3:hr>
          </ns3:TrackPointExtension>
        </extensions>
      </trkpt>
      <trkpt lat="24.4876967556774616241455078125" lon="118.10539347119629383087158203125">
        <ele>6.80000019073486328125</ele>
        <time>2025-05-04T10:23:51.000Z</time>
        <extensions>
          <ns3:TrackPointExtension>
            <ns3:hr>154</ns3:hr>
          </ns3:TrackPointExtension>
        </extensions>
      </trkpt>
      <trkpt lat="24.4876778125762939453125" lon="118.10541249811649322509765625">
        <ele>6.599999904632568359375</ele>
        <time>2025-05-04T10:23:52.000Z</time>
        <extensions>
          <ns3:TrackPointExtension>
            <ns3:hr>154</ns3:hr>
          </ns3:TrackPointExtension>
        </extensions>
      </trkpt>
      <trkpt lat="24.487659037113189697265625" lon="118.105427920818328857421875">
        <ele>6.400000095367431640625</ele>
        <time>2025-05-04T10:23:53.000Z</time>
        <extensions>
          <ns3:TrackPointExtension>
            <ns3:hr>154</ns3:hr>
          </ns3:TrackPointExtension>
        </extensions>
      </trkpt>
      <trkpt lat="24.48764135129749774932861328125" lon="118.10544334352016448974609375">
        <ele>6.19999980926513671875</ele>
        <time>2025-05-04T10:23:54.000Z</time>
        <extensions>
          <ns3:TrackPointExtension>
            <ns3:hr>154</ns3:hr>
          </ns3:TrackPointExtension>
        </extensions>
      </trkpt>
      <trkpt lat="24.48762618005275726318359375" lon="118.10546119697391986846923828125">
        <ele>6.19999980926513671875</ele>
        <time>2025-05-04T10:23:55.000Z</time>
        <extensions>
          <ns3:TrackPointExtension>
            <ns3:hr>154</ns3:hr>
          </ns3:TrackPointExtension>
        </extensions>
      </trkpt>
      <trkpt lat="24.4876142777502536773681640625" lon="118.105481564998626708984375">
        <ele>6.19999980926513671875</ele>
        <time>2025-05-04T10:23:56.000Z</time>
        <extensions>
          <ns3:TrackPointExtension>
            <ns3:hr>154</ns3:hr>
          </ns3:TrackPointExtension>
        </extensions>
      </trkpt>
      <trkpt lat="24.48760396800935268402099609375" lon="118.105499334633350372314453125">
        <ele>6.19999980926513671875</ele>
        <time>2025-05-04T10:23:57.000Z</time>
        <extensions>
          <ns3:TrackPointExtension>
            <ns3:hr>154</ns3:hr>
          </ns3:TrackPointExtension>
        </extensions>
      </trkpt>
      <trkpt lat="24.4875901378691196441650390625" lon="118.1055122427642345428466796875">
        <ele>6.400000095367431640625</ele>
        <time>2025-05-04T10:23:58.000Z</time>
        <extensions>
          <ns3:TrackPointExtension>
            <ns3:hr>154</ns3:hr>
          </ns3:TrackPointExtension>
        </extensions>
      </trkpt>
      <trkpt lat="24.48756976984441280364990234375" lon="118.10552221722900867462158203125">
        <ele>6.400000095367431640625</ele>
        <time>2025-05-04T10:23:59.000Z</time>
        <extensions>
          <ns3:TrackPointExtension>
            <ns3:hr>154</ns3:hr>
          </ns3:TrackPointExtension>
        </extensions>
      </trkpt>
      <trkpt lat="24.487546384334564208984375" lon="118.105530180037021636962890625">
        <ele>6.400000095367431640625</ele>
        <time>2025-05-04T10:24:00.000Z</time>
        <extensions>
          <ns3:TrackPointExtension>
            <ns3:hr>154</ns3:hr>
          </ns3:TrackPointExtension>
        </extensions>
      </trkpt>
      <trkpt lat="24.48752224445343017578125" lon="118.10553831048309803009033203125">
        <ele>6.400000095367431640625</ele>
        <time>2025-05-04T10:24:01.000Z</time>
        <extensions>
          <ns3:TrackPointExtension>
            <ns3:hr>154</ns3:hr>
          </ns3:TrackPointExtension>
        </extensions>
      </trkpt>
      <trkpt lat="24.48749802075326442718505859375" lon="118.10554836876690387725830078125">
        <ele>6.400000095367431640625</ele>
        <time>2025-05-04T10:24:02.000Z</time>
        <extensions>
          <ns3:TrackPointExtension>
            <ns3:hr>153</ns3:hr>
          </ns3:TrackPointExtension>
        </extensions>
      </trkpt>
      <trkpt lat="24.487474299967288970947265625" lon="118.10556001961231231689453125">
        <ele>6.400000095367431640625</ele>
        <time>2025-05-04T10:24:03.000Z</time>
        <extensions>
          <ns3:TrackPointExtension>
            <ns3:hr>153</ns3:hr>
          </ns3:TrackPointExtension>
        </extensions>
      </trkpt>
      <trkpt lat="24.487452171742916107177734375" lon="118.10557217337191104888916015625">
        <ele>6.19999980926513671875</ele>
        <time>2025-05-04T10:24:04.000Z</time>
        <extensions>
          <ns3:TrackPointExtension>
            <ns3:hr>153</ns3:hr>
          </ns3:TrackPointExtension>
        </extensions>
      </trkpt>
      <trkpt lat="24.4874325580894947052001953125" lon="118.10558876954019069671630859375">
        <ele>6.19999980926513671875</ele>
        <time>2025-05-04T10:24:05.000Z</time>
        <extensions>
          <ns3:TrackPointExtension>
            <ns3:hr>153</ns3:hr>
          </ns3:TrackPointExtension>
        </extensions>
      </trkpt>
      <trkpt lat="24.48741856031119823455810546875" lon="118.10561207123100757598876953125">
        <ele>6.400000095367431640625</ele>
        <time>2025-05-04T10:24:06.000Z</time>
        <extensions>
          <ns3:TrackPointExtension>
            <ns3:hr>153</ns3:hr>
          </ns3:TrackPointExtension>
        </extensions>
      </trkpt>
      <trkpt lat="24.48741319589316844940185546875" lon="118.1056399829685688018798828125">
        <ele>6.400000095367431640625</ele>
        <time>2025-05-04T10:24:07.000Z</time>
        <extensions>
          <ns3:TrackPointExtension>
            <ns3:hr>153</ns3:hr>
          </ns3:TrackPointExtension>
        </extensions>
      </trkpt>
      <trkpt lat="24.48741604574024677276611328125" lon="118.10566890053451061248779296875">
        <ele>6.599999904632568359375</ele>
        <time>2025-05-04T10:24:08.000Z</time>
        <extensions>
          <ns3:TrackPointExtension>
            <ns3:hr>153</ns3:hr>
          </ns3:TrackPointExtension>
        </extensions>
      </trkpt>
      <trkpt lat="24.48742501437664031982421875" lon="118.105696476995944976806640625">
        <ele>6.599999904632568359375</ele>
        <time>2025-05-04T10:24:09.000Z</time>
        <extensions>
          <ns3:TrackPointExtension>
            <ns3:hr>153</ns3:hr>
          </ns3:TrackPointExtension>
        </extensions>
      </trkpt>
      <trkpt lat="24.4874372519552707672119140625" lon="118.10572287999093532562255859375">
        <ele>6.80000019073486328125</ele>
        <time>2025-05-04T10:24:10.000Z</time>
        <extensions>
          <ns3:TrackPointExtension>
            <ns3:hr>153</ns3:hr>
          </ns3:TrackPointExtension>
        </extensions>
      </trkpt>
      <trkpt lat="24.4874503277242183685302734375" lon="118.1057482771575450897216796875">
        <ele>7</ele>
        <time>2025-05-04T10:24:11.000Z</time>
        <extensions>
          <ns3:TrackPointExtension>
            <ns3:hr>154</ns3:hr>
          </ns3:TrackPointExtension>
        </extensions>
      </trkpt>
      <trkpt lat="24.4874634034931659698486328125" lon="118.10577417723834514617919921875">
        <ele>7.19999980926513671875</ele>
        <time>2025-05-04T10:24:12.000Z</time>
        <extensions>
          <ns3:TrackPointExtension>
            <ns3:hr>154</ns3:hr>
          </ns3:TrackPointExtension>
        </extensions>
      </trkpt>
      <trkpt lat="24.487475641071796417236328125" lon="118.10580200515687465667724609375">
        <ele>7.400000095367431640625</ele>
        <time>2025-05-04T10:24:13.000Z</time>
        <extensions>
          <ns3:TrackPointExtension>
            <ns3:hr>154</ns3:hr>
          </ns3:TrackPointExtension>
        </extensions>
      </trkpt>
      <trkpt lat="24.487486369907855987548828125" lon="118.10583100654184818267822265625">
        <ele>7.599999904632568359375</ele>
        <time>2025-05-04T10:24:14.000Z</time>
        <extensions>
          <ns3:TrackPointExtension>
            <ns3:hr>154</ns3:hr>
          </ns3:TrackPointExtension>
        </extensions>
      </trkpt>
      <trkpt lat="24.48749651201069355010986328125" lon="118.1058599241077899932861328125">
        <ele>7.80000019073486328125</ele>
        <time>2025-05-04T10:24:15.000Z</time>
        <extensions>
          <ns3:TrackPointExtension>
            <ns3:hr>154</ns3:hr>
          </ns3:TrackPointExtension>
        </extensions>
      </trkpt>
      <trkpt lat="24.48750657029449939727783203125" lon="118.10588850639760494232177734375">
        <ele>8</ele>
        <time>2025-05-04T10:24:16.000Z</time>
        <extensions>
          <ns3:TrackPointExtension>
            <ns3:hr>154</ns3:hr>
          </ns3:TrackPointExtension>
        </extensions>
      </trkpt>
      <trkpt lat="24.48751662857830524444580078125" lon="118.10591700486838817596435546875">
        <ele>8.19999980926513671875</ele>
        <time>2025-05-04T10:24:17.000Z</time>
        <extensions>
          <ns3:TrackPointExtension>
            <ns3:hr>154</ns3:hr>
          </ns3:TrackPointExtension>
        </extensions>
      </trkpt>
      <trkpt lat="24.487526603043079376220703125" lon="118.10594533570110797882080078125">
        <ele>8.19999980926513671875</ele>
        <time>2025-05-04T10:24:18.000Z</time>
        <extensions>
          <ns3:TrackPointExtension>
            <ns3:hr>154</ns3:hr>
          </ns3:TrackPointExtension>
        </extensions>
      </trkpt>
      <trkpt lat="24.48753632605075836181640625" lon="118.1059737503528594970703125">
        <ele>8.3999996185302734375</ele>
        <time>2025-05-04T10:24:19.000Z</time>
        <extensions>
          <ns3:TrackPointExtension>
            <ns3:hr>154</ns3:hr>
          </ns3:TrackPointExtension>
        </extensions>
      </trkpt>
      <trkpt lat="24.4875462166965007781982421875" lon="118.106001578271389007568359375">
        <ele>8.3999996185302734375</ele>
        <time>2025-05-04T10:24:20.000Z</time>
        <extensions>
          <ns3:TrackPointExtension>
            <ns3:hr>154</ns3:hr>
          </ns3:TrackPointExtension>
        </extensions>
      </trkpt>
      <trkpt lat="24.487556107342243194580078125" lon="118.1060278974473476409912109375">
        <ele>8.6000003814697265625</ele>
        <time>2025-05-04T10:24:21.000Z</time>
        <extensions>
          <ns3:TrackPointExtension>
            <ns3:hr>154</ns3:hr>
          </ns3:TrackPointExtension>
        </extensions>
      </trkpt>
      <trkpt lat="24.4875659979879856109619140625" lon="118.10605413280427455902099609375">
        <ele>8.6000003814697265625</ele>
        <time>2025-05-04T10:24:22.000Z</time>
        <extensions>
          <ns3:TrackPointExtension>
            <ns3:hr>154</ns3:hr>
          </ns3:TrackPointExtension>
        </extensions>
      </trkpt>
      <trkpt lat="24.48757563717663288116455078125" lon="118.1060795299708843231201171875">
        <ele>8.6000003814697265625</ele>
        <time>2025-05-04T10:24:23.000Z</time>
        <extensions>
          <ns3:TrackPointExtension>
            <ns3:hr>154</ns3:hr>
          </ns3:TrackPointExtension>
        </extensions>
      </trkpt>
      <trkpt lat="24.48758502490818500518798828125" lon="118.1061050109565258026123046875">
        <ele>8.80000019073486328125</ele>
        <time>2025-05-04T10:24:24.000Z</time>
        <extensions>
          <ns3:TrackPointExtension>
            <ns3:hr>154</ns3:hr>
          </ns3:TrackPointExtension>
        </extensions>
      </trkpt>
      <trkpt lat="24.487593658268451690673828125" lon="118.106132335960865020751953125">
        <ele>8.80000019073486328125</ele>
        <time>2025-05-04T10:24:25.000Z</time>
        <extensions>
          <ns3:TrackPointExtension>
            <ns3:hr>154</ns3:hr>
          </ns3:TrackPointExtension>
        </extensions>
      </trkpt>
      <trkpt lat="24.48760145343840122222900390625" lon="118.1061596609652042388916015625">
        <ele>9</ele>
        <time>2025-05-04T10:24:26.000Z</time>
        <extensions>
          <ns3:TrackPointExtension>
            <ns3:hr>154</ns3:hr>
          </ns3:TrackPointExtension>
        </extensions>
      </trkpt>
      <trkpt lat="24.48760916478931903839111328125" lon="118.10618489049375057220458984375">
        <ele>9</ele>
        <time>2025-05-04T10:24:27.000Z</time>
        <extensions>
          <ns3:TrackPointExtension>
            <ns3:hr>153</ns3:hr>
          </ns3:TrackPointExtension>
        </extensions>
      </trkpt>
      <trkpt lat="24.4876172952353954315185546875" lon="118.106209449470043182373046875">
        <ele>9.19999980926513671875</ele>
        <time>2025-05-04T10:24:28.000Z</time>
        <extensions>
          <ns3:TrackPointExtension>
            <ns3:hr>153</ns3:hr>
          </ns3:TrackPointExtension>
        </extensions>
      </trkpt>
      <trkpt lat="24.48762525804340839385986328125" lon="118.106235601007938385009765625">
        <ele>9.19999980926513671875</ele>
        <time>2025-05-04T10:24:29.000Z</time>
        <extensions>
          <ns3:TrackPointExtension>
            <ns3:hr>153</ns3:hr>
          </ns3:TrackPointExtension>
        </extensions>
      </trkpt>
      <trkpt lat="24.48763246648013591766357421875" lon="118.10626334510743618011474609375">
        <ele>9.19999980926513671875</ele>
        <time>2025-05-04T10:24:30.000Z</time>
        <extensions>
          <ns3:TrackPointExtension>
            <ns3:hr>153</ns3:hr>
          </ns3:TrackPointExtension>
        </extensions>
      </trkpt>
      <trkpt lat="24.48763883672654628753662109375" lon="118.1062927655875682830810546875">
        <ele>9.3999996185302734375</ele>
        <time>2025-05-04T10:24:31.000Z</time>
        <extensions>
          <ns3:TrackPointExtension>
            <ns3:hr>153</ns3:hr>
          </ns3:TrackPointExtension>
        </extensions>
      </trkpt>
      <trkpt lat="24.48764554224908351898193359375" lon="118.10632201842963695526123046875">
        <ele>9.3999996185302734375</ele>
        <time>2025-05-04T10:24:32.000Z</time>
        <extensions>
          <ns3:TrackPointExtension>
            <ns3:hr>153</ns3:hr>
          </ns3:TrackPointExtension>
        </extensions>
      </trkpt>
      <trkpt lat="24.487653337419033050537109375" lon="118.10634984634816646575927734375">
        <ele>9.6000003814697265625</ele>
        <time>2025-05-04T10:24:33.000Z</time>
        <extensions>
          <ns3:TrackPointExtension>
            <ns3:hr>153</ns3:hr>
          </ns3:TrackPointExtension>
        </extensions>
      </trkpt>
      <trkpt lat="24.48766197077929973602294921875" lon="118.10637666843831539154052734375">
        <ele>9.6000003814697265625</ele>
        <time>2025-05-04T10:24:34.000Z</time>
        <extensions>
          <ns3:TrackPointExtension>
            <ns3:hr>153</ns3:hr>
          </ns3:TrackPointExtension>
        </extensions>
      </trkpt>
      <trkpt lat="24.48767202906310558319091796875" lon="118.10640223324298858642578125">
        <ele>9.6000003814697265625</ele>
        <time>2025-05-04T10:24:35.000Z</time>
        <extensions>
          <ns3:TrackPointExtension>
            <ns3:hr>153</ns3:hr>
          </ns3:TrackPointExtension>
        </extensions>
      </trkpt>
      <trkpt lat="24.4876818358898162841796875" lon="118.1064282171428203582763671875">
        <ele>9.6000003814697265625</ele>
        <time>2025-05-04T10:24:36.000Z</time>
        <extensions>
          <ns3:TrackPointExtension>
            <ns3:hr>153</ns3:hr>
          </ns3:TrackPointExtension>
        </extensions>
      </trkpt>
      <trkpt lat="24.48768963105976581573486328125" lon="118.1064560450613498687744140625">
        <ele>10</ele>
        <time>2025-05-04T10:24:37.000Z</time>
        <extensions>
          <ns3:TrackPointExtension>
            <ns3:hr>153</ns3:hr>
          </ns3:TrackPointExtension>
        </extensions>
      </trkpt>
      <trkpt lat="24.4876960851252079010009765625" lon="118.10648479498922824859619140625">
        <ele>10.3999996185302734375</ele>
        <time>2025-05-04T10:24:38.000Z</time>
        <extensions>
          <ns3:TrackPointExtension>
            <ns3:hr>153</ns3:hr>
          </ns3:TrackPointExtension>
        </extensions>
      </trkpt>
      <trkpt lat="24.48770170100033283233642578125" lon="118.10651295818388462066650390625">
        <ele>10.6000003814697265625</ele>
        <time>2025-05-04T10:24:39.000Z</time>
        <extensions>
          <ns3:TrackPointExtension>
            <ns3:hr>153</ns3:hr>
          </ns3:TrackPointExtension>
        </extensions>
      </trkpt>
      <trkpt lat="24.48770807124674320220947265625" lon="118.10654036700725555419921875">
        <ele>11</ele>
        <time>2025-05-04T10:24:40.000Z</time>
        <extensions>
          <ns3:TrackPointExtension>
            <ns3:hr>153</ns3:hr>
          </ns3:TrackPointExtension>
        </extensions>
      </trkpt>
      <trkpt lat="24.4877168722450733184814453125" lon="118.106567859649658203125">
        <ele>11.3999996185302734375</ele>
        <time>2025-05-04T10:24:41.000Z</time>
        <extensions>
          <ns3:TrackPointExtension>
            <ns3:hr>153</ns3:hr>
          </ns3:TrackPointExtension>
        </extensions>
      </trkpt>
      <trkpt lat="24.48772684670984745025634765625" lon="118.1065955199301242828369140625">
        <ele>11.6000003814697265625</ele>
        <time>2025-05-04T10:24:42.000Z</time>
        <extensions>
          <ns3:TrackPointExtension>
            <ns3:hr>153</ns3:hr>
          </ns3:TrackPointExtension>
        </extensions>
      </trkpt>
      <trkpt lat="24.48773556388914585113525390625" lon="118.1066240184009075164794921875">
        <ele>12</ele>
        <time>2025-05-04T10:24:43.000Z</time>
        <extensions>
          <ns3:TrackPointExtension>
            <ns3:hr>154</ns3:hr>
          </ns3:TrackPointExtension>
        </extensions>
      </trkpt>
      <trkpt lat="24.48774293996393680572509765625" lon="118.10665394179522991180419921875">
        <ele>12.19999980926513671875</ele>
        <time>2025-05-04T10:24:44.000Z</time>
        <extensions>
          <ns3:TrackPointExtension>
            <ns3:hr>154</ns3:hr>
          </ns3:TrackPointExtension>
        </extensions>
      </trkpt>
      <trkpt lat="24.4877503998577594757080078125" lon="118.1066843681037425994873046875">
        <ele>12.6000003814697265625</ele>
        <time>2025-05-04T10:24:45.000Z</time>
        <extensions>
          <ns3:TrackPointExtension>
            <ns3:hr>154</ns3:hr>
          </ns3:TrackPointExtension>
        </extensions>
      </trkpt>
      <trkpt lat="24.4877581112086772918701171875" lon="118.1067140400409698486328125">
        <ele>13</ele>
        <time>2025-05-04T10:24:46.000Z</time>
        <extensions>
          <ns3:TrackPointExtension>
            <ns3:hr>154</ns3:hr>
          </ns3:TrackPointExtension>
        </extensions>
      </trkpt>
      <trkpt lat="24.48776557110249996185302734375" lon="118.10674312524497509002685546875">
        <ele>13.19999980926513671875</ele>
        <time>2025-05-04T10:24:47.000Z</time>
        <extensions>
          <ns3:TrackPointExtension>
            <ns3:hr>154</ns3:hr>
          </ns3:TrackPointExtension>
        </extensions>
      </trkpt>
      <trkpt lat="24.4877731986343860626220703125" lon="118.1067718751728534698486328125">
        <ele>13.3999996185302734375</ele>
        <time>2025-05-04T10:24:48.000Z</time>
        <extensions>
          <ns3:TrackPointExtension>
            <ns3:hr>154</ns3:hr>
          </ns3:TrackPointExtension>
        </extensions>
      </trkpt>
      <trkpt lat="24.48778082616627216339111328125" lon="118.10680112801492214202880859375">
        <ele>13.6000003814697265625</ele>
        <time>2025-05-04T10:24:49.000Z</time>
        <extensions>
          <ns3:TrackPointExtension>
            <ns3:hr>154</ns3:hr>
          </ns3:TrackPointExtension>
        </extensions>
      </trkpt>
      <trkpt lat="24.4877876155078411102294921875" lon="118.10683163814246654510498046875">
        <ele>13.80000019073486328125</ele>
        <time>2025-05-04T10:24:50.000Z</time>
        <extensions>
          <ns3:TrackPointExtension>
            <ns3:hr>154</ns3:hr>
          </ns3:TrackPointExtension>
        </extensions>
      </trkpt>
      <trkpt lat="24.487793482840061187744140625" lon="118.10686231590807437896728515625">
        <ele>14</ele>
        <time>2025-05-04T10:24:51.000Z</time>
        <extensions>
          <ns3:TrackPointExtension>
            <ns3:hr>153</ns3:hr>
          </ns3:TrackPointExtension>
        </extensions>
      </trkpt>
      <trkpt lat="24.48779993690550327301025390625" lon="118.10689232312142848968505859375">
        <ele>14.19999980926513671875</ele>
        <time>2025-05-04T10:24:52.000Z</time>
        <extensions>
          <ns3:TrackPointExtension>
            <ns3:hr>153</ns3:hr>
          </ns3:TrackPointExtension>
        </extensions>
      </trkpt>
      <trkpt lat="24.48780748061835765838623046875" lon="118.10692015103995800018310546875">
        <ele>14.3999996185302734375</ele>
        <time>2025-05-04T10:24:53.000Z</time>
        <extensions>
          <ns3:TrackPointExtension>
            <ns3:hr>153</ns3:hr>
          </ns3:TrackPointExtension>
        </extensions>
      </trkpt>
      <trkpt lat="24.4878159463405609130859375" lon="118.1069462187588214874267578125">
        <ele>14.80000019073486328125</ele>
        <time>2025-05-04T10:24:54.000Z</time>
        <extensions>
          <ns3:TrackPointExtension>
            <ns3:hr>154</ns3:hr>
          </ns3:TrackPointExtension>
        </extensions>
      </trkpt>
      <trkpt lat="24.48782508261501789093017578125" lon="118.106972537934780120849609375">
        <ele>15</ele>
        <time>2025-05-04T10:24:55.000Z</time>
        <extensions>
          <ns3:TrackPointExtension>
            <ns3:hr>154</ns3:hr>
          </ns3:TrackPointExtension>
        </extensions>
      </trkpt>
      <trkpt lat="24.48783447034657001495361328125" lon="118.107000030577182769775390625">
        <ele>15.19999980926513671875</ele>
        <time>2025-05-04T10:24:56.000Z</time>
        <extensions>
          <ns3:TrackPointExtension>
            <ns3:hr>154</ns3:hr>
          </ns3:TrackPointExtension>
        </extensions>
      </trkpt>
      <trkpt lat="24.4878439418971538543701171875" lon="118.10702810995280742645263671875">
        <ele>15</ele>
        <time>2025-05-04T10:24:57.000Z</time>
        <extensions>
          <ns3:TrackPointExtension>
            <ns3:hr>154</ns3:hr>
          </ns3:TrackPointExtension>
        </extensions>
      </trkpt>
      <trkpt lat="24.48785324580967426300048828125" lon="118.10705660842359066009521484375">
        <ele>14.80000019073486328125</ele>
        <time>2025-05-04T10:24:58.000Z</time>
        <extensions>
          <ns3:TrackPointExtension>
            <ns3:hr>154</ns3:hr>
          </ns3:TrackPointExtension>
        </extensions>
      </trkpt>
      <trkpt lat="24.48786129243671894073486328125" lon="118.10708619654178619384765625">
        <ele>14.3999996185302734375</ele>
        <time>2025-05-04T10:24:59.000Z</time>
        <extensions>
          <ns3:TrackPointExtension>
            <ns3:hr>154</ns3:hr>
          </ns3:TrackPointExtension>
        </extensions>
      </trkpt>
      <trkpt lat="24.48786866851150989532470703125" lon="118.1071158684790134429931640625">
        <ele>14.19999980926513671875</ele>
        <time>2025-05-04T10:25:00.000Z</time>
        <extensions>
          <ns3:TrackPointExtension>
            <ns3:hr>154</ns3:hr>
          </ns3:TrackPointExtension>
        </extensions>
      </trkpt>
      <trkpt lat="24.487875960767269134521484375" lon="118.10714528895914554595947265625">
        <ele>14</ele>
        <time>2025-05-04T10:25:01.000Z</time>
        <extensions>
          <ns3:TrackPointExtension>
            <ns3:hr>154</ns3:hr>
          </ns3:TrackPointExtension>
        </extensions>
      </trkpt>
      <trkpt lat="24.48788224719464778900146484375" lon="118.10717596672475337982177734375">
        <ele>13.80000019073486328125</ele>
        <time>2025-05-04T10:25:02.000Z</time>
        <extensions>
          <ns3:TrackPointExtension>
            <ns3:hr>154</ns3:hr>
          </ns3:TrackPointExtension>
        </extensions>
      </trkpt>
      <trkpt lat="24.48788769543170928955078125" lon="118.1072067283093929290771484375">
        <ele>13.6000003814697265625</ele>
        <time>2025-05-04T10:25:03.000Z</time>
        <extensions>
          <ns3:TrackPointExtension>
            <ns3:hr>154</ns3:hr>
          </ns3:TrackPointExtension>
        </extensions>
      </trkpt>
      <trkpt lat="24.48789314366877079010009765625" lon="118.10723640024662017822265625">
        <ele>13.3999996185302734375</ele>
        <time>2025-05-04T10:25:04.000Z</time>
        <extensions>
          <ns3:TrackPointExtension>
            <ns3:hr>154</ns3:hr>
          </ns3:TrackPointExtension>
        </extensions>
      </trkpt>
      <trkpt lat="24.48789984919130802154541015625" lon="118.10726615600287914276123046875">
        <ele>13.19999980926513671875</ele>
        <time>2025-05-04T10:25:05.000Z</time>
        <extensions>
          <ns3:TrackPointExtension>
            <ns3:hr>154</ns3:hr>
          </ns3:TrackPointExtension>
        </extensions>
      </trkpt>
      <trkpt lat="24.48790848255157470703125" lon="118.10729666613042354583740234375">
        <ele>12.6000003814697265625</ele>
        <time>2025-05-04T10:25:06.000Z</time>
        <extensions>
          <ns3:TrackPointExtension>
            <ns3:hr>154</ns3:hr>
          </ns3:TrackPointExtension>
        </extensions>
      </trkpt>
      <trkpt lat="24.48791778646409511566162109375" lon="118.10732734389603137969970703125">
        <ele>12</ele>
        <time>2025-05-04T10:25:07.000Z</time>
        <extensions>
          <ns3:TrackPointExtension>
            <ns3:hr>154</ns3:hr>
          </ns3:TrackPointExtension>
        </extensions>
      </trkpt>
      <trkpt lat="24.48792667128145694732666015625" lon="118.10735768638551235198974609375">
        <ele>11.3999996185302734375</ele>
        <time>2025-05-04T10:25:08.000Z</time>
        <extensions>
          <ns3:TrackPointExtension>
            <ns3:hr>154</ns3:hr>
          </ns3:TrackPointExtension>
        </extensions>
      </trkpt>
      <trkpt lat="24.487934298813343048095703125" lon="118.1073881126940250396728515625">
        <ele>10.6000003814697265625</ele>
        <time>2025-05-04T10:25:09.000Z</time>
        <extensions>
          <ns3:TrackPointExtension>
            <ns3:hr>154</ns3:hr>
          </ns3:TrackPointExtension>
        </extensions>
      </trkpt>
      <trkpt lat="24.4879418425261974334716796875" lon="118.1074176169931888580322265625">
        <ele>10</ele>
        <time>2025-05-04T10:25:10.000Z</time>
        <extensions>
          <ns3:TrackPointExtension>
            <ns3:hr>154</ns3:hr>
          </ns3:TrackPointExtension>
        </extensions>
      </trkpt>
      <trkpt lat="24.48795064352452754974365234375" lon="118.10744586400687694549560546875">
        <ele>9.3999996185302734375</ele>
        <time>2025-05-04T10:25:11.000Z</time>
        <extensions>
          <ns3:TrackPointExtension>
            <ns3:hr>154</ns3:hr>
          </ns3:TrackPointExtension>
        </extensions>
      </trkpt>
      <trkpt lat="24.48795902542769908905029296875" lon="118.1074732728302478790283203125">
        <ele>8.80000019073486328125</ele>
        <time>2025-05-04T10:25:12.000Z</time>
        <extensions>
          <ns3:TrackPointExtension>
            <ns3:hr>154</ns3:hr>
          </ns3:TrackPointExtension>
        </extensions>
      </trkpt>
      <trkpt lat="24.48796673677861690521240234375" lon="118.10750017873942852020263671875">
        <ele>8.19999980926513671875</ele>
        <time>2025-05-04T10:25:13.000Z</time>
        <extensions>
          <ns3:TrackPointExtension>
            <ns3:hr>154</ns3:hr>
          </ns3:TrackPointExtension>
        </extensions>
      </trkpt>
      <trkpt lat="24.4879743643105030059814453125" lon="118.10752716846764087677001953125">
        <ele>7.599999904632568359375</ele>
        <time>2025-05-04T10:25:14.000Z</time>
        <extensions>
          <ns3:TrackPointExtension>
            <ns3:hr>154</ns3:hr>
          </ns3:TrackPointExtension>
        </extensions>
      </trkpt>
      <trkpt lat="24.48798199184238910675048828125" lon="118.107555247843265533447265625">
        <ele>7</ele>
        <time>2025-05-04T10:25:15.000Z</time>
        <extensions>
          <ns3:TrackPointExtension>
            <ns3:hr>154</ns3:hr>
          </ns3:TrackPointExtension>
        </extensions>
      </trkpt>
      <trkpt lat="24.48798852972686290740966796875" lon="118.10758567415177822113037109375">
        <ele>6.80000019073486328125</ele>
        <time>2025-05-04T10:25:16.000Z</time>
        <extensions>
          <ns3:TrackPointExtension>
            <ns3:hr>154</ns3:hr>
          </ns3:TrackPointExtension>
        </extensions>
      </trkpt>
      <trkpt lat="24.4879929721355438232421875" lon="118.10761702246963977813720703125">
        <ele>6.599999904632568359375</ele>
        <time>2025-05-04T10:25:17.000Z</time>
        <extensions>
          <ns3:TrackPointExtension>
            <ns3:hr>154</ns3:hr>
          </ns3:TrackPointExtension>
        </extensions>
      </trkpt>
      <trkpt lat="24.48799674399197101593017578125" lon="118.10764702968299388885498046875">
        <ele>6.400000095367431640625</ele>
        <time>2025-05-04T10:25:18.000Z</time>
        <extensions>
          <ns3:TrackPointExtension>
            <ns3:hr>154</ns3:hr>
          </ns3:TrackPointExtension>
        </extensions>
      </trkpt>
      <trkpt lat="24.4880011864006519317626953125" lon="118.10767628252506256103515625">
        <ele>6</ele>
        <time>2025-05-04T10:25:19.000Z</time>
        <extensions>
          <ns3:TrackPointExtension>
            <ns3:hr>154</ns3:hr>
          </ns3:TrackPointExtension>
        </extensions>
      </trkpt>
      <trkpt lat="24.48800713755190372467041015625" lon="118.10770385898649692535400390625">
        <ele>5.400000095367431640625</ele>
        <time>2025-05-04T10:25:20.000Z</time>
        <extensions>
          <ns3:TrackPointExtension>
            <ns3:hr>154</ns3:hr>
          </ns3:TrackPointExtension>
        </extensions>
      </trkpt>
      <trkpt lat="24.4880149327218532562255859375" lon="118.10773034580051898956298828125">
        <ele>5</ele>
        <time>2025-05-04T10:25:21.000Z</time>
        <extensions>
          <ns3:TrackPointExtension>
            <ns3:hr>154</ns3:hr>
          </ns3:TrackPointExtension>
        </extensions>
      </trkpt>
      <trkpt lat="24.48802356608211994171142578125" lon="118.1077579222619533538818359375">
        <ele>4.400000095367431640625</ele>
        <time>2025-05-04T10:25:22.000Z</time>
        <extensions>
          <ns3:TrackPointExtension>
            <ns3:hr>154</ns3:hr>
          </ns3:TrackPointExtension>
        </extensions>
      </trkpt>
      <trkpt lat="24.48803161270916461944580078125" lon="118.1077857501804828643798828125">
        <ele>4</ele>
        <time>2025-05-04T10:25:23.000Z</time>
        <extensions>
          <ns3:TrackPointExtension>
            <ns3:hr>153</ns3:hr>
          </ns3:TrackPointExtension>
        </extensions>
      </trkpt>
      <trkpt lat="24.48803882114589214324951171875" lon="118.10781433247029781341552734375">
        <ele>3.400000095367431640625</ele>
        <time>2025-05-04T10:25:24.000Z</time>
        <extensions>
          <ns3:TrackPointExtension>
            <ns3:hr>153</ns3:hr>
          </ns3:TrackPointExtension>
        </extensions>
      </trkpt>
      <trkpt lat="24.4880457781255245208740234375" lon="118.1078434176743030548095703125">
        <ele>3.2000000476837158203125</ele>
        <time>2025-05-04T10:25:25.000Z</time>
        <extensions>
          <ns3:TrackPointExtension>
            <ns3:hr>153</ns3:hr>
          </ns3:TrackPointExtension>
        </extensions>
      </trkpt>
      <trkpt lat="24.4880531542003154754638671875" lon="118.10787166468799114227294921875">
        <ele>3.7999999523162841796875</ele>
        <time>2025-05-04T10:25:26.000Z</time>
        <extensions>
          <ns3:TrackPointExtension>
            <ns3:hr>153</ns3:hr>
          </ns3:TrackPointExtension>
        </extensions>
      </trkpt>
      <trkpt lat="24.4880612008273601531982421875" lon="118.10789831914007663726806640625">
        <ele>4.400000095367431640625</ele>
        <time>2025-05-04T10:25:27.000Z</time>
        <extensions>
          <ns3:TrackPointExtension>
            <ns3:hr>153</ns3:hr>
          </ns3:TrackPointExtension>
        </extensions>
      </trkpt>
      <trkpt lat="24.488069079816341400146484375" lon="118.10792363248765468597412109375">
        <ele>5.19999980926513671875</ele>
        <time>2025-05-04T10:25:28.000Z</time>
        <extensions>
          <ns3:TrackPointExtension>
            <ns3:hr>153</ns3:hr>
          </ns3:TrackPointExtension>
        </extensions>
      </trkpt>
      <trkpt lat="24.488077126443386077880859375" lon="118.10794877819716930389404296875">
        <ele>5.80000019073486328125</ele>
        <time>2025-05-04T10:25:29.000Z</time>
        <extensions>
          <ns3:TrackPointExtension>
            <ns3:hr>153</ns3:hr>
          </ns3:TrackPointExtension>
        </extensions>
      </trkpt>
      <trkpt lat="24.48808592744171619415283203125" lon="118.10797425918281078338623046875">
        <ele>6.400000095367431640625</ele>
        <time>2025-05-04T10:25:30.000Z</time>
        <extensions>
          <ns3:TrackPointExtension>
            <ns3:hr>153</ns3:hr>
          </ns3:TrackPointExtension>
        </extensions>
      </trkpt>
      <trkpt lat="24.48809531517326831817626953125" lon="118.107999823987483978271484375">
        <ele>7</ele>
        <time>2025-05-04T10:25:31.000Z</time>
        <extensions>
          <ns3:TrackPointExtension>
            <ns3:hr>153</ns3:hr>
          </ns3:TrackPointExtension>
        </extensions>
      </trkpt>
      <trkpt lat="24.48810436762869358062744140625" lon="118.10802631080150604248046875">
        <ele>7.80000019073486328125</ele>
        <time>2025-05-04T10:25:32.000Z</time>
        <extensions>
          <ns3:TrackPointExtension>
            <ns3:hr>153</ns3:hr>
          </ns3:TrackPointExtension>
        </extensions>
      </trkpt>
      <trkpt lat="24.488112665712833404541015625" lon="118.10805380344390869140625">
        <ele>8.3999996185302734375</ele>
        <time>2025-05-04T10:25:33.000Z</time>
        <extensions>
          <ns3:TrackPointExtension>
            <ns3:hr>154</ns3:hr>
          </ns3:TrackPointExtension>
        </extensions>
      </trkpt>
      <trkpt lat="24.4881202094256877899169921875" lon="118.10808121226727962493896484375">
        <ele>8.6000003814697265625</ele>
        <time>2025-05-04T10:25:34.000Z</time>
        <extensions>
          <ns3:TrackPointExtension>
            <ns3:hr>154</ns3:hr>
          </ns3:TrackPointExtension>
        </extensions>
      </trkpt>
      <trkpt lat="24.48812699876725673675537109375" lon="118.10810870490968227386474609375">
        <ele>8.80000019073486328125</ele>
        <time>2025-05-04T10:25:35.000Z</time>
        <extensions>
          <ns3:TrackPointExtension>
            <ns3:hr>154</ns3:hr>
          </ns3:TrackPointExtension>
        </extensions>
      </trkpt>
      <trkpt lat="24.48813387192785739898681640625" lon="118.10813753865659236907958984375">
        <ele>9.19999980926513671875</ele>
        <time>2025-05-04T10:25:36.000Z</time>
        <extensions>
          <ns3:TrackPointExtension>
            <ns3:hr>154</ns3:hr>
          </ns3:TrackPointExtension>
        </extensions>
      </trkpt>
      <trkpt lat="24.48814024217426776885986328125" lon="118.10816737823188304901123046875">
        <ele>9.3999996185302734375</ele>
        <time>2025-05-04T10:25:37.000Z</time>
        <extensions>
          <ns3:TrackPointExtension>
            <ns3:hr>154</ns3:hr>
          </ns3:TrackPointExtension>
        </extensions>
      </trkpt>
      <trkpt lat="24.488146193325519561767578125" lon="118.10819688253104686737060546875">
        <ele>9.80000019073486328125</ele>
        <time>2025-05-04T10:25:38.000Z</time>
        <extensions>
          <ns3:TrackPointExtension>
            <ns3:hr>155</ns3:hr>
          </ns3:TrackPointExtension>
        </extensions>
      </trkpt>
      <trkpt lat="24.48815214447677135467529296875" lon="118.10822638683021068572998046875">
        <ele>10.19999980926513671875</ele>
        <time>2025-05-04T10:25:39.000Z</time>
        <extensions>
          <ns3:TrackPointExtension>
            <ns3:hr>155</ns3:hr>
          </ns3:TrackPointExtension>
        </extensions>
      </trkpt>
      <trkpt lat="24.48815851472318172454833984375" lon="118.1082564778625965118408203125">
        <ele>10.3999996185302734375</ele>
        <time>2025-05-04T10:25:40.000Z</time>
        <extensions>
          <ns3:TrackPointExtension>
            <ns3:hr>155</ns3:hr>
          </ns3:TrackPointExtension>
        </extensions>
      </trkpt>
      <trkpt lat="24.48816530406475067138671875" lon="118.10828707180917263031005859375">
        <ele>10.80000019073486328125</ele>
        <time>2025-05-04T10:25:41.000Z</time>
        <extensions>
          <ns3:TrackPointExtension>
            <ns3:hr>155</ns3:hr>
          </ns3:TrackPointExtension>
        </extensions>
      </trkpt>
      <trkpt lat="24.48817142285406589508056640625" lon="118.10831774957478046417236328125">
        <ele>11</ele>
        <time>2025-05-04T10:25:42.000Z</time>
        <extensions>
          <ns3:TrackPointExtension>
            <ns3:hr>155</ns3:hr>
          </ns3:TrackPointExtension>
        </extensions>
      </trkpt>
      <trkpt lat="24.48817695491015911102294921875" lon="118.1083480082452297210693359375">
        <ele>11.19999980926513671875</ele>
        <time>2025-05-04T10:25:43.000Z</time>
        <extensions>
          <ns3:TrackPointExtension>
            <ns3:hr>155</ns3:hr>
          </ns3:TrackPointExtension>
        </extensions>
      </trkpt>
      <trkpt lat="24.48818315751850605010986328125" lon="118.10837742872536182403564453125">
        <ele>11.19999980926513671875</ele>
        <time>2025-05-04T10:25:44.000Z</time>
        <extensions>
          <ns3:TrackPointExtension>
            <ns3:hr>155</ns3:hr>
          </ns3:TrackPointExtension>
        </extensions>
      </trkpt>
      <trkpt lat="24.48819036595523357391357421875" lon="118.10840584337711334228515625">
        <ele>11.19999980926513671875</ele>
        <time>2025-05-04T10:25:45.000Z</time>
        <extensions>
          <ns3:TrackPointExtension>
            <ns3:hr>154</ns3:hr>
          </ns3:TrackPointExtension>
        </extensions>
      </trkpt>
      <trkpt lat="24.48819874785840511322021484375" lon="118.1084333360195159912109375">
        <ele>11</ele>
        <time>2025-05-04T10:25:46.000Z</time>
        <extensions>
          <ns3:TrackPointExtension>
            <ns3:hr>154</ns3:hr>
          </ns3:TrackPointExtension>
        </extensions>
      </trkpt>
      <trkpt lat="24.4882077164947986602783203125" lon="118.10846024192869663238525390625">
        <ele>11</ele>
        <time>2025-05-04T10:25:47.000Z</time>
        <extensions>
          <ns3:TrackPointExtension>
            <ns3:hr>154</ns3:hr>
          </ns3:TrackPointExtension>
        </extensions>
      </trkpt>
      <trkpt lat="24.4882174395024776458740234375" lon="118.10848656110465526580810546875">
        <ele>10.80000019073486328125</ele>
        <time>2025-05-04T10:25:48.000Z</time>
        <extensions>
          <ns3:TrackPointExtension>
            <ns3:hr>154</ns3:hr>
          </ns3:TrackPointExtension>
        </extensions>
      </trkpt>
      <trkpt lat="24.48822707869112491607666015625" lon="118.10851237736642360687255859375">
        <ele>10.80000019073486328125</ele>
        <time>2025-05-04T10:25:49.000Z</time>
        <extensions>
          <ns3:TrackPointExtension>
            <ns3:hr>154</ns3:hr>
          </ns3:TrackPointExtension>
        </extensions>
      </trkpt>
      <trkpt lat="24.48823629878461360931396484375" lon="118.10853869654238224029541015625">
        <ele>10.6000003814697265625</ele>
        <time>2025-05-04T10:25:50.000Z</time>
        <extensions>
          <ns3:TrackPointExtension>
            <ns3:hr>154</ns3:hr>
          </ns3:TrackPointExtension>
        </extensions>
      </trkpt>
      <trkpt lat="24.488246105611324310302734375" lon="118.10856585390865802764892578125">
        <ele>10.6000003814697265625</ele>
        <time>2025-05-04T10:25:51.000Z</time>
        <extensions>
          <ns3:TrackPointExtension>
            <ns3:hr>154</ns3:hr>
          </ns3:TrackPointExtension>
        </extensions>
      </trkpt>
      <trkpt lat="24.48825624771416187286376953125" lon="118.1085937656462192535400390625">
        <ele>10.3999996185302734375</ele>
        <time>2025-05-04T10:25:52.000Z</time>
        <extensions>
          <ns3:TrackPointExtension>
            <ns3:hr>154</ns3:hr>
          </ns3:TrackPointExtension>
        </extensions>
      </trkpt>
      <trkpt lat="24.48826546780765056610107421875" lon="118.1086222641170024871826171875">
        <ele>10.3999996185302734375</ele>
        <time>2025-05-04T10:25:53.000Z</time>
        <extensions>
          <ns3:TrackPointExtension>
            <ns3:hr>154</ns3:hr>
          </ns3:TrackPointExtension>
        </extensions>
      </trkpt>
      <trkpt lat="24.4882741011679172515869140625" lon="118.10865084640681743621826171875">
        <ele>10.19999980926513671875</ele>
        <time>2025-05-04T10:25:54.000Z</time>
        <extensions>
          <ns3:TrackPointExtension>
            <ns3:hr>154</ns3:hr>
          </ns3:TrackPointExtension>
        </extensions>
      </trkpt>
      <trkpt lat="24.48828198015689849853515625" lon="118.10867867432534694671630859375">
        <ele>10</ele>
        <time>2025-05-04T10:25:55.000Z</time>
        <extensions>
          <ns3:TrackPointExtension>
            <ns3:hr>154</ns3:hr>
          </ns3:TrackPointExtension>
        </extensions>
      </trkpt>
      <trkpt lat="24.48828876949846744537353515625" lon="118.10870599932968616485595703125">
        <ele>9.80000019073486328125</ele>
        <time>2025-05-04T10:25:56.000Z</time>
        <extensions>
          <ns3:TrackPointExtension>
            <ns3:hr>154</ns3:hr>
          </ns3:TrackPointExtension>
        </extensions>
      </trkpt>
      <trkpt lat="24.48829547502100467681884765625" lon="118.1087337434291839599609375">
        <ele>9.6000003814697265625</ele>
        <time>2025-05-04T10:25:57.000Z</time>
        <extensions>
          <ns3:TrackPointExtension>
            <ns3:hr>154</ns3:hr>
          </ns3:TrackPointExtension>
        </extensions>
      </trkpt>
      <trkpt lat="24.48830209672451019287109375" lon="118.1087620742619037628173828125">
        <ele>9.3999996185302734375</ele>
        <time>2025-05-04T10:25:58.000Z</time>
        <extensions>
          <ns3:TrackPointExtension>
            <ns3:hr>154</ns3:hr>
          </ns3:TrackPointExtension>
        </extensions>
      </trkpt>
      <trkpt lat="24.48830855078995227813720703125" lon="118.10878965072333812713623046875">
        <ele>9.19999980926513671875</ele>
        <time>2025-05-04T10:25:59.000Z</time>
        <extensions>
          <ns3:TrackPointExtension>
            <ns3:hr>154</ns3:hr>
          </ns3:TrackPointExtension>
        </extensions>
      </trkpt>
      <trkpt lat="24.488315172493457794189453125" lon="118.10881630517542362213134765625">
        <ele>9</ele>
        <time>2025-05-04T10:26:00.000Z</time>
        <extensions>
          <ns3:TrackPointExtension>
            <ns3:hr>154</ns3:hr>
          </ns3:TrackPointExtension>
        </extensions>
      </trkpt>
      <trkpt lat="24.4883210398256778717041015625" lon="118.10884212143719196319580078125">
        <ele>8.80000019073486328125</ele>
        <time>2025-05-04T10:26:01.000Z</time>
        <extensions>
          <ns3:TrackPointExtension>
            <ns3:hr>154</ns3:hr>
          </ns3:TrackPointExtension>
        </extensions>
      </trkpt>
      <trkpt lat="24.48832632042467594146728515625" lon="118.1088680215179920196533203125">
        <ele>8.6000003814697265625</ele>
        <time>2025-05-04T10:26:02.000Z</time>
        <extensions>
          <ns3:TrackPointExtension>
            <ns3:hr>154</ns3:hr>
          </ns3:TrackPointExtension>
        </extensions>
      </trkpt>
      <trkpt lat="24.48833168484270572662353515625" lon="118.108893334865570068359375">
        <ele>8.3999996185302734375</ele>
        <time>2025-05-04T10:26:03.000Z</time>
        <extensions>
          <ns3:TrackPointExtension>
            <ns3:hr>154</ns3:hr>
          </ns3:TrackPointExtension>
        </extensions>
      </trkpt>
      <trkpt lat="24.48833763599395751953125" lon="118.10891948640346527099609375">
        <ele>8</ele>
        <time>2025-05-04T10:26:04.000Z</time>
        <extensions>
          <ns3:TrackPointExtension>
            <ns3:hr>154</ns3:hr>
          </ns3:TrackPointExtension>
        </extensions>
      </trkpt>
      <trkpt lat="24.48834492824971675872802734375" lon="118.10894773341715335845947265625">
        <ele>7.80000019073486328125</ele>
        <time>2025-05-04T10:26:05.000Z</time>
        <extensions>
          <ns3:TrackPointExtension>
            <ns3:hr>154</ns3:hr>
          </ns3:TrackPointExtension>
        </extensions>
      </trkpt>
      <trkpt lat="24.48835314251482486724853515625" lon="118.10897648334503173828125">
        <ele>7.80000019073486328125</ele>
        <time>2025-05-04T10:26:06.000Z</time>
        <extensions>
          <ns3:TrackPointExtension>
            <ns3:hr>154</ns3:hr>
          </ns3:TrackPointExtension>
        </extensions>
      </trkpt>
      <trkpt lat="24.48836110532283782958984375" lon="118.10900456272065639495849609375">
        <ele>7.80000019073486328125</ele>
        <time>2025-05-04T10:26:07.000Z</time>
        <extensions>
          <ns3:TrackPointExtension>
            <ns3:hr>155</ns3:hr>
          </ns3:TrackPointExtension>
        </extensions>
      </trkpt>
      <trkpt lat="24.48836856521666049957275390625" lon="118.10903138481080532073974609375">
        <ele>7.80000019073486328125</ele>
        <time>2025-05-04T10:26:08.000Z</time>
        <extensions>
          <ns3:TrackPointExtension>
            <ns3:hr>153</ns3:hr>
          </ns3:TrackPointExtension>
        </extensions>
      </trkpt>
      <trkpt lat="24.4883760251104831695556640625" lon="118.10905653052031993865966796875">
        <ele>7.80000019073486328125</ele>
        <time>2025-05-04T10:26:09.000Z</time>
        <extensions>
          <ns3:TrackPointExtension>
            <ns3:hr>153</ns3:hr>
          </ns3:TrackPointExtension>
        </extensions>
      </trkpt>
      <trkpt lat="24.48838348500430583953857421875" lon="118.10908100567758083343505859375">
        <ele>7.80000019073486328125</ele>
        <time>2025-05-04T10:26:10.000Z</time>
        <extensions>
          <ns3:TrackPointExtension>
            <ns3:hr>153</ns3:hr>
          </ns3:TrackPointExtension>
        </extensions>
      </trkpt>
      <trkpt lat="24.48839069344103336334228515625" lon="118.10910682193934917449951171875">
        <ele>7.80000019073486328125</ele>
        <time>2025-05-04T10:26:11.000Z</time>
        <extensions>
          <ns3:TrackPointExtension>
            <ns3:hr>153</ns3:hr>
          </ns3:TrackPointExtension>
        </extensions>
      </trkpt>
      <trkpt lat="24.48839857243001461029052734375" lon="118.10913364402949810028076171875">
        <ele>7.80000019073486328125</ele>
        <time>2025-05-04T10:26:12.000Z</time>
        <extensions>
          <ns3:TrackPointExtension>
            <ns3:hr>153</ns3:hr>
          </ns3:TrackPointExtension>
        </extensions>
      </trkpt>
      <trkpt lat="24.4884061999619007110595703125" lon="118.109160549938678741455078125">
        <ele>7.80000019073486328125</ele>
        <time>2025-05-04T10:26:13.000Z</time>
        <extensions>
          <ns3:TrackPointExtension>
            <ns3:hr>153</ns3:hr>
          </ns3:TrackPointExtension>
        </extensions>
      </trkpt>
      <trkpt lat="24.4884135760366916656494140625" lon="118.10918728820979595184326171875">
        <ele>7.80000019073486328125</ele>
        <time>2025-05-04T10:26:14.000Z</time>
        <extensions>
          <ns3:TrackPointExtension>
            <ns3:hr>154</ns3:hr>
          </ns3:TrackPointExtension>
        </extensions>
      </trkpt>
      <trkpt lat="24.48842271231114864349365234375" lon="118.10921360738575458526611328125">
        <ele>7.80000019073486328125</ele>
        <time>2025-05-04T10:26:15.000Z</time>
        <extensions>
          <ns3:TrackPointExtension>
            <ns3:hr>154</ns3:hr>
          </ns3:TrackPointExtension>
        </extensions>
      </trkpt>
      <trkpt lat="24.488433860242366790771484375" lon="118.10923875309526920318603515625">
        <ele>7.80000019073486328125</ele>
        <time>2025-05-04T10:26:16.000Z</time>
        <extensions>
          <ns3:TrackPointExtension>
            <ns3:hr>154</ns3:hr>
          </ns3:TrackPointExtension>
        </extensions>
      </trkpt>
      <trkpt lat="24.48844450525939464569091796875" lon="118.10926322825253009796142578125">
        <ele>8</ele>
        <time>2025-05-04T10:26:17.000Z</time>
        <extensions>
          <ns3:TrackPointExtension>
            <ns3:hr>154</ns3:hr>
          </ns3:TrackPointExtension>
        </extensions>
      </trkpt>
      <trkpt lat="24.48845364153385162353515625" lon="118.10928686521947383880615234375">
        <ele>8</ele>
        <time>2025-05-04T10:26:18.000Z</time>
        <extensions>
          <ns3:TrackPointExtension>
            <ns3:hr>154</ns3:hr>
          </ns3:TrackPointExtension>
        </extensions>
      </trkpt>
      <trkpt lat="24.4884628616273403167724609375" lon="118.10930949635803699493408203125">
        <ele>8.19999980926513671875</ele>
        <time>2025-05-04T10:26:19.000Z</time>
        <extensions>
          <ns3:TrackPointExtension>
            <ns3:hr>154</ns3:hr>
          </ns3:TrackPointExtension>
        </extensions>
      </trkpt>
      <trkpt lat="24.488474763929843902587890625" lon="118.10933112166821956634521484375">
        <ele>8.19999980926513671875</ele>
        <time>2025-05-04T10:26:20.000Z</time>
        <extensions>
          <ns3:TrackPointExtension>
            <ns3:hr>154</ns3:hr>
          </ns3:TrackPointExtension>
        </extensions>
      </trkpt>
      <trkpt lat="24.4884896837174892425537109375" lon="118.1093508191406726837158203125">
        <ele>8.3999996185302734375</ele>
        <time>2025-05-04T10:26:21.000Z</time>
        <extensions>
          <ns3:TrackPointExtension>
            <ns3:hr>154</ns3:hr>
          </ns3:TrackPointExtension>
        </extensions>
      </trkpt>
      <trkpt lat="24.48850619606673717498779296875" lon="118.10936599038541316986083984375">
        <ele>8.3999996185302734375</ele>
        <time>2025-05-04T10:26:22.000Z</time>
        <extensions>
          <ns3:TrackPointExtension>
            <ns3:hr>154</ns3:hr>
          </ns3:TrackPointExtension>
        </extensions>
      </trkpt>
      <trkpt lat="24.4885262288153171539306640625" lon="118.10937437228858470916748046875">
        <ele>8.6000003814697265625</ele>
        <time>2025-05-04T10:26:23.000Z</time>
        <extensions>
          <ns3:TrackPointExtension>
            <ns3:hr>154</ns3:hr>
          </ns3:TrackPointExtension>
        </extensions>
      </trkpt>
      <trkpt lat="24.488551206886768341064453125" lon="118.1093742884695529937744140625">
        <ele>8.80000019073486328125</ele>
        <time>2025-05-04T10:26:24.000Z</time>
        <extensions>
          <ns3:TrackPointExtension>
            <ns3:hr>154</ns3:hr>
          </ns3:TrackPointExtension>
        </extensions>
      </trkpt>
      <trkpt lat="24.48857828043401241302490234375" lon="118.10936716385185718536376953125">
        <ele>9</ele>
        <time>2025-05-04T10:26:25.000Z</time>
        <extensions>
          <ns3:TrackPointExtension>
            <ns3:hr>154</ns3:hr>
          </ns3:TrackPointExtension>
        </extensions>
      </trkpt>
      <trkpt lat="24.48860459960997104644775390625" lon="118.10935760848224163055419921875">
        <ele>9.19999980926513671875</ele>
        <time>2025-05-04T10:26:26.000Z</time>
        <extensions>
          <ns3:TrackPointExtension>
            <ns3:hr>154</ns3:hr>
          </ns3:TrackPointExtension>
        </extensions>
      </trkpt>
      <trkpt lat="24.488629661500453948974609375" lon="118.10934788547456264495849609375">
        <ele>9.6000003814697265625</ele>
        <time>2025-05-04T10:26:27.000Z</time>
        <extensions>
          <ns3:TrackPointExtension>
            <ns3:hr>154</ns3:hr>
          </ns3:TrackPointExtension>
        </extensions>
      </trkpt>
      <trkpt lat="24.48865212500095367431640625" lon="118.1093367375433444976806640625">
        <ele>9.80000019073486328125</ele>
        <time>2025-05-04T10:26:28.000Z</time>
        <extensions>
          <ns3:TrackPointExtension>
            <ns3:hr>154</ns3:hr>
          </ns3:TrackPointExtension>
        </extensions>
      </trkpt>
      <trkpt lat="24.488672576844692230224609375" lon="118.109322488307952880859375">
        <ele>10</ele>
        <time>2025-05-04T10:26:29.000Z</time>
        <extensions>
          <ns3:TrackPointExtension>
            <ns3:hr>155</ns3:hr>
          </ns3:TrackPointExtension>
        </extensions>
      </trkpt>
      <trkpt lat="24.4886928610503673553466796875" lon="118.10930614359676837921142578125">
        <ele>10.3999996185302734375</ele>
        <time>2025-05-04T10:26:30.000Z</time>
        <extensions>
          <ns3:TrackPointExtension>
            <ns3:hr>155</ns3:hr>
          </ns3:TrackPointExtension>
        </extensions>
      </trkpt>
      <trkpt lat="24.4887126423418521881103515625" lon="118.10928937979042530059814453125">
        <ele>10.6000003814697265625</ele>
        <time>2025-05-04T10:26:31.000Z</time>
        <extensions>
          <ns3:TrackPointExtension>
            <ns3:hr>155</ns3:hr>
          </ns3:TrackPointExtension>
        </extensions>
      </trkpt>
      <trkpt lat="24.48873125016689300537109375" lon="118.109272532165050506591796875">
        <ele>10.80000019073486328125</ele>
        <time>2025-05-04T10:26:32.000Z</time>
        <extensions>
          <ns3:TrackPointExtension>
            <ns3:hr>155</ns3:hr>
          </ns3:TrackPointExtension>
        </extensions>
      </trkpt>
      <trkpt lat="24.4887466728687286376953125" lon="118.109253756701946258544921875">
        <ele>11</ele>
        <time>2025-05-04T10:26:33.000Z</time>
        <extensions>
          <ns3:TrackPointExtension>
            <ns3:hr>155</ns3:hr>
          </ns3:TrackPointExtension>
        </extensions>
      </trkpt>
      <trkpt lat="24.4887582398951053619384765625" lon="118.109234981238842010498046875">
        <ele>11</ele>
        <time>2025-05-04T10:26:34.000Z</time>
        <extensions>
          <ns3:TrackPointExtension>
            <ns3:hr>155</ns3:hr>
          </ns3:TrackPointExtension>
        </extensions>
      </trkpt>
      <trkpt lat="24.48876687325537204742431640625" lon="118.10922249220311641693115234375">
        <ele>11.19999980926513671875</ele>
        <time>2025-05-04T10:26:35.000Z</time>
        <extensions>
          <ns3:TrackPointExtension>
            <ns3:hr>155</ns3:hr>
          </ns3:TrackPointExtension>
        </extensions>
      </trkpt>
      <trkpt lat="24.4887743331491947174072265625" lon="118.109220229089260101318359375">
        <ele>11.19999980926513671875</ele>
        <time>2025-05-04T10:26:36.000Z</time>
        <extensions>
          <ns3:TrackPointExtension>
            <ns3:hr>155</ns3:hr>
          </ns3:TrackPointExtension>
        </extensions>
      </trkpt>
      <trkpt lat="24.48878061957657337188720703125" lon="118.1092264316976070404052734375">
        <ele>11.19999980926513671875</ele>
        <time>2025-05-04T10:26:37.000Z</time>
        <extensions>
          <ns3:TrackPointExtension>
            <ns3:hr>155</ns3:hr>
          </ns3:TrackPointExtension>
        </extensions>
      </trkpt>
      <trkpt lat="24.4887857325375080108642578125" lon="118.10923540033400058746337890625">
        <ele>11.19999980926513671875</ele>
        <time>2025-05-04T10:26:38.000Z</time>
        <extensions>
          <ns3:TrackPointExtension>
            <ns3:hr>152</ns3:hr>
          </ns3:TrackPointExtension>
        </extensions>
      </trkpt>
      <trkpt lat="24.488790594041347503662109375" lon="118.1092445366084575653076171875">
        <ele>11.19999980926513671875</ele>
        <time>2025-05-04T10:26:39.000Z</time>
        <extensions>
          <ns3:TrackPointExtension>
            <ns3:hr>152</ns3:hr>
          </ns3:TrackPointExtension>
        </extensions>
      </trkpt>
      <trkpt lat="24.48879503645002841949462890625" lon="118.10925208032131195068359375">
        <ele>11.19999980926513671875</ele>
        <time>2025-05-04T10:26:40.000Z</time>
        <extensions>
          <ns3:TrackPointExtension>
            <ns3:hr>152</ns3:hr>
          </ns3:TrackPointExtension>
        </extensions>
      </trkpt>
      <trkpt lat="24.48879897594451904296875" lon="118.109257780015468597412109375">
        <ele>11.19999980926513671875</ele>
        <time>2025-05-04T10:26:41.000Z</time>
        <extensions>
          <ns3:TrackPointExtension>
            <ns3:hr>152</ns3:hr>
          </ns3:TrackPointExtension>
        </extensions>
      </trkpt>
      <trkpt lat="24.48880207724869251251220703125" lon="118.1092626415193080902099609375">
        <ele>11.19999980926513671875</ele>
        <time>2025-05-04T10:26:42.000Z</time>
        <extensions>
          <ns3:TrackPointExtension>
            <ns3:hr>152</ns3:hr>
          </ns3:TrackPointExtension>
        </extensions>
      </trkpt>
      <trkpt lat="24.488803334534168243408203125" lon="118.109266497194766998291015625">
        <ele>11.19999980926513671875</ele>
        <time>2025-05-04T10:26:43.000Z</time>
        <extensions>
          <ns3:TrackPointExtension>
            <ns3:hr>152</ns3:hr>
          </ns3:TrackPointExtension>
        </extensions>
      </trkpt>
      <trkpt lat="24.48880258016288280487060546875" lon="118.10926909558475017547607421875">
        <ele>11.19999980926513671875</ele>
        <time>2025-05-04T10:26:44.000Z</time>
        <extensions>
          <ns3:TrackPointExtension>
            <ns3:hr>148</ns3:hr>
          </ns3:TrackPointExtension>
        </extensions>
      </trkpt>
      <trkpt lat="24.48880123905837535858154296875" lon="118.109271191060543060302734375">
        <ele>11.19999980926513671875</ele>
        <time>2025-05-04T10:26:45.000Z</time>
        <extensions>
          <ns3:TrackPointExtension>
            <ns3:hr>148</ns3:hr>
          </ns3:TrackPointExtension>
        </extensions>
      </trkpt>
      <trkpt lat="24.4888011552393436431884765625" lon="118.10927353799343109130859375">
        <ele>11</ele>
        <time>2025-05-04T10:26:46.000Z</time>
        <extensions>
          <ns3:TrackPointExtension>
            <ns3:hr>148</ns3:hr>
          </ns3:TrackPointExtension>
        </extensions>
      </trkpt>
      <trkpt lat="24.4888029992580413818359375" lon="118.1092763878405094146728515625">
        <ele>11</ele>
        <time>2025-05-04T10:26:47.000Z</time>
        <extensions>
          <ns3:TrackPointExtension>
            <ns3:hr>148</ns3:hr>
          </ns3:TrackPointExtension>
        </extensions>
      </trkpt>
      <trkpt lat="24.48880559764802455902099609375" lon="118.10927890241146087646484375">
        <ele>11</ele>
        <time>2025-05-04T10:26:48.000Z</time>
        <extensions>
          <ns3:TrackPointExtension>
            <ns3:hr>148</ns3:hr>
          </ns3:TrackPointExtension>
        </extensions>
      </trkpt>
      <trkpt lat="24.48880945332348346710205078125" lon="118.10928049497306346893310546875">
        <ele>11</ele>
        <time>2025-05-04T10:26:49.000Z</time>
        <extensions>
          <ns3:TrackPointExtension>
            <ns3:hr>148</ns3:hr>
          </ns3:TrackPointExtension>
        </extensions>
      </trkpt>
      <trkpt lat="24.48881733231246471405029296875" lon="118.109281919896602630615234375">
        <ele>11.19999980926513671875</ele>
        <time>2025-05-04T10:26:50.000Z</time>
        <extensions>
          <ns3:TrackPointExtension>
            <ns3:hr>148</ns3:hr>
          </ns3:TrackPointExtension>
        </extensions>
      </trkpt>
      <trkpt lat="24.48882906697690486907958984375" lon="118.109284937381744384765625">
        <ele>11.19999980926513671875</ele>
        <time>2025-05-04T10:26:51.000Z</time>
        <extensions>
          <ns3:TrackPointExtension>
            <ns3:hr>146</ns3:hr>
          </ns3:TrackPointExtension>
        </extensions>
      </trkpt>
      <trkpt lat="24.48884365148842334747314453125" lon="118.10929072089493274688720703125">
        <ele>11.19999980926513671875</ele>
        <time>2025-05-04T10:26:52.000Z</time>
        <extensions>
          <ns3:TrackPointExtension>
            <ns3:hr>146</ns3:hr>
          </ns3:TrackPointExtension>
        </extensions>
      </trkpt>
      <trkpt lat="24.48886133730411529541015625" lon="118.10929809696972370147705078125">
        <ele>11.19999980926513671875</ele>
        <time>2025-05-04T10:26:53.000Z</time>
        <extensions>
          <ns3:TrackPointExtension>
            <ns3:hr>143</ns3:hr>
          </ns3:TrackPointExtension>
        </extensions>
      </trkpt>
      <trkpt lat="24.488882124423980712890625" lon="118.109305389225482940673828125">
        <ele>11.19999980926513671875</ele>
        <time>2025-05-04T10:26:54.000Z</time>
        <extensions>
          <ns3:TrackPointExtension>
            <ns3:hr>143</ns3:hr>
          </ns3:TrackPointExtension>
        </extensions>
      </trkpt>
      <trkpt lat="24.48890534229576587677001953125" lon="118.10931201092898845672607421875">
        <ele>11.3999996185302734375</ele>
        <time>2025-05-04T10:26:55.000Z</time>
        <extensions>
          <ns3:TrackPointExtension>
            <ns3:hr>143</ns3:hr>
          </ns3:TrackPointExtension>
        </extensions>
      </trkpt>
      <trkpt lat="24.4889302365481853485107421875" lon="118.10931905172765254974365234375">
        <ele>11.3999996185302734375</ele>
        <time>2025-05-04T10:26:56.000Z</time>
        <extensions>
          <ns3:TrackPointExtension>
            <ns3:hr>143</ns3:hr>
          </ns3:TrackPointExtension>
        </extensions>
      </trkpt>
      <trkpt lat="24.4889560528099536895751953125" lon="118.1093291938304901123046875">
        <ele>11.3999996185302734375</ele>
        <time>2025-05-04T10:26:57.000Z</time>
        <extensions>
          <ns3:TrackPointExtension>
            <ns3:hr>143</ns3:hr>
          </ns3:TrackPointExtension>
        </extensions>
      </trkpt>
      <trkpt lat="24.48898262344300746917724609375" lon="118.10934126377105712890625">
        <ele>11.6000003814697265625</ele>
        <time>2025-05-04T10:26:58.000Z</time>
        <extensions>
          <ns3:TrackPointExtension>
            <ns3:hr>143</ns3:hr>
          </ns3:TrackPointExtension>
        </extensions>
      </trkpt>
      <trkpt lat="24.4890081882476806640625" lon="118.10935375280678272247314453125">
        <ele>11.6000003814697265625</ele>
        <time>2025-05-04T10:26:59.000Z</time>
        <extensions>
          <ns3:TrackPointExtension>
            <ns3:hr>143</ns3:hr>
          </ns3:TrackPointExtension>
        </extensions>
      </trkpt>
      <trkpt lat="24.48903174139559268951416015625" lon="118.109367750585079193115234375">
        <ele>11.6000003814697265625</ele>
        <time>2025-05-04T10:27:00.000Z</time>
        <extensions>
          <ns3:TrackPointExtension>
            <ns3:hr>140</ns3:hr>
          </ns3:TrackPointExtension>
        </extensions>
      </trkpt>
      <trkpt lat="24.4890529476106166839599609375" lon="118.10938325710594654083251953125">
        <ele>11.6000003814697265625</ele>
        <time>2025-05-04T10:27:01.000Z</time>
        <extensions>
          <ns3:TrackPointExtension>
            <ns3:hr>140</ns3:hr>
          </ns3:TrackPointExtension>
        </extensions>
      </trkpt>
      <trkpt lat="24.48906912468373775482177734375" lon="118.10939985327422618865966796875">
        <ele>11.6000003814697265625</ele>
        <time>2025-05-04T10:27:02.000Z</time>
        <extensions>
          <ns3:TrackPointExtension>
            <ns3:hr>140</ns3:hr>
          </ns3:TrackPointExtension>
        </extensions>
      </trkpt>
      <trkpt lat="24.48907985351979732513427734375" lon="118.1094175390899181365966796875">
        <ele>11.6000003814697265625</ele>
        <time>2025-05-04T10:27:03.000Z</time>
        <extensions>
          <ns3:TrackPointExtension>
            <ns3:hr>137</ns3:hr>
          </ns3:TrackPointExtension>
        </extensions>
      </trkpt>
      <trkpt lat="24.489088319242000579833984375" lon="118.10943639837205410003662109375">
        <ele>11.6000003814697265625</ele>
        <time>2025-05-04T10:27:04.000Z</time>
        <extensions>
          <ns3:TrackPointExtension>
            <ns3:hr>137</ns3:hr>
          </ns3:TrackPointExtension>
        </extensions>
      </trkpt>
      <trkpt lat="24.4890972040593624114990234375" lon="118.10945299454033374786376953125">
        <ele>11.6000003814697265625</ele>
        <time>2025-05-04T10:27:05.000Z</time>
        <extensions>
          <ns3:TrackPointExtension>
            <ns3:hr>137</ns3:hr>
          </ns3:TrackPointExtension>
        </extensions>
      </trkpt>
      <trkpt lat="24.4891062565147876739501953125" lon="118.1094658188521862030029296875">
        <ele>11.3999996185302734375</ele>
        <time>2025-05-04T10:27:06.000Z</time>
        <extensions>
          <ns3:TrackPointExtension>
            <ns3:hr>137</ns3:hr>
          </ns3:TrackPointExtension>
        </extensions>
      </trkpt>
      <trkpt lat="24.48911539278924465179443359375" lon="118.10947746969759464263916015625">
        <ele>11.3999996185302734375</ele>
        <time>2025-05-04T10:27:08.000Z</time>
        <extensions>
          <ns3:TrackPointExtension>
            <ns3:hr>131</ns3:hr>
          </ns3:TrackPointExtension>
        </extensions>
      </trkpt>
      <trkpt lat="24.48912193067371845245361328125" lon="118.10948618687689304351806640625">
        <ele>11.3999996185302734375</ele>
        <time>2025-05-04T10:27:09.000Z</time>
        <extensions>
          <ns3:TrackPointExtension>
            <ns3:hr>131</ns3:hr>
          </ns3:TrackPointExtension>
        </extensions>
      </trkpt>
      <trkpt lat="24.48912427760660648345947265625" lon="118.10949272476136684417724609375">
        <ele>11.3999996185302734375</ele>
        <time>2025-05-04T10:27:10.000Z</time>
        <extensions>
          <ns3:TrackPointExtension>
            <ns3:hr>131</ns3:hr>
          </ns3:TrackPointExtension>
        </extensions>
      </trkpt>
      <trkpt lat="24.48912109248340129852294921875" lon="118.10949624516069889068603515625">
        <ele>11.3999996185302734375</ele>
        <time>2025-05-04T10:27:11.000Z</time>
        <extensions>
          <ns3:TrackPointExtension>
            <ns3:hr>131</ns3:hr>
          </ns3:TrackPointExtension>
        </extensions>
      </trkpt>
      <trkpt lat="24.4891143031418323516845703125" lon="118.10949750244617462158203125">
        <ele>11.3999996185302734375</ele>
        <time>2025-05-04T10:27:12.000Z</time>
        <extensions>
          <ns3:TrackPointExtension>
            <ns3:hr>131</ns3:hr>
          </ns3:TrackPointExtension>
        </extensions>
      </trkpt>
      <trkpt lat="24.48910675942897796630859375" lon="118.10949775390326976776123046875">
        <ele>11.3999996185302734375</ele>
        <time>2025-05-04T10:27:13.000Z</time>
        <extensions>
          <ns3:TrackPointExtension>
            <ns3:hr>131</ns3:hr>
          </ns3:TrackPointExtension>
        </extensions>
      </trkpt>
      <trkpt lat="24.4891008920967578887939453125" lon="118.109497837722301483154296875">
        <ele>11.3999996185302734375</ele>
        <time>2025-05-04T10:27:14.000Z</time>
        <extensions>
          <ns3:TrackPointExtension>
            <ns3:hr>131</ns3:hr>
          </ns3:TrackPointExtension>
        </extensions>
      </trkpt>
      <trkpt lat="24.48909695260226726531982421875" lon="118.10949775390326976776123046875">
        <ele>11.3999996185302734375</ele>
        <time>2025-05-04T10:27:15.000Z</time>
        <extensions>
          <ns3:TrackPointExtension>
            <ns3:hr>125</ns3:hr>
          </ns3:TrackPointExtension>
        </extensions>
      </trkpt>
      <trkpt lat="24.48909376747906208038330078125" lon="118.109497837722301483154296875">
        <ele>11.3999996185302734375</ele>
        <time>2025-05-04T10:27:16.000Z</time>
        <extensions>
          <ns3:TrackPointExtension>
            <ns3:hr>125</ns3:hr>
          </ns3:TrackPointExtension>
        </extensions>
      </trkpt>
      <trkpt lat="24.48909091763198375701904296875" lon="118.10949792154133319854736328125">
        <ele>11.3999996185302734375</ele>
        <time>2025-05-04T10:27:17.000Z</time>
        <extensions>
          <ns3:TrackPointExtension>
            <ns3:hr>125</ns3:hr>
          </ns3:TrackPointExtension>
        </extensions>
      </trkpt>
      <trkpt lat="24.48908857069909572601318359375" lon="118.1094980053603649139404296875">
        <ele>11.3999996185302734375</ele>
        <time>2025-05-04T10:27:18.000Z</time>
        <extensions>
          <ns3:TrackPointExtension>
            <ns3:hr>125</ns3:hr>
          </ns3:TrackPointExtension>
        </extensions>
      </trkpt>
      <trkpt lat="24.4890864752233028411865234375" lon="118.10949808917939662933349609375">
        <ele>11.3999996185302734375</ele>
        <time>2025-05-04T10:27:19.000Z</time>
        <extensions>
          <ns3:TrackPointExtension>
            <ns3:hr>125</ns3:hr>
          </ns3:TrackPointExtension>
        </extensions>
      </trkpt>
      <trkpt lat="24.48908421210944652557373046875" lon="118.1094983406364917755126953125">
        <ele>11.3999996185302734375</ele>
        <time>2025-05-04T10:27:20.000Z</time>
        <extensions>
          <ns3:TrackPointExtension>
            <ns3:hr>125</ns3:hr>
          </ns3:TrackPointExtension>
        </extensions>
      </trkpt>
      <trkpt lat="24.48908127844333648681640625" lon="118.10949875973165035247802734375">
        <ele>11.19999980926513671875</ele>
        <time>2025-05-04T10:27:21.000Z</time>
        <extensions>
          <ns3:TrackPointExtension>
            <ns3:hr>125</ns3:hr>
          </ns3:TrackPointExtension>
        </extensions>
      </trkpt>
      <trkpt lat="24.48907717131078243255615234375" lon="118.109499514102935791015625">
        <ele>11.19999980926513671875</ele>
        <time>2025-05-04T10:27:22.000Z</time>
        <extensions>
          <ns3:TrackPointExtension>
            <ns3:hr>125</ns3:hr>
          </ns3:TrackPointExtension>
        </extensions>
      </trkpt>
      <trkpt lat="24.48907163925468921661376953125" lon="118.1095003522932529449462890625">
        <ele>11.19999980926513671875</ele>
        <time>2025-05-04T10:27:23.000Z</time>
        <extensions>
          <ns3:TrackPointExtension>
            <ns3:hr>125</ns3:hr>
          </ns3:TrackPointExtension>
        </extensions>
      </trkpt>
      <trkpt lat="24.48906543664634227752685546875" lon="118.10950110666453838348388671875">
        <ele>11.19999980926513671875</ele>
        <time>2025-05-04T10:27:24.000Z</time>
        <extensions>
          <ns3:TrackPointExtension>
            <ns3:hr>122</ns3:hr>
          </ns3:TrackPointExtension>
        </extensions>
      </trkpt>
      <trkpt lat="24.48906057514250278472900390625" lon="118.10950152575969696044921875">
        <ele>11.19999980926513671875</ele>
        <time>2025-05-04T10:27:25.000Z</time>
        <extensions>
          <ns3:TrackPointExtension>
            <ns3:hr>122</ns3:hr>
          </ns3:TrackPointExtension>
        </extensions>
      </trkpt>
      <trkpt lat="24.48905755765736103057861328125" lon="118.1095016933977603912353515625">
        <ele>11.19999980926513671875</ele>
        <time>2025-05-04T10:27:26.000Z</time>
        <extensions>
          <ns3:TrackPointExtension>
            <ns3:hr>122</ns3:hr>
          </ns3:TrackPointExtension>
        </extensions>
      </trkpt>
      <trkpt lat="24.489054791629314422607421875" lon="118.10950177721679210662841796875">
        <ele>11.19999980926513671875</ele>
        <time>2025-05-04T10:27:27.000Z</time>
        <extensions>
          <ns3:TrackPointExtension>
            <ns3:hr>122</ns3:hr>
          </ns3:TrackPointExtension>
        </extensions>
      </trkpt>
      <trkpt lat="24.48905085213482379913330078125" lon="118.109501861035823822021484375">
        <ele>11.19999980926513671875</ele>
        <time>2025-05-04T10:27:28.000Z</time>
        <extensions>
          <ns3:TrackPointExtension>
            <ns3:hr>122</ns3:hr>
          </ns3:TrackPointExtension>
        </extensions>
      </trkpt>
      <trkpt lat="24.48904548771679401397705078125" lon="118.10950211249291896820068359375">
        <ele>11.19999980926513671875</ele>
        <time>2025-05-04T10:27:29.000Z</time>
        <extensions>
          <ns3:TrackPointExtension>
            <ns3:hr>122</ns3:hr>
          </ns3:TrackPointExtension>
        </extensions>
      </trkpt>
      <trkpt lat="24.4890402071177959442138671875" lon="118.1095026992261409759521484375">
        <ele>11.19999980926513671875</ele>
        <time>2025-05-04T10:27:30.000Z</time>
        <extensions>
          <ns3:TrackPointExtension>
            <ns3:hr>122</ns3:hr>
          </ns3:TrackPointExtension>
        </extensions>
      </trkpt>
      <trkpt lat="24.48903576470911502838134765625" lon="118.109503872692584991455078125">
        <ele>11.19999980926513671875</ele>
        <time>2025-05-04T10:27:31.000Z</time>
        <extensions>
          <ns3:TrackPointExtension>
            <ns3:hr>122</ns3:hr>
          </ns3:TrackPointExtension>
        </extensions>
      </trkpt>
      <trkpt lat="24.4890308193862438201904296875" lon="118.10950546525418758392333984375">
        <ele>11.19999980926513671875</ele>
        <time>2025-05-04T10:27:32.000Z</time>
        <extensions>
          <ns3:TrackPointExtension>
            <ns3:hr>121</ns3:hr>
          </ns3:TrackPointExtension>
        </extensions>
      </trkpt>
      <trkpt lat="24.48902486823499202728271484375" lon="118.1095067225396633148193359375">
        <ele>11</ele>
        <time>2025-05-04T10:27:33.000Z</time>
        <extensions>
          <ns3:TrackPointExtension>
            <ns3:hr>121</ns3:hr>
          </ns3:TrackPointExtension>
        </extensions>
      </trkpt>
      <trkpt lat="24.48901833035051822662353515625" lon="118.10950747691094875335693359375">
        <ele>11</ele>
        <time>2025-05-04T10:27:34.000Z</time>
        <extensions>
          <ns3:TrackPointExtension>
            <ns3:hr>121</ns3:hr>
          </ns3:TrackPointExtension>
        </extensions>
      </trkpt>
      <trkpt lat="24.4890122115612030029296875" lon="118.10950756072998046875">
        <ele>11</ele>
        <time>2025-05-04T10:27:35.000Z</time>
        <extensions>
          <ns3:TrackPointExtension>
            <ns3:hr>121</ns3:hr>
          </ns3:TrackPointExtension>
        </extensions>
      </trkpt>
      <trkpt lat="24.48900726623833179473876953125" lon="118.10950730927288532257080078125">
        <ele>11</ele>
        <time>2025-05-04T10:27:36.000Z</time>
        <extensions>
          <ns3:TrackPointExtension>
            <ns3:hr>120</ns3:hr>
          </ns3:TrackPointExtension>
        </extensions>
      </trkpt>
      <trkpt lat="24.489002488553524017333984375" lon="118.10950689017772674560546875">
        <ele>11</ele>
        <time>2025-05-04T10:27:37.000Z</time>
        <extensions>
          <ns3:TrackPointExtension>
            <ns3:hr>120</ns3:hr>
          </ns3:TrackPointExtension>
        </extensions>
      </trkpt>
      <trkpt lat="24.48899737559258937835693359375" lon="118.10950647108256816864013671875">
        <ele>11</ele>
        <time>2025-05-04T10:27:38.000Z</time>
        <extensions>
          <ns3:TrackPointExtension>
            <ns3:hr>120</ns3:hr>
          </ns3:TrackPointExtension>
        </extensions>
      </trkpt>
      <trkpt lat="24.48899083770811557769775390625" lon="118.10950613580644130706787109375">
        <ele>11</ele>
        <time>2025-05-04T10:27:39.000Z</time>
        <extensions>
          <ns3:TrackPointExtension>
            <ns3:hr>120</ns3:hr>
          </ns3:TrackPointExtension>
        </extensions>
      </trkpt>
      <trkpt lat="24.4889825396239757537841796875" lon="118.109505884349346160888671875">
        <ele>11</ele>
        <time>2025-05-04T10:27:40.000Z</time>
        <extensions>
          <ns3:TrackPointExtension>
            <ns3:hr>120</ns3:hr>
          </ns3:TrackPointExtension>
        </extensions>
      </trkpt>
      <trkpt lat="24.48897440917789936065673828125" lon="118.10950554907321929931640625">
        <ele>10.80000019073486328125</ele>
        <time>2025-05-04T10:27:41.000Z</time>
        <extensions>
          <ns3:TrackPointExtension>
            <ns3:hr>120</ns3:hr>
          </ns3:TrackPointExtension>
        </extensions>
      </trkpt>
      <trkpt lat="24.488965608179569244384765625" lon="118.1095050461590290069580078125">
        <ele>10.80000019073486328125</ele>
        <time>2025-05-04T10:27:42.000Z</time>
        <extensions>
          <ns3:TrackPointExtension>
            <ns3:hr>120</ns3:hr>
          </ns3:TrackPointExtension>
        </extensions>
      </trkpt>
      <trkpt lat="24.48895546607673168182373046875" lon="118.10950445942580699920654296875">
        <ele>10.80000019073486328125</ele>
        <time>2025-05-04T10:27:43.000Z</time>
        <extensions>
          <ns3:TrackPointExtension>
            <ns3:hr>117</ns3:hr>
          </ns3:TrackPointExtension>
        </extensions>
      </trkpt>
      <trkpt lat="24.48894674889743328094482421875" lon="118.109503872692584991455078125">
        <ele>10.80000019073486328125</ele>
        <time>2025-05-04T10:27:44.000Z</time>
        <extensions>
          <ns3:TrackPointExtension>
            <ns3:hr>117</ns3:hr>
          </ns3:TrackPointExtension>
        </extensions>
      </trkpt>
      <trkpt lat="24.48893937282264232635498046875" lon="118.109503202140331268310546875">
        <ele>10.80000019073486328125</ele>
        <time>2025-05-04T10:27:45.000Z</time>
        <extensions>
          <ns3:TrackPointExtension>
            <ns3:hr>117</ns3:hr>
          </ns3:TrackPointExtension>
        </extensions>
      </trkpt>
      <trkpt lat="24.4889315776526927947998046875" lon="118.109502531588077545166015625">
        <ele>10.80000019073486328125</ele>
        <time>2025-05-04T10:27:46.000Z</time>
        <extensions>
          <ns3:TrackPointExtension>
            <ns3:hr>117</ns3:hr>
          </ns3:TrackPointExtension>
        </extensions>
      </trkpt>
      <trkpt lat="24.4889228604733943939208984375" lon="118.10950152575969696044921875">
        <ele>10.80000019073486328125</ele>
        <time>2025-05-04T10:27:47.000Z</time>
        <extensions>
          <ns3:TrackPointExtension>
            <ns3:hr>117</ns3:hr>
          </ns3:TrackPointExtension>
        </extensions>
      </trkpt>
      <trkpt lat="24.488912634551525115966796875" lon="118.10950026847422122955322265625">
        <ele>10.6000003814697265625</ele>
        <time>2025-05-04T10:27:48.000Z</time>
        <extensions>
          <ns3:TrackPointExtension>
            <ns3:hr>117</ns3:hr>
          </ns3:TrackPointExtension>
        </extensions>
      </trkpt>
      <trkpt lat="24.48890048079192638397216796875" lon="118.10949859209358692169189453125">
        <ele>10.6000003814697265625</ele>
        <time>2025-05-04T10:27:49.000Z</time>
        <extensions>
          <ns3:TrackPointExtension>
            <ns3:hr>117</ns3:hr>
          </ns3:TrackPointExtension>
        </extensions>
      </trkpt>
      <trkpt lat="24.488885812461376190185546875" lon="118.10949641279876232147216796875">
        <ele>10.6000003814697265625</ele>
        <time>2025-05-04T10:27:50.000Z</time>
        <extensions>
          <ns3:TrackPointExtension>
            <ns3:hr>116</ns3:hr>
          </ns3:TrackPointExtension>
        </extensions>
      </trkpt>
      <trkpt lat="24.488867707550525665283203125" lon="118.1094933114945888519287109375">
        <ele>10.6000003814697265625</ele>
        <time>2025-05-04T10:27:51.000Z</time>
        <extensions>
          <ns3:TrackPointExtension>
            <ns3:hr>116</ns3:hr>
          </ns3:TrackPointExtension>
        </extensions>
      </trkpt>
      <trkpt lat="24.48884549550712108612060546875" lon="118.10948903672397136688232421875">
        <ele>10.3999996185302734375</ele>
        <time>2025-05-04T10:27:52.000Z</time>
        <extensions>
          <ns3:TrackPointExtension>
            <ns3:hr>116</ns3:hr>
          </ns3:TrackPointExtension>
        </extensions>
      </trkpt>
      <trkpt lat="24.4888175837695598602294921875" lon="118.10948316939175128936767578125">
        <ele>10.3999996185302734375</ele>
        <time>2025-05-04T10:27:53.000Z</time>
        <extensions>
          <ns3:TrackPointExtension>
            <ns3:hr>116</ns3:hr>
          </ns3:TrackPointExtension>
        </extensions>
      </trkpt>
      <trkpt lat="24.48878279887139797210693359375" lon="118.10947529040277004241943359375">
        <ele>10.3999996185302734375</ele>
        <time>2025-05-04T10:27:54.000Z</time>
        <extensions>
          <ns3:TrackPointExtension>
            <ns3:hr>116</ns3:hr>
          </ns3:TrackPointExtension>
        </extensions>
      </trkpt>
      <trkpt lat="24.48864097706973552703857421875" lon="118.10944159515202045440673828125">
        <ele>9.3999996185302734375</ele>
        <time>2025-05-04T10:28:00.000Z</time>
        <extensions>
          <ns3:TrackPointExtension>
            <ns3:hr>116</ns3:hr>
          </ns3:TrackPointExtension>
        </extensions>
      </trkpt>
      <trkpt lat="24.4886345230042934417724609375" lon="118.10943983495235443115234375">
        <ele>9.3999996185302734375</ele>
        <time>2025-05-04T10:28:01.000Z</time>
        <extensions>
          <ns3:TrackPointExtension>
            <ns3:hr>116</ns3:hr>
          </ns3:TrackPointExtension>
        </extensions>
      </trkpt>
      <trkpt lat="24.4886311702430248260498046875" lon="118.10943891294300556182861328125">
        <ele>9.3999996185302734375</ele>
        <time>2025-05-04T10:28:02.000Z</time>
        <extensions>
          <ns3:TrackPointExtension>
            <ns3:hr>116</ns3:hr>
          </ns3:TrackPointExtension>
        </extensions>
      </trkpt>
      <trkpt lat="24.4886291585862636566162109375" lon="118.1094383262097835540771484375">
        <ele>9.3999996185302734375</ele>
        <time>2025-05-04T10:28:03.000Z</time>
        <extensions>
          <ns3:TrackPointExtension>
            <ns3:hr>116</ns3:hr>
          </ns3:TrackPointExtension>
        </extensions>
      </trkpt>
      <trkpt lat="24.48862773366272449493408203125" lon="118.10943807475268840789794921875">
        <ele>9.3999996185302734375</ele>
        <time>2025-05-04T10:28:04.000Z</time>
        <extensions>
          <ns3:TrackPointExtension>
            <ns3:hr>116</ns3:hr>
          </ns3:TrackPointExtension>
        </extensions>
      </trkpt>
      <trkpt lat="24.48862656019628047943115234375" lon="118.1094379909336566925048828125">
        <ele>9.19999980926513671875</ele>
        <time>2025-05-04T10:28:05.000Z</time>
        <extensions>
          <ns3:TrackPointExtension>
            <ns3:hr>116</ns3:hr>
          </ns3:TrackPointExtension>
        </extensions>
      </trkpt>
      <trkpt lat="24.48862521909177303314208984375" lon="118.109438158571720123291015625">
        <ele>9.19999980926513671875</ele>
        <time>2025-05-04T10:28:06.000Z</time>
        <extensions>
          <ns3:TrackPointExtension>
            <ns3:hr>116</ns3:hr>
          </ns3:TrackPointExtension>
        </extensions>
      </trkpt>
      <trkpt lat="24.4886232912540435791015625" lon="118.1094383262097835540771484375">
        <ele>9.19999980926513671875</ele>
        <time>2025-05-04T10:28:07.000Z</time>
        <extensions>
          <ns3:TrackPointExtension>
            <ns3:hr>116</ns3:hr>
          </ns3:TrackPointExtension>
        </extensions>
      </trkpt>
      <trkpt lat="24.48862086050212383270263671875" lon="118.10943807475268840789794921875">
        <ele>9.19999980926513671875</ele>
        <time>2025-05-04T10:28:08.000Z</time>
        <extensions>
          <ns3:TrackPointExtension>
            <ns3:hr>116</ns3:hr>
          </ns3:TrackPointExtension>
        </extensions>
      </trkpt>
      <trkpt lat="24.4886180944740772247314453125" lon="118.1094369851052761077880859375">
        <ele>9.19999980926513671875</ele>
        <time>2025-05-04T10:28:09.000Z</time>
        <extensions>
          <ns3:TrackPointExtension>
            <ns3:hr>116</ns3:hr>
          </ns3:TrackPointExtension>
        </extensions>
      </trkpt>
      <trkpt lat="24.48861549608409404754638671875" lon="118.10943556018173694610595703125">
        <ele>9.19999980926513671875</ele>
        <time>2025-05-04T10:28:10.000Z</time>
        <extensions>
          <ns3:TrackPointExtension>
            <ns3:hr>116</ns3:hr>
          </ns3:TrackPointExtension>
        </extensions>
      </trkpt>
      <trkpt lat="24.4886130653321743011474609375" lon="118.10943472199141979217529296875">
        <ele>9.19999980926513671875</ele>
        <time>2025-05-04T10:28:11.000Z</time>
        <extensions>
          <ns3:TrackPointExtension>
            <ns3:hr>116</ns3:hr>
          </ns3:TrackPointExtension>
        </extensions>
      </trkpt>
      <trkpt lat="24.48861013166606426239013671875" lon="118.10943421907722949981689453125">
        <ele>9.19999980926513671875</ele>
        <time>2025-05-04T10:28:12.000Z</time>
        <extensions>
          <ns3:TrackPointExtension>
            <ns3:hr>116</ns3:hr>
          </ns3:TrackPointExtension>
        </extensions>
      </trkpt>
      <trkpt lat="24.48860661126673221588134765625" lon="118.10943312942981719970703125">
        <ele>9.19999980926513671875</ele>
        <time>2025-05-04T10:28:13.000Z</time>
        <extensions>
          <ns3:TrackPointExtension>
            <ns3:hr>116</ns3:hr>
          </ns3:TrackPointExtension>
        </extensions>
      </trkpt>
      <trkpt lat="24.4886030070483684539794921875" lon="118.1094311177730560302734375">
        <ele>9.19999980926513671875</ele>
        <time>2025-05-04T10:28:14.000Z</time>
        <extensions>
          <ns3:TrackPointExtension>
            <ns3:hr>116</ns3:hr>
          </ns3:TrackPointExtension>
        </extensions>
      </trkpt>
      <trkpt lat="24.48860024102032184600830078125" lon="118.1094292737543582916259765625">
        <ele>9.19999980926513671875</ele>
        <time>2025-05-04T10:28:15.000Z</time>
        <extensions>
          <ns3:TrackPointExtension>
            <ns3:hr>116</ns3:hr>
          </ns3:TrackPointExtension>
        </extensions>
      </trkpt>
      <trkpt lat="24.488597474992275238037109375" lon="118.10942801646888256072998046875">
        <ele>9</ele>
        <time>2025-05-04T10:28:16.000Z</time>
        <extensions>
          <ns3:TrackPointExtension>
            <ns3:hr>113</ns3:hr>
          </ns3:TrackPointExtension>
        </extensions>
      </trkpt>
      <trkpt lat="24.48859269730746746063232421875" lon="118.1094272620975971221923828125">
        <ele>9</ele>
        <time>2025-05-04T10:28:17.000Z</time>
        <extensions>
          <ns3:TrackPointExtension>
            <ns3:hr>113</ns3:hr>
          </ns3:TrackPointExtension>
        </extensions>
      </trkpt>
      <trkpt lat="24.4885852374136447906494140625" lon="118.1094275973737239837646484375">
        <ele>9</ele>
        <time>2025-05-04T10:28:18.000Z</time>
        <extensions>
          <ns3:TrackPointExtension>
            <ns3:hr>113</ns3:hr>
          </ns3:TrackPointExtension>
        </extensions>
      </trkpt>
      <trkpt lat="24.488574676215648651123046875" lon="118.1094289384782314300537109375">
        <ele>9</ele>
        <time>2025-05-04T10:28:19.000Z</time>
        <extensions>
          <ns3:TrackPointExtension>
            <ns3:hr>113</ns3:hr>
          </ns3:TrackPointExtension>
        </extensions>
      </trkpt>
      <trkpt lat="24.48856092989444732666015625" lon="118.10943044722080230712890625">
        <ele>8.80000019073486328125</ele>
        <time>2025-05-04T10:28:20.000Z</time>
        <extensions>
          <ns3:TrackPointExtension>
            <ns3:hr>113</ns3:hr>
          </ns3:TrackPointExtension>
        </extensions>
      </trkpt>
      <trkpt lat="24.48854475282132625579833984375" lon="118.1094316206872463226318359375">
        <ele>8.80000019073486328125</ele>
        <time>2025-05-04T10:28:21.000Z</time>
        <extensions>
          <ns3:TrackPointExtension>
            <ns3:hr>113</ns3:hr>
          </ns3:TrackPointExtension>
        </extensions>
      </trkpt>
      <trkpt lat="24.4885272346436977386474609375" lon="118.1094322912395000457763671875">
        <ele>8.6000003814697265625</ele>
        <time>2025-05-04T10:28:22.000Z</time>
        <extensions>
          <ns3:TrackPointExtension>
            <ns3:hr>113</ns3:hr>
          </ns3:TrackPointExtension>
        </extensions>
      </trkpt>
      <trkpt lat="24.48851055465638637542724609375" lon="118.10943287797272205352783203125">
        <ele>8.3999996185302734375</ele>
        <time>2025-05-04T10:28:23.000Z</time>
        <extensions>
          <ns3:TrackPointExtension>
            <ns3:hr>113</ns3:hr>
          </ns3:TrackPointExtension>
        </extensions>
      </trkpt>
      <trkpt lat="24.48849697597324848175048828125" lon="118.10943321324884891510009765625">
        <ele>8.3999996185302734375</ele>
        <time>2025-05-04T10:28:24.000Z</time>
        <extensions>
          <ns3:TrackPointExtension>
            <ns3:hr>114</ns3:hr>
          </ns3:TrackPointExtension>
        </extensions>
      </trkpt>
      <trkpt lat="24.48848557658493518829345703125" lon="118.1094309501349925994873046875">
        <ele>8.19999980926513671875</ele>
        <time>2025-05-04T10:28:25.000Z</time>
        <extensions>
          <ns3:TrackPointExtension>
            <ns3:hr>114</ns3:hr>
          </ns3:TrackPointExtension>
        </extensions>
      </trkpt>
      <trkpt lat="24.488476105034351348876953125" lon="118.10942583717405796051025390625">
        <ele>8.19999980926513671875</ele>
        <time>2025-05-04T10:28:26.000Z</time>
        <extensions>
          <ns3:TrackPointExtension>
            <ns3:hr>114</ns3:hr>
          </ns3:TrackPointExtension>
        </extensions>
      </trkpt>
      <trkpt lat="24.48847032152116298675537109375" lon="118.10941913165152072906494140625">
        <ele>8.19999980926513671875</ele>
        <time>2025-05-04T10:28:27.000Z</time>
        <extensions>
          <ns3:TrackPointExtension>
            <ns3:hr>114</ns3:hr>
          </ns3:TrackPointExtension>
        </extensions>
      </trkpt>
      <trkpt lat="24.4884692318737506866455078125" lon="118.1094104982912540435791015625">
        <ele>8.19999980926513671875</ele>
        <time>2025-05-04T10:28:28.000Z</time>
        <extensions>
          <ns3:TrackPointExtension>
            <ns3:hr>114</ns3:hr>
          </ns3:TrackPointExtension>
        </extensions>
      </trkpt>
      <trkpt lat="24.4884729199111461639404296875" lon="118.1094004400074481964111328125">
        <ele>8.19999980926513671875</ele>
        <time>2025-05-04T10:28:29.000Z</time>
        <extensions>
          <ns3:TrackPointExtension>
            <ns3:hr>114</ns3:hr>
          </ns3:TrackPointExtension>
        </extensions>
      </trkpt>
      <trkpt lat="24.48848641477525234222412109375" lon="118.10938342474400997161865234375">
        <ele>8.19999980926513671875</ele>
        <time>2025-05-04T10:28:30.000Z</time>
        <extensions>
          <ns3:TrackPointExtension>
            <ns3:hr>114</ns3:hr>
          </ns3:TrackPointExtension>
        </extensions>
      </trkpt>
      <trkpt lat="24.48849446140229701995849609375" lon="118.10937680304050445556640625">
        <ele>8.3999996185302734375</ele>
        <time>2025-05-04T10:28:31.000Z</time>
        <extensions>
          <ns3:TrackPointExtension>
            <ns3:hr>114</ns3:hr>
          </ns3:TrackPointExtension>
        </extensions>
      </trkpt>
      <trkpt lat="24.4885025918483734130859375" lon="118.10937135480344295501708984375">
        <ele>8.3999996185302734375</ele>
        <time>2025-05-04T10:28:32.000Z</time>
        <extensions>
          <ns3:TrackPointExtension>
            <ns3:hr>114</ns3:hr>
          </ns3:TrackPointExtension>
        </extensions>
      </trkpt>
      <trkpt lat="24.48850929737091064453125" lon="118.10936800204217433929443359375">
        <ele>8.3999996185302734375</ele>
        <time>2025-05-04T10:28:33.000Z</time>
        <extensions>
          <ns3:TrackPointExtension>
            <ns3:hr>114</ns3:hr>
          </ns3:TrackPointExtension>
        </extensions>
      </trkpt>
      <trkpt lat="24.4885141588747501373291015625" lon="118.1093667447566986083984375">
        <ele>8.3999996185302734375</ele>
        <time>2025-05-04T10:28:34.000Z</time>
        <extensions>
          <ns3:TrackPointExtension>
            <ns3:hr>114</ns3:hr>
          </ns3:TrackPointExtension>
        </extensions>
      </trkpt>
    </trkseg>
  </trk>
</gpx>
