<gpx xmlns:ns3="http://www.garmin.com/xmlschemas/TrackPointExtension/v1" xmlns="http://www.topografix.com/GPX/1/1" xmlns:xsi="http://www.w3.org/2001/XMLSchema-instance" xmlns:ns2="http://www.garmin.com/xmlschemas/GpxExtensions/v3" creator="Garmin Connect" version="1.1" xsi:schemaLocation="http://www.topografix.com/GPX/1/1 http://www.topografix.com/GPX/11.xsd">
  <extensions>
<distance>5578.28</distance>
<average_hr>147.0</average_hr>
<average_speed>2.479098808355616</average_speed>
<start_time>2025-02-23T09:47:05+00:00</start_time>
<end_time>2025-02-23T10:24:35.124000+00:00</end_time>
<moving_time>2211.699</moving_time>
<elapsed_time>2250.124</elapsed_time>
</extensions>
<metadata>
    <link href="connect.garmin.com">
      <text>Garmin Connect</text>
    </link>
    <time>2025-02-23T09:47:05.000Z</time>
  </metadata>
  <trk>
    <name>厦门市 跑步</name>
    <type>running</type>
    <trkseg>
      <trkpt lat="24.4852978549897670745849609375" lon="118.10835982672870159149169921875">
        <ele>6.80000019073486328125</ele>
        <time>2025-02-23T09:47:08.000Z</time>
        <extensions>
          <ns3:TrackPointExtension>
            <ns3:hr>125</ns3:hr>
          </ns3:TrackPointExtension>
        </extensions>
      </trkpt>
      <trkpt lat="24.4853169657289981842041015625" lon="118.1083496846258640289306640625">
        <ele>7</ele>
        <time>2025-02-23T09:47:09.000Z</time>
        <extensions>
          <ns3:TrackPointExtension>
            <ns3:hr>125</ns3:hr>
          </ns3:TrackPointExtension>
        </extensions>
      </trkpt>
      <trkpt lat="24.48533632792532444000244140625" lon="118.10834038071334362030029296875">
        <ele>7.19999980926513671875</ele>
        <time>2025-02-23T09:47:10.000Z</time>
        <extensions>
          <ns3:TrackPointExtension>
            <ns3:hr>125</ns3:hr>
          </ns3:TrackPointExtension>
        </extensions>
      </trkpt>
      <trkpt lat="24.48535577394068241119384765625" lon="118.108331747353076934814453125">
        <ele>7.19999980926513671875</ele>
        <time>2025-02-23T09:47:11.000Z</time>
        <extensions>
          <ns3:TrackPointExtension>
            <ns3:hr>125</ns3:hr>
          </ns3:TrackPointExtension>
        </extensions>
      </trkpt>
      <trkpt lat="24.48537538759410381317138671875" lon="118.10832395218312740325927734375">
        <ele>7.400000095367431640625</ele>
        <time>2025-02-23T09:47:12.000Z</time>
        <extensions>
          <ns3:TrackPointExtension>
            <ns3:hr>125</ns3:hr>
          </ns3:TrackPointExtension>
        </extensions>
      </trkpt>
      <trkpt lat="24.4853957556188106536865234375" lon="118.1083185039460659027099609375">
        <ele>7.599999904632568359375</ele>
        <time>2025-02-23T09:47:13.000Z</time>
        <extensions>
          <ns3:TrackPointExtension>
            <ns3:hr>125</ns3:hr>
          </ns3:TrackPointExtension>
        </extensions>
      </trkpt>
      <trkpt lat="24.48541712947189807891845703125" lon="118.10831389389932155609130859375">
        <ele>7.599999904632568359375</ele>
        <time>2025-02-23T09:47:14.000Z</time>
        <extensions>
          <ns3:TrackPointExtension>
            <ns3:hr>125</ns3:hr>
          </ns3:TrackPointExtension>
        </extensions>
      </trkpt>
      <trkpt lat="24.48543925769627094268798828125" lon="118.10830852948129177093505859375">
        <ele>7.80000019073486328125</ele>
        <time>2025-02-23T09:47:15.000Z</time>
        <extensions>
          <ns3:TrackPointExtension>
            <ns3:hr>125</ns3:hr>
          </ns3:TrackPointExtension>
        </extensions>
      </trkpt>
      <trkpt lat="24.485462643206119537353515625" lon="118.1083027459681034088134765625">
        <ele>7.80000019073486328125</ele>
        <time>2025-02-23T09:47:16.000Z</time>
        <extensions>
          <ns3:TrackPointExtension>
            <ns3:hr>125</ns3:hr>
          </ns3:TrackPointExtension>
        </extensions>
      </trkpt>
      <trkpt lat="24.48548720218241214752197265625" lon="118.1082957051694393157958984375">
        <ele>8</ele>
        <time>2025-02-23T09:47:17.000Z</time>
        <extensions>
          <ns3:TrackPointExtension>
            <ns3:hr>125</ns3:hr>
          </ns3:TrackPointExtension>
        </extensions>
      </trkpt>
      <trkpt lat="24.48551150970160961151123046875" lon="118.10828790999948978424072265625">
        <ele>8.19999980926513671875</ele>
        <time>2025-02-23T09:47:18.000Z</time>
        <extensions>
          <ns3:TrackPointExtension>
            <ns3:hr>125</ns3:hr>
          </ns3:TrackPointExtension>
        </extensions>
      </trkpt>
      <trkpt lat="24.48553548194468021392822265625" lon="118.1082792766392230987548828125">
        <ele>8.3999996185302734375</ele>
        <time>2025-02-23T09:47:19.000Z</time>
        <extensions>
          <ns3:TrackPointExtension>
            <ns3:hr>125</ns3:hr>
          </ns3:TrackPointExtension>
        </extensions>
      </trkpt>
      <trkpt lat="24.4855586998164653778076171875" lon="118.10826905071735382080078125">
        <ele>8.3999996185302734375</ele>
        <time>2025-02-23T09:47:20.000Z</time>
        <extensions>
          <ns3:TrackPointExtension>
            <ns3:hr>125</ns3:hr>
          </ns3:TrackPointExtension>
        </extensions>
      </trkpt>
      <trkpt lat="24.48558091185986995697021484375" lon="118.1082578189671039581298828125">
        <ele>8.3999996185302734375</ele>
        <time>2025-02-23T09:47:21.000Z</time>
        <extensions>
          <ns3:TrackPointExtension>
            <ns3:hr>125</ns3:hr>
          </ns3:TrackPointExtension>
        </extensions>
      </trkpt>
      <trkpt lat="24.48560371063649654388427734375" lon="118.10824801214039325714111328125">
        <ele>8.19999980926513671875</ele>
        <time>2025-02-23T09:47:22.000Z</time>
        <extensions>
          <ns3:TrackPointExtension>
            <ns3:hr>125</ns3:hr>
          </ns3:TrackPointExtension>
        </extensions>
      </trkpt>
      <trkpt lat="24.48562734760344028472900390625" lon="118.1082402169704437255859375">
        <ele>8.19999980926513671875</ele>
        <time>2025-02-23T09:47:23.000Z</time>
        <extensions>
          <ns3:TrackPointExtension>
            <ns3:hr>125</ns3:hr>
          </ns3:TrackPointExtension>
        </extensions>
      </trkpt>
      <trkpt lat="24.48565098457038402557373046875" lon="118.10823376290500164031982421875">
        <ele>8</ele>
        <time>2025-02-23T09:47:24.000Z</time>
        <extensions>
          <ns3:TrackPointExtension>
            <ns3:hr>125</ns3:hr>
          </ns3:TrackPointExtension>
        </extensions>
      </trkpt>
      <trkpt lat="24.485674202442169189453125" lon="118.1082268059253692626953125">
        <ele>8</ele>
        <time>2025-02-23T09:47:25.000Z</time>
        <extensions>
          <ns3:TrackPointExtension>
            <ns3:hr>125</ns3:hr>
          </ns3:TrackPointExtension>
        </extensions>
      </trkpt>
      <trkpt lat="24.485696665942668914794921875" lon="118.10821917839348316192626953125">
        <ele>7.80000019073486328125</ele>
        <time>2025-02-23T09:47:26.000Z</time>
        <extensions>
          <ns3:TrackPointExtension>
            <ns3:hr>125</ns3:hr>
          </ns3:TrackPointExtension>
        </extensions>
      </trkpt>
      <trkpt lat="24.48571854270994663238525390625" lon="118.10821213759481906890869140625">
        <ele>7.80000019073486328125</ele>
        <time>2025-02-23T09:47:27.000Z</time>
        <extensions>
          <ns3:TrackPointExtension>
            <ns3:hr>125</ns3:hr>
          </ns3:TrackPointExtension>
        </extensions>
      </trkpt>
      <trkpt lat="24.48574050329625606536865234375" lon="118.10820627026259899139404296875">
        <ele>7.80000019073486328125</ele>
        <time>2025-02-23T09:47:28.000Z</time>
        <extensions>
          <ns3:TrackPointExtension>
            <ns3:hr>125</ns3:hr>
          </ns3:TrackPointExtension>
        </extensions>
      </trkpt>
      <trkpt lat="24.4857625477015972137451171875" lon="118.10820065438747406005859375">
        <ele>7.599999904632568359375</ele>
        <time>2025-02-23T09:47:29.000Z</time>
        <extensions>
          <ns3:TrackPointExtension>
            <ns3:hr>125</ns3:hr>
          </ns3:TrackPointExtension>
        </extensions>
      </trkpt>
      <trkpt lat="24.4857843406498432159423828125" lon="118.10819453559815883636474609375">
        <ele>7.599999904632568359375</ele>
        <time>2025-02-23T09:47:30.000Z</time>
        <extensions>
          <ns3:TrackPointExtension>
            <ns3:hr>125</ns3:hr>
          </ns3:TrackPointExtension>
        </extensions>
      </trkpt>
      <trkpt lat="24.48580655269324779510498046875" lon="118.1081857345998287200927734375">
        <ele>7.400000095367431640625</ele>
        <time>2025-02-23T09:47:31.000Z</time>
        <extensions>
          <ns3:TrackPointExtension>
            <ns3:hr>125</ns3:hr>
          </ns3:TrackPointExtension>
        </extensions>
      </trkpt>
      <trkpt lat="24.48582801036536693572998046875" lon="118.108176179230213165283203125">
        <ele>7.400000095367431640625</ele>
        <time>2025-02-23T09:47:32.000Z</time>
        <extensions>
          <ns3:TrackPointExtension>
            <ns3:hr>125</ns3:hr>
          </ns3:TrackPointExtension>
        </extensions>
      </trkpt>
      <trkpt lat="24.48584946803748607635498046875" lon="118.10816670767962932586669921875">
        <ele>7.400000095367431640625</ele>
        <time>2025-02-23T09:47:33.000Z</time>
        <extensions>
          <ns3:TrackPointExtension>
            <ns3:hr>125</ns3:hr>
          </ns3:TrackPointExtension>
        </extensions>
      </trkpt>
      <trkpt lat="24.48587126098573207855224609375" lon="118.10815832577645778656005859375">
        <ele>7.19999980926513671875</ele>
        <time>2025-02-23T09:47:34.000Z</time>
        <extensions>
          <ns3:TrackPointExtension>
            <ns3:hr>125</ns3:hr>
          </ns3:TrackPointExtension>
        </extensions>
      </trkpt>
      <trkpt lat="24.48589322157204151153564453125" lon="118.108152039349079132080078125">
        <ele>7.19999980926513671875</ele>
        <time>2025-02-23T09:47:35.000Z</time>
        <extensions>
          <ns3:TrackPointExtension>
            <ns3:hr>126</ns3:hr>
          </ns3:TrackPointExtension>
        </extensions>
      </trkpt>
      <trkpt lat="24.48591568507254123687744140625" lon="118.10814776457846164703369140625">
        <ele>7.19999980926513671875</ele>
        <time>2025-02-23T09:47:36.000Z</time>
        <extensions>
          <ns3:TrackPointExtension>
            <ns3:hr>126</ns3:hr>
          </ns3:TrackPointExtension>
        </extensions>
      </trkpt>
      <trkpt lat="24.48593831621110439300537109375" lon="118.10814407654106616973876953125">
        <ele>7</ele>
        <time>2025-02-23T09:47:37.000Z</time>
        <extensions>
          <ns3:TrackPointExtension>
            <ns3:hr>126</ns3:hr>
          </ns3:TrackPointExtension>
        </extensions>
      </trkpt>
      <trkpt lat="24.48596094734966754913330078125" lon="118.10813820920884609222412109375">
        <ele>6.80000019073486328125</ele>
        <time>2025-02-23T09:47:38.000Z</time>
        <extensions>
          <ns3:TrackPointExtension>
            <ns3:hr>126</ns3:hr>
          </ns3:TrackPointExtension>
        </extensions>
      </trkpt>
      <trkpt lat="24.48598332703113555908203125" lon="118.10812949202954769134521484375">
        <ele>6.599999904632568359375</ele>
        <time>2025-02-23T09:47:39.000Z</time>
        <extensions>
          <ns3:TrackPointExtension>
            <ns3:hr>126</ns3:hr>
          </ns3:TrackPointExtension>
        </extensions>
      </trkpt>
      <trkpt lat="24.48600553907454013824462890625" lon="118.10812010429799556732177734375">
        <ele>6.400000095367431640625</ele>
        <time>2025-02-23T09:47:40.000Z</time>
        <extensions>
          <ns3:TrackPointExtension>
            <ns3:hr>126</ns3:hr>
          </ns3:TrackPointExtension>
        </extensions>
      </trkpt>
      <trkpt lat="24.4860284216701984405517578125" lon="118.10810786671936511993408203125">
        <ele>6.19999980926513671875</ele>
        <time>2025-02-23T09:47:41.000Z</time>
        <extensions>
          <ns3:TrackPointExtension>
            <ns3:hr>126</ns3:hr>
          </ns3:TrackPointExtension>
        </extensions>
      </trkpt>
      <trkpt lat="24.48605163954198360443115234375" lon="118.108092360198497772216796875">
        <ele>5.80000019073486328125</ele>
        <time>2025-02-23T09:47:42.000Z</time>
        <extensions>
          <ns3:TrackPointExtension>
            <ns3:hr>125</ns3:hr>
          </ns3:TrackPointExtension>
        </extensions>
      </trkpt>
      <trkpt lat="24.486074857413768768310546875" lon="118.108076937496662139892578125">
        <ele>5.599999904632568359375</ele>
        <time>2025-02-23T09:47:43.000Z</time>
        <extensions>
          <ns3:TrackPointExtension>
            <ns3:hr>125</ns3:hr>
          </ns3:TrackPointExtension>
        </extensions>
      </trkpt>
      <trkpt lat="24.48609857819974422454833984375" lon="118.1080633588135242462158203125">
        <ele>5.400000095367431640625</ele>
        <time>2025-02-23T09:47:44.000Z</time>
        <extensions>
          <ns3:TrackPointExtension>
            <ns3:hr>125</ns3:hr>
          </ns3:TrackPointExtension>
        </extensions>
      </trkpt>
      <trkpt lat="24.48612146079540252685546875" lon="118.10805137269198894500732421875">
        <ele>5</ele>
        <time>2025-02-23T09:47:45.000Z</time>
        <extensions>
          <ns3:TrackPointExtension>
            <ns3:hr>125</ns3:hr>
          </ns3:TrackPointExtension>
        </extensions>
      </trkpt>
      <trkpt lat="24.48614300228655338287353515625" lon="118.10803972184658050537109375">
        <ele>4.80000019073486328125</ele>
        <time>2025-02-23T09:47:46.000Z</time>
        <extensions>
          <ns3:TrackPointExtension>
            <ns3:hr>125</ns3:hr>
          </ns3:TrackPointExtension>
        </extensions>
      </trkpt>
      <trkpt lat="24.48616412468254566192626953125" lon="118.10802823863923549652099609375">
        <ele>4.599999904632568359375</ele>
        <time>2025-02-23T09:47:47.000Z</time>
        <extensions>
          <ns3:TrackPointExtension>
            <ns3:hr>125</ns3:hr>
          </ns3:TrackPointExtension>
        </extensions>
      </trkpt>
      <trkpt lat="24.4861849956214427947998046875" lon="118.1080184318125247955322265625">
        <ele>4.400000095367431640625</ele>
        <time>2025-02-23T09:47:48.000Z</time>
        <extensions>
          <ns3:TrackPointExtension>
            <ns3:hr>128</ns3:hr>
          </ns3:TrackPointExtension>
        </extensions>
      </trkpt>
      <trkpt lat="24.4862061180174350738525390625" lon="118.10801088809967041015625">
        <ele>4.19999980926513671875</ele>
        <time>2025-02-23T09:47:49.000Z</time>
        <extensions>
          <ns3:TrackPointExtension>
            <ns3:hr>128</ns3:hr>
          </ns3:TrackPointExtension>
        </extensions>
      </trkpt>
      <trkpt lat="24.48622740805149078369140625" lon="118.10800426639616489410400390625">
        <ele>4</ele>
        <time>2025-02-23T09:47:50.000Z</time>
        <extensions>
          <ns3:TrackPointExtension>
            <ns3:hr>128</ns3:hr>
          </ns3:TrackPointExtension>
        </extensions>
      </trkpt>
      <trkpt lat="24.48624760843813419342041015625" lon="118.107997141778469085693359375">
        <ele>3.7999999523162841796875</ele>
        <time>2025-02-23T09:47:51.000Z</time>
        <extensions>
          <ns3:TrackPointExtension>
            <ns3:hr>128</ns3:hr>
          </ns3:TrackPointExtension>
        </extensions>
      </trkpt>
      <trkpt lat="24.48626671917736530303955078125" lon="118.10798867605626583099365234375">
        <ele>3.599999904632568359375</ele>
        <time>2025-02-23T09:47:52.000Z</time>
        <extensions>
          <ns3:TrackPointExtension>
            <ns3:hr>130</ns3:hr>
          </ns3:TrackPointExtension>
        </extensions>
      </trkpt>
      <trkpt lat="24.48628549464046955108642578125" lon="118.10797928832471370697021484375">
        <ele>3.400000095367431640625</ele>
        <time>2025-02-23T09:47:53.000Z</time>
        <extensions>
          <ns3:TrackPointExtension>
            <ns3:hr>130</ns3:hr>
          </ns3:TrackPointExtension>
        </extensions>
      </trkpt>
      <trkpt lat="24.4863045215606689453125" lon="118.107969649136066436767578125">
        <ele>3.2000000476837158203125</ele>
        <time>2025-02-23T09:47:54.000Z</time>
        <extensions>
          <ns3:TrackPointExtension>
            <ns3:hr>130</ns3:hr>
          </ns3:TrackPointExtension>
        </extensions>
      </trkpt>
      <trkpt lat="24.48632421903312206268310546875" lon="118.10795917175710201263427734375">
        <ele>3</ele>
        <time>2025-02-23T09:47:55.000Z</time>
        <extensions>
          <ns3:TrackPointExtension>
            <ns3:hr>130</ns3:hr>
          </ns3:TrackPointExtension>
        </extensions>
      </trkpt>
      <trkpt lat="24.4863449223339557647705078125" lon="118.10794861055910587310791015625">
        <ele>2.599999904632568359375</ele>
        <time>2025-02-23T09:47:56.000Z</time>
        <extensions>
          <ns3:TrackPointExtension>
            <ns3:hr>130</ns3:hr>
          </ns3:TrackPointExtension>
        </extensions>
      </trkpt>
      <trkpt lat="24.4863660447299480438232421875" lon="118.10793939046561717987060546875">
        <ele>2.400000095367431640625</ele>
        <time>2025-02-23T09:47:57.000Z</time>
        <extensions>
          <ns3:TrackPointExtension>
            <ns3:hr>130</ns3:hr>
          </ns3:TrackPointExtension>
        </extensions>
      </trkpt>
      <trkpt lat="24.48638590984046459197998046875" lon="118.1079329364001750946044921875">
        <ele>2</ele>
        <time>2025-02-23T09:47:58.000Z</time>
        <extensions>
          <ns3:TrackPointExtension>
            <ns3:hr>130</ns3:hr>
          </ns3:TrackPointExtension>
        </extensions>
      </trkpt>
      <trkpt lat="24.48640317656099796295166015625" lon="118.107929416000843048095703125">
        <ele>1.7999999523162841796875</ele>
        <time>2025-02-23T09:47:59.000Z</time>
        <extensions>
          <ns3:TrackPointExtension>
            <ns3:hr>130</ns3:hr>
          </ns3:TrackPointExtension>
        </extensions>
      </trkpt>
      <trkpt lat="24.4864183478057384490966796875" lon="118.10792765580117702484130859375">
        <ele>1.60000002384185791015625</ele>
        <time>2025-02-23T09:48:00.000Z</time>
        <extensions>
          <ns3:TrackPointExtension>
            <ns3:hr>130</ns3:hr>
          </ns3:TrackPointExtension>
        </extensions>
      </trkpt>
      <trkpt lat="24.486432932317256927490234375" lon="118.10792706906795501708984375">
        <ele>1.39999997615814208984375</ele>
        <time>2025-02-23T09:48:01.000Z</time>
        <extensions>
          <ns3:TrackPointExtension>
            <ns3:hr>129</ns3:hr>
          </ns3:TrackPointExtension>
        </extensions>
      </trkpt>
      <trkpt lat="24.48644609190523624420166015625" lon="118.107927404344081878662109375">
        <ele>1.2000000476837158203125</ele>
        <time>2025-02-23T09:48:02.000Z</time>
        <extensions>
          <ns3:TrackPointExtension>
            <ns3:hr>129</ns3:hr>
          </ns3:TrackPointExtension>
        </extensions>
      </trkpt>
      <trkpt lat="24.48645782656967639923095703125" lon="118.10792916454374790191650390625">
        <ele>1</ele>
        <time>2025-02-23T09:48:03.000Z</time>
        <extensions>
          <ns3:TrackPointExtension>
            <ns3:hr>129</ns3:hr>
          </ns3:TrackPointExtension>
        </extensions>
      </trkpt>
      <trkpt lat="24.48646939359605312347412109375" lon="118.10793285258114337921142578125">
        <ele>0.800000011920928955078125</ele>
        <time>2025-02-23T09:48:04.000Z</time>
        <extensions>
          <ns3:TrackPointExtension>
            <ns3:hr>128</ns3:hr>
          </ns3:TrackPointExtension>
        </extensions>
      </trkpt>
      <trkpt lat="24.48648154735565185546875" lon="118.10793804936110973358154296875">
        <ele>0.60000002384185791015625</ele>
        <time>2025-02-23T09:48:05.000Z</time>
        <extensions>
          <ns3:TrackPointExtension>
            <ns3:hr>128</ns3:hr>
          </ns3:TrackPointExtension>
        </extensions>
      </trkpt>
      <trkpt lat="24.486494958400726318359375" lon="118.10794509015977382659912109375">
        <ele>0.4000000059604644775390625</ele>
        <time>2025-02-23T09:48:06.000Z</time>
        <extensions>
          <ns3:TrackPointExtension>
            <ns3:hr>128</ns3:hr>
          </ns3:TrackPointExtension>
        </extensions>
      </trkpt>
      <trkpt lat="24.48650945909321308135986328125" lon="118.1079543940722942352294921875">
        <ele>0.20000000298023223876953125</ele>
        <time>2025-02-23T09:48:07.000Z</time>
        <extensions>
          <ns3:TrackPointExtension>
            <ns3:hr>128</ns3:hr>
          </ns3:TrackPointExtension>
        </extensions>
      </trkpt>
      <trkpt lat="24.48652488179504871368408203125" lon="118.10796654783189296722412109375">
        <ele>-0.20000000298023223876953125</ele>
        <time>2025-02-23T09:48:08.000Z</time>
        <extensions>
          <ns3:TrackPointExtension>
            <ns3:hr>128</ns3:hr>
          </ns3:TrackPointExtension>
        </extensions>
      </trkpt>
      <trkpt lat="24.48654030449688434600830078125" lon="118.10798247344791889190673828125">
        <ele>-0.4000000059604644775390625</ele>
        <time>2025-02-23T09:48:09.000Z</time>
        <extensions>
          <ns3:TrackPointExtension>
            <ns3:hr>127</ns3:hr>
          </ns3:TrackPointExtension>
        </extensions>
      </trkpt>
      <trkpt lat="24.48655555956065654754638671875" lon="118.10800342820584774017333984375">
        <ele>-0.800000011920928955078125</ele>
        <time>2025-02-23T09:48:10.000Z</time>
        <extensions>
          <ns3:TrackPointExtension>
            <ns3:hr>127</ns3:hr>
          </ns3:TrackPointExtension>
        </extensions>
      </trkpt>
      <trkpt lat="24.48657047934830188751220703125" lon="118.1080274842679500579833984375">
        <ele>-1</ele>
        <time>2025-02-23T09:48:11.000Z</time>
        <extensions>
          <ns3:TrackPointExtension>
            <ns3:hr>127</ns3:hr>
          </ns3:TrackPointExtension>
        </extensions>
      </trkpt>
      <trkpt lat="24.48658355511724948883056640625" lon="118.10804936103522777557373046875">
        <ele>-1.39999997615814208984375</ele>
        <time>2025-02-23T09:48:12.000Z</time>
        <extensions>
          <ns3:TrackPointExtension>
            <ns3:hr>127</ns3:hr>
          </ns3:TrackPointExtension>
        </extensions>
      </trkpt>
      <trkpt lat="24.48659428395330905914306640625" lon="118.1080660410225391387939453125">
        <ele>-1.60000002384185791015625</ele>
        <time>2025-02-23T09:48:13.000Z</time>
        <extensions>
          <ns3:TrackPointExtension>
            <ns3:hr>127</ns3:hr>
          </ns3:TrackPointExtension>
        </extensions>
      </trkpt>
      <trkpt lat="24.4866061024367809295654296875" lon="118.1080811284482479095458984375">
        <ele>-1.7999999523162841796875</ele>
        <time>2025-02-23T09:48:14.000Z</time>
        <extensions>
          <ns3:TrackPointExtension>
            <ns3:hr>127</ns3:hr>
          </ns3:TrackPointExtension>
        </extensions>
      </trkpt>
      <trkpt lat="24.48661909438669681549072265625" lon="118.10809529386460781097412109375">
        <ele>-2</ele>
        <time>2025-02-23T09:48:15.000Z</time>
        <extensions>
          <ns3:TrackPointExtension>
            <ns3:hr>127</ns3:hr>
          </ns3:TrackPointExtension>
        </extensions>
      </trkpt>
      <trkpt lat="24.48663434945046901702880859375" lon="118.1081109680235385894775390625">
        <ele>-2.400000095367431640625</ele>
        <time>2025-02-23T09:48:16.000Z</time>
        <extensions>
          <ns3:TrackPointExtension>
            <ns3:hr>128</ns3:hr>
          </ns3:TrackPointExtension>
        </extensions>
      </trkpt>
      <trkpt lat="24.48665119707584381103515625" lon="118.10813083313405513763427734375">
        <ele>-2.400000095367431640625</ele>
        <time>2025-02-23T09:48:17.000Z</time>
        <extensions>
          <ns3:TrackPointExtension>
            <ns3:hr>128</ns3:hr>
          </ns3:TrackPointExtension>
        </extensions>
      </trkpt>
      <trkpt lat="24.4866677932441234588623046875" lon="118.10815597884356975555419921875">
        <ele>-2.2000000476837158203125</ele>
        <time>2025-02-23T09:48:18.000Z</time>
        <extensions>
          <ns3:TrackPointExtension>
            <ns3:hr>128</ns3:hr>
          </ns3:TrackPointExtension>
        </extensions>
      </trkpt>
      <trkpt lat="24.4866842217743396759033203125" lon="118.108185231685638427734375">
        <ele>-2</ele>
        <time>2025-02-23T09:48:19.000Z</time>
        <extensions>
          <ns3:TrackPointExtension>
            <ns3:hr>128</ns3:hr>
          </ns3:TrackPointExtension>
        </extensions>
      </trkpt>
      <trkpt lat="24.4866986386477947235107421875" lon="118.10821414925158023834228515625">
        <ele>-1.7999999523162841796875</ele>
        <time>2025-02-23T09:48:20.000Z</time>
        <extensions>
          <ns3:TrackPointExtension>
            <ns3:hr>128</ns3:hr>
          </ns3:TrackPointExtension>
        </extensions>
      </trkpt>
      <trkpt lat="24.48671146295964717864990234375" lon="118.10824214480817317962646484375">
        <ele>-1.39999997615814208984375</ele>
        <time>2025-02-23T09:48:21.000Z</time>
        <extensions>
          <ns3:TrackPointExtension>
            <ns3:hr>128</ns3:hr>
          </ns3:TrackPointExtension>
        </extensions>
      </trkpt>
      <trkpt lat="24.48672302998602390289306640625" lon="118.10826930217444896697998046875">
        <ele>-1.2000000476837158203125</ele>
        <time>2025-02-23T09:48:22.000Z</time>
        <extensions>
          <ns3:TrackPointExtension>
            <ns3:hr>131</ns3:hr>
          </ns3:TrackPointExtension>
        </extensions>
      </trkpt>
      <trkpt lat="24.4867336750030517578125" lon="118.10829587280750274658203125">
        <ele>-0.800000011920928955078125</ele>
        <time>2025-02-23T09:48:23.000Z</time>
        <extensions>
          <ns3:TrackPointExtension>
            <ns3:hr>131</ns3:hr>
          </ns3:TrackPointExtension>
        </extensions>
      </trkpt>
      <trkpt lat="24.48674381710588932037353515625" lon="118.108321689069271087646484375">
        <ele>-0.60000002384185791015625</ele>
        <time>2025-02-23T09:48:24.000Z</time>
        <extensions>
          <ns3:TrackPointExtension>
            <ns3:hr>131</ns3:hr>
          </ns3:TrackPointExtension>
        </extensions>
      </trkpt>
      <trkpt lat="24.486753456294536590576171875" lon="118.10834675095975399017333984375">
        <ele>-0.20000000298023223876953125</ele>
        <time>2025-02-23T09:48:25.000Z</time>
        <extensions>
          <ns3:TrackPointExtension>
            <ns3:hr>131</ns3:hr>
          </ns3:TrackPointExtension>
        </extensions>
      </trkpt>
      <trkpt lat="24.48676225729286670684814453125" lon="118.10837139375507831573486328125">
        <ele>0</ele>
        <time>2025-02-23T09:48:26.000Z</time>
        <extensions>
          <ns3:TrackPointExtension>
            <ns3:hr>131</ns3:hr>
          </ns3:TrackPointExtension>
        </extensions>
      </trkpt>
      <trkpt lat="24.48677013628184795379638671875" lon="118.1083966232836246490478515625">
        <ele>0.20000000298023223876953125</ele>
        <time>2025-02-23T09:48:27.000Z</time>
        <extensions>
          <ns3:TrackPointExtension>
            <ns3:hr>132</ns3:hr>
          </ns3:TrackPointExtension>
        </extensions>
      </trkpt>
      <trkpt lat="24.48677717708051204681396484375" lon="118.108422271907329559326171875">
        <ele>0.60000002384185791015625</ele>
        <time>2025-02-23T09:48:28.000Z</time>
        <extensions>
          <ns3:TrackPointExtension>
            <ns3:hr>132</ns3:hr>
          </ns3:TrackPointExtension>
        </extensions>
      </trkpt>
      <trkpt lat="24.48678337968885898590087890625" lon="118.108448088169097900390625">
        <ele>0.800000011920928955078125</ele>
        <time>2025-02-23T09:48:29.000Z</time>
        <extensions>
          <ns3:TrackPointExtension>
            <ns3:hr>132</ns3:hr>
          </ns3:TrackPointExtension>
        </extensions>
      </trkpt>
      <trkpt lat="24.48678824119269847869873046875" lon="118.1084734015166759490966796875">
        <ele>1.2000000476837158203125</ele>
        <time>2025-02-23T09:48:30.000Z</time>
        <extensions>
          <ns3:TrackPointExtension>
            <ns3:hr>132</ns3:hr>
          </ns3:TrackPointExtension>
        </extensions>
      </trkpt>
      <trkpt lat="24.48679259978234767913818359375" lon="118.10849837958812713623046875">
        <ele>1.39999997615814208984375</ele>
        <time>2025-02-23T09:48:31.000Z</time>
        <extensions>
          <ns3:TrackPointExtension>
            <ns3:hr>132</ns3:hr>
          </ns3:TrackPointExtension>
        </extensions>
      </trkpt>
      <trkpt lat="24.4867975451052188873291015625" lon="118.1085230223834514617919921875">
        <ele>1.60000002384185791015625</ele>
        <time>2025-02-23T09:48:32.000Z</time>
        <extensions>
          <ns3:TrackPointExtension>
            <ns3:hr>133</ns3:hr>
          </ns3:TrackPointExtension>
        </extensions>
      </trkpt>
      <trkpt lat="24.4868035800755023956298828125" lon="118.1085471622645854949951171875">
        <ele>1.7999999523162841796875</ele>
        <time>2025-02-23T09:48:33.000Z</time>
        <extensions>
          <ns3:TrackPointExtension>
            <ns3:hr>134</ns3:hr>
          </ns3:TrackPointExtension>
        </extensions>
      </trkpt>
      <trkpt lat="24.486810453236103057861328125" lon="118.10857138596475124359130859375">
        <ele>2</ele>
        <time>2025-02-23T09:48:34.000Z</time>
        <extensions>
          <ns3:TrackPointExtension>
            <ns3:hr>134</ns3:hr>
          </ns3:TrackPointExtension>
        </extensions>
      </trkpt>
      <trkpt lat="24.48681791312992572784423828125" lon="118.10859552584588527679443359375">
        <ele>2.2000000476837158203125</ele>
        <time>2025-02-23T09:48:35.000Z</time>
        <extensions>
          <ns3:TrackPointExtension>
            <ns3:hr>134</ns3:hr>
          </ns3:TrackPointExtension>
        </extensions>
      </trkpt>
      <trkpt lat="24.48682562448084354400634765625" lon="118.108619414269924163818359375">
        <ele>2.400000095367431640625</ele>
        <time>2025-02-23T09:48:36.000Z</time>
        <extensions>
          <ns3:TrackPointExtension>
            <ns3:hr>134</ns3:hr>
          </ns3:TrackPointExtension>
        </extensions>
      </trkpt>
      <trkpt lat="24.4868330843746662139892578125" lon="118.10864279977977275848388671875">
        <ele>2.400000095367431640625</ele>
        <time>2025-02-23T09:48:37.000Z</time>
        <extensions>
          <ns3:TrackPointExtension>
            <ns3:hr>134</ns3:hr>
          </ns3:TrackPointExtension>
        </extensions>
      </trkpt>
      <trkpt lat="24.48684004135429859161376953125" lon="118.1086658500134944915771484375">
        <ele>2.599999904632568359375</ele>
        <time>2025-02-23T09:48:38.000Z</time>
        <extensions>
          <ns3:TrackPointExtension>
            <ns3:hr>135</ns3:hr>
          </ns3:TrackPointExtension>
        </extensions>
      </trkpt>
      <trkpt lat="24.4868464954197406768798828125" lon="118.1086893193423748016357421875">
        <ele>2.400000095367431640625</ele>
        <time>2025-02-23T09:48:39.000Z</time>
        <extensions>
          <ns3:TrackPointExtension>
            <ns3:hr>135</ns3:hr>
          </ns3:TrackPointExtension>
        </extensions>
      </trkpt>
      <trkpt lat="24.486852698028087615966796875" lon="118.1087134592235088348388671875">
        <ele>2.2000000476837158203125</ele>
        <time>2025-02-23T09:48:40.000Z</time>
        <extensions>
          <ns3:TrackPointExtension>
            <ns3:hr>135</ns3:hr>
          </ns3:TrackPointExtension>
        </extensions>
      </trkpt>
      <trkpt lat="24.48685915209352970123291015625" lon="118.10873768292367458343505859375">
        <ele>2</ele>
        <time>2025-02-23T09:48:41.000Z</time>
        <extensions>
          <ns3:TrackPointExtension>
            <ns3:hr>135</ns3:hr>
          </ns3:TrackPointExtension>
        </extensions>
      </trkpt>
      <trkpt lat="24.4868659414350986480712890625" lon="118.1087617389857769012451171875">
        <ele>2</ele>
        <time>2025-02-23T09:48:42.000Z</time>
        <extensions>
          <ns3:TrackPointExtension>
            <ns3:hr>135</ns3:hr>
          </ns3:TrackPointExtension>
        </extensions>
      </trkpt>
      <trkpt lat="24.4868723116815090179443359375" lon="118.10878537595272064208984375">
        <ele>1.7999999523162841796875</ele>
        <time>2025-02-23T09:48:43.000Z</time>
        <extensions>
          <ns3:TrackPointExtension>
            <ns3:hr>135</ns3:hr>
          </ns3:TrackPointExtension>
        </extensions>
      </trkpt>
      <trkpt lat="24.48687792755663394927978515625" lon="118.1088090129196643829345703125">
        <ele>1.7999999523162841796875</ele>
        <time>2025-02-23T09:48:44.000Z</time>
        <extensions>
          <ns3:TrackPointExtension>
            <ns3:hr>135</ns3:hr>
          </ns3:TrackPointExtension>
        </extensions>
      </trkpt>
      <trkpt lat="24.48688345961272716522216796875" lon="118.10883290134370326995849609375">
        <ele>1.60000002384185791015625</ele>
        <time>2025-02-23T09:48:45.000Z</time>
        <extensions>
          <ns3:TrackPointExtension>
            <ns3:hr>135</ns3:hr>
          </ns3:TrackPointExtension>
        </extensions>
      </trkpt>
      <trkpt lat="24.48688949458301067352294921875" lon="118.1088566221296787261962890625">
        <ele>1.60000002384185791015625</ele>
        <time>2025-02-23T09:48:46.000Z</time>
        <extensions>
          <ns3:TrackPointExtension>
            <ns3:hr>135</ns3:hr>
          </ns3:TrackPointExtension>
        </extensions>
      </trkpt>
      <trkpt lat="24.48689536191523075103759765625" lon="118.108879588544368743896484375">
        <ele>1.60000002384185791015625</ele>
        <time>2025-02-23T09:48:47.000Z</time>
        <extensions>
          <ns3:TrackPointExtension>
            <ns3:hr>135</ns3:hr>
          </ns3:TrackPointExtension>
        </extensions>
      </trkpt>
      <trkpt lat="24.48690106160938739776611328125" lon="118.10890213586390018463134765625">
        <ele>1.39999997615814208984375</ele>
        <time>2025-02-23T09:48:48.000Z</time>
        <extensions>
          <ns3:TrackPointExtension>
            <ns3:hr>136</ns3:hr>
          </ns3:TrackPointExtension>
        </extensions>
      </trkpt>
      <trkpt lat="24.48690676130354404449462890625" lon="118.1089246831834316253662109375">
        <ele>1.39999997615814208984375</ele>
        <time>2025-02-23T09:48:49.000Z</time>
        <extensions>
          <ns3:TrackPointExtension>
            <ns3:hr>136</ns3:hr>
          </ns3:TrackPointExtension>
        </extensions>
      </trkpt>
      <trkpt lat="24.48691279627382755279541015625" lon="118.1089464761316776275634765625">
        <ele>1.2000000476837158203125</ele>
        <time>2025-02-23T09:48:50.000Z</time>
        <extensions>
          <ns3:TrackPointExtension>
            <ns3:hr>136</ns3:hr>
          </ns3:TrackPointExtension>
        </extensions>
      </trkpt>
      <trkpt lat="24.4869189150631427764892578125" lon="118.10896784998476505279541015625">
        <ele>1.2000000476837158203125</ele>
        <time>2025-02-23T09:48:51.000Z</time>
        <extensions>
          <ns3:TrackPointExtension>
            <ns3:hr>136</ns3:hr>
          </ns3:TrackPointExtension>
        </extensions>
      </trkpt>
      <trkpt lat="24.4869252853095531463623046875" lon="118.1089897267520427703857421875">
        <ele>1.39999997615814208984375</ele>
        <time>2025-02-23T09:48:52.000Z</time>
        <extensions>
          <ns3:TrackPointExtension>
            <ns3:hr>136</ns3:hr>
          </ns3:TrackPointExtension>
        </extensions>
      </trkpt>
      <trkpt lat="24.4869308173656463623046875" lon="118.10901244170963764190673828125">
        <ele>1.39999997615814208984375</ele>
        <time>2025-02-23T09:48:53.000Z</time>
        <extensions>
          <ns3:TrackPointExtension>
            <ns3:hr>136</ns3:hr>
          </ns3:TrackPointExtension>
        </extensions>
      </trkpt>
      <trkpt lat="24.48693475686013698577880859375" lon="118.10903540812432765960693359375">
        <ele>1.60000002384185791015625</ele>
        <time>2025-02-23T09:48:54.000Z</time>
        <extensions>
          <ns3:TrackPointExtension>
            <ns3:hr>133</ns3:hr>
          </ns3:TrackPointExtension>
        </extensions>
      </trkpt>
      <trkpt lat="24.48693827725946903228759765625" lon="118.1090581230819225311279296875">
        <ele>1.7999999523162841796875</ele>
        <time>2025-02-23T09:48:55.000Z</time>
        <extensions>
          <ns3:TrackPointExtension>
            <ns3:hr>133</ns3:hr>
          </ns3:TrackPointExtension>
        </extensions>
      </trkpt>
      <trkpt lat="24.4869427196681499481201171875" lon="118.10908100567758083343505859375">
        <ele>1.7999999523162841796875</ele>
        <time>2025-02-23T09:48:56.000Z</time>
        <extensions>
          <ns3:TrackPointExtension>
            <ns3:hr>133</ns3:hr>
          </ns3:TrackPointExtension>
        </extensions>
      </trkpt>
      <trkpt lat="24.486948587000370025634765625" lon="118.109104223549365997314453125">
        <ele>2</ele>
        <time>2025-02-23T09:48:57.000Z</time>
        <extensions>
          <ns3:TrackPointExtension>
            <ns3:hr>133</ns3:hr>
          </ns3:TrackPointExtension>
        </extensions>
      </trkpt>
      <trkpt lat="24.4869549572467803955078125" lon="118.1091271899640560150146484375">
        <ele>2</ele>
        <time>2025-02-23T09:48:58.000Z</time>
        <extensions>
          <ns3:TrackPointExtension>
            <ns3:hr>133</ns3:hr>
          </ns3:TrackPointExtension>
        </extensions>
      </trkpt>
      <trkpt lat="24.4869611598551273345947265625" lon="118.1091496534645557403564453125">
        <ele>1.7999999523162841796875</ele>
        <time>2025-02-23T09:48:59.000Z</time>
        <extensions>
          <ns3:TrackPointExtension>
            <ns3:hr>133</ns3:hr>
          </ns3:TrackPointExtension>
        </extensions>
      </trkpt>
      <trkpt lat="24.48696811683475971221923828125" lon="118.109171949326992034912109375">
        <ele>1.60000002384185791015625</ele>
        <time>2025-02-23T09:49:00.000Z</time>
        <extensions>
          <ns3:TrackPointExtension>
            <ns3:hr>133</ns3:hr>
          </ns3:TrackPointExtension>
        </extensions>
      </trkpt>
      <trkpt lat="24.48697599582374095916748046875" lon="118.10919466428458690643310546875">
        <ele>1.39999997615814208984375</ele>
        <time>2025-02-23T09:49:01.000Z</time>
        <extensions>
          <ns3:TrackPointExtension>
            <ns3:hr>133</ns3:hr>
          </ns3:TrackPointExtension>
        </extensions>
      </trkpt>
      <trkpt lat="24.48698370717465877532958984375" lon="118.1092177145183086395263671875">
        <ele>1.2000000476837158203125</ele>
        <time>2025-02-23T09:49:02.000Z</time>
        <extensions>
          <ns3:TrackPointExtension>
            <ns3:hr>133</ns3:hr>
          </ns3:TrackPointExtension>
        </extensions>
      </trkpt>
      <trkpt lat="24.4869906641542911529541015625" lon="118.10924026183784008026123046875">
        <ele>1.2000000476837158203125</ele>
        <time>2025-02-23T09:49:03.000Z</time>
        <extensions>
          <ns3:TrackPointExtension>
            <ns3:hr>133</ns3:hr>
          </ns3:TrackPointExtension>
        </extensions>
      </trkpt>
      <trkpt lat="24.486996866762638092041015625" lon="118.1092616356909275054931640625">
        <ele>1.2000000476837158203125</ele>
        <time>2025-02-23T09:49:04.000Z</time>
        <extensions>
          <ns3:TrackPointExtension>
            <ns3:hr>133</ns3:hr>
          </ns3:TrackPointExtension>
        </extensions>
      </trkpt>
      <trkpt lat="24.4870030693709850311279296875" lon="118.1092814169824123382568359375">
        <ele>1.2000000476837158203125</ele>
        <time>2025-02-23T09:49:05.000Z</time>
        <extensions>
          <ns3:TrackPointExtension>
            <ns3:hr>133</ns3:hr>
          </ns3:TrackPointExtension>
        </extensions>
      </trkpt>
      <trkpt lat="24.48700952343642711639404296875" lon="118.1092988513410091400146484375">
        <ele>1.2000000476837158203125</ele>
        <time>2025-02-23T09:49:06.000Z</time>
        <extensions>
          <ns3:TrackPointExtension>
            <ns3:hr>133</ns3:hr>
          </ns3:TrackPointExtension>
        </extensions>
      </trkpt>
      <trkpt lat="24.48701572604477405548095703125" lon="118.10931351967155933380126953125">
        <ele>1.2000000476837158203125</ele>
        <time>2025-02-23T09:49:07.000Z</time>
        <extensions>
          <ns3:TrackPointExtension>
            <ns3:hr>133</ns3:hr>
          </ns3:TrackPointExtension>
        </extensions>
      </trkpt>
      <trkpt lat="24.4870215095579624176025390625" lon="118.1093280203640460968017578125">
        <ele>1.2000000476837158203125</ele>
        <time>2025-02-23T09:49:08.000Z</time>
        <extensions>
          <ns3:TrackPointExtension>
            <ns3:hr>133</ns3:hr>
          </ns3:TrackPointExtension>
        </extensions>
      </trkpt>
      <trkpt lat="24.48702863417565822601318359375" lon="118.1093454547226428985595703125">
        <ele>1.2000000476837158203125</ele>
        <time>2025-02-23T09:49:09.000Z</time>
        <extensions>
          <ns3:TrackPointExtension>
            <ns3:hr>133</ns3:hr>
          </ns3:TrackPointExtension>
        </extensions>
      </trkpt>
      <trkpt lat="24.48703785426914691925048828125" lon="118.1093667447566986083984375">
        <ele>1.2000000476837158203125</ele>
        <time>2025-02-23T09:49:10.000Z</time>
        <extensions>
          <ns3:TrackPointExtension>
            <ns3:hr>133</ns3:hr>
          </ns3:TrackPointExtension>
        </extensions>
      </trkpt>
      <trkpt lat="24.48704724200069904327392578125" lon="118.1093895435333251953125">
        <ele>1</ele>
        <time>2025-02-23T09:49:11.000Z</time>
        <extensions>
          <ns3:TrackPointExtension>
            <ns3:hr>133</ns3:hr>
          </ns3:TrackPointExtension>
        </extensions>
      </trkpt>
      <trkpt lat="24.48705512098968029022216796875" lon="118.10941242612898349761962890625">
        <ele>1.2000000476837158203125</ele>
        <time>2025-02-23T09:49:12.000Z</time>
        <extensions>
          <ns3:TrackPointExtension>
            <ns3:hr>135</ns3:hr>
          </ns3:TrackPointExtension>
        </extensions>
      </trkpt>
      <trkpt lat="24.4870624132454395294189453125" lon="118.109435141086578369140625">
        <ele>1.2000000476837158203125</ele>
        <time>2025-02-23T09:49:13.000Z</time>
        <extensions>
          <ns3:TrackPointExtension>
            <ns3:hr>135</ns3:hr>
          </ns3:TrackPointExtension>
        </extensions>
      </trkpt>
      <trkpt lat="24.48706970550119876861572265625" lon="118.1094579398632049560546875">
        <ele>1.60000002384185791015625</ele>
        <time>2025-02-23T09:49:14.000Z</time>
        <extensions>
          <ns3:TrackPointExtension>
            <ns3:hr>135</ns3:hr>
          </ns3:TrackPointExtension>
        </extensions>
      </trkpt>
      <trkpt lat="24.4870775006711483001708984375" lon="118.1094809062778949737548828125">
        <ele>1.7999999523162841796875</ele>
        <time>2025-02-23T09:49:15.000Z</time>
        <extensions>
          <ns3:TrackPointExtension>
            <ns3:hr>135</ns3:hr>
          </ns3:TrackPointExtension>
        </extensions>
      </trkpt>
      <trkpt lat="24.4870858825743198394775390625" lon="118.109504543244838714599609375">
        <ele>2</ele>
        <time>2025-02-23T09:49:16.000Z</time>
        <extensions>
          <ns3:TrackPointExtension>
            <ns3:hr>135</ns3:hr>
          </ns3:TrackPointExtension>
        </extensions>
      </trkpt>
      <trkpt lat="24.48709401302039623260498046875" lon="118.1095291860401630401611328125">
        <ele>2.2000000476837158203125</ele>
        <time>2025-02-23T09:49:17.000Z</time>
        <extensions>
          <ns3:TrackPointExtension>
            <ns3:hr>135</ns3:hr>
          </ns3:TrackPointExtension>
        </extensions>
      </trkpt>
      <trkpt lat="24.48710122145712375640869140625" lon="118.10955475084483623504638671875">
        <ele>2.400000095367431640625</ele>
        <time>2025-02-23T09:49:18.000Z</time>
        <extensions>
          <ns3:TrackPointExtension>
            <ns3:hr>135</ns3:hr>
          </ns3:TrackPointExtension>
        </extensions>
      </trkpt>
      <trkpt lat="24.48710675351321697235107421875" lon="118.10957972891628742218017578125">
        <ele>2.599999904632568359375</ele>
        <time>2025-02-23T09:49:19.000Z</time>
        <extensions>
          <ns3:TrackPointExtension>
            <ns3:hr>135</ns3:hr>
          </ns3:TrackPointExtension>
        </extensions>
      </trkpt>
      <trkpt lat="24.48711144737899303436279296875" lon="118.10960370115935802459716796875">
        <ele>2.7999999523162841796875</ele>
        <time>2025-02-23T09:49:20.000Z</time>
        <extensions>
          <ns3:TrackPointExtension>
            <ns3:hr>135</ns3:hr>
          </ns3:TrackPointExtension>
        </extensions>
      </trkpt>
      <trkpt lat="24.48711647652089595794677734375" lon="118.10962717048823833465576171875">
        <ele>3</ele>
        <time>2025-02-23T09:49:21.000Z</time>
        <extensions>
          <ns3:TrackPointExtension>
            <ns3:hr>135</ns3:hr>
          </ns3:TrackPointExtension>
        </extensions>
      </trkpt>
      <trkpt lat="24.4871212542057037353515625" lon="118.1096505559980869293212890625">
        <ele>3</ele>
        <time>2025-02-23T09:49:22.000Z</time>
        <extensions>
          <ns3:TrackPointExtension>
            <ns3:hr>135</ns3:hr>
          </ns3:TrackPointExtension>
        </extensions>
      </trkpt>
      <trkpt lat="24.48712569661438465118408203125" lon="118.1096740253269672393798828125">
        <ele>3.2000000476837158203125</ele>
        <time>2025-02-23T09:49:23.000Z</time>
        <extensions>
          <ns3:TrackPointExtension>
            <ns3:hr>135</ns3:hr>
          </ns3:TrackPointExtension>
        </extensions>
      </trkpt>
      <trkpt lat="24.4871298037469387054443359375" lon="118.109696991741657257080078125">
        <ele>3.400000095367431640625</ele>
        <time>2025-02-23T09:49:24.000Z</time>
        <extensions>
          <ns3:TrackPointExtension>
            <ns3:hr>135</ns3:hr>
          </ns3:TrackPointExtension>
        </extensions>
      </trkpt>
      <trkpt lat="24.48713374324142932891845703125" lon="118.10971937142312526702880859375">
        <ele>3.599999904632568359375</ele>
        <time>2025-02-23T09:49:25.000Z</time>
        <extensions>
          <ns3:TrackPointExtension>
            <ns3:hr>135</ns3:hr>
          </ns3:TrackPointExtension>
        </extensions>
      </trkpt>
      <trkpt lat="24.48713776655495166778564453125" lon="118.10974166728556156158447265625">
        <ele>3.7999999523162841796875</ele>
        <time>2025-02-23T09:49:26.000Z</time>
        <extensions>
          <ns3:TrackPointExtension>
            <ns3:hr>135</ns3:hr>
          </ns3:TrackPointExtension>
        </extensions>
      </trkpt>
      <trkpt lat="24.48714178986847400665283203125" lon="118.10976379550993442535400390625">
        <ele>3.7999999523162841796875</ele>
        <time>2025-02-23T09:49:27.000Z</time>
        <extensions>
          <ns3:TrackPointExtension>
            <ns3:hr>135</ns3:hr>
          </ns3:TrackPointExtension>
        </extensions>
      </trkpt>
      <trkpt lat="24.48714564554393291473388671875" lon="118.10978609137237071990966796875">
        <ele>4</ele>
        <time>2025-02-23T09:49:28.000Z</time>
        <extensions>
          <ns3:TrackPointExtension>
            <ns3:hr>135</ns3:hr>
          </ns3:TrackPointExtension>
        </extensions>
      </trkpt>
      <trkpt lat="24.487149417400360107421875" lon="118.1098088063299655914306640625">
        <ele>4.19999980926513671875</ele>
        <time>2025-02-23T09:49:29.000Z</time>
        <extensions>
          <ns3:TrackPointExtension>
            <ns3:hr>135</ns3:hr>
          </ns3:TrackPointExtension>
        </extensions>
      </trkpt>
      <trkpt lat="24.48715335689485073089599609375" lon="118.1098316051065921783447265625">
        <ele>4.19999980926513671875</ele>
        <time>2025-02-23T09:49:30.000Z</time>
        <extensions>
          <ns3:TrackPointExtension>
            <ns3:hr>135</ns3:hr>
          </ns3:TrackPointExtension>
        </extensions>
      </trkpt>
      <trkpt lat="24.48715771548449993133544921875" lon="118.10985448770225048065185546875">
        <ele>4.19999980926513671875</ele>
        <time>2025-02-23T09:49:31.000Z</time>
        <extensions>
          <ns3:TrackPointExtension>
            <ns3:hr>135</ns3:hr>
          </ns3:TrackPointExtension>
        </extensions>
      </trkpt>
      <trkpt lat="24.4871629960834980010986328125" lon="118.1098772026598453521728515625">
        <ele>4.400000095367431640625</ele>
        <time>2025-02-23T09:49:32.000Z</time>
        <extensions>
          <ns3:TrackPointExtension>
            <ns3:hr>134</ns3:hr>
          </ns3:TrackPointExtension>
        </extensions>
      </trkpt>
      <trkpt lat="24.48716945014894008636474609375" lon="118.109899498522281646728515625">
        <ele>4.400000095367431640625</ele>
        <time>2025-02-23T09:49:33.000Z</time>
        <extensions>
          <ns3:TrackPointExtension>
            <ns3:hr>134</ns3:hr>
          </ns3:TrackPointExtension>
        </extensions>
      </trkpt>
      <trkpt lat="24.4871770776808261871337890625" lon="118.1099217943847179412841796875">
        <ele>4.599999904632568359375</ele>
        <time>2025-02-23T09:49:34.000Z</time>
        <extensions>
          <ns3:TrackPointExtension>
            <ns3:hr>134</ns3:hr>
          </ns3:TrackPointExtension>
        </extensions>
      </trkpt>
      <trkpt lat="24.487184621393680572509765625" lon="118.10994400642812252044677734375">
        <ele>4.599999904632568359375</ele>
        <time>2025-02-23T09:49:35.000Z</time>
        <extensions>
          <ns3:TrackPointExtension>
            <ns3:hr>135</ns3:hr>
          </ns3:TrackPointExtension>
        </extensions>
      </trkpt>
      <trkpt lat="24.4871909916400909423828125" lon="118.10996529646217823028564453125">
        <ele>4.599999904632568359375</ele>
        <time>2025-02-23T09:49:36.000Z</time>
        <extensions>
          <ns3:TrackPointExtension>
            <ns3:hr>135</ns3:hr>
          </ns3:TrackPointExtension>
        </extensions>
      </trkpt>
      <trkpt lat="24.487196020781993865966796875" lon="118.10998541302978992462158203125">
        <ele>4.80000019073486328125</ele>
        <time>2025-02-23T09:49:37.000Z</time>
        <extensions>
          <ns3:TrackPointExtension>
            <ns3:hr>135</ns3:hr>
          </ns3:TrackPointExtension>
        </extensions>
      </trkpt>
      <trkpt lat="24.487200044095516204833984375" lon="118.11000435613095760345458984375">
        <ele>4.80000019073486328125</ele>
        <time>2025-02-23T09:49:38.000Z</time>
        <extensions>
          <ns3:TrackPointExtension>
            <ns3:hr>135</ns3:hr>
          </ns3:TrackPointExtension>
        </extensions>
      </trkpt>
      <trkpt lat="24.487202726304531097412109375" lon="118.11002212576568126678466796875">
        <ele>4.80000019073486328125</ele>
        <time>2025-02-23T09:49:39.000Z</time>
        <extensions>
          <ns3:TrackPointExtension>
            <ns3:hr>135</ns3:hr>
          </ns3:TrackPointExtension>
        </extensions>
      </trkpt>
      <trkpt lat="24.487203061580657958984375" lon="118.11003738082945346832275390625">
        <ele>5</ele>
        <time>2025-02-23T09:49:40.000Z</time>
        <extensions>
          <ns3:TrackPointExtension>
            <ns3:hr>135</ns3:hr>
          </ns3:TrackPointExtension>
        </extensions>
      </trkpt>
      <trkpt lat="24.48720163665711879730224609375" lon="118.1100491993129253387451171875">
        <ele>5</ele>
        <time>2025-02-23T09:49:41.000Z</time>
        <extensions>
          <ns3:TrackPointExtension>
            <ns3:hr>135</ns3:hr>
          </ns3:TrackPointExtension>
        </extensions>
      </trkpt>
      <trkpt lat="24.4872012175619602203369140625" lon="118.11005766503512859344482421875">
        <ele>5</ele>
        <time>2025-02-23T09:49:42.000Z</time>
        <extensions>
          <ns3:TrackPointExtension>
            <ns3:hr>135</ns3:hr>
          </ns3:TrackPointExtension>
        </extensions>
      </trkpt>
      <trkpt lat="24.4872035644948482513427734375" lon="118.110064454376697540283203125">
        <ele>5</ele>
        <time>2025-02-23T09:49:43.000Z</time>
        <extensions>
          <ns3:TrackPointExtension>
            <ns3:hr>135</ns3:hr>
          </ns3:TrackPointExtension>
        </extensions>
      </trkpt>
      <trkpt lat="24.4872079230844974517822265625" lon="118.11007141135632991790771484375">
        <ele>5</ele>
        <time>2025-02-23T09:49:44.000Z</time>
        <extensions>
          <ns3:TrackPointExtension>
            <ns3:hr>135</ns3:hr>
          </ns3:TrackPointExtension>
        </extensions>
      </trkpt>
      <trkpt lat="24.4872129522264003753662109375" lon="118.11007895506918430328369140625">
        <ele>5</ele>
        <time>2025-02-23T09:49:45.000Z</time>
        <extensions>
          <ns3:TrackPointExtension>
            <ns3:hr>135</ns3:hr>
          </ns3:TrackPointExtension>
        </extensions>
      </trkpt>
      <trkpt lat="24.4872183166444301605224609375" lon="118.1100870855152606964111328125">
        <ele>5</ele>
        <time>2025-02-23T09:49:46.000Z</time>
        <extensions>
          <ns3:TrackPointExtension>
            <ns3:hr>135</ns3:hr>
          </ns3:TrackPointExtension>
        </extensions>
      </trkpt>
      <trkpt lat="24.48722393251955509185791015625" lon="118.1100954674184322357177734375">
        <ele>5</ele>
        <time>2025-02-23T09:49:47.000Z</time>
        <extensions>
          <ns3:TrackPointExtension>
            <ns3:hr>135</ns3:hr>
          </ns3:TrackPointExtension>
        </extensions>
      </trkpt>
      <trkpt lat="24.48722996748983860015869140625" lon="118.1101038493216037750244140625">
        <ele>5</ele>
        <time>2025-02-23T09:49:48.000Z</time>
        <extensions>
          <ns3:TrackPointExtension>
            <ns3:hr>135</ns3:hr>
          </ns3:TrackPointExtension>
        </extensions>
      </trkpt>
      <trkpt lat="24.48723617009818553924560546875" lon="118.110111393034458160400390625">
        <ele>5</ele>
        <time>2025-02-23T09:49:49.000Z</time>
        <extensions>
          <ns3:TrackPointExtension>
            <ns3:hr>135</ns3:hr>
          </ns3:TrackPointExtension>
        </extensions>
      </trkpt>
      <trkpt lat="24.487242288887500762939453125" lon="118.11011700890958309173583984375">
        <ele>5</ele>
        <time>2025-02-23T09:49:50.000Z</time>
        <extensions>
          <ns3:TrackPointExtension>
            <ns3:hr>135</ns3:hr>
          </ns3:TrackPointExtension>
        </extensions>
      </trkpt>
      <trkpt lat="24.48724824003875255584716796875" lon="118.11012019403278827667236328125">
        <ele>5</ele>
        <time>2025-02-23T09:49:51.000Z</time>
        <extensions>
          <ns3:TrackPointExtension>
            <ns3:hr>134</ns3:hr>
          </ns3:TrackPointExtension>
        </extensions>
      </trkpt>
      <trkpt lat="24.48725402355194091796875" lon="118.110121451318264007568359375">
        <ele>5</ele>
        <time>2025-02-23T09:49:52.000Z</time>
        <extensions>
          <ns3:TrackPointExtension>
            <ns3:hr>134</ns3:hr>
          </ns3:TrackPointExtension>
        </extensions>
      </trkpt>
      <trkpt lat="24.487260393798351287841796875" lon="118.1101206131279468536376953125">
        <ele>5</ele>
        <time>2025-02-23T09:49:53.000Z</time>
        <extensions>
          <ns3:TrackPointExtension>
            <ns3:hr>131</ns3:hr>
          </ns3:TrackPointExtension>
        </extensions>
      </trkpt>
      <trkpt lat="24.487269110977649688720703125" lon="118.1101179309189319610595703125">
        <ele>5</ele>
        <time>2025-02-23T09:49:54.000Z</time>
        <extensions>
          <ns3:TrackPointExtension>
            <ns3:hr>131</ns3:hr>
          </ns3:TrackPointExtension>
        </extensions>
      </trkpt>
      <trkpt lat="24.4872803427278995513916015625" lon="118.110114075243473052978515625">
        <ele>5</ele>
        <time>2025-02-23T09:49:55.000Z</time>
        <extensions>
          <ns3:TrackPointExtension>
            <ns3:hr>131</ns3:hr>
          </ns3:TrackPointExtension>
        </extensions>
      </trkpt>
      <trkpt lat="24.487291909754276275634765625" lon="118.11010946519672870635986328125">
        <ele>5</ele>
        <time>2025-02-23T09:49:56.000Z</time>
        <extensions>
          <ns3:TrackPointExtension>
            <ns3:hr>131</ns3:hr>
          </ns3:TrackPointExtension>
        </extensions>
      </trkpt>
      <trkpt lat="24.48730406351387500762939453125" lon="118.11010242439806461334228515625">
        <ele>5</ele>
        <time>2025-02-23T09:49:57.000Z</time>
        <extensions>
          <ns3:TrackPointExtension>
            <ns3:hr>131</ns3:hr>
          </ns3:TrackPointExtension>
        </extensions>
      </trkpt>
      <trkpt lat="24.48731915093958377838134765625" lon="118.11009186320006847381591796875">
        <ele>5</ele>
        <time>2025-02-23T09:49:58.000Z</time>
        <extensions>
          <ns3:TrackPointExtension>
            <ns3:hr>131</ns3:hr>
          </ns3:TrackPointExtension>
        </extensions>
      </trkpt>
      <trkpt lat="24.4873344898223876953125" lon="118.11008029617369174957275390625">
        <ele>5</ele>
        <time>2025-02-23T09:49:59.000Z</time>
        <extensions>
          <ns3:TrackPointExtension>
            <ns3:hr>131</ns3:hr>
          </ns3:TrackPointExtension>
        </extensions>
      </trkpt>
      <trkpt lat="24.48734831996262073516845703125" lon="118.11007023788988590240478515625">
        <ele>5</ele>
        <time>2025-02-23T09:50:00.000Z</time>
        <extensions>
          <ns3:TrackPointExtension>
            <ns3:hr>131</ns3:hr>
          </ns3:TrackPointExtension>
        </extensions>
      </trkpt>
      <trkpt lat="24.487364329397678375244140625" lon="118.110059760510921478271484375">
        <ele>5</ele>
        <time>2025-02-23T09:50:01.000Z</time>
        <extensions>
          <ns3:TrackPointExtension>
            <ns3:hr>131</ns3:hr>
          </ns3:TrackPointExtension>
        </extensions>
      </trkpt>
      <trkpt lat="24.48738285340368747711181640625" lon="118.11004844494163990020751953125">
        <ele>5</ele>
        <time>2025-02-23T09:50:02.000Z</time>
        <extensions>
          <ns3:TrackPointExtension>
            <ns3:hr>131</ns3:hr>
          </ns3:TrackPointExtension>
        </extensions>
      </trkpt>
      <trkpt lat="24.487405233085155487060546875" lon="118.1100361235439777374267578125">
        <ele>5</ele>
        <time>2025-02-23T09:50:03.000Z</time>
        <extensions>
          <ns3:TrackPointExtension>
            <ns3:hr>131</ns3:hr>
          </ns3:TrackPointExtension>
        </extensions>
      </trkpt>
      <trkpt lat="24.487430714070796966552734375" lon="118.11002195812761783599853515625">
        <ele>4.80000019073486328125</ele>
        <time>2025-02-23T09:50:04.000Z</time>
        <extensions>
          <ns3:TrackPointExtension>
            <ns3:hr>131</ns3:hr>
          </ns3:TrackPointExtension>
        </extensions>
      </trkpt>
      <trkpt lat="24.48745477013289928436279296875" lon="118.11000770889222621917724609375">
        <ele>4.80000019073486328125</ele>
        <time>2025-02-23T09:50:05.000Z</time>
        <extensions>
          <ns3:TrackPointExtension>
            <ns3:hr>131</ns3:hr>
          </ns3:TrackPointExtension>
        </extensions>
      </trkpt>
      <trkpt lat="24.4874768145382404327392578125" lon="118.10999362729489803314208984375">
        <ele>4.80000019073486328125</ele>
        <time>2025-02-23T09:50:06.000Z</time>
        <extensions>
          <ns3:TrackPointExtension>
            <ns3:hr>131</ns3:hr>
          </ns3:TrackPointExtension>
        </extensions>
      </trkpt>
      <trkpt lat="24.48749818839132785797119140625" lon="118.10997971333563327789306640625">
        <ele>4.80000019073486328125</ele>
        <time>2025-02-23T09:50:07.000Z</time>
        <extensions>
          <ns3:TrackPointExtension>
            <ns3:hr>131</ns3:hr>
          </ns3:TrackPointExtension>
        </extensions>
      </trkpt>
      <trkpt lat="24.48751964606344699859619140625" lon="118.10996579937636852264404296875">
        <ele>4.599999904632568359375</ele>
        <time>2025-02-23T09:50:08.000Z</time>
        <extensions>
          <ns3:TrackPointExtension>
            <ns3:hr>135</ns3:hr>
          </ns3:TrackPointExtension>
        </extensions>
      </trkpt>
      <trkpt lat="24.48754076845943927764892578125" lon="118.1099526397883892059326171875">
        <ele>4.80000019073486328125</ele>
        <time>2025-02-23T09:50:09.000Z</time>
        <extensions>
          <ns3:TrackPointExtension>
            <ns3:hr>135</ns3:hr>
          </ns3:TrackPointExtension>
        </extensions>
      </trkpt>
      <trkpt lat="24.48756189085543155670166015625" lon="118.10994015075266361236572265625">
        <ele>5</ele>
        <time>2025-02-23T09:50:10.000Z</time>
        <extensions>
          <ns3:TrackPointExtension>
            <ns3:hr>135</ns3:hr>
          </ns3:TrackPointExtension>
        </extensions>
      </trkpt>
      <trkpt lat="24.4875830970704555511474609375" lon="118.109928332269191741943359375">
        <ele>5.19999980926513671875</ele>
        <time>2025-02-23T09:50:11.000Z</time>
        <extensions>
          <ns3:TrackPointExtension>
            <ns3:hr>135</ns3:hr>
          </ns3:TrackPointExtension>
        </extensions>
      </trkpt>
      <trkpt lat="24.487604387104511260986328125" lon="118.1099171005189418792724609375">
        <ele>5.400000095367431640625</ele>
        <time>2025-02-23T09:50:12.000Z</time>
        <extensions>
          <ns3:TrackPointExtension>
            <ns3:hr>135</ns3:hr>
          </ns3:TrackPointExtension>
        </extensions>
      </trkpt>
      <trkpt lat="24.4876255095005035400390625" lon="118.10990578494966030120849609375">
        <ele>5.599999904632568359375</ele>
        <time>2025-02-23T09:50:13.000Z</time>
        <extensions>
          <ns3:TrackPointExtension>
            <ns3:hr>135</ns3:hr>
          </ns3:TrackPointExtension>
        </extensions>
      </trkpt>
      <trkpt lat="24.48764688335359096527099609375" lon="118.10989405028522014617919921875">
        <ele>5.400000095367431640625</ele>
        <time>2025-02-23T09:50:14.000Z</time>
        <extensions>
          <ns3:TrackPointExtension>
            <ns3:hr>135</ns3:hr>
          </ns3:TrackPointExtension>
        </extensions>
      </trkpt>
      <trkpt lat="24.48766817338764667510986328125" lon="118.10988248325884342193603515625">
        <ele>5.400000095367431640625</ele>
        <time>2025-02-23T09:50:15.000Z</time>
        <extensions>
          <ns3:TrackPointExtension>
            <ns3:hr>135</ns3:hr>
          </ns3:TrackPointExtension>
        </extensions>
      </trkpt>
      <trkpt lat="24.48768946342170238494873046875" lon="118.10987167060375213623046875">
        <ele>5.400000095367431640625</ele>
        <time>2025-02-23T09:50:16.000Z</time>
        <extensions>
          <ns3:TrackPointExtension>
            <ns3:hr>135</ns3:hr>
          </ns3:TrackPointExtension>
        </extensions>
      </trkpt>
      <trkpt lat="24.48771066963672637939453125" lon="118.109861277043819427490234375">
        <ele>5.19999980926513671875</ele>
        <time>2025-02-23T09:50:17.000Z</time>
        <extensions>
          <ns3:TrackPointExtension>
            <ns3:hr>135</ns3:hr>
          </ns3:TrackPointExtension>
        </extensions>
      </trkpt>
      <trkpt lat="24.48773170821368694305419921875" lon="118.10985096730291843414306640625">
        <ele>5</ele>
        <time>2025-02-23T09:50:18.000Z</time>
        <extensions>
          <ns3:TrackPointExtension>
            <ns3:hr>135</ns3:hr>
          </ns3:TrackPointExtension>
        </extensions>
      </trkpt>
      <trkpt lat="24.487752579152584075927734375" lon="118.109840489923954010009765625">
        <ele>4.80000019073486328125</ele>
        <time>2025-02-23T09:50:19.000Z</time>
        <extensions>
          <ns3:TrackPointExtension>
            <ns3:hr>135</ns3:hr>
          </ns3:TrackPointExtension>
        </extensions>
      </trkpt>
      <trkpt lat="24.4877735339105129241943359375" lon="118.10983001254498958587646484375">
        <ele>4.400000095367431640625</ele>
        <time>2025-02-23T09:50:20.000Z</time>
        <extensions>
          <ns3:TrackPointExtension>
            <ns3:hr>135</ns3:hr>
          </ns3:TrackPointExtension>
        </extensions>
      </trkpt>
      <trkpt lat="24.4877946563065052032470703125" lon="118.10981978662312030792236328125">
        <ele>4.19999980926513671875</ele>
        <time>2025-02-23T09:50:21.000Z</time>
        <extensions>
          <ns3:TrackPointExtension>
            <ns3:hr>135</ns3:hr>
          </ns3:TrackPointExtension>
        </extensions>
      </trkpt>
      <trkpt lat="24.48781552724540233612060546875" lon="118.109809644520282745361328125">
        <ele>4</ele>
        <time>2025-02-23T09:50:22.000Z</time>
        <extensions>
          <ns3:TrackPointExtension>
            <ns3:hr>136</ns3:hr>
          </ns3:TrackPointExtension>
        </extensions>
      </trkpt>
      <trkpt lat="24.487836062908172607421875" lon="118.10979925096035003662109375">
        <ele>3.599999904632568359375</ele>
        <time>2025-02-23T09:50:23.000Z</time>
        <extensions>
          <ns3:TrackPointExtension>
            <ns3:hr>136</ns3:hr>
          </ns3:TrackPointExtension>
        </extensions>
      </trkpt>
      <trkpt lat="24.487856514751911163330078125" lon="118.10978843830525875091552734375">
        <ele>3.400000095367431640625</ele>
        <time>2025-02-23T09:50:24.000Z</time>
        <extensions>
          <ns3:TrackPointExtension>
            <ns3:hr>136</ns3:hr>
          </ns3:TrackPointExtension>
        </extensions>
      </trkpt>
      <trkpt lat="24.48787696659564971923828125" lon="118.1097776256501674652099609375">
        <ele>3.2000000476837158203125</ele>
        <time>2025-02-23T09:50:25.000Z</time>
        <extensions>
          <ns3:TrackPointExtension>
            <ns3:hr>136</ns3:hr>
          </ns3:TrackPointExtension>
        </extensions>
      </trkpt>
      <trkpt lat="24.48789699934422969818115234375" lon="118.10976681299507617950439453125">
        <ele>3</ele>
        <time>2025-02-23T09:50:26.000Z</time>
        <extensions>
          <ns3:TrackPointExtension>
            <ns3:hr>136</ns3:hr>
          </ns3:TrackPointExtension>
        </extensions>
      </trkpt>
      <trkpt lat="24.487916529178619384765625" lon="118.10975591652095317840576171875">
        <ele>3</ele>
        <time>2025-02-23T09:50:27.000Z</time>
        <extensions>
          <ns3:TrackPointExtension>
            <ns3:hr>136</ns3:hr>
          </ns3:TrackPointExtension>
        </extensions>
      </trkpt>
      <trkpt lat="24.48793589137494564056396484375" lon="118.1097449362277984619140625">
        <ele>3</ele>
        <time>2025-02-23T09:50:28.000Z</time>
        <extensions>
          <ns3:TrackPointExtension>
            <ns3:hr>136</ns3:hr>
          </ns3:TrackPointExtension>
        </extensions>
      </trkpt>
      <trkpt lat="24.48795550502836704254150390625" lon="118.10973395593464374542236328125">
        <ele>3</ele>
        <time>2025-02-23T09:50:29.000Z</time>
        <extensions>
          <ns3:TrackPointExtension>
            <ns3:hr>137</ns3:hr>
          </ns3:TrackPointExtension>
        </extensions>
      </trkpt>
      <trkpt lat="24.48797545395791530609130859375" lon="118.1097236461937427520751953125">
        <ele>2.7999999523162841796875</ele>
        <time>2025-02-23T09:50:30.000Z</time>
        <extensions>
          <ns3:TrackPointExtension>
            <ns3:hr>137</ns3:hr>
          </ns3:TrackPointExtension>
        </extensions>
      </trkpt>
      <trkpt lat="24.4879954867064952850341796875" lon="118.10971350409090518951416015625">
        <ele>2.7999999523162841796875</ele>
        <time>2025-02-23T09:50:31.000Z</time>
        <extensions>
          <ns3:TrackPointExtension>
            <ns3:hr>137</ns3:hr>
          </ns3:TrackPointExtension>
        </extensions>
      </trkpt>
      <trkpt lat="24.4880159385502338409423828125" lon="118.10970294289290904998779296875">
        <ele>2.7999999523162841796875</ele>
        <time>2025-02-23T09:50:32.000Z</time>
        <extensions>
          <ns3:TrackPointExtension>
            <ns3:hr>137</ns3:hr>
          </ns3:TrackPointExtension>
        </extensions>
      </trkpt>
      <trkpt lat="24.48803680948913097381591796875" lon="118.1096921302378177642822265625">
        <ele>2.7999999523162841796875</ele>
        <time>2025-02-23T09:50:33.000Z</time>
        <extensions>
          <ns3:TrackPointExtension>
            <ns3:hr>138</ns3:hr>
          </ns3:TrackPointExtension>
        </extensions>
      </trkpt>
      <trkpt lat="24.488058350980281829833984375" lon="118.10968131758272647857666015625">
        <ele>2.7999999523162841796875</ele>
        <time>2025-02-23T09:50:34.000Z</time>
        <extensions>
          <ns3:TrackPointExtension>
            <ns3:hr>138</ns3:hr>
          </ns3:TrackPointExtension>
        </extensions>
      </trkpt>
      <trkpt lat="24.4880799762904644012451171875" lon="118.1096706725656986236572265625">
        <ele>2.7999999523162841796875</ele>
        <time>2025-02-23T09:50:35.000Z</time>
        <extensions>
          <ns3:TrackPointExtension>
            <ns3:hr>138</ns3:hr>
          </ns3:TrackPointExtension>
        </extensions>
      </trkpt>
      <trkpt lat="24.48810118250548839569091796875" lon="118.109660111367702484130859375">
        <ele>3</ele>
        <time>2025-02-23T09:50:36.000Z</time>
        <extensions>
          <ns3:TrackPointExtension>
            <ns3:hr>138</ns3:hr>
          </ns3:TrackPointExtension>
        </extensions>
      </trkpt>
      <trkpt lat="24.48812238872051239013671875" lon="118.10964946635067462921142578125">
        <ele>3.2000000476837158203125</ele>
        <time>2025-02-23T09:50:37.000Z</time>
        <extensions>
          <ns3:TrackPointExtension>
            <ns3:hr>138</ns3:hr>
          </ns3:TrackPointExtension>
        </extensions>
      </trkpt>
      <trkpt lat="24.48814359493553638458251953125" lon="118.10963823460042476654052734375">
        <ele>3.400000095367431640625</ele>
        <time>2025-02-23T09:50:38.000Z</time>
        <extensions>
          <ns3:TrackPointExtension>
            <ns3:hr>138</ns3:hr>
          </ns3:TrackPointExtension>
        </extensions>
      </trkpt>
      <trkpt lat="24.4881644658744335174560546875" lon="118.109626583755016326904296875">
        <ele>3.599999904632568359375</ele>
        <time>2025-02-23T09:50:39.000Z</time>
        <extensions>
          <ns3:TrackPointExtension>
            <ns3:hr>137</ns3:hr>
          </ns3:TrackPointExtension>
        </extensions>
      </trkpt>
      <trkpt lat="24.488184750080108642578125" lon="118.1096146814525127410888671875">
        <ele>4</ele>
        <time>2025-02-23T09:50:40.000Z</time>
        <extensions>
          <ns3:TrackPointExtension>
            <ns3:hr>137</ns3:hr>
          </ns3:TrackPointExtension>
        </extensions>
      </trkpt>
      <trkpt lat="24.48820461519062519073486328125" lon="118.1096032820641994476318359375">
        <ele>4.400000095367431640625</ele>
        <time>2025-02-23T09:50:41.000Z</time>
        <extensions>
          <ns3:TrackPointExtension>
            <ns3:hr>137</ns3:hr>
          </ns3:TrackPointExtension>
        </extensions>
      </trkpt>
      <trkpt lat="24.4882241450250148773193359375" lon="118.10959272086620330810546875">
        <ele>4.80000019073486328125</ele>
        <time>2025-02-23T09:50:42.000Z</time>
        <extensions>
          <ns3:TrackPointExtension>
            <ns3:hr>137</ns3:hr>
          </ns3:TrackPointExtension>
        </extensions>
      </trkpt>
      <trkpt lat="24.4882435910403728485107421875" lon="118.10958308167755603790283203125">
        <ele>5.19999980926513671875</ele>
        <time>2025-02-23T09:50:43.000Z</time>
        <extensions>
          <ns3:TrackPointExtension>
            <ns3:hr>137</ns3:hr>
          </ns3:TrackPointExtension>
        </extensions>
      </trkpt>
      <trkpt lat="24.48826194740831851959228515625" lon="118.10957419686019420623779296875">
        <ele>5.400000095367431640625</ele>
        <time>2025-02-23T09:50:44.000Z</time>
        <extensions>
          <ns3:TrackPointExtension>
            <ns3:hr>137</ns3:hr>
          </ns3:TrackPointExtension>
        </extensions>
      </trkpt>
      <trkpt lat="24.48827904649078845977783203125" lon="118.1095664016902446746826171875">
        <ele>5.80000019073486328125</ele>
        <time>2025-02-23T09:50:45.000Z</time>
        <extensions>
          <ns3:TrackPointExtension>
            <ns3:hr>137</ns3:hr>
          </ns3:TrackPointExtension>
        </extensions>
      </trkpt>
      <trkpt lat="24.488296397030353546142578125" lon="118.10955977998673915863037109375">
        <ele>6</ele>
        <time>2025-02-23T09:50:46.000Z</time>
        <extensions>
          <ns3:TrackPointExtension>
            <ns3:hr>137</ns3:hr>
          </ns3:TrackPointExtension>
        </extensions>
      </trkpt>
      <trkpt lat="24.48831324465572834014892578125" lon="118.109554164111614227294921875">
        <ele>6.19999980926513671875</ele>
        <time>2025-02-23T09:50:47.000Z</time>
        <extensions>
          <ns3:TrackPointExtension>
            <ns3:hr>137</ns3:hr>
          </ns3:TrackPointExtension>
        </extensions>
      </trkpt>
      <trkpt lat="24.48832849971950054168701171875" lon="118.109547793865203857421875">
        <ele>6.400000095367431640625</ele>
        <time>2025-02-23T09:50:48.000Z</time>
        <extensions>
          <ns3:TrackPointExtension>
            <ns3:hr>137</ns3:hr>
          </ns3:TrackPointExtension>
        </extensions>
      </trkpt>
      <trkpt lat="24.48834274895489215850830078125" lon="118.1095382384955883026123046875">
        <ele>6.599999904632568359375</ele>
        <time>2025-02-23T09:50:49.000Z</time>
        <extensions>
          <ns3:TrackPointExtension>
            <ns3:hr>137</ns3:hr>
          </ns3:TrackPointExtension>
        </extensions>
      </trkpt>
      <trkpt lat="24.488355405628681182861328125" lon="118.10952700674533843994140625">
        <ele>6.80000019073486328125</ele>
        <time>2025-02-23T09:50:50.000Z</time>
        <extensions>
          <ns3:TrackPointExtension>
            <ns3:hr>137</ns3:hr>
          </ns3:TrackPointExtension>
        </extensions>
      </trkpt>
      <trkpt lat="24.48836512863636016845703125" lon="118.10951736755669116973876953125">
        <ele>7</ele>
        <time>2025-02-23T09:50:51.000Z</time>
        <extensions>
          <ns3:TrackPointExtension>
            <ns3:hr>137</ns3:hr>
          </ns3:TrackPointExtension>
        </extensions>
      </trkpt>
      <trkpt lat="24.4883711636066436767578125" lon="118.10950865037739276885986328125">
        <ele>7.19999980926513671875</ele>
        <time>2025-02-23T09:50:52.000Z</time>
        <extensions>
          <ns3:TrackPointExtension>
            <ns3:hr>137</ns3:hr>
          </ns3:TrackPointExtension>
        </extensions>
      </trkpt>
      <trkpt lat="24.4883740134537220001220703125" lon="118.10949892736971378326416015625">
        <ele>7.19999980926513671875</ele>
        <time>2025-02-23T09:50:53.000Z</time>
        <extensions>
          <ns3:TrackPointExtension>
            <ns3:hr>137</ns3:hr>
          </ns3:TrackPointExtension>
        </extensions>
      </trkpt>
      <trkpt lat="24.48837543837726116180419921875" lon="118.1094886176288127899169921875">
        <ele>7.19999980926513671875</ele>
        <time>2025-02-23T09:50:54.000Z</time>
        <extensions>
          <ns3:TrackPointExtension>
            <ns3:hr>137</ns3:hr>
          </ns3:TrackPointExtension>
        </extensions>
      </trkpt>
      <trkpt lat="24.488376192748546600341796875" lon="118.10947872698307037353515625">
        <ele>7.19999980926513671875</ele>
        <time>2025-02-23T09:50:55.000Z</time>
        <extensions>
          <ns3:TrackPointExtension>
            <ns3:hr>137</ns3:hr>
          </ns3:TrackPointExtension>
        </extensions>
      </trkpt>
      <trkpt lat="24.48837661184370517730712890625" lon="118.109470345079898834228515625">
        <ele>7.19999980926513671875</ele>
        <time>2025-02-23T09:50:56.000Z</time>
        <extensions>
          <ns3:TrackPointExtension>
            <ns3:hr>137</ns3:hr>
          </ns3:TrackPointExtension>
        </extensions>
      </trkpt>
      <trkpt lat="24.48837745003402233123779296875" lon="118.1094621308147907257080078125">
        <ele>7.19999980926513671875</ele>
        <time>2025-02-23T09:50:57.000Z</time>
        <extensions>
          <ns3:TrackPointExtension>
            <ns3:hr>135</ns3:hr>
          </ns3:TrackPointExtension>
        </extensions>
      </trkpt>
      <trkpt lat="24.48837812058627605438232421875" lon="118.10945265926420688629150390625">
        <ele>7.19999980926513671875</ele>
        <time>2025-02-23T09:50:58.000Z</time>
        <extensions>
          <ns3:TrackPointExtension>
            <ns3:hr>135</ns3:hr>
          </ns3:TrackPointExtension>
        </extensions>
      </trkpt>
      <trkpt lat="24.4883777014911174774169921875" lon="118.10944176279008388519287109375">
        <ele>7.19999980926513671875</ele>
        <time>2025-02-23T09:50:59.000Z</time>
        <extensions>
          <ns3:TrackPointExtension>
            <ns3:hr>135</ns3:hr>
          </ns3:TrackPointExtension>
        </extensions>
      </trkpt>
      <trkpt lat="24.48837560601532459259033203125" lon="118.10942918993532657623291015625">
        <ele>7.19999980926513671875</ele>
        <time>2025-02-23T09:51:00.000Z</time>
        <extensions>
          <ns3:TrackPointExtension>
            <ns3:hr>134</ns3:hr>
          </ns3:TrackPointExtension>
        </extensions>
      </trkpt>
      <trkpt lat="24.48837225325405597686767578125" lon="118.10941544361412525177001953125">
        <ele>7.19999980926513671875</ele>
        <time>2025-02-23T09:51:01.000Z</time>
        <extensions>
          <ns3:TrackPointExtension>
            <ns3:hr>134</ns3:hr>
          </ns3:TrackPointExtension>
        </extensions>
      </trkpt>
      <trkpt lat="24.4883684813976287841796875" lon="118.109401948750019073486328125">
        <ele>7.19999980926513671875</ele>
        <time>2025-02-23T09:51:02.000Z</time>
        <extensions>
          <ns3:TrackPointExtension>
            <ns3:hr>134</ns3:hr>
          </ns3:TrackPointExtension>
        </extensions>
      </trkpt>
      <trkpt lat="24.48836554773151874542236328125" lon="118.10938929207623004913330078125">
        <ele>7.19999980926513671875</ele>
        <time>2025-02-23T09:51:03.000Z</time>
        <extensions>
          <ns3:TrackPointExtension>
            <ns3:hr>132</ns3:hr>
          </ns3:TrackPointExtension>
        </extensions>
      </trkpt>
      <trkpt lat="24.4883626140654087066650390625" lon="118.10937537811696529388427734375">
        <ele>7</ele>
        <time>2025-02-23T09:51:04.000Z</time>
        <extensions>
          <ns3:TrackPointExtension>
            <ns3:hr>132</ns3:hr>
          </ns3:TrackPointExtension>
        </extensions>
      </trkpt>
      <trkpt lat="24.4883582554757595062255859375" lon="118.10935693792998790740966796875">
        <ele>7</ele>
        <time>2025-02-23T09:51:05.000Z</time>
        <extensions>
          <ns3:TrackPointExtension>
            <ns3:hr>132</ns3:hr>
          </ns3:TrackPointExtension>
        </extensions>
      </trkpt>
      <trkpt lat="24.48835196904838085174560546875" lon="118.10933229513466358184814453125">
        <ele>7</ele>
        <time>2025-02-23T09:51:06.000Z</time>
        <extensions>
          <ns3:TrackPointExtension>
            <ns3:hr>132</ns3:hr>
          </ns3:TrackPointExtension>
        </extensions>
      </trkpt>
      <trkpt lat="24.4883441738784313201904296875" lon="118.10930262319743633270263671875">
        <ele>6.80000019073486328125</ele>
        <time>2025-02-23T09:51:07.000Z</time>
        <extensions>
          <ns3:TrackPointExtension>
            <ns3:hr>132</ns3:hr>
          </ns3:TrackPointExtension>
        </extensions>
      </trkpt>
      <trkpt lat="24.48833587579429149627685546875" lon="118.1092703528702259063720703125">
        <ele>6.80000019073486328125</ele>
        <time>2025-02-23T09:51:08.000Z</time>
        <extensions>
          <ns3:TrackPointExtension>
            <ns3:hr>133</ns3:hr>
          </ns3:TrackPointExtension>
        </extensions>
      </trkpt>
      <trkpt lat="24.4883274100720882415771484375" lon="118.10923825018107891082763671875">
        <ele>6.80000019073486328125</ele>
        <time>2025-02-23T09:51:09.000Z</time>
        <extensions>
          <ns3:TrackPointExtension>
            <ns3:hr>133</ns3:hr>
          </ns3:TrackPointExtension>
        </extensions>
      </trkpt>
      <trkpt lat="24.4883186928927898406982421875" lon="118.1092076562345027923583984375">
        <ele>6.599999904632568359375</ele>
        <time>2025-02-23T09:51:10.000Z</time>
        <extensions>
          <ns3:TrackPointExtension>
            <ns3:hr>133</ns3:hr>
          </ns3:TrackPointExtension>
        </extensions>
      </trkpt>
      <trkpt lat="24.48830989189445972442626953125" lon="118.1091788224875926971435546875">
        <ele>6.599999904632568359375</ele>
        <time>2025-02-23T09:51:11.000Z</time>
        <extensions>
          <ns3:TrackPointExtension>
            <ns3:hr>133</ns3:hr>
          </ns3:TrackPointExtension>
        </extensions>
      </trkpt>
      <trkpt lat="24.48830167762935161590576171875" lon="118.10915149748325347900390625">
        <ele>6.599999904632568359375</ele>
        <time>2025-02-23T09:51:12.000Z</time>
        <extensions>
          <ns3:TrackPointExtension>
            <ns3:hr>133</ns3:hr>
          </ns3:TrackPointExtension>
        </extensions>
      </trkpt>
      <trkpt lat="24.488293714821338653564453125" lon="118.1091245077550411224365234375">
        <ele>6.80000019073486328125</ele>
        <time>2025-02-23T09:51:13.000Z</time>
        <extensions>
          <ns3:TrackPointExtension>
            <ns3:hr>133</ns3:hr>
          </ns3:TrackPointExtension>
        </extensions>
      </trkpt>
      <trkpt lat="24.4882855005562305450439453125" lon="118.10909676365554332733154296875">
        <ele>6.80000019073486328125</ele>
        <time>2025-02-23T09:51:14.000Z</time>
        <extensions>
          <ns3:TrackPointExtension>
            <ns3:hr>133</ns3:hr>
          </ns3:TrackPointExtension>
        </extensions>
      </trkpt>
      <trkpt lat="24.48827636428177356719970703125" lon="118.109068013727664947509765625">
        <ele>6.80000019073486328125</ele>
        <time>2025-02-23T09:51:15.000Z</time>
        <extensions>
          <ns3:TrackPointExtension>
            <ns3:hr>133</ns3:hr>
          </ns3:TrackPointExtension>
        </extensions>
      </trkpt>
      <trkpt lat="24.488266892731189727783203125" lon="118.10903892852365970611572265625">
        <ele>6.80000019073486328125</ele>
        <time>2025-02-23T09:51:16.000Z</time>
        <extensions>
          <ns3:TrackPointExtension>
            <ns3:hr>133</ns3:hr>
          </ns3:TrackPointExtension>
        </extensions>
      </trkpt>
      <trkpt lat="24.48825842700898647308349609375" lon="118.10901059769093990325927734375">
        <ele>6.80000019073486328125</ele>
        <time>2025-02-23T09:51:17.000Z</time>
        <extensions>
          <ns3:TrackPointExtension>
            <ns3:hr>134</ns3:hr>
          </ns3:TrackPointExtension>
        </extensions>
      </trkpt>
      <trkpt lat="24.48825113475322723388671875" lon="118.10898385941982269287109375">
        <ele>6.80000019073486328125</ele>
        <time>2025-02-23T09:51:18.000Z</time>
        <extensions>
          <ns3:TrackPointExtension>
            <ns3:hr>134</ns3:hr>
          </ns3:TrackPointExtension>
        </extensions>
      </trkpt>
      <trkpt lat="24.48824451304972171783447265625" lon="118.10895913280546665191650390625">
        <ele>6.80000019073486328125</ele>
        <time>2025-02-23T09:51:19.000Z</time>
        <extensions>
          <ns3:TrackPointExtension>
            <ns3:hr>134</ns3:hr>
          </ns3:TrackPointExtension>
        </extensions>
      </trkpt>
      <trkpt lat="24.48823831044137477874755859375" lon="118.1089357472956180572509765625">
        <ele>6.80000019073486328125</ele>
        <time>2025-02-23T09:51:20.000Z</time>
        <extensions>
          <ns3:TrackPointExtension>
            <ns3:hr>135</ns3:hr>
          </ns3:TrackPointExtension>
        </extensions>
      </trkpt>
      <trkpt lat="24.48823227547109127044677734375" lon="118.1089139543473720550537109375">
        <ele>7</ele>
        <time>2025-02-23T09:51:21.000Z</time>
        <extensions>
          <ns3:TrackPointExtension>
            <ns3:hr>135</ns3:hr>
          </ns3:TrackPointExtension>
        </extensions>
      </trkpt>
      <trkpt lat="24.48822640813887119293212890625" lon="118.10889459215104579925537109375">
        <ele>7.19999980926513671875</ele>
        <time>2025-02-23T09:51:22.000Z</time>
        <extensions>
          <ns3:TrackPointExtension>
            <ns3:hr>135</ns3:hr>
          </ns3:TrackPointExtension>
        </extensions>
      </trkpt>
      <trkpt lat="24.48822204954922199249267578125" lon="118.10887883417308330535888671875">
        <ele>7.19999980926513671875</ele>
        <time>2025-02-23T09:51:23.000Z</time>
        <extensions>
          <ns3:TrackPointExtension>
            <ns3:hr>135</ns3:hr>
          </ns3:TrackPointExtension>
        </extensions>
      </trkpt>
      <trkpt lat="24.4882207922637462615966796875" lon="118.10886810533702373504638671875">
        <ele>7.400000095367431640625</ele>
        <time>2025-02-23T09:51:24.000Z</time>
        <extensions>
          <ns3:TrackPointExtension>
            <ns3:hr>135</ns3:hr>
          </ns3:TrackPointExtension>
        </extensions>
      </trkpt>
      <trkpt lat="24.48822272010147571563720703125" lon="118.10886274091899394989013671875">
        <ele>7.400000095367431640625</ele>
        <time>2025-02-23T09:51:25.000Z</time>
        <extensions>
          <ns3:TrackPointExtension>
            <ns3:hr>135</ns3:hr>
          </ns3:TrackPointExtension>
        </extensions>
      </trkpt>
      <trkpt lat="24.48822699487209320068359375" lon="118.1088596396148204803466796875">
        <ele>7.599999904632568359375</ele>
        <time>2025-02-23T09:51:26.000Z</time>
        <extensions>
          <ns3:TrackPointExtension>
            <ns3:hr>135</ns3:hr>
          </ns3:TrackPointExtension>
        </extensions>
      </trkpt>
      <trkpt lat="24.488231353461742401123046875" lon="118.108855783939361572265625">
        <ele>7.599999904632568359375</ele>
        <time>2025-02-23T09:51:27.000Z</time>
        <extensions>
          <ns3:TrackPointExtension>
            <ns3:hr>135</ns3:hr>
          </ns3:TrackPointExtension>
        </extensions>
      </trkpt>
      <trkpt lat="24.48823445476591587066650390625" lon="118.1088517606258392333984375">
        <ele>7.80000019073486328125</ele>
        <time>2025-02-23T09:51:28.000Z</time>
        <extensions>
          <ns3:TrackPointExtension>
            <ns3:hr>135</ns3:hr>
          </ns3:TrackPointExtension>
        </extensions>
      </trkpt>
      <trkpt lat="24.4882365502417087554931640625" lon="118.10884974896907806396484375">
        <ele>7.80000019073486328125</ele>
        <time>2025-02-23T09:51:29.000Z</time>
        <extensions>
          <ns3:TrackPointExtension>
            <ns3:hr>135</ns3:hr>
          </ns3:TrackPointExtension>
        </extensions>
      </trkpt>
      <trkpt lat="24.48823780752718448638916015625" lon="118.10884966515004634857177734375">
        <ele>7.80000019073486328125</ele>
        <time>2025-02-23T09:51:30.000Z</time>
        <extensions>
          <ns3:TrackPointExtension>
            <ns3:hr>135</ns3:hr>
          </ns3:TrackPointExtension>
        </extensions>
      </trkpt>
      <trkpt lat="24.48823797516524791717529296875" lon="118.10884916223585605621337890625">
        <ele>7.80000019073486328125</ele>
        <time>2025-02-23T09:51:31.000Z</time>
        <extensions>
          <ns3:TrackPointExtension>
            <ns3:hr>135</ns3:hr>
          </ns3:TrackPointExtension>
        </extensions>
      </trkpt>
      <trkpt lat="24.48823646642267704010009765625" lon="118.1088465638458728790283203125">
        <ele>7.80000019073486328125</ele>
        <time>2025-02-23T09:51:32.000Z</time>
        <extensions>
          <ns3:TrackPointExtension>
            <ns3:hr>135</ns3:hr>
          </ns3:TrackPointExtension>
        </extensions>
      </trkpt>
      <trkpt lat="24.4882342033088207244873046875" lon="118.10884145088493824005126953125">
        <ele>7.80000019073486328125</ele>
        <time>2025-02-23T09:51:33.000Z</time>
        <extensions>
          <ns3:TrackPointExtension>
            <ns3:hr>135</ns3:hr>
          </ns3:TrackPointExtension>
        </extensions>
      </trkpt>
      <trkpt lat="24.48823160491883754730224609375" lon="118.1088351644575595855712890625">
        <ele>7.80000019073486328125</ele>
        <time>2025-02-23T09:51:34.000Z</time>
        <extensions>
          <ns3:TrackPointExtension>
            <ns3:hr>135</ns3:hr>
          </ns3:TrackPointExtension>
        </extensions>
      </trkpt>
      <trkpt lat="24.4882281683385372161865234375" lon="118.10882871039211750030517578125">
        <ele>7.80000019073486328125</ele>
        <time>2025-02-23T09:51:35.000Z</time>
        <extensions>
          <ns3:TrackPointExtension>
            <ns3:hr>130</ns3:hr>
          </ns3:TrackPointExtension>
        </extensions>
      </trkpt>
      <trkpt lat="24.48822456412017345428466796875" lon="118.108821921050548553466796875">
        <ele>8</ele>
        <time>2025-02-23T09:51:36.000Z</time>
        <extensions>
          <ns3:TrackPointExtension>
            <ns3:hr>130</ns3:hr>
          </ns3:TrackPointExtension>
        </extensions>
      </trkpt>
      <trkpt lat="24.48822121135890483856201171875" lon="118.10881446115672588348388671875">
        <ele>8</ele>
        <time>2025-02-23T09:51:37.000Z</time>
        <extensions>
          <ns3:TrackPointExtension>
            <ns3:hr>130</ns3:hr>
          </ns3:TrackPointExtension>
        </extensions>
      </trkpt>
      <trkpt lat="24.4882181100547313690185546875" lon="118.10880607925355434417724609375">
        <ele>8</ele>
        <time>2025-02-23T09:51:38.000Z</time>
        <extensions>
          <ns3:TrackPointExtension>
            <ns3:hr>130</ns3:hr>
          </ns3:TrackPointExtension>
        </extensions>
      </trkpt>
      <trkpt lat="24.48821567930281162261962890625" lon="118.1087972782552242279052734375">
        <ele>8.19999980926513671875</ele>
        <time>2025-02-23T09:51:39.000Z</time>
        <extensions>
          <ns3:TrackPointExtension>
            <ns3:hr>130</ns3:hr>
          </ns3:TrackPointExtension>
        </extensions>
      </trkpt>
      <trkpt lat="24.48821400292217731475830078125" lon="118.108788393437862396240234375">
        <ele>8.19999980926513671875</ele>
        <time>2025-02-23T09:51:40.000Z</time>
        <extensions>
          <ns3:TrackPointExtension>
            <ns3:hr>130</ns3:hr>
          </ns3:TrackPointExtension>
        </extensions>
      </trkpt>
      <trkpt lat="24.48821224272251129150390625" lon="118.1087798438966274261474609375">
        <ele>8.19999980926513671875</ele>
        <time>2025-02-23T09:51:41.000Z</time>
        <extensions>
          <ns3:TrackPointExtension>
            <ns3:hr>130</ns3:hr>
          </ns3:TrackPointExtension>
        </extensions>
      </trkpt>
      <trkpt lat="24.488209895789623260498046875" lon="118.10877137817442417144775390625">
        <ele>8.3999996185302734375</ele>
        <time>2025-02-23T09:51:42.000Z</time>
        <extensions>
          <ns3:TrackPointExtension>
            <ns3:hr>125</ns3:hr>
          </ns3:TrackPointExtension>
        </extensions>
      </trkpt>
      <trkpt lat="24.488207213580608367919921875" lon="118.10876249335706233978271484375">
        <ele>8.3999996185302734375</ele>
        <time>2025-02-23T09:51:43.000Z</time>
        <extensions>
          <ns3:TrackPointExtension>
            <ns3:hr>125</ns3:hr>
          </ns3:TrackPointExtension>
        </extensions>
      </trkpt>
      <trkpt lat="24.4882046990096569061279296875" lon="118.10875318944454193115234375">
        <ele>8.3999996185302734375</ele>
        <time>2025-02-23T09:51:44.000Z</time>
        <extensions>
          <ns3:TrackPointExtension>
            <ns3:hr>125</ns3:hr>
          </ns3:TrackPointExtension>
        </extensions>
      </trkpt>
      <trkpt lat="24.48820260353386402130126953125" lon="118.10874438844621181488037109375">
        <ele>8.6000003814697265625</ele>
        <time>2025-02-23T09:51:45.000Z</time>
        <extensions>
          <ns3:TrackPointExtension>
            <ns3:hr>125</ns3:hr>
          </ns3:TrackPointExtension>
        </extensions>
      </trkpt>
      <trkpt lat="24.488200508058071136474609375" lon="118.1087359227240085601806640625">
        <ele>8.6000003814697265625</ele>
        <time>2025-02-23T09:51:46.000Z</time>
        <extensions>
          <ns3:TrackPointExtension>
            <ns3:hr>125</ns3:hr>
          </ns3:TrackPointExtension>
        </extensions>
      </trkpt>
      <trkpt lat="24.48819816112518310546875" lon="118.1087272055447101593017578125">
        <ele>8.6000003814697265625</ele>
        <time>2025-02-23T09:51:47.000Z</time>
        <extensions>
          <ns3:TrackPointExtension>
            <ns3:hr>124</ns3:hr>
          </ns3:TrackPointExtension>
        </extensions>
      </trkpt>
      <trkpt lat="24.48819556273519992828369140625" lon="118.10871890746057033538818359375">
        <ele>8.80000019073486328125</ele>
        <time>2025-02-23T09:51:48.000Z</time>
        <extensions>
          <ns3:TrackPointExtension>
            <ns3:hr>118</ns3:hr>
          </ns3:TrackPointExtension>
        </extensions>
      </trkpt>
      <trkpt lat="24.48819321580231189727783203125" lon="118.10871136374771595001220703125">
        <ele>8.80000019073486328125</ele>
        <time>2025-02-23T09:51:49.000Z</time>
        <extensions>
          <ns3:TrackPointExtension>
            <ns3:hr>118</ns3:hr>
          </ns3:TrackPointExtension>
        </extensions>
      </trkpt>
      <trkpt lat="24.4881916232407093048095703125" lon="118.10870490968227386474609375">
        <ele>8.80000019073486328125</ele>
        <time>2025-02-23T09:51:50.000Z</time>
        <extensions>
          <ns3:TrackPointExtension>
            <ns3:hr>118</ns3:hr>
          </ns3:TrackPointExtension>
        </extensions>
      </trkpt>
      <trkpt lat="24.48819070123136043548583984375" lon="118.10869912616908550262451171875">
        <ele>8.80000019073486328125</ele>
        <time>2025-02-23T09:51:51.000Z</time>
        <extensions>
          <ns3:TrackPointExtension>
            <ns3:hr>118</ns3:hr>
          </ns3:TrackPointExtension>
        </extensions>
      </trkpt>
      <trkpt lat="24.4881902821362018585205078125" lon="118.10869426466524600982666015625">
        <ele>9</ele>
        <time>2025-02-23T09:51:52.000Z</time>
        <extensions>
          <ns3:TrackPointExtension>
            <ns3:hr>118</ns3:hr>
          </ns3:TrackPointExtension>
        </extensions>
      </trkpt>
      <trkpt lat="24.4881902821362018585205078125" lon="118.10869091190397739410400390625">
        <ele>9</ele>
        <time>2025-02-23T09:51:53.000Z</time>
        <extensions>
          <ns3:TrackPointExtension>
            <ns3:hr>118</ns3:hr>
          </ns3:TrackPointExtension>
        </extensions>
      </trkpt>
      <trkpt lat="24.48819036595523357391357421875" lon="118.10868873260915279388427734375">
        <ele>9</ele>
        <time>2025-02-23T09:51:54.000Z</time>
        <extensions>
          <ns3:TrackPointExtension>
            <ns3:hr>118</ns3:hr>
          </ns3:TrackPointExtension>
        </extensions>
      </trkpt>
      <trkpt lat="24.488190449774265289306640625" lon="118.10868722386658191680908203125">
        <ele>9</ele>
        <time>2025-02-23T09:51:55.000Z</time>
        <extensions>
          <ns3:TrackPointExtension>
            <ns3:hr>118</ns3:hr>
          </ns3:TrackPointExtension>
        </extensions>
      </trkpt>
      <trkpt lat="24.4881906174123287200927734375" lon="118.1086856313049793243408203125">
        <ele>9</ele>
        <time>2025-02-23T09:51:56.000Z</time>
        <extensions>
          <ns3:TrackPointExtension>
            <ns3:hr>116</ns3:hr>
          </ns3:TrackPointExtension>
        </extensions>
      </trkpt>
      <trkpt lat="24.48819086886942386627197265625" lon="118.1086839549243450164794921875">
        <ele>9</ele>
        <time>2025-02-23T09:51:57.000Z</time>
        <extensions>
          <ns3:TrackPointExtension>
            <ns3:hr>116</ns3:hr>
          </ns3:TrackPointExtension>
        </extensions>
      </trkpt>
      <trkpt lat="24.488191120326519012451171875" lon="118.1086826138198375701904296875">
        <ele>9</ele>
        <time>2025-02-23T09:51:58.000Z</time>
        <extensions>
          <ns3:TrackPointExtension>
            <ns3:hr>116</ns3:hr>
          </ns3:TrackPointExtension>
        </extensions>
      </trkpt>
      <trkpt lat="24.48819137178361415863037109375" lon="118.1086819432675838470458984375">
        <ele>9</ele>
        <time>2025-02-23T09:51:59.000Z</time>
        <extensions>
          <ns3:TrackPointExtension>
            <ns3:hr>108</ns3:hr>
          </ns3:TrackPointExtension>
        </extensions>
      </trkpt>
      <trkpt lat="24.4881916232407093048095703125" lon="118.108681775629520416259765625">
        <ele>9</ele>
        <time>2025-02-23T09:52:00.000Z</time>
        <extensions>
          <ns3:TrackPointExtension>
            <ns3:hr>108</ns3:hr>
          </ns3:TrackPointExtension>
        </extensions>
      </trkpt>
      <trkpt lat="24.48819187469780445098876953125" lon="118.10868169181048870086669921875">
        <ele>9</ele>
        <time>2025-02-23T09:52:01.000Z</time>
        <extensions>
          <ns3:TrackPointExtension>
            <ns3:hr>108</ns3:hr>
          </ns3:TrackPointExtension>
        </extensions>
      </trkpt>
      <trkpt lat="24.4881922937929630279541015625" lon="118.10868135653436183929443359375">
        <ele>9</ele>
        <time>2025-02-23T09:52:02.000Z</time>
        <extensions>
          <ns3:TrackPointExtension>
            <ns3:hr>108</ns3:hr>
          </ns3:TrackPointExtension>
        </extensions>
      </trkpt>
      <trkpt lat="24.48819288052618503570556640625" lon="118.10868051834404468536376953125">
        <ele>9.19999980926513671875</ele>
        <time>2025-02-23T09:52:03.000Z</time>
        <extensions>
          <ns3:TrackPointExtension>
            <ns3:hr>108</ns3:hr>
          </ns3:TrackPointExtension>
        </extensions>
      </trkpt>
      <trkpt lat="24.48819355107843875885009765625" lon="118.10867942869663238525390625">
        <ele>9.19999980926513671875</ele>
        <time>2025-02-23T09:52:04.000Z</time>
        <extensions>
          <ns3:TrackPointExtension>
            <ns3:hr>105</ns3:hr>
          </ns3:TrackPointExtension>
        </extensions>
      </trkpt>
      <trkpt lat="24.4881943054497241973876953125" lon="118.10867833904922008514404296875">
        <ele>9.19999980926513671875</ele>
        <time>2025-02-23T09:52:05.000Z</time>
        <extensions>
          <ns3:TrackPointExtension>
            <ns3:hr>105</ns3:hr>
          </ns3:TrackPointExtension>
        </extensions>
      </trkpt>
      <trkpt lat="24.4881949760019779205322265625" lon="118.1086772494018077850341796875">
        <ele>9.19999980926513671875</ele>
        <time>2025-02-23T09:52:06.000Z</time>
        <extensions>
          <ns3:TrackPointExtension>
            <ns3:hr>105</ns3:hr>
          </ns3:TrackPointExtension>
        </extensions>
      </trkpt>
      <trkpt lat="24.4881956465542316436767578125" lon="118.10867582447826862335205078125">
        <ele>9.19999980926513671875</ele>
        <time>2025-02-23T09:52:07.000Z</time>
        <extensions>
          <ns3:TrackPointExtension>
            <ns3:hr>105</ns3:hr>
          </ns3:TrackPointExtension>
        </extensions>
      </trkpt>
      <trkpt lat="24.48819606564939022064208984375" lon="118.10867431573569774627685546875">
        <ele>9.19999980926513671875</ele>
        <time>2025-02-23T09:52:08.000Z</time>
        <extensions>
          <ns3:TrackPointExtension>
            <ns3:hr>105</ns3:hr>
          </ns3:TrackPointExtension>
        </extensions>
      </trkpt>
      <trkpt lat="24.48819623328745365142822265625" lon="118.10867280699312686920166015625">
        <ele>9.19999980926513671875</ele>
        <time>2025-02-23T09:52:09.000Z</time>
        <extensions>
          <ns3:TrackPointExtension>
            <ns3:hr>105</ns3:hr>
          </ns3:TrackPointExtension>
        </extensions>
      </trkpt>
      <trkpt lat="24.48819606564939022064208984375" lon="118.10867180116474628448486328125">
        <ele>9.19999980926513671875</ele>
        <time>2025-02-23T09:52:10.000Z</time>
        <extensions>
          <ns3:TrackPointExtension>
            <ns3:hr>105</ns3:hr>
          </ns3:TrackPointExtension>
        </extensions>
      </trkpt>
      <trkpt lat="24.48819573037326335906982421875" lon="118.10867113061249256134033203125">
        <ele>9.19999980926513671875</ele>
        <time>2025-02-23T09:52:11.000Z</time>
        <extensions>
          <ns3:TrackPointExtension>
            <ns3:hr>105</ns3:hr>
          </ns3:TrackPointExtension>
        </extensions>
      </trkpt>
      <trkpt lat="24.488195143640041351318359375" lon="118.1086702086031436920166015625">
        <ele>9.19999980926513671875</ele>
        <time>2025-02-23T09:52:12.000Z</time>
        <extensions>
          <ns3:TrackPointExtension>
            <ns3:hr>104</ns3:hr>
          </ns3:TrackPointExtension>
        </extensions>
      </trkpt>
      <trkpt lat="24.4881939701735973358154296875" lon="118.1086685322225093841552734375">
        <ele>9.19999980926513671875</ele>
        <time>2025-02-23T09:52:13.000Z</time>
        <extensions>
          <ns3:TrackPointExtension>
            <ns3:hr>104</ns3:hr>
          </ns3:TrackPointExtension>
        </extensions>
      </trkpt>
      <trkpt lat="24.48819187469780445098876953125" lon="118.1086655147373676300048828125">
        <ele>9.19999980926513671875</ele>
        <time>2025-02-23T09:52:14.000Z</time>
        <extensions>
          <ns3:TrackPointExtension>
            <ns3:hr>104</ns3:hr>
          </ns3:TrackPointExtension>
        </extensions>
      </trkpt>
      <trkpt lat="24.488188438117504119873046875" lon="118.1086614914238452911376953125">
        <ele>9.19999980926513671875</ele>
        <time>2025-02-23T09:52:15.000Z</time>
        <extensions>
          <ns3:TrackPointExtension>
            <ns3:hr>104</ns3:hr>
          </ns3:TrackPointExtension>
        </extensions>
      </trkpt>
      <trkpt lat="24.488183744251728057861328125" lon="118.10865662992000579833984375">
        <ele>9.19999980926513671875</ele>
        <time>2025-02-23T09:52:16.000Z</time>
        <extensions>
          <ns3:TrackPointExtension>
            <ns3:hr>103</ns3:hr>
          </ns3:TrackPointExtension>
        </extensions>
      </trkpt>
      <trkpt lat="24.48817871510982513427734375" lon="118.10865118168294429779052734375">
        <ele>9.19999980926513671875</ele>
        <time>2025-02-23T09:52:17.000Z</time>
        <extensions>
          <ns3:TrackPointExtension>
            <ns3:hr>103</ns3:hr>
          </ns3:TrackPointExtension>
        </extensions>
      </trkpt>
      <trkpt lat="24.4881735183298587799072265625" lon="118.10864447616040706634521484375">
        <ele>9.19999980926513671875</ele>
        <time>2025-02-23T09:52:18.000Z</time>
        <extensions>
          <ns3:TrackPointExtension>
            <ns3:hr>102</ns3:hr>
          </ns3:TrackPointExtension>
        </extensions>
      </trkpt>
      <trkpt lat="24.48816807009279727935791015625" lon="118.10863592661917209625244140625">
        <ele>9.19999980926513671875</ele>
        <time>2025-02-23T09:52:19.000Z</time>
        <extensions>
          <ns3:TrackPointExtension>
            <ns3:hr>102</ns3:hr>
          </ns3:TrackPointExtension>
        </extensions>
      </trkpt>
      <trkpt lat="24.48816354386508464813232421875" lon="118.10862620361149311065673828125">
        <ele>9.19999980926513671875</ele>
        <time>2025-02-23T09:52:20.000Z</time>
        <extensions>
          <ns3:TrackPointExtension>
            <ns3:hr>102</ns3:hr>
          </ns3:TrackPointExtension>
        </extensions>
      </trkpt>
      <trkpt lat="24.4881604425609111785888671875" lon="118.10861664824187755584716796875">
        <ele>9</ele>
        <time>2025-02-23T09:52:21.000Z</time>
        <extensions>
          <ns3:TrackPointExtension>
            <ns3:hr>102</ns3:hr>
          </ns3:TrackPointExtension>
        </extensions>
      </trkpt>
      <trkpt lat="24.48815834708511829376220703125" lon="118.10860776342451572418212890625">
        <ele>9</ele>
        <time>2025-02-23T09:52:22.000Z</time>
        <extensions>
          <ns3:TrackPointExtension>
            <ns3:hr>102</ns3:hr>
          </ns3:TrackPointExtension>
        </extensions>
      </trkpt>
      <trkpt lat="24.48815591633319854736328125" lon="118.10859854333102703094482421875">
        <ele>9</ele>
        <time>2025-02-23T09:52:23.000Z</time>
        <extensions>
          <ns3:TrackPointExtension>
            <ns3:hr>102</ns3:hr>
          </ns3:TrackPointExtension>
        </extensions>
      </trkpt>
      <trkpt lat="24.48815264739096164703369140625" lon="118.10858865268528461456298828125">
        <ele>9</ele>
        <time>2025-02-23T09:52:24.000Z</time>
        <extensions>
          <ns3:TrackPointExtension>
            <ns3:hr>102</ns3:hr>
          </ns3:TrackPointExtension>
        </extensions>
      </trkpt>
      <trkpt lat="24.488148875534534454345703125" lon="118.1085790134966373443603515625">
        <ele>9</ele>
        <time>2025-02-23T09:52:25.000Z</time>
        <extensions>
          <ns3:TrackPointExtension>
            <ns3:hr>101</ns3:hr>
          </ns3:TrackPointExtension>
        </extensions>
      </trkpt>
      <trkpt lat="24.48814543895423412322998046875" lon="118.1085699610412120819091796875">
        <ele>9</ele>
        <time>2025-02-23T09:52:26.000Z</time>
        <extensions>
          <ns3:TrackPointExtension>
            <ns3:hr>101</ns3:hr>
          </ns3:TrackPointExtension>
        </extensions>
      </trkpt>
      <trkpt lat="24.48814258910715579986572265625" lon="118.10856048949062824249267578125">
        <ele>9</ele>
        <time>2025-02-23T09:52:27.000Z</time>
        <extensions>
          <ns3:TrackPointExtension>
            <ns3:hr>101</ns3:hr>
          </ns3:TrackPointExtension>
        </extensions>
      </trkpt>
      <trkpt lat="24.48814007453620433807373046875" lon="118.108550347387790679931640625">
        <ele>9</ele>
        <time>2025-02-23T09:52:28.000Z</time>
        <extensions>
          <ns3:TrackPointExtension>
            <ns3:hr>100</ns3:hr>
          </ns3:TrackPointExtension>
        </extensions>
      </trkpt>
      <trkpt lat="24.48813789524137973785400390625" lon="118.108539618551731109619140625">
        <ele>9</ele>
        <time>2025-02-23T09:52:29.000Z</time>
        <extensions>
          <ns3:TrackPointExtension>
            <ns3:hr>100</ns3:hr>
          </ns3:TrackPointExtension>
        </extensions>
      </trkpt>
      <trkpt lat="24.48813588358461856842041015625" lon="118.10852897353470325469970703125">
        <ele>9</ele>
        <time>2025-02-23T09:52:30.000Z</time>
        <extensions>
          <ns3:TrackPointExtension>
            <ns3:hr>100</ns3:hr>
          </ns3:TrackPointExtension>
        </extensions>
      </trkpt>
      <trkpt lat="24.4881339557468891143798828125" lon="118.10851958580315113067626953125">
        <ele>9</ele>
        <time>2025-02-23T09:52:31.000Z</time>
        <extensions>
          <ns3:TrackPointExtension>
            <ns3:hr>100</ns3:hr>
          </ns3:TrackPointExtension>
        </extensions>
      </trkpt>
      <trkpt lat="24.488132111728191375732421875" lon="118.1085102818906307220458984375">
        <ele>9</ele>
        <time>2025-02-23T09:52:32.000Z</time>
        <extensions>
          <ns3:TrackPointExtension>
            <ns3:hr>100</ns3:hr>
          </ns3:TrackPointExtension>
        </extensions>
      </trkpt>
      <trkpt lat="24.488130100071430206298828125" lon="118.1084998883306980133056640625">
        <ele>9</ele>
        <time>2025-02-23T09:52:33.000Z</time>
        <extensions>
          <ns3:TrackPointExtension>
            <ns3:hr>100</ns3:hr>
          </ns3:TrackPointExtension>
        </extensions>
      </trkpt>
      <trkpt lat="24.4881279207766056060791015625" lon="118.1084888242185115814208984375">
        <ele>9</ele>
        <time>2025-02-23T09:52:34.000Z</time>
        <extensions>
          <ns3:TrackPointExtension>
            <ns3:hr>100</ns3:hr>
          </ns3:TrackPointExtension>
        </extensions>
      </trkpt>
      <trkpt lat="24.4881235621869564056396484375" lon="118.1084682047367095947265625">
        <ele>9</ele>
        <time>2025-02-23T09:52:35.000Z</time>
        <extensions>
          <ns3:TrackPointExtension>
            <ns3:hr>100</ns3:hr>
          </ns3:TrackPointExtension>
        </extensions>
      </trkpt>
      <trkpt lat="24.48812146671116352081298828125" lon="118.10845789499580860137939453125">
        <ele>9</ele>
        <time>2025-02-23T09:52:36.000Z</time>
        <extensions>
          <ns3:TrackPointExtension>
            <ns3:hr>100</ns3:hr>
          </ns3:TrackPointExtension>
        </extensions>
      </trkpt>
      <trkpt lat="24.4881190359592437744140625" lon="118.1084459088742733001708984375">
        <ele>9</ele>
        <time>2025-02-23T09:52:37.000Z</time>
        <extensions>
          <ns3:TrackPointExtension>
            <ns3:hr>100</ns3:hr>
          </ns3:TrackPointExtension>
        </extensions>
      </trkpt>
      <trkpt lat="24.48811593465507030487060546875" lon="118.10843258164823055267333984375">
        <ele>9</ele>
        <time>2025-02-23T09:52:38.000Z</time>
        <extensions>
          <ns3:TrackPointExtension>
            <ns3:hr>100</ns3:hr>
          </ns3:TrackPointExtension>
        </extensions>
      </trkpt>
      <trkpt lat="24.48811224661767482757568359375" lon="118.108418919146060943603515625">
        <ele>9</ele>
        <time>2025-02-23T09:52:39.000Z</time>
        <extensions>
          <ns3:TrackPointExtension>
            <ns3:hr>100</ns3:hr>
          </ns3:TrackPointExtension>
        </extensions>
      </trkpt>
      <trkpt lat="24.488107971847057342529296875" lon="118.10840425081551074981689453125">
        <ele>9</ele>
        <time>2025-02-23T09:52:40.000Z</time>
        <extensions>
          <ns3:TrackPointExtension>
            <ns3:hr>100</ns3:hr>
          </ns3:TrackPointExtension>
        </extensions>
      </trkpt>
      <trkpt lat="24.4881027750670909881591796875" lon="118.1083885766565799713134765625">
        <ele>8.80000019073486328125</ele>
        <time>2025-02-23T09:52:41.000Z</time>
        <extensions>
          <ns3:TrackPointExtension>
            <ns3:hr>100</ns3:hr>
          </ns3:TrackPointExtension>
        </extensions>
      </trkpt>
      <trkpt lat="24.48809682391583919525146484375" lon="118.1083728186786174774169921875">
        <ele>8.3999996185302734375</ele>
        <time>2025-02-23T09:52:42.000Z</time>
        <extensions>
          <ns3:TrackPointExtension>
            <ns3:hr>99</ns3:hr>
          </ns3:TrackPointExtension>
        </extensions>
      </trkpt>
      <trkpt lat="24.4880896992981433868408203125" lon="118.10835613869130611419677734375">
        <ele>7.80000019073486328125</ele>
        <time>2025-02-23T09:52:43.000Z</time>
        <extensions>
          <ns3:TrackPointExtension>
            <ns3:hr>100</ns3:hr>
          </ns3:TrackPointExtension>
        </extensions>
      </trkpt>
      <trkpt lat="24.4880823232233524322509765625" lon="118.10833870433270931243896484375">
        <ele>7.19999980926513671875</ele>
        <time>2025-02-23T09:52:44.000Z</time>
        <extensions>
          <ns3:TrackPointExtension>
            <ns3:hr>100</ns3:hr>
          </ns3:TrackPointExtension>
        </extensions>
      </trkpt>
      <trkpt lat="24.48807570151984691619873046875" lon="118.1083211861550807952880859375">
        <ele>6.599999904632568359375</ele>
        <time>2025-02-23T09:52:45.000Z</time>
        <extensions>
          <ns3:TrackPointExtension>
            <ns3:hr>100</ns3:hr>
          </ns3:TrackPointExtension>
        </extensions>
      </trkpt>
      <trkpt lat="24.488069079816341400146484375" lon="118.10830257833003997802734375">
        <ele>6</ele>
        <time>2025-02-23T09:52:46.000Z</time>
        <extensions>
          <ns3:TrackPointExtension>
            <ns3:hr>100</ns3:hr>
          </ns3:TrackPointExtension>
        </extensions>
      </trkpt>
      <trkpt lat="24.488063044846057891845703125" lon="118.108284473419189453125">
        <ele>5.400000095367431640625</ele>
        <time>2025-02-23T09:52:47.000Z</time>
        <extensions>
          <ns3:TrackPointExtension>
            <ns3:hr>100</ns3:hr>
          </ns3:TrackPointExtension>
        </extensions>
      </trkpt>
      <trkpt lat="24.48805667459964752197265625" lon="118.108265362679958343505859375">
        <ele>5</ele>
        <time>2025-02-23T09:52:48.000Z</time>
        <extensions>
          <ns3:TrackPointExtension>
            <ns3:hr>106</ns3:hr>
          </ns3:TrackPointExtension>
        </extensions>
      </trkpt>
      <trkpt lat="24.488049633800983428955078125" lon="118.10824583284556865692138671875">
        <ele>4.599999904632568359375</ele>
        <time>2025-02-23T09:52:49.000Z</time>
        <extensions>
          <ns3:TrackPointExtension>
            <ns3:hr>106</ns3:hr>
          </ns3:TrackPointExtension>
        </extensions>
      </trkpt>
      <trkpt lat="24.4880412518978118896484375" lon="118.10822345316410064697265625">
        <ele>4.19999980926513671875</ele>
        <time>2025-02-23T09:52:50.000Z</time>
        <extensions>
          <ns3:TrackPointExtension>
            <ns3:hr>106</ns3:hr>
          </ns3:TrackPointExtension>
        </extensions>
      </trkpt>
      <trkpt lat="24.48803119361400604248046875" lon="118.10819537378847599029541015625">
        <ele>3.599999904632568359375</ele>
        <time>2025-02-23T09:52:51.000Z</time>
        <extensions>
          <ns3:TrackPointExtension>
            <ns3:hr>106</ns3:hr>
          </ns3:TrackPointExtension>
        </extensions>
      </trkpt>
      <trkpt lat="24.488021470606327056884765625" lon="118.1081662885844707489013671875">
        <ele>3</ele>
        <time>2025-02-23T09:52:52.000Z</time>
        <extensions>
          <ns3:TrackPointExtension>
            <ns3:hr>106</ns3:hr>
          </ns3:TrackPointExtension>
        </extensions>
      </trkpt>
      <trkpt lat="24.48801233433187007904052734375" lon="118.10813787393271923065185546875">
        <ele>2.599999904632568359375</ele>
        <time>2025-02-23T09:52:53.000Z</time>
        <extensions>
          <ns3:TrackPointExtension>
            <ns3:hr>114</ns3:hr>
          </ns3:TrackPointExtension>
        </extensions>
      </trkpt>
      <trkpt lat="24.48800361715257167816162109375" lon="118.10811021365225315093994140625">
        <ele>2.2000000476837158203125</ele>
        <time>2025-02-23T09:52:54.000Z</time>
        <extensions>
          <ns3:TrackPointExtension>
            <ns3:hr>114</ns3:hr>
          </ns3:TrackPointExtension>
        </extensions>
      </trkpt>
      <trkpt lat="24.48799523524940013885498046875" lon="118.10808272100985050201416015625">
        <ele>1.7999999523162841796875</ele>
        <time>2025-02-23T09:52:55.000Z</time>
        <extensions>
          <ns3:TrackPointExtension>
            <ns3:hr>114</ns3:hr>
          </ns3:TrackPointExtension>
        </extensions>
      </trkpt>
      <trkpt lat="24.48798752389848232269287109375" lon="118.10805556364357471466064453125">
        <ele>1.60000002384185791015625</ele>
        <time>2025-02-23T09:52:56.000Z</time>
        <extensions>
          <ns3:TrackPointExtension>
            <ns3:hr>114</ns3:hr>
          </ns3:TrackPointExtension>
        </extensions>
      </trkpt>
      <trkpt lat="24.48798065073788166046142578125" lon="118.108028657734394073486328125">
        <ele>1.39999997615814208984375</ele>
        <time>2025-02-23T09:52:57.000Z</time>
        <extensions>
          <ns3:TrackPointExtension>
            <ns3:hr>114</ns3:hr>
          </ns3:TrackPointExtension>
        </extensions>
      </trkpt>
      <trkpt lat="24.48797411285340785980224609375" lon="118.1080016680061817169189453125">
        <ele>1.39999997615814208984375</ele>
        <time>2025-02-23T09:52:58.000Z</time>
        <extensions>
          <ns3:TrackPointExtension>
            <ns3:hr>122</ns3:hr>
          </ns3:TrackPointExtension>
        </extensions>
      </trkpt>
      <trkpt lat="24.48796749114990234375" lon="118.1079746782779693603515625">
        <ele>1.2000000476837158203125</ele>
        <time>2025-02-23T09:52:59.000Z</time>
        <extensions>
          <ns3:TrackPointExtension>
            <ns3:hr>122</ns3:hr>
          </ns3:TrackPointExtension>
        </extensions>
      </trkpt>
      <trkpt lat="24.4879607856273651123046875" lon="118.1079473532736301422119140625">
        <ele>1</ele>
        <time>2025-02-23T09:53:00.000Z</time>
        <extensions>
          <ns3:TrackPointExtension>
            <ns3:hr>122</ns3:hr>
          </ns3:TrackPointExtension>
        </extensions>
      </trkpt>
      <trkpt lat="24.4879542477428913116455078125" lon="118.1079198606312274932861328125">
        <ele>0.800000011920928955078125</ele>
        <time>2025-02-23T09:53:01.000Z</time>
        <extensions>
          <ns3:TrackPointExtension>
            <ns3:hr>122</ns3:hr>
          </ns3:TrackPointExtension>
        </extensions>
      </trkpt>
      <trkpt lat="24.4879478774964809417724609375" lon="118.10789287090301513671875">
        <ele>0.60000002384185791015625</ele>
        <time>2025-02-23T09:53:02.000Z</time>
        <extensions>
          <ns3:TrackPointExtension>
            <ns3:hr>122</ns3:hr>
          </ns3:TrackPointExtension>
        </extensions>
      </trkpt>
      <trkpt lat="24.4879415072500705718994140625" lon="118.107866384088993072509765625">
        <ele>0.20000000298023223876953125</ele>
        <time>2025-02-23T09:53:03.000Z</time>
        <extensions>
          <ns3:TrackPointExtension>
            <ns3:hr>122</ns3:hr>
          </ns3:TrackPointExtension>
        </extensions>
      </trkpt>
      <trkpt lat="24.4879353046417236328125" lon="118.1078404001891613006591796875">
        <ele>-0.4000000059604644775390625</ele>
        <time>2025-02-23T09:53:04.000Z</time>
        <extensions>
          <ns3:TrackPointExtension>
            <ns3:hr>122</ns3:hr>
          </ns3:TrackPointExtension>
        </extensions>
      </trkpt>
      <trkpt lat="24.487928934395313262939453125" lon="118.1078142486512660980224609375">
        <ele>-0.20000000298023223876953125</ele>
        <time>2025-02-23T09:53:05.000Z</time>
        <extensions>
          <ns3:TrackPointExtension>
            <ns3:hr>122</ns3:hr>
          </ns3:TrackPointExtension>
        </extensions>
      </trkpt>
      <trkpt lat="24.48792256414890289306640625" lon="118.107787929475307464599609375">
        <ele>0.4000000059604644775390625</ele>
        <time>2025-02-23T09:53:06.000Z</time>
        <extensions>
          <ns3:TrackPointExtension>
            <ns3:hr>122</ns3:hr>
          </ns3:TrackPointExtension>
        </extensions>
      </trkpt>
      <trkpt lat="24.487916193902492523193359375" lon="118.10776119120419025421142578125">
        <ele>0.800000011920928955078125</ele>
        <time>2025-02-23T09:53:07.000Z</time>
        <extensions>
          <ns3:TrackPointExtension>
            <ns3:hr>127</ns3:hr>
          </ns3:TrackPointExtension>
        </extensions>
      </trkpt>
      <trkpt lat="24.4879096560180187225341796875" lon="118.10773395001888275146484375">
        <ele>1.39999997615814208984375</ele>
        <time>2025-02-23T09:53:08.000Z</time>
        <extensions>
          <ns3:TrackPointExtension>
            <ns3:hr>127</ns3:hr>
          </ns3:TrackPointExtension>
        </extensions>
      </trkpt>
      <trkpt lat="24.48790269903838634490966796875" lon="118.10770687647163867950439453125">
        <ele>2</ele>
        <time>2025-02-23T09:53:09.000Z</time>
        <extensions>
          <ns3:TrackPointExtension>
            <ns3:hr>127</ns3:hr>
          </ns3:TrackPointExtension>
        </extensions>
      </trkpt>
      <trkpt lat="24.48789498768746852874755859375" lon="118.1076801382005214691162109375">
        <ele>2.599999904632568359375</ele>
        <time>2025-02-23T09:53:10.000Z</time>
        <extensions>
          <ns3:TrackPointExtension>
            <ns3:hr>127</ns3:hr>
          </ns3:TrackPointExtension>
        </extensions>
      </trkpt>
      <trkpt lat="24.487886689603328704833984375" lon="118.107653819024562835693359375">
        <ele>3.2000000476837158203125</ele>
        <time>2025-02-23T09:53:11.000Z</time>
        <extensions>
          <ns3:TrackPointExtension>
            <ns3:hr>127</ns3:hr>
          </ns3:TrackPointExtension>
        </extensions>
      </trkpt>
      <trkpt lat="24.48787830770015716552734375" lon="118.10762858949601650238037109375">
        <ele>3.7999999523162841796875</ele>
        <time>2025-02-23T09:53:12.000Z</time>
        <extensions>
          <ns3:TrackPointExtension>
            <ns3:hr>129</ns3:hr>
          </ns3:TrackPointExtension>
        </extensions>
      </trkpt>
      <trkpt lat="24.48787034489214420318603515625" lon="118.10760411433875560760498046875">
        <ele>4.400000095367431640625</ele>
        <time>2025-02-23T09:53:13.000Z</time>
        <extensions>
          <ns3:TrackPointExtension>
            <ns3:hr>129</ns3:hr>
          </ns3:TrackPointExtension>
        </extensions>
      </trkpt>
      <trkpt lat="24.48786313645541667938232421875" lon="118.1075795553624629974365234375">
        <ele>5.19999980926513671875</ele>
        <time>2025-02-23T09:53:14.000Z</time>
        <extensions>
          <ns3:TrackPointExtension>
            <ns3:hr>129</ns3:hr>
          </ns3:TrackPointExtension>
        </extensions>
      </trkpt>
      <trkpt lat="24.4878566823899745941162109375" lon="118.10755415819585323333740234375">
        <ele>5.80000019073486328125</ele>
        <time>2025-02-23T09:53:15.000Z</time>
        <extensions>
          <ns3:TrackPointExtension>
            <ns3:hr>129</ns3:hr>
          </ns3:TrackPointExtension>
        </extensions>
      </trkpt>
      <trkpt lat="24.48785089887678623199462890625" lon="118.10752817429602146148681640625">
        <ele>6.80000019073486328125</ele>
        <time>2025-02-23T09:53:16.000Z</time>
        <extensions>
          <ns3:TrackPointExtension>
            <ns3:hr>129</ns3:hr>
          </ns3:TrackPointExtension>
        </extensions>
      </trkpt>
      <trkpt lat="24.48784478008747100830078125" lon="118.10750202275812625885009765625">
        <ele>7.80000019073486328125</ele>
        <time>2025-02-23T09:53:17.000Z</time>
        <extensions>
          <ns3:TrackPointExtension>
            <ns3:hr>129</ns3:hr>
          </ns3:TrackPointExtension>
        </extensions>
      </trkpt>
      <trkpt lat="24.4878374040126800537109375" lon="118.10747587122023105621337890625">
        <ele>8.6000003814697265625</ele>
        <time>2025-02-23T09:53:18.000Z</time>
        <extensions>
          <ns3:TrackPointExtension>
            <ns3:hr>132</ns3:hr>
          </ns3:TrackPointExtension>
        </extensions>
      </trkpt>
      <trkpt lat="24.48782843537628650665283203125" lon="118.107449971139430999755859375">
        <ele>9.19999980926513671875</ele>
        <time>2025-02-23T09:53:19.000Z</time>
        <extensions>
          <ns3:TrackPointExtension>
            <ns3:hr>132</ns3:hr>
          </ns3:TrackPointExtension>
        </extensions>
      </trkpt>
      <trkpt lat="24.4878186285495758056640625" lon="118.10742490924894809722900390625">
        <ele>10</ele>
        <time>2025-02-23T09:53:20.000Z</time>
        <extensions>
          <ns3:TrackPointExtension>
            <ns3:hr>132</ns3:hr>
          </ns3:TrackPointExtension>
        </extensions>
      </trkpt>
      <trkpt lat="24.4878084026277065277099609375" lon="118.1074008531868457794189453125">
        <ele>10.80000019073486328125</ele>
        <time>2025-02-23T09:53:21.000Z</time>
        <extensions>
          <ns3:TrackPointExtension>
            <ns3:hr>132</ns3:hr>
          </ns3:TrackPointExtension>
        </extensions>
      </trkpt>
      <trkpt lat="24.4877980090677738189697265625" lon="118.1073770485818386077880859375">
        <ele>11.3999996185302734375</ele>
        <time>2025-02-23T09:53:22.000Z</time>
        <extensions>
          <ns3:TrackPointExtension>
            <ns3:hr>132</ns3:hr>
          </ns3:TrackPointExtension>
        </extensions>
      </trkpt>
      <trkpt lat="24.487787783145904541015625" lon="118.10735232196748256683349609375">
        <ele>12.19999980926513671875</ele>
        <time>2025-02-23T09:53:23.000Z</time>
        <extensions>
          <ns3:TrackPointExtension>
            <ns3:hr>132</ns3:hr>
          </ns3:TrackPointExtension>
        </extensions>
      </trkpt>
      <trkpt lat="24.48777864687144756317138671875" lon="118.10732667334377765655517578125">
        <ele>13</ele>
        <time>2025-02-23T09:53:24.000Z</time>
        <extensions>
          <ns3:TrackPointExtension>
            <ns3:hr>137</ns3:hr>
          </ns3:TrackPointExtension>
        </extensions>
      </trkpt>
      <trkpt lat="24.4877708517014980316162109375" lon="118.10730085708200931549072265625">
        <ele>13.6000003814697265625</ele>
        <time>2025-02-23T09:53:25.000Z</time>
        <extensions>
          <ns3:TrackPointExtension>
            <ns3:hr>137</ns3:hr>
          </ns3:TrackPointExtension>
        </extensions>
      </trkpt>
      <trkpt lat="24.48776439763605594635009765625" lon="118.1072754599153995513916015625">
        <ele>14.3999996185302734375</ele>
        <time>2025-02-23T09:53:26.000Z</time>
        <extensions>
          <ns3:TrackPointExtension>
            <ns3:hr>137</ns3:hr>
          </ns3:TrackPointExtension>
        </extensions>
      </trkpt>
      <trkpt lat="24.48775920085608959197998046875" lon="118.107250817120075225830078125">
        <ele>14.3999996185302734375</ele>
        <time>2025-02-23T09:53:27.000Z</time>
        <extensions>
          <ns3:TrackPointExtension>
            <ns3:hr>137</ns3:hr>
          </ns3:TrackPointExtension>
        </extensions>
      </trkpt>
      <trkpt lat="24.4877560995519161224365234375" lon="118.10722701251506805419921875">
        <ele>14.3999996185302734375</ele>
        <time>2025-02-23T09:53:28.000Z</time>
        <extensions>
          <ns3:TrackPointExtension>
            <ns3:hr>137</ns3:hr>
          </ns3:TrackPointExtension>
        </extensions>
      </trkpt>
      <trkpt lat="24.4877560995519161224365234375" lon="118.10720362700521945953369140625">
        <ele>14.3999996185302734375</ele>
        <time>2025-02-23T09:53:29.000Z</time>
        <extensions>
          <ns3:TrackPointExtension>
            <ns3:hr>137</ns3:hr>
          </ns3:TrackPointExtension>
        </extensions>
      </trkpt>
      <trkpt lat="24.48775802738964557647705078125" lon="118.1071819178760051727294921875">
        <ele>14.3999996185302734375</ele>
        <time>2025-02-23T09:53:30.000Z</time>
        <extensions>
          <ns3:TrackPointExtension>
            <ns3:hr>137</ns3:hr>
          </ns3:TrackPointExtension>
        </extensions>
      </trkpt>
      <trkpt lat="24.48776020668447017669677734375" lon="118.10716406442224979400634765625">
        <ele>14.3999996185302734375</ele>
        <time>2025-02-23T09:53:31.000Z</time>
        <extensions>
          <ns3:TrackPointExtension>
            <ns3:hr>137</ns3:hr>
          </ns3:TrackPointExtension>
        </extensions>
      </trkpt>
      <trkpt lat="24.487760961055755615234375" lon="118.1071507371962070465087890625">
        <ele>14.3999996185302734375</ele>
        <time>2025-02-23T09:53:32.000Z</time>
        <extensions>
          <ns3:TrackPointExtension>
            <ns3:hr>138</ns3:hr>
          </ns3:TrackPointExtension>
        </extensions>
      </trkpt>
      <trkpt lat="24.48776037432253360748291015625" lon="118.10714185237884521484375">
        <ele>14.3999996185302734375</ele>
        <time>2025-02-23T09:53:33.000Z</time>
        <extensions>
          <ns3:TrackPointExtension>
            <ns3:hr>138</ns3:hr>
          </ns3:TrackPointExtension>
        </extensions>
      </trkpt>
      <trkpt lat="24.48775886557996273040771484375" lon="118.10713447630405426025390625">
        <ele>14.3999996185302734375</ele>
        <time>2025-02-23T09:53:34.000Z</time>
        <extensions>
          <ns3:TrackPointExtension>
            <ns3:hr>138</ns3:hr>
          </ns3:TrackPointExtension>
        </extensions>
      </trkpt>
      <trkpt lat="24.48775651864707469940185546875" lon="118.1071255914866924285888671875">
        <ele>14.6000003814697265625</ele>
        <time>2025-02-23T09:53:35.000Z</time>
        <extensions>
          <ns3:TrackPointExtension>
            <ns3:hr>138</ns3:hr>
          </ns3:TrackPointExtension>
        </extensions>
      </trkpt>
      <trkpt lat="24.48775417171418666839599609375" lon="118.1071151979267597198486328125">
        <ele>14.6000003814697265625</ele>
        <time>2025-02-23T09:53:36.000Z</time>
        <extensions>
          <ns3:TrackPointExtension>
            <ns3:hr>138</ns3:hr>
          </ns3:TrackPointExtension>
        </extensions>
      </trkpt>
      <trkpt lat="24.48775224387645721435546875" lon="118.107104636728763580322265625">
        <ele>14.80000019073486328125</ele>
        <time>2025-02-23T09:53:37.000Z</time>
        <extensions>
          <ns3:TrackPointExtension>
            <ns3:hr>137</ns3:hr>
          </ns3:TrackPointExtension>
        </extensions>
      </trkpt>
      <trkpt lat="24.48775090277194976806640625" lon="118.10709550045430660247802734375">
        <ele>14.80000019073486328125</ele>
        <time>2025-02-23T09:53:38.000Z</time>
        <extensions>
          <ns3:TrackPointExtension>
            <ns3:hr>137</ns3:hr>
          </ns3:TrackPointExtension>
        </extensions>
      </trkpt>
      <trkpt lat="24.48774956166744232177734375" lon="118.10708753764629364013671875">
        <ele>14.80000019073486328125</ele>
        <time>2025-02-23T09:53:39.000Z</time>
        <extensions>
          <ns3:TrackPointExtension>
            <ns3:hr>137</ns3:hr>
          </ns3:TrackPointExtension>
        </extensions>
      </trkpt>
      <trkpt lat="24.48774755001068115234375" lon="118.10707873664796352386474609375">
        <ele>15</ele>
        <time>2025-02-23T09:53:40.000Z</time>
        <extensions>
          <ns3:TrackPointExtension>
            <ns3:hr>137</ns3:hr>
          </ns3:TrackPointExtension>
        </extensions>
      </trkpt>
      <trkpt lat="24.48774511925876140594482421875" lon="118.10706876218318939208984375">
        <ele>15</ele>
        <time>2025-02-23T09:53:41.000Z</time>
        <extensions>
          <ns3:TrackPointExtension>
            <ns3:hr>135</ns3:hr>
          </ns3:TrackPointExtension>
        </extensions>
      </trkpt>
      <trkpt lat="24.487742520868778228759765625" lon="118.107058368623256683349609375">
        <ele>15</ele>
        <time>2025-02-23T09:53:42.000Z</time>
        <extensions>
          <ns3:TrackPointExtension>
            <ns3:hr>135</ns3:hr>
          </ns3:TrackPointExtension>
        </extensions>
      </trkpt>
      <trkpt lat="24.4877400062978267669677734375" lon="118.10704839415848255157470703125">
        <ele>15.19999980926513671875</ele>
        <time>2025-02-23T09:53:43.000Z</time>
        <extensions>
          <ns3:TrackPointExtension>
            <ns3:hr>135</ns3:hr>
          </ns3:TrackPointExtension>
        </extensions>
      </trkpt>
      <trkpt lat="24.4877373240888118743896484375" lon="118.107038922607898712158203125">
        <ele>15.19999980926513671875</ele>
        <time>2025-02-23T09:53:44.000Z</time>
        <extensions>
          <ns3:TrackPointExtension>
            <ns3:hr>135</ns3:hr>
          </ns3:TrackPointExtension>
        </extensions>
      </trkpt>
      <trkpt lat="24.4877346418797969818115234375" lon="118.10702995397150516510009765625">
        <ele>15.3999996185302734375</ele>
        <time>2025-02-23T09:53:45.000Z</time>
        <extensions>
          <ns3:TrackPointExtension>
            <ns3:hr>135</ns3:hr>
          </ns3:TrackPointExtension>
        </extensions>
      </trkpt>
      <trkpt lat="24.48773187585175037384033203125" lon="118.10702090151607990264892578125">
        <ele>15.3999996185302734375</ele>
        <time>2025-02-23T09:53:46.000Z</time>
        <extensions>
          <ns3:TrackPointExtension>
            <ns3:hr>135</ns3:hr>
          </ns3:TrackPointExtension>
        </extensions>
      </trkpt>
      <trkpt lat="24.4877289421856403350830078125" lon="118.107011429965496063232421875">
        <ele>15.3999996185302734375</ele>
        <time>2025-02-23T09:53:47.000Z</time>
        <extensions>
          <ns3:TrackPointExtension>
            <ns3:hr>135</ns3:hr>
          </ns3:TrackPointExtension>
        </extensions>
      </trkpt>
      <trkpt lat="24.48772634379565715789794921875" lon="118.10700170695781707763671875">
        <ele>15.6000003814697265625</ele>
        <time>2025-02-23T09:53:48.000Z</time>
        <extensions>
          <ns3:TrackPointExtension>
            <ns3:hr>132</ns3:hr>
          </ns3:TrackPointExtension>
        </extensions>
      </trkpt>
      <trkpt lat="24.4877242483198642730712890625" lon="118.10699206776916980743408203125">
        <ele>15.6000003814697265625</ele>
        <time>2025-02-23T09:53:49.000Z</time>
        <extensions>
          <ns3:TrackPointExtension>
            <ns3:hr>132</ns3:hr>
          </ns3:TrackPointExtension>
        </extensions>
      </trkpt>
      <trkpt lat="24.4877220690250396728515625" lon="118.10698167420923709869384765625">
        <ele>15.3999996185302734375</ele>
        <time>2025-02-23T09:53:50.000Z</time>
        <extensions>
          <ns3:TrackPointExtension>
            <ns3:hr>132</ns3:hr>
          </ns3:TrackPointExtension>
        </extensions>
      </trkpt>
      <trkpt lat="24.487719722092151641845703125" lon="118.1069700233638286590576171875">
        <ele>15.3999996185302734375</ele>
        <time>2025-02-23T09:53:51.000Z</time>
        <extensions>
          <ns3:TrackPointExtension>
            <ns3:hr>132</ns3:hr>
          </ns3:TrackPointExtension>
        </extensions>
      </trkpt>
      <trkpt lat="24.4877175427973270416259765625" lon="118.1069579534232616424560546875">
        <ele>15.19999980926513671875</ele>
        <time>2025-02-23T09:53:52.000Z</time>
        <extensions>
          <ns3:TrackPointExtension>
            <ns3:hr>132</ns3:hr>
          </ns3:TrackPointExtension>
        </extensions>
      </trkpt>
      <trkpt lat="24.4877155311405658721923828125" lon="118.10694630257785320281982421875">
        <ele>15</ele>
        <time>2025-02-23T09:53:53.000Z</time>
        <extensions>
          <ns3:TrackPointExtension>
            <ns3:hr>127</ns3:hr>
          </ns3:TrackPointExtension>
        </extensions>
      </trkpt>
      <trkpt lat="24.4877131842076778411865234375" lon="118.1069358251988887786865234375">
        <ele>15</ele>
        <time>2025-02-23T09:53:54.000Z</time>
        <extensions>
          <ns3:TrackPointExtension>
            <ns3:hr>127</ns3:hr>
          </ns3:TrackPointExtension>
        </extensions>
      </trkpt>
      <trkpt lat="24.48771058581769466400146484375" lon="118.10692601837217807769775390625">
        <ele>14.80000019073486328125</ele>
        <time>2025-02-23T09:53:55.000Z</time>
        <extensions>
          <ns3:TrackPointExtension>
            <ns3:hr>127</ns3:hr>
          </ns3:TrackPointExtension>
        </extensions>
      </trkpt>
      <trkpt lat="24.487707652151584625244140625" lon="118.10691612772643566131591796875">
        <ele>14.80000019073486328125</ele>
        <time>2025-02-23T09:53:56.000Z</time>
        <extensions>
          <ns3:TrackPointExtension>
            <ns3:hr>127</ns3:hr>
          </ns3:TrackPointExtension>
        </extensions>
      </trkpt>
      <trkpt lat="24.48770455084741115570068359375" lon="118.10690590180456638336181640625">
        <ele>14.6000003814697265625</ele>
        <time>2025-02-23T09:53:57.000Z</time>
        <extensions>
          <ns3:TrackPointExtension>
            <ns3:hr>127</ns3:hr>
          </ns3:TrackPointExtension>
        </extensions>
      </trkpt>
      <trkpt lat="24.48770153336226940155029296875" lon="118.1068952567875385284423828125">
        <ele>14.6000003814697265625</ele>
        <time>2025-02-23T09:53:58.000Z</time>
        <extensions>
          <ns3:TrackPointExtension>
            <ns3:hr>127</ns3:hr>
          </ns3:TrackPointExtension>
        </extensions>
      </trkpt>
      <trkpt lat="24.48769885115325450897216796875" lon="118.10688436031341552734375">
        <ele>14.3999996185302734375</ele>
        <time>2025-02-23T09:53:59.000Z</time>
        <extensions>
          <ns3:TrackPointExtension>
            <ns3:hr>127</ns3:hr>
          </ns3:TrackPointExtension>
        </extensions>
      </trkpt>
      <trkpt lat="24.4876960851252079010009765625" lon="118.1068731285631656646728515625">
        <ele>14.3999996185302734375</ele>
        <time>2025-02-23T09:54:00.000Z</time>
        <extensions>
          <ns3:TrackPointExtension>
            <ns3:hr>127</ns3:hr>
          </ns3:TrackPointExtension>
        </extensions>
      </trkpt>
      <trkpt lat="24.48769323527812957763671875" lon="118.1068617291748523712158203125">
        <ele>14.19999980926513671875</ele>
        <time>2025-02-23T09:54:01.000Z</time>
        <extensions>
          <ns3:TrackPointExtension>
            <ns3:hr>127</ns3:hr>
          </ns3:TrackPointExtension>
        </extensions>
      </trkpt>
      <trkpt lat="24.4876907207071781158447265625" lon="118.106850497424602508544921875">
        <ele>14.19999980926513671875</ele>
        <time>2025-02-23T09:54:02.000Z</time>
        <extensions>
          <ns3:TrackPointExtension>
            <ns3:hr>122</ns3:hr>
          </ns3:TrackPointExtension>
        </extensions>
      </trkpt>
      <trkpt lat="24.487688206136226654052734375" lon="118.10683918185532093048095703125">
        <ele>14</ele>
        <time>2025-02-23T09:54:03.000Z</time>
        <extensions>
          <ns3:TrackPointExtension>
            <ns3:hr>122</ns3:hr>
          </ns3:TrackPointExtension>
        </extensions>
      </trkpt>
      <trkpt lat="24.48768527247011661529541015625" lon="118.1068278662860393524169921875">
        <ele>13.80000019073486328125</ele>
        <time>2025-02-23T09:54:04.000Z</time>
        <extensions>
          <ns3:TrackPointExtension>
            <ns3:hr>122</ns3:hr>
          </ns3:TrackPointExtension>
        </extensions>
      </trkpt>
      <trkpt lat="24.4876818358898162841796875" lon="118.10681688599288463592529296875">
        <ele>13.80000019073486328125</ele>
        <time>2025-02-23T09:54:05.000Z</time>
        <extensions>
          <ns3:TrackPointExtension>
            <ns3:hr>122</ns3:hr>
          </ns3:TrackPointExtension>
        </extensions>
      </trkpt>
      <trkpt lat="24.4876783154904842376708984375" lon="118.1068060733377933502197265625">
        <ele>13.6000003814697265625</ele>
        <time>2025-02-23T09:54:06.000Z</time>
        <extensions>
          <ns3:TrackPointExtension>
            <ns3:hr>121</ns3:hr>
          </ns3:TrackPointExtension>
        </extensions>
      </trkpt>
      <trkpt lat="24.4876746274530887603759765625" lon="118.106794841587543487548828125">
        <ele>13.6000003814697265625</ele>
        <time>2025-02-23T09:54:07.000Z</time>
        <extensions>
          <ns3:TrackPointExtension>
            <ns3:hr>121</ns3:hr>
          </ns3:TrackPointExtension>
        </extensions>
      </trkpt>
      <trkpt lat="24.48767052032053470611572265625" lon="118.106782771646976470947265625">
        <ele>13.3999996185302734375</ele>
        <time>2025-02-23T09:54:08.000Z</time>
        <extensions>
          <ns3:TrackPointExtension>
            <ns3:hr>121</ns3:hr>
          </ns3:TrackPointExtension>
        </extensions>
      </trkpt>
      <trkpt lat="24.48766616173088550567626953125" lon="118.10677078552544116973876953125">
        <ele>13.3999996185302734375</ele>
        <time>2025-02-23T09:54:09.000Z</time>
        <extensions>
          <ns3:TrackPointExtension>
            <ns3:hr>118</ns3:hr>
          </ns3:TrackPointExtension>
        </extensions>
      </trkpt>
      <trkpt lat="24.4876615516841411590576171875" lon="118.10675938613712787628173828125">
        <ele>13.19999980926513671875</ele>
        <time>2025-02-23T09:54:10.000Z</time>
        <extensions>
          <ns3:TrackPointExtension>
            <ns3:hr>118</ns3:hr>
          </ns3:TrackPointExtension>
        </extensions>
      </trkpt>
      <trkpt lat="24.48765710927546024322509765625" lon="118.1067480705678462982177734375">
        <ele>13.19999980926513671875</ele>
        <time>2025-02-23T09:54:11.000Z</time>
        <extensions>
          <ns3:TrackPointExtension>
            <ns3:hr>118</ns3:hr>
          </ns3:TrackPointExtension>
        </extensions>
      </trkpt>
      <trkpt lat="24.48765300214290618896484375" lon="118.106736503541469573974609375">
        <ele>13.19999980926513671875</ele>
        <time>2025-02-23T09:54:12.000Z</time>
        <extensions>
          <ns3:TrackPointExtension>
            <ns3:hr>118</ns3:hr>
          </ns3:TrackPointExtension>
        </extensions>
      </trkpt>
      <trkpt lat="24.4876491464674472808837890625" lon="118.1067246012389659881591796875">
        <ele>13</ele>
        <time>2025-02-23T09:54:13.000Z</time>
        <extensions>
          <ns3:TrackPointExtension>
            <ns3:hr>110</ns3:hr>
          </ns3:TrackPointExtension>
        </extensions>
      </trkpt>
      <trkpt lat="24.4876454584300518035888671875" lon="118.10671244747936725616455078125">
        <ele>13</ele>
        <time>2025-02-23T09:54:14.000Z</time>
        <extensions>
          <ns3:TrackPointExtension>
            <ns3:hr>110</ns3:hr>
          </ns3:TrackPointExtension>
        </extensions>
      </trkpt>
      <trkpt lat="24.4876417703926563262939453125" lon="118.1067001260817050933837890625">
        <ele>12.80000019073486328125</ele>
        <time>2025-02-23T09:54:15.000Z</time>
        <extensions>
          <ns3:TrackPointExtension>
            <ns3:hr>110</ns3:hr>
          </ns3:TrackPointExtension>
        </extensions>
      </trkpt>
      <trkpt lat="24.48763816617429256439208984375" lon="118.106687553226947784423828125">
        <ele>12.6000003814697265625</ele>
        <time>2025-02-23T09:54:16.000Z</time>
        <extensions>
          <ns3:TrackPointExtension>
            <ns3:hr>110</ns3:hr>
          </ns3:TrackPointExtension>
        </extensions>
      </trkpt>
      <trkpt lat="24.48763464577496051788330078125" lon="118.10667472891509532928466796875">
        <ele>12.6000003814697265625</ele>
        <time>2025-02-23T09:54:17.000Z</time>
        <extensions>
          <ns3:TrackPointExtension>
            <ns3:hr>110</ns3:hr>
          </ns3:TrackPointExtension>
        </extensions>
      </trkpt>
      <trkpt lat="24.4876308739185333251953125" lon="118.10666198842227458953857421875">
        <ele>12.3999996185302734375</ele>
        <time>2025-02-23T09:54:18.000Z</time>
        <extensions>
          <ns3:TrackPointExtension>
            <ns3:hr>110</ns3:hr>
          </ns3:TrackPointExtension>
        </extensions>
      </trkpt>
      <trkpt lat="24.48762676678597927093505859375" lon="118.10664975084364414215087890625">
        <ele>12.19999980926513671875</ele>
        <time>2025-02-23T09:54:19.000Z</time>
        <extensions>
          <ns3:TrackPointExtension>
            <ns3:hr>110</ns3:hr>
          </ns3:TrackPointExtension>
        </extensions>
      </trkpt>
      <trkpt lat="24.48762224055826663970947265625" lon="118.10663818381726741790771484375">
        <ele>12.19999980926513671875</ele>
        <time>2025-02-23T09:54:20.000Z</time>
        <extensions>
          <ns3:TrackPointExtension>
            <ns3:hr>110</ns3:hr>
          </ns3:TrackPointExtension>
        </extensions>
      </trkpt>
      <trkpt lat="24.48761754669249057769775390625" lon="118.10662686824798583984375">
        <ele>12</ele>
        <time>2025-02-23T09:54:21.000Z</time>
        <extensions>
          <ns3:TrackPointExtension>
            <ns3:hr>107</ns3:hr>
          </ns3:TrackPointExtension>
        </extensions>
      </trkpt>
      <trkpt lat="24.487613104283809661865234375" lon="118.10661521740257740020751953125">
        <ele>11.80000019073486328125</ele>
        <time>2025-02-23T09:54:22.000Z</time>
        <extensions>
          <ns3:TrackPointExtension>
            <ns3:hr>107</ns3:hr>
          </ns3:TrackPointExtension>
        </extensions>
      </trkpt>
      <trkpt lat="24.48760916478931903839111328125" lon="118.10660314746201038360595703125">
        <ele>11.80000019073486328125</ele>
        <time>2025-02-23T09:54:23.000Z</time>
        <extensions>
          <ns3:TrackPointExtension>
            <ns3:hr>107</ns3:hr>
          </ns3:TrackPointExtension>
        </extensions>
      </trkpt>
      <trkpt lat="24.4876055605709552764892578125" lon="118.106590993702411651611328125">
        <ele>11.6000003814697265625</ele>
        <time>2025-02-23T09:54:24.000Z</time>
        <extensions>
          <ns3:TrackPointExtension>
            <ns3:hr>107</ns3:hr>
          </ns3:TrackPointExtension>
        </extensions>
      </trkpt>
      <trkpt lat="24.48760212399065494537353515625" lon="118.1065785884857177734375">
        <ele>11.3999996185302734375</ele>
        <time>2025-02-23T09:54:25.000Z</time>
        <extensions>
          <ns3:TrackPointExtension>
            <ns3:hr>107</ns3:hr>
          </ns3:TrackPointExtension>
        </extensions>
      </trkpt>
      <trkpt lat="24.4875988550484180450439453125" lon="118.10656593181192874908447265625">
        <ele>11.3999996185302734375</ele>
        <time>2025-02-23T09:54:26.000Z</time>
        <extensions>
          <ns3:TrackPointExtension>
            <ns3:hr>105</ns3:hr>
          </ns3:TrackPointExtension>
        </extensions>
      </trkpt>
      <trkpt lat="24.4875958375632762908935546875" lon="118.10655319131910800933837890625">
        <ele>11.19999980926513671875</ele>
        <time>2025-02-23T09:54:27.000Z</time>
        <extensions>
          <ns3:TrackPointExtension>
            <ns3:hr>105</ns3:hr>
          </ns3:TrackPointExtension>
        </extensions>
      </trkpt>
      <trkpt lat="24.487592987716197967529296875" lon="118.1065401993691921234130859375">
        <ele>11</ele>
        <time>2025-02-23T09:54:28.000Z</time>
        <extensions>
          <ns3:TrackPointExtension>
            <ns3:hr>105</ns3:hr>
          </ns3:TrackPointExtension>
        </extensions>
      </trkpt>
      <trkpt lat="24.4875901378691196441650390625" lon="118.1065271236002445220947265625">
        <ele>11</ele>
        <time>2025-02-23T09:54:29.000Z</time>
        <extensions>
          <ns3:TrackPointExtension>
            <ns3:hr>105</ns3:hr>
          </ns3:TrackPointExtension>
        </extensions>
      </trkpt>
      <trkpt lat="24.48758728802204132080078125" lon="118.106514550745487213134765625">
        <ele>10.80000019073486328125</ele>
        <time>2025-02-23T09:54:30.000Z</time>
        <extensions>
          <ns3:TrackPointExtension>
            <ns3:hr>105</ns3:hr>
          </ns3:TrackPointExtension>
        </extensions>
      </trkpt>
      <trkpt lat="24.48758452199399471282958984375" lon="118.10650239698588848114013671875">
        <ele>10.6000003814697265625</ele>
        <time>2025-02-23T09:54:31.000Z</time>
        <extensions>
          <ns3:TrackPointExtension>
            <ns3:hr>105</ns3:hr>
          </ns3:TrackPointExtension>
        </extensions>
      </trkpt>
      <trkpt lat="24.4875817559659481048583984375" lon="118.1064899079501628875732421875">
        <ele>10.6000003814697265625</ele>
        <time>2025-02-23T09:54:32.000Z</time>
        <extensions>
          <ns3:TrackPointExtension>
            <ns3:hr>105</ns3:hr>
          </ns3:TrackPointExtension>
        </extensions>
      </trkpt>
      <trkpt lat="24.487578906118869781494140625" lon="118.10647733509540557861328125">
        <ele>10.3999996185302734375</ele>
        <time>2025-02-23T09:54:33.000Z</time>
        <extensions>
          <ns3:TrackPointExtension>
            <ns3:hr>102</ns3:hr>
          </ns3:TrackPointExtension>
        </extensions>
      </trkpt>
      <trkpt lat="24.4875757209956645965576171875" lon="118.1064650975167751312255859375">
        <ele>10.19999980926513671875</ele>
        <time>2025-02-23T09:54:34.000Z</time>
        <extensions>
          <ns3:TrackPointExtension>
            <ns3:hr>102</ns3:hr>
          </ns3:TrackPointExtension>
        </extensions>
      </trkpt>
      <trkpt lat="24.4875723682343959808349609375" lon="118.1064530275762081146240234375">
        <ele>10.19999980926513671875</ele>
        <time>2025-02-23T09:54:35.000Z</time>
        <extensions>
          <ns3:TrackPointExtension>
            <ns3:hr>102</ns3:hr>
          </ns3:TrackPointExtension>
        </extensions>
      </trkpt>
      <trkpt lat="24.48756893165409564971923828125" lon="118.10644137673079967498779296875">
        <ele>10</ele>
        <time>2025-02-23T09:54:36.000Z</time>
        <extensions>
          <ns3:TrackPointExtension>
            <ns3:hr>102</ns3:hr>
          </ns3:TrackPointExtension>
        </extensions>
      </trkpt>
      <trkpt lat="24.48756541125476360321044921875" lon="118.10642980970442295074462890625">
        <ele>10</ele>
        <time>2025-02-23T09:54:37.000Z</time>
        <extensions>
          <ns3:TrackPointExtension>
            <ns3:hr>102</ns3:hr>
          </ns3:TrackPointExtension>
        </extensions>
      </trkpt>
      <trkpt lat="24.48756205849349498748779296875" lon="118.106417991220951080322265625">
        <ele>10</ele>
        <time>2025-02-23T09:54:38.000Z</time>
        <extensions>
          <ns3:TrackPointExtension>
            <ns3:hr>102</ns3:hr>
          </ns3:TrackPointExtension>
        </extensions>
      </trkpt>
      <trkpt lat="24.4875586219131946563720703125" lon="118.10640617273747920989990234375">
        <ele>9.80000019073486328125</ele>
        <time>2025-02-23T09:54:39.000Z</time>
        <extensions>
          <ns3:TrackPointExtension>
            <ns3:hr>102</ns3:hr>
          </ns3:TrackPointExtension>
        </extensions>
      </trkpt>
      <trkpt lat="24.48755510151386260986328125" lon="118.10639418661594390869140625">
        <ele>9.80000019073486328125</ele>
        <time>2025-02-23T09:54:40.000Z</time>
        <extensions>
          <ns3:TrackPointExtension>
            <ns3:hr>102</ns3:hr>
          </ns3:TrackPointExtension>
        </extensions>
      </trkpt>
      <trkpt lat="24.487551413476467132568359375" lon="118.10638211667537689208984375">
        <ele>9.80000019073486328125</ele>
        <time>2025-02-23T09:54:41.000Z</time>
        <extensions>
          <ns3:TrackPointExtension>
            <ns3:hr>102</ns3:hr>
          </ns3:TrackPointExtension>
        </extensions>
      </trkpt>
      <trkpt lat="24.4875478930771350860595703125" lon="118.10637004673480987548828125">
        <ele>9.80000019073486328125</ele>
        <time>2025-02-23T09:54:42.000Z</time>
        <extensions>
          <ns3:TrackPointExtension>
            <ns3:hr>103</ns3:hr>
          </ns3:TrackPointExtension>
        </extensions>
      </trkpt>
      <trkpt lat="24.4875445403158664703369140625" lon="118.1063578091561794281005859375">
        <ele>9.6000003814697265625</ele>
        <time>2025-02-23T09:54:43.000Z</time>
        <extensions>
          <ns3:TrackPointExtension>
            <ns3:hr>103</ns3:hr>
          </ns3:TrackPointExtension>
        </extensions>
      </trkpt>
      <trkpt lat="24.48754143901169300079345703125" lon="118.10634582303464412689208984375">
        <ele>9.6000003814697265625</ele>
        <time>2025-02-23T09:54:44.000Z</time>
        <extensions>
          <ns3:TrackPointExtension>
            <ns3:hr>103</ns3:hr>
          </ns3:TrackPointExtension>
        </extensions>
      </trkpt>
      <trkpt lat="24.4875385053455829620361328125" lon="118.10633375309407711029052734375">
        <ele>9.6000003814697265625</ele>
        <time>2025-02-23T09:54:45.000Z</time>
        <extensions>
          <ns3:TrackPointExtension>
            <ns3:hr>103</ns3:hr>
          </ns3:TrackPointExtension>
        </extensions>
      </trkpt>
      <trkpt lat="24.4875354878604412078857421875" lon="118.1063215993344783782958984375">
        <ele>9.6000003814697265625</ele>
        <time>2025-02-23T09:54:46.000Z</time>
        <extensions>
          <ns3:TrackPointExtension>
            <ns3:hr>103</ns3:hr>
          </ns3:TrackPointExtension>
        </extensions>
      </trkpt>
      <trkpt lat="24.48753221891820430755615234375" lon="118.10630927793681621551513671875">
        <ele>9.6000003814697265625</ele>
        <time>2025-02-23T09:54:47.000Z</time>
        <extensions>
          <ns3:TrackPointExtension>
            <ns3:hr>103</ns3:hr>
          </ns3:TrackPointExtension>
        </extensions>
      </trkpt>
      <trkpt lat="24.487528614699840545654296875" lon="118.1062971241772174835205078125">
        <ele>9.3999996185302734375</ele>
        <time>2025-02-23T09:54:48.000Z</time>
        <extensions>
          <ns3:TrackPointExtension>
            <ns3:hr>103</ns3:hr>
          </ns3:TrackPointExtension>
        </extensions>
      </trkpt>
      <trkpt lat="24.4875247590243816375732421875" lon="118.1062850542366504669189453125">
        <ele>9.3999996185302734375</ele>
        <time>2025-02-23T09:54:49.000Z</time>
        <extensions>
          <ns3:TrackPointExtension>
            <ns3:hr>103</ns3:hr>
          </ns3:TrackPointExtension>
        </extensions>
      </trkpt>
      <trkpt lat="24.48752098716795444488525390625" lon="118.1062733195722103118896484375">
        <ele>9.3999996185302734375</ele>
        <time>2025-02-23T09:54:50.000Z</time>
        <extensions>
          <ns3:TrackPointExtension>
            <ns3:hr>103</ns3:hr>
          </ns3:TrackPointExtension>
        </extensions>
      </trkpt>
      <trkpt lat="24.48751755058765411376953125" lon="118.10626150108873844146728515625">
        <ele>9.3999996185302734375</ele>
        <time>2025-02-23T09:54:51.000Z</time>
        <extensions>
          <ns3:TrackPointExtension>
            <ns3:hr>103</ns3:hr>
          </ns3:TrackPointExtension>
        </extensions>
      </trkpt>
      <trkpt lat="24.48751444928348064422607421875" lon="118.10624909587204456329345703125">
        <ele>9.3999996185302734375</ele>
        <time>2025-02-23T09:54:52.000Z</time>
        <extensions>
          <ns3:TrackPointExtension>
            <ns3:hr>103</ns3:hr>
          </ns3:TrackPointExtension>
        </extensions>
      </trkpt>
      <trkpt lat="24.4875113479793071746826171875" lon="118.10623652301728725433349609375">
        <ele>9.19999980926513671875</ele>
        <time>2025-02-23T09:54:53.000Z</time>
        <extensions>
          <ns3:TrackPointExtension>
            <ns3:hr>103</ns3:hr>
          </ns3:TrackPointExtension>
        </extensions>
      </trkpt>
      <trkpt lat="24.48750816285610198974609375" lon="118.10622411780059337615966796875">
        <ele>9.19999980926513671875</ele>
        <time>2025-02-23T09:54:54.000Z</time>
        <extensions>
          <ns3:TrackPointExtension>
            <ns3:hr>103</ns3:hr>
          </ns3:TrackPointExtension>
        </extensions>
      </trkpt>
      <trkpt lat="24.487505145370960235595703125" lon="118.10621179640293121337890625">
        <ele>9.19999980926513671875</ele>
        <time>2025-02-23T09:54:55.000Z</time>
        <extensions>
          <ns3:TrackPointExtension>
            <ns3:hr>103</ns3:hr>
          </ns3:TrackPointExtension>
        </extensions>
      </trkpt>
      <trkpt lat="24.48750204406678676605224609375" lon="118.10619947500526905059814453125">
        <ele>9.19999980926513671875</ele>
        <time>2025-02-23T09:54:56.000Z</time>
        <extensions>
          <ns3:TrackPointExtension>
            <ns3:hr>104</ns3:hr>
          </ns3:TrackPointExtension>
        </extensions>
      </trkpt>
      <trkpt lat="24.487499110400676727294921875" lon="118.10618706978857517242431640625">
        <ele>9</ele>
        <time>2025-02-23T09:54:57.000Z</time>
        <extensions>
          <ns3:TrackPointExtension>
            <ns3:hr>104</ns3:hr>
          </ns3:TrackPointExtension>
        </extensions>
      </trkpt>
      <trkpt lat="24.4874962605535984039306640625" lon="118.1061744131147861480712890625">
        <ele>9</ele>
        <time>2025-02-23T09:54:58.000Z</time>
        <extensions>
          <ns3:TrackPointExtension>
            <ns3:hr>104</ns3:hr>
          </ns3:TrackPointExtension>
        </extensions>
      </trkpt>
      <trkpt lat="24.48749349452555179595947265625" lon="118.1061616726219654083251953125">
        <ele>9</ele>
        <time>2025-02-23T09:54:59.000Z</time>
        <extensions>
          <ns3:TrackPointExtension>
            <ns3:hr>104</ns3:hr>
          </ns3:TrackPointExtension>
        </extensions>
      </trkpt>
      <trkpt lat="24.48749081231653690338134765625" lon="118.10614868067204952239990234375">
        <ele>9</ele>
        <time>2025-02-23T09:55:00.000Z</time>
        <extensions>
          <ns3:TrackPointExtension>
            <ns3:hr>104</ns3:hr>
          </ns3:TrackPointExtension>
        </extensions>
      </trkpt>
      <trkpt lat="24.487488381564617156982421875" lon="118.1061355210840702056884765625">
        <ele>8.80000019073486328125</ele>
        <time>2025-02-23T09:55:01.000Z</time>
        <extensions>
          <ns3:TrackPointExtension>
            <ns3:hr>104</ns3:hr>
          </ns3:TrackPointExtension>
        </extensions>
      </trkpt>
      <trkpt lat="24.48748595081269741058349609375" lon="118.10612252913415431976318359375">
        <ele>8.80000019073486328125</ele>
        <time>2025-02-23T09:55:02.000Z</time>
        <extensions>
          <ns3:TrackPointExtension>
            <ns3:hr>104</ns3:hr>
          </ns3:TrackPointExtension>
        </extensions>
      </trkpt>
      <trkpt lat="24.4874835200607776641845703125" lon="118.10610945336520671844482421875">
        <ele>8.80000019073486328125</ele>
        <time>2025-02-23T09:55:03.000Z</time>
        <extensions>
          <ns3:TrackPointExtension>
            <ns3:hr>103</ns3:hr>
          </ns3:TrackPointExtension>
        </extensions>
      </trkpt>
      <trkpt lat="24.487481005489826202392578125" lon="118.106096126139163970947265625">
        <ele>8.80000019073486328125</ele>
        <time>2025-02-23T09:55:04.000Z</time>
        <extensions>
          <ns3:TrackPointExtension>
            <ns3:hr>103</ns3:hr>
          </ns3:TrackPointExtension>
        </extensions>
      </trkpt>
      <trkpt lat="24.4874784909188747406005859375" lon="118.10608305037021636962890625">
        <ele>8.80000019073486328125</ele>
        <time>2025-02-23T09:55:05.000Z</time>
        <extensions>
          <ns3:TrackPointExtension>
            <ns3:hr>103</ns3:hr>
          </ns3:TrackPointExtension>
        </extensions>
      </trkpt>
      <trkpt lat="24.48747589252889156341552734375" lon="118.10607072897255420684814453125">
        <ele>8.6000003814697265625</ele>
        <time>2025-02-23T09:55:06.000Z</time>
        <extensions>
          <ns3:TrackPointExtension>
            <ns3:hr>103</ns3:hr>
          </ns3:TrackPointExtension>
        </extensions>
      </trkpt>
      <trkpt lat="24.487472958862781524658203125" lon="118.1060587428510189056396484375">
        <ele>8.6000003814697265625</ele>
        <time>2025-02-23T09:55:07.000Z</time>
        <extensions>
          <ns3:TrackPointExtension>
            <ns3:hr>103</ns3:hr>
          </ns3:TrackPointExtension>
        </extensions>
      </trkpt>
      <trkpt lat="24.4874699413776397705078125" lon="118.10604642145335674285888671875">
        <ele>8.6000003814697265625</ele>
        <time>2025-02-23T09:55:08.000Z</time>
        <extensions>
          <ns3:TrackPointExtension>
            <ns3:hr>103</ns3:hr>
          </ns3:TrackPointExtension>
        </extensions>
      </trkpt>
      <trkpt lat="24.4874667562544345855712890625" lon="118.106034100055694580078125">
        <ele>8.6000003814697265625</ele>
        <time>2025-02-23T09:55:09.000Z</time>
        <extensions>
          <ns3:TrackPointExtension>
            <ns3:hr>104</ns3:hr>
          </ns3:TrackPointExtension>
        </extensions>
      </trkpt>
      <trkpt lat="24.48746348731219768524169921875" lon="118.10602194629609584808349609375">
        <ele>8.3999996185302734375</ele>
        <time>2025-02-23T09:55:10.000Z</time>
        <extensions>
          <ns3:TrackPointExtension>
            <ns3:hr>104</ns3:hr>
          </ns3:TrackPointExtension>
        </extensions>
      </trkpt>
      <trkpt lat="24.48746013455092906951904296875" lon="118.10600970871746540069580078125">
        <ele>8.3999996185302734375</ele>
        <time>2025-02-23T09:55:11.000Z</time>
        <extensions>
          <ns3:TrackPointExtension>
            <ns3:hr>104</ns3:hr>
          </ns3:TrackPointExtension>
        </extensions>
      </trkpt>
      <trkpt lat="24.48745644651353359222412109375" lon="118.10599730350077152252197265625">
        <ele>8.3999996185302734375</ele>
        <time>2025-02-23T09:55:12.000Z</time>
        <extensions>
          <ns3:TrackPointExtension>
            <ns3:hr>104</ns3:hr>
          </ns3:TrackPointExtension>
        </extensions>
      </trkpt>
      <trkpt lat="24.4874526746571063995361328125" lon="118.105984814465045928955078125">
        <ele>8.3999996185302734375</ele>
        <time>2025-02-23T09:55:13.000Z</time>
        <extensions>
          <ns3:TrackPointExtension>
            <ns3:hr>104</ns3:hr>
          </ns3:TrackPointExtension>
        </extensions>
      </trkpt>
      <trkpt lat="24.487448818981647491455078125" lon="118.1059722416102886199951171875">
        <ele>8.3999996185302734375</ele>
        <time>2025-02-23T09:55:14.000Z</time>
        <extensions>
          <ns3:TrackPointExtension>
            <ns3:hr>104</ns3:hr>
          </ns3:TrackPointExtension>
        </extensions>
      </trkpt>
      <trkpt lat="24.48744538240134716033935546875" lon="118.1059598363935947418212890625">
        <ele>8.19999980926513671875</ele>
        <time>2025-02-23T09:55:15.000Z</time>
        <extensions>
          <ns3:TrackPointExtension>
            <ns3:hr>104</ns3:hr>
          </ns3:TrackPointExtension>
        </extensions>
      </trkpt>
      <trkpt lat="24.48744219727814197540283203125" lon="118.10594734735786914825439453125">
        <ele>8.19999980926513671875</ele>
        <time>2025-02-23T09:55:16.000Z</time>
        <extensions>
          <ns3:TrackPointExtension>
            <ns3:hr>104</ns3:hr>
          </ns3:TrackPointExtension>
        </extensions>
      </trkpt>
      <trkpt lat="24.487439431250095367431640625" lon="118.1059346906840801239013671875">
        <ele>8.19999980926513671875</ele>
        <time>2025-02-23T09:55:17.000Z</time>
        <extensions>
          <ns3:TrackPointExtension>
            <ns3:hr>104</ns3:hr>
          </ns3:TrackPointExtension>
        </extensions>
      </trkpt>
      <trkpt lat="24.4874369166791439056396484375" lon="118.10592169873416423797607421875">
        <ele>8.19999980926513671875</ele>
        <time>2025-02-23T09:55:18.000Z</time>
        <extensions>
          <ns3:TrackPointExtension>
            <ns3:hr>104</ns3:hr>
          </ns3:TrackPointExtension>
        </extensions>
      </trkpt>
      <trkpt lat="24.48743440210819244384765625" lon="118.1059088744223117828369140625">
        <ele>8</ele>
        <time>2025-02-23T09:55:19.000Z</time>
        <extensions>
          <ns3:TrackPointExtension>
            <ns3:hr>104</ns3:hr>
          </ns3:TrackPointExtension>
        </extensions>
      </trkpt>
      <trkpt lat="24.48743163608014583587646484375" lon="118.1058961339294910430908203125">
        <ele>8</ele>
        <time>2025-02-23T09:55:20.000Z</time>
        <extensions>
          <ns3:TrackPointExtension>
            <ns3:hr>104</ns3:hr>
          </ns3:TrackPointExtension>
        </extensions>
      </trkpt>
      <trkpt lat="24.48742861859500408172607421875" lon="118.10588347725570201873779296875">
        <ele>8</ele>
        <time>2025-02-23T09:55:21.000Z</time>
        <extensions>
          <ns3:TrackPointExtension>
            <ns3:hr>104</ns3:hr>
          </ns3:TrackPointExtension>
        </extensions>
      </trkpt>
      <trkpt lat="24.487425349652767181396484375" lon="118.10587090440094470977783203125">
        <ele>7.80000019073486328125</ele>
        <time>2025-02-23T09:55:22.000Z</time>
        <extensions>
          <ns3:TrackPointExtension>
            <ns3:hr>104</ns3:hr>
          </ns3:TrackPointExtension>
        </extensions>
      </trkpt>
      <trkpt lat="24.48742174543440341949462890625" lon="118.10585833154618740081787109375">
        <ele>7.80000019073486328125</ele>
        <time>2025-02-23T09:55:23.000Z</time>
        <extensions>
          <ns3:TrackPointExtension>
            <ns3:hr>104</ns3:hr>
          </ns3:TrackPointExtension>
        </extensions>
      </trkpt>
      <trkpt lat="24.4874178059399127960205078125" lon="118.105846010148525238037109375">
        <ele>7.80000019073486328125</ele>
        <time>2025-02-23T09:55:24.000Z</time>
        <extensions>
          <ns3:TrackPointExtension>
            <ns3:hr>104</ns3:hr>
          </ns3:TrackPointExtension>
        </extensions>
      </trkpt>
      <trkpt lat="24.48741369880735874176025390625" lon="118.10583419166505336761474609375">
        <ele>7.599999904632568359375</ele>
        <time>2025-02-23T09:55:25.000Z</time>
        <extensions>
          <ns3:TrackPointExtension>
            <ns3:hr>104</ns3:hr>
          </ns3:TrackPointExtension>
        </extensions>
      </trkpt>
      <trkpt lat="24.487409926950931549072265625" lon="118.10582279227674007415771484375">
        <ele>7.599999904632568359375</ele>
        <time>2025-02-23T09:55:26.000Z</time>
        <extensions>
          <ns3:TrackPointExtension>
            <ns3:hr>104</ns3:hr>
          </ns3:TrackPointExtension>
        </extensions>
      </trkpt>
      <trkpt lat="24.487406574189662933349609375" lon="118.1058113090693950653076171875">
        <ele>7.400000095367431640625</ele>
        <time>2025-02-23T09:55:27.000Z</time>
        <extensions>
          <ns3:TrackPointExtension>
            <ns3:hr>104</ns3:hr>
          </ns3:TrackPointExtension>
        </extensions>
      </trkpt>
      <trkpt lat="24.4874030537903308868408203125" lon="118.1057992391288280487060546875">
        <ele>7.400000095367431640625</ele>
        <time>2025-02-23T09:55:28.000Z</time>
        <extensions>
          <ns3:TrackPointExtension>
            <ns3:hr>103</ns3:hr>
          </ns3:TrackPointExtension>
        </extensions>
      </trkpt>
      <trkpt lat="24.4873993657529354095458984375" lon="118.10578708536922931671142578125">
        <ele>7.19999980926513671875</ele>
        <time>2025-02-23T09:55:29.000Z</time>
        <extensions>
          <ns3:TrackPointExtension>
            <ns3:hr>103</ns3:hr>
          </ns3:TrackPointExtension>
        </extensions>
      </trkpt>
      <trkpt lat="24.4873953424394130706787109375" lon="118.1057747639715671539306640625">
        <ele>7.19999980926513671875</ele>
        <time>2025-02-23T09:55:30.000Z</time>
        <extensions>
          <ns3:TrackPointExtension>
            <ns3:hr>103</ns3:hr>
          </ns3:TrackPointExtension>
        </extensions>
      </trkpt>
      <trkpt lat="24.48739140294492244720458984375" lon="118.10576227493584156036376953125">
        <ele>7.19999980926513671875</ele>
        <time>2025-02-23T09:55:31.000Z</time>
        <extensions>
          <ns3:TrackPointExtension>
            <ns3:hr>103</ns3:hr>
          </ns3:TrackPointExtension>
        </extensions>
      </trkpt>
      <trkpt lat="24.4873879663646221160888671875" lon="118.10574953444302082061767578125">
        <ele>7</ele>
        <time>2025-02-23T09:55:32.000Z</time>
        <extensions>
          <ns3:TrackPointExtension>
            <ns3:hr>103</ns3:hr>
          </ns3:TrackPointExtension>
        </extensions>
      </trkpt>
      <trkpt lat="24.4873849488794803619384765625" lon="118.1057368777692317962646484375">
        <ele>7</ele>
        <time>2025-02-23T09:55:33.000Z</time>
        <extensions>
          <ns3:TrackPointExtension>
            <ns3:hr>104</ns3:hr>
          </ns3:TrackPointExtension>
        </extensions>
      </trkpt>
      <trkpt lat="24.48738201521337032318115234375" lon="118.10572405345737934112548828125">
        <ele>6.80000019073486328125</ele>
        <time>2025-02-23T09:55:34.000Z</time>
        <extensions>
          <ns3:TrackPointExtension>
            <ns3:hr>104</ns3:hr>
          </ns3:TrackPointExtension>
        </extensions>
      </trkpt>
      <trkpt lat="24.48737899772822856903076171875" lon="118.10571148060262203216552734375">
        <ele>6.80000019073486328125</ele>
        <time>2025-02-23T09:55:35.000Z</time>
        <extensions>
          <ns3:TrackPointExtension>
            <ns3:hr>104</ns3:hr>
          </ns3:TrackPointExtension>
        </extensions>
      </trkpt>
      <trkpt lat="24.487375728785991668701171875" lon="118.1056988239288330078125">
        <ele>6.599999904632568359375</ele>
        <time>2025-02-23T09:55:36.000Z</time>
        <extensions>
          <ns3:TrackPointExtension>
            <ns3:hr>104</ns3:hr>
          </ns3:TrackPointExtension>
        </extensions>
      </trkpt>
      <trkpt lat="24.4873725436627864837646484375" lon="118.10568599961698055267333984375">
        <ele>6.599999904632568359375</ele>
        <time>2025-02-23T09:55:37.000Z</time>
        <extensions>
          <ns3:TrackPointExtension>
            <ns3:hr>104</ns3:hr>
          </ns3:TrackPointExtension>
        </extensions>
      </trkpt>
      <trkpt lat="24.48736944235861301422119140625" lon="118.10567309148609638214111328125">
        <ele>6.400000095367431640625</ele>
        <time>2025-02-23T09:55:38.000Z</time>
        <extensions>
          <ns3:TrackPointExtension>
            <ns3:hr>104</ns3:hr>
          </ns3:TrackPointExtension>
        </extensions>
      </trkpt>
      <trkpt lat="24.4873665086925029754638671875" lon="118.1056607700884342193603515625">
        <ele>6.400000095367431640625</ele>
        <time>2025-02-23T09:55:39.000Z</time>
        <extensions>
          <ns3:TrackPointExtension>
            <ns3:hr>104</ns3:hr>
          </ns3:TrackPointExtension>
        </extensions>
      </trkpt>
      <trkpt lat="24.487363658845424652099609375" lon="118.10564861632883548736572265625">
        <ele>6.19999980926513671875</ele>
        <time>2025-02-23T09:55:40.000Z</time>
        <extensions>
          <ns3:TrackPointExtension>
            <ns3:hr>104</ns3:hr>
          </ns3:TrackPointExtension>
        </extensions>
      </trkpt>
      <trkpt lat="24.48736055754125118255615234375" lon="118.10563621111214160919189453125">
        <ele>6.19999980926513671875</ele>
        <time>2025-02-23T09:55:41.000Z</time>
        <extensions>
          <ns3:TrackPointExtension>
            <ns3:hr>104</ns3:hr>
          </ns3:TrackPointExtension>
        </extensions>
      </trkpt>
      <trkpt lat="24.48735737241804599761962890625" lon="118.10562380589544773101806640625">
        <ele>6.19999980926513671875</ele>
        <time>2025-02-23T09:55:42.000Z</time>
        <extensions>
          <ns3:TrackPointExtension>
            <ns3:hr>104</ns3:hr>
          </ns3:TrackPointExtension>
        </extensions>
      </trkpt>
      <trkpt lat="24.487354271113872528076171875" lon="118.105611987411975860595703125">
        <ele>6</ele>
        <time>2025-02-23T09:55:43.000Z</time>
        <extensions>
          <ns3:TrackPointExtension>
            <ns3:hr>104</ns3:hr>
          </ns3:TrackPointExtension>
        </extensions>
      </trkpt>
      <trkpt lat="24.48735184036195278167724609375" lon="118.10560016892850399017333984375">
        <ele>6</ele>
        <time>2025-02-23T09:55:44.000Z</time>
        <extensions>
          <ns3:TrackPointExtension>
            <ns3:hr>104</ns3:hr>
          </ns3:TrackPointExtension>
        </extensions>
      </trkpt>
      <trkpt lat="24.487350247800350189208984375" lon="118.10558776371181011199951171875">
        <ele>6</ele>
        <time>2025-02-23T09:55:45.000Z</time>
        <extensions>
          <ns3:TrackPointExtension>
            <ns3:hr>104</ns3:hr>
          </ns3:TrackPointExtension>
        </extensions>
      </trkpt>
      <trkpt lat="24.4873504154384136199951171875" lon="118.105575107038021087646484375">
        <ele>6</ele>
        <time>2025-02-23T09:55:46.000Z</time>
        <extensions>
          <ns3:TrackPointExtension>
            <ns3:hr>104</ns3:hr>
          </ns3:TrackPointExtension>
        </extensions>
      </trkpt>
      <trkpt lat="24.48735334910452365875244140625" lon="118.10556270182132720947265625">
        <ele>6</ele>
        <time>2025-02-23T09:55:47.000Z</time>
        <extensions>
          <ns3:TrackPointExtension>
            <ns3:hr>105</ns3:hr>
          </ns3:TrackPointExtension>
        </extensions>
      </trkpt>
      <trkpt lat="24.4873591326177120208740234375" lon="118.105551302433013916015625">
        <ele>5.80000019073486328125</ele>
        <time>2025-02-23T09:55:48.000Z</time>
        <extensions>
          <ns3:TrackPointExtension>
            <ns3:hr>105</ns3:hr>
          </ns3:TrackPointExtension>
        </extensions>
      </trkpt>
      <trkpt lat="24.487367682158946990966796875" lon="118.1055419147014617919921875">
        <ele>5.80000019073486328125</ele>
        <time>2025-02-23T09:55:49.000Z</time>
        <extensions>
          <ns3:TrackPointExtension>
            <ns3:hr>105</ns3:hr>
          </ns3:TrackPointExtension>
        </extensions>
      </trkpt>
      <trkpt lat="24.48737815953791141510009765625" lon="118.10553411953151226043701171875">
        <ele>5.80000019073486328125</ele>
        <time>2025-02-23T09:55:50.000Z</time>
        <extensions>
          <ns3:TrackPointExtension>
            <ns3:hr>105</ns3:hr>
          </ns3:TrackPointExtension>
        </extensions>
      </trkpt>
      <trkpt lat="24.48738872073590755462646484375" lon="118.1055269949138164520263671875">
        <ele>6</ele>
        <time>2025-02-23T09:55:51.000Z</time>
        <extensions>
          <ns3:TrackPointExtension>
            <ns3:hr>105</ns3:hr>
          </ns3:TrackPointExtension>
        </extensions>
      </trkpt>
      <trkpt lat="24.48739819228649139404296875" lon="118.10551987029612064361572265625">
        <ele>6</ele>
        <time>2025-02-23T09:55:52.000Z</time>
        <extensions>
          <ns3:TrackPointExtension>
            <ns3:hr>105</ns3:hr>
          </ns3:TrackPointExtension>
        </extensions>
      </trkpt>
      <trkpt lat="24.4874070771038532257080078125" lon="118.1055129133164882659912109375">
        <ele>6</ele>
        <time>2025-02-23T09:55:53.000Z</time>
        <extensions>
          <ns3:TrackPointExtension>
            <ns3:hr>106</ns3:hr>
          </ns3:TrackPointExtension>
        </extensions>
      </trkpt>
      <trkpt lat="24.48741554282605648040771484375" lon="118.1055065430700778961181640625">
        <ele>6</ele>
        <time>2025-02-23T09:55:54.000Z</time>
        <extensions>
          <ns3:TrackPointExtension>
            <ns3:hr>106</ns3:hr>
          </ns3:TrackPointExtension>
        </extensions>
      </trkpt>
      <trkpt lat="24.48742476291954517364501953125" lon="118.10550042428076267242431640625">
        <ele>6</ele>
        <time>2025-02-23T09:55:55.000Z</time>
        <extensions>
          <ns3:TrackPointExtension>
            <ns3:hr>106</ns3:hr>
          </ns3:TrackPointExtension>
        </extensions>
      </trkpt>
      <trkpt lat="24.4874349050223827362060546875" lon="118.10549405403435230255126953125">
        <ele>6</ele>
        <time>2025-02-23T09:55:56.000Z</time>
        <extensions>
          <ns3:TrackPointExtension>
            <ns3:hr>106</ns3:hr>
          </ns3:TrackPointExtension>
        </extensions>
      </trkpt>
      <trkpt lat="24.4874446280300617218017578125" lon="118.10548852197825908660888671875">
        <ele>6</ele>
        <time>2025-02-23T09:55:57.000Z</time>
        <extensions>
          <ns3:TrackPointExtension>
            <ns3:hr>106</ns3:hr>
          </ns3:TrackPointExtension>
        </extensions>
      </trkpt>
      <trkpt lat="24.48745317757129669189453125" lon="118.1054842472076416015625">
        <ele>6</ele>
        <time>2025-02-23T09:55:58.000Z</time>
        <extensions>
          <ns3:TrackPointExtension>
            <ns3:hr>106</ns3:hr>
          </ns3:TrackPointExtension>
        </extensions>
      </trkpt>
      <trkpt lat="24.4874603860080242156982421875" lon="118.105480559170246124267578125">
        <ele>6</ele>
        <time>2025-02-23T09:55:59.000Z</time>
        <extensions>
          <ns3:TrackPointExtension>
            <ns3:hr>106</ns3:hr>
          </ns3:TrackPointExtension>
        </extensions>
      </trkpt>
      <trkpt lat="24.487465918064117431640625" lon="118.1054773740470409393310546875">
        <ele>6</ele>
        <time>2025-02-23T09:56:00.000Z</time>
        <extensions>
          <ns3:TrackPointExtension>
            <ns3:hr>106</ns3:hr>
          </ns3:TrackPointExtension>
        </extensions>
      </trkpt>
      <trkpt lat="24.4874694384634494781494140625" lon="118.1054753623902797698974609375">
        <ele>6</ele>
        <time>2025-02-23T09:56:01.000Z</time>
        <extensions>
          <ns3:TrackPointExtension>
            <ns3:hr>106</ns3:hr>
          </ns3:TrackPointExtension>
        </extensions>
      </trkpt>
      <trkpt lat="24.4874711148440837860107421875" lon="118.10547511093318462371826171875">
        <ele>6</ele>
        <time>2025-02-23T09:56:02.000Z</time>
        <extensions>
          <ns3:TrackPointExtension>
            <ns3:hr>106</ns3:hr>
          </ns3:TrackPointExtension>
        </extensions>
      </trkpt>
      <trkpt lat="24.48747203685343265533447265625" lon="118.105475865304470062255859375">
        <ele>6</ele>
        <time>2025-02-23T09:56:03.000Z</time>
        <extensions>
          <ns3:TrackPointExtension>
            <ns3:hr>106</ns3:hr>
          </ns3:TrackPointExtension>
        </extensions>
      </trkpt>
      <trkpt lat="24.48747270740568637847900390625" lon="118.10547687113285064697265625">
        <ele>6</ele>
        <time>2025-02-23T09:56:04.000Z</time>
        <extensions>
          <ns3:TrackPointExtension>
            <ns3:hr>106</ns3:hr>
          </ns3:TrackPointExtension>
        </extensions>
      </trkpt>
      <trkpt lat="24.4874731265008449554443359375" lon="118.105477876961231231689453125">
        <ele>6</ele>
        <time>2025-02-23T09:56:05.000Z</time>
        <extensions>
          <ns3:TrackPointExtension>
            <ns3:hr>106</ns3:hr>
          </ns3:TrackPointExtension>
        </extensions>
      </trkpt>
      <trkpt lat="24.48747329413890838623046875" lon="118.1054787151515483856201171875">
        <ele>6</ele>
        <time>2025-02-23T09:56:06.000Z</time>
        <extensions>
          <ns3:TrackPointExtension>
            <ns3:hr>106</ns3:hr>
          </ns3:TrackPointExtension>
        </extensions>
      </trkpt>
      <trkpt lat="24.487473629415035247802734375" lon="118.10547955334186553955078125">
        <ele>6</ele>
        <time>2025-02-23T09:56:07.000Z</time>
        <extensions>
          <ns3:TrackPointExtension>
            <ns3:hr>105</ns3:hr>
          </ns3:TrackPointExtension>
        </extensions>
      </trkpt>
      <trkpt lat="24.4874741323292255401611328125" lon="118.10548047535121440887451171875">
        <ele>6</ele>
        <time>2025-02-23T09:56:08.000Z</time>
        <extensions>
          <ns3:TrackPointExtension>
            <ns3:hr>105</ns3:hr>
          </ns3:TrackPointExtension>
        </extensions>
      </trkpt>
      <trkpt lat="24.48747505433857440948486328125" lon="118.105481564998626708984375">
        <ele>6</ele>
        <time>2025-02-23T09:56:09.000Z</time>
        <extensions>
          <ns3:TrackPointExtension>
            <ns3:hr>105</ns3:hr>
          </ns3:TrackPointExtension>
        </extensions>
      </trkpt>
      <trkpt lat="24.4874761439859867095947265625" lon="118.105482570827007293701171875">
        <ele>6</ele>
        <time>2025-02-23T09:56:10.000Z</time>
        <extensions>
          <ns3:TrackPointExtension>
            <ns3:hr>105</ns3:hr>
          </ns3:TrackPointExtension>
        </extensions>
      </trkpt>
      <trkpt lat="24.48747723363339900970458984375" lon="118.10548332519829273223876953125">
        <ele>6</ele>
        <time>2025-02-23T09:56:11.000Z</time>
        <extensions>
          <ns3:TrackPointExtension>
            <ns3:hr>104</ns3:hr>
          </ns3:TrackPointExtension>
        </extensions>
      </trkpt>
      <trkpt lat="24.4874781556427478790283203125" lon="118.10548382811248302459716796875">
        <ele>6</ele>
        <time>2025-02-23T09:56:12.000Z</time>
        <extensions>
          <ns3:TrackPointExtension>
            <ns3:hr>104</ns3:hr>
          </ns3:TrackPointExtension>
        </extensions>
      </trkpt>
      <trkpt lat="24.48747924529016017913818359375" lon="118.1054840795695781707763671875">
        <ele>6</ele>
        <time>2025-02-23T09:56:13.000Z</time>
        <extensions>
          <ns3:TrackPointExtension>
            <ns3:hr>100</ns3:hr>
          </ns3:TrackPointExtension>
        </extensions>
      </trkpt>
      <trkpt lat="24.4874806702136993408203125" lon="118.105483911931514739990234375">
        <ele>6</ele>
        <time>2025-02-23T09:56:14.000Z</time>
        <extensions>
          <ns3:TrackPointExtension>
            <ns3:hr>100</ns3:hr>
          </ns3:TrackPointExtension>
        </extensions>
      </trkpt>
      <trkpt lat="24.48748310096561908721923828125" lon="118.10548298992216587066650390625">
        <ele>6</ele>
        <time>2025-02-23T09:56:15.000Z</time>
        <extensions>
          <ns3:TrackPointExtension>
            <ns3:hr>100</ns3:hr>
          </ns3:TrackPointExtension>
        </extensions>
      </trkpt>
      <trkpt lat="24.48748695664107799530029296875" lon="118.10548114590346813201904296875">
        <ele>6</ele>
        <time>2025-02-23T09:56:16.000Z</time>
        <extensions>
          <ns3:TrackPointExtension>
            <ns3:hr>100</ns3:hr>
          </ns3:TrackPointExtension>
        </extensions>
      </trkpt>
      <trkpt lat="24.487493075430393218994140625" lon="118.105477876961231231689453125">
        <ele>6</ele>
        <time>2025-02-23T09:56:17.000Z</time>
        <extensions>
          <ns3:TrackPointExtension>
            <ns3:hr>100</ns3:hr>
          </ns3:TrackPointExtension>
        </extensions>
      </trkpt>
      <trkpt lat="24.48750279843807220458984375" lon="118.10547226108610630035400390625">
        <ele>6</ele>
        <time>2025-02-23T09:56:18.000Z</time>
        <extensions>
          <ns3:TrackPointExtension>
            <ns3:hr>100</ns3:hr>
          </ns3:TrackPointExtension>
        </extensions>
      </trkpt>
      <trkpt lat="24.48751595802605152130126953125" lon="118.10546387918293476104736328125">
        <ele>6</ele>
        <time>2025-02-23T09:56:19.000Z</time>
        <extensions>
          <ns3:TrackPointExtension>
            <ns3:hr>100</ns3:hr>
          </ns3:TrackPointExtension>
        </extensions>
      </trkpt>
      <trkpt lat="24.48753087781369686126708984375" lon="118.1054515577852725982666015625">
        <ele>5.80000019073486328125</ele>
        <time>2025-02-23T09:56:20.000Z</time>
        <extensions>
          <ns3:TrackPointExtension>
            <ns3:hr>100</ns3:hr>
          </ns3:TrackPointExtension>
        </extensions>
      </trkpt>
      <trkpt lat="24.48754663579165935516357421875" lon="118.10543538071215152740478515625">
        <ele>5.80000019073486328125</ele>
        <time>2025-02-23T09:56:21.000Z</time>
        <extensions>
          <ns3:TrackPointExtension>
            <ns3:hr>100</ns3:hr>
          </ns3:TrackPointExtension>
        </extensions>
      </trkpt>
      <trkpt lat="24.487562477588653564453125" lon="118.10541643761098384857177734375">
        <ele>5.599999904632568359375</ele>
        <time>2025-02-23T09:56:22.000Z</time>
        <extensions>
          <ns3:TrackPointExtension>
            <ns3:hr>100</ns3:hr>
          </ns3:TrackPointExtension>
        </extensions>
      </trkpt>
      <trkpt lat="24.48757848702371120452880859375" lon="118.10539514757692813873291015625">
        <ele>5.400000095367431640625</ele>
        <time>2025-02-23T09:56:23.000Z</time>
        <extensions>
          <ns3:TrackPointExtension>
            <ns3:hr>103</ns3:hr>
          </ns3:TrackPointExtension>
        </extensions>
      </trkpt>
      <trkpt lat="24.4875944964587688446044921875" lon="118.10537100769579410552978515625">
        <ele>5.19999980926513671875</ele>
        <time>2025-02-23T09:56:24.000Z</time>
        <extensions>
          <ns3:TrackPointExtension>
            <ns3:hr>103</ns3:hr>
          </ns3:TrackPointExtension>
        </extensions>
      </trkpt>
      <trkpt lat="24.4876102544367313385009765625" lon="118.10534502379596233367919921875">
        <ele>5.19999980926513671875</ele>
        <time>2025-02-23T09:56:25.000Z</time>
        <extensions>
          <ns3:TrackPointExtension>
            <ns3:hr>103</ns3:hr>
          </ns3:TrackPointExtension>
        </extensions>
      </trkpt>
      <trkpt lat="24.4876263476908206939697265625" lon="118.10532021336257457733154296875">
        <ele>5.19999980926513671875</ele>
        <time>2025-02-23T09:56:26.000Z</time>
        <extensions>
          <ns3:TrackPointExtension>
            <ns3:hr>103</ns3:hr>
          </ns3:TrackPointExtension>
        </extensions>
      </trkpt>
      <trkpt lat="24.4876431114971637725830078125" lon="118.10529925860464572906494140625">
        <ele>5.400000095367431640625</ele>
        <time>2025-02-23T09:56:27.000Z</time>
        <extensions>
          <ns3:TrackPointExtension>
            <ns3:hr>103</ns3:hr>
          </ns3:TrackPointExtension>
        </extensions>
      </trkpt>
      <trkpt lat="24.4876608811318874359130859375" lon="118.10528299771249294281005859375">
        <ele>5.599999904632568359375</ele>
        <time>2025-02-23T09:56:28.000Z</time>
        <extensions>
          <ns3:TrackPointExtension>
            <ns3:hr>111</ns3:hr>
          </ns3:TrackPointExtension>
        </extensions>
      </trkpt>
      <trkpt lat="24.48767940513789653778076171875" lon="118.10527226887643337249755859375">
        <ele>5.80000019073486328125</ele>
        <time>2025-02-23T09:56:29.000Z</time>
        <extensions>
          <ns3:TrackPointExtension>
            <ns3:hr>111</ns3:hr>
          </ns3:TrackPointExtension>
        </extensions>
      </trkpt>
      <trkpt lat="24.48769650422036647796630859375" lon="118.10526765882968902587890625">
        <ele>6</ele>
        <time>2025-02-23T09:56:30.000Z</time>
        <extensions>
          <ns3:TrackPointExtension>
            <ns3:hr>111</ns3:hr>
          </ns3:TrackPointExtension>
        </extensions>
      </trkpt>
      <trkpt lat="24.48771075345575809478759765625" lon="118.10526841320097446441650390625">
        <ele>6.400000095367431640625</ele>
        <time>2025-02-23T09:56:31.000Z</time>
        <extensions>
          <ns3:TrackPointExtension>
            <ns3:hr>111</ns3:hr>
          </ns3:TrackPointExtension>
        </extensions>
      </trkpt>
      <trkpt lat="24.487724415957927703857421875" lon="118.10527293942868709564208984375">
        <ele>6.599999904632568359375</ele>
        <time>2025-02-23T09:56:32.000Z</time>
        <extensions>
          <ns3:TrackPointExtension>
            <ns3:hr>111</ns3:hr>
          </ns3:TrackPointExtension>
        </extensions>
      </trkpt>
      <trkpt lat="24.4877413474023342132568359375" lon="118.10527813620865345001220703125">
        <ele>7</ele>
        <time>2025-02-23T09:56:33.000Z</time>
        <extensions>
          <ns3:TrackPointExtension>
            <ns3:hr>119</ns3:hr>
          </ns3:TrackPointExtension>
        </extensions>
      </trkpt>
      <trkpt lat="24.48776288889348506927490234375" lon="118.10527964495122432708740234375">
        <ele>7.400000095367431640625</ele>
        <time>2025-02-23T09:56:34.000Z</time>
        <extensions>
          <ns3:TrackPointExtension>
            <ns3:hr>119</ns3:hr>
          </ns3:TrackPointExtension>
        </extensions>
      </trkpt>
      <trkpt lat="24.48778669349849224090576171875" lon="118.10527595691382884979248046875">
        <ele>7.80000019073486328125</ele>
        <time>2025-02-23T09:56:35.000Z</time>
        <extensions>
          <ns3:TrackPointExtension>
            <ns3:hr>119</ns3:hr>
          </ns3:TrackPointExtension>
        </extensions>
      </trkpt>
      <trkpt lat="24.4878105819225311279296875" lon="118.10526908375322818756103515625">
        <ele>8.19999980926513671875</ele>
        <time>2025-02-23T09:56:36.000Z</time>
        <extensions>
          <ns3:TrackPointExtension>
            <ns3:hr>119</ns3:hr>
          </ns3:TrackPointExtension>
        </extensions>
      </trkpt>
      <trkpt lat="24.48783396743237972259521484375" lon="118.105261623859405517578125">
        <ele>8.6000003814697265625</ele>
        <time>2025-02-23T09:56:37.000Z</time>
        <extensions>
          <ns3:TrackPointExtension>
            <ns3:hr>119</ns3:hr>
          </ns3:TrackPointExtension>
        </extensions>
      </trkpt>
      <trkpt lat="24.48785710148513317108154296875" lon="118.1052540801465511322021484375">
        <ele>9.19999980926513671875</ele>
        <time>2025-02-23T09:56:38.000Z</time>
        <extensions>
          <ns3:TrackPointExtension>
            <ns3:hr>119</ns3:hr>
          </ns3:TrackPointExtension>
        </extensions>
      </trkpt>
      <trkpt lat="24.487879984080791473388671875" lon="118.10524594970047473907470703125">
        <ele>9.80000019073486328125</ele>
        <time>2025-02-23T09:56:39.000Z</time>
        <extensions>
          <ns3:TrackPointExtension>
            <ns3:hr>119</ns3:hr>
          </ns3:TrackPointExtension>
        </extensions>
      </trkpt>
      <trkpt lat="24.487902782857418060302734375" lon="118.10523740015923976898193359375">
        <ele>10.19999980926513671875</ele>
        <time>2025-02-23T09:56:40.000Z</time>
        <extensions>
          <ns3:TrackPointExtension>
            <ns3:hr>119</ns3:hr>
          </ns3:TrackPointExtension>
        </extensions>
      </trkpt>
      <trkpt lat="24.48792549781501293182373046875" lon="118.10522868297994136810302734375">
        <ele>10.6000003814697265625</ele>
        <time>2025-02-23T09:56:41.000Z</time>
        <extensions>
          <ns3:TrackPointExtension>
            <ns3:hr>126</ns3:hr>
          </ns3:TrackPointExtension>
        </extensions>
      </trkpt>
      <trkpt lat="24.48794812895357608795166015625" lon="118.10522013343870639801025390625">
        <ele>10.80000019073486328125</ele>
        <time>2025-02-23T09:56:42.000Z</time>
        <extensions>
          <ns3:TrackPointExtension>
            <ns3:hr>126</ns3:hr>
          </ns3:TrackPointExtension>
        </extensions>
      </trkpt>
      <trkpt lat="24.487971179187297821044921875" lon="118.105211667716503143310546875">
        <ele>11.19999980926513671875</ele>
        <time>2025-02-23T09:56:43.000Z</time>
        <extensions>
          <ns3:TrackPointExtension>
            <ns3:hr>126</ns3:hr>
          </ns3:TrackPointExtension>
        </extensions>
      </trkpt>
      <trkpt lat="24.48799439705908298492431640625" lon="118.10520336963236331939697265625">
        <ele>11.6000003814697265625</ele>
        <time>2025-02-23T09:56:44.000Z</time>
        <extensions>
          <ns3:TrackPointExtension>
            <ns3:hr>126</ns3:hr>
          </ns3:TrackPointExtension>
        </extensions>
      </trkpt>
      <trkpt lat="24.488017447292804718017578125" lon="118.1051950715482234954833984375">
        <ele>11.80000019073486328125</ele>
        <time>2025-02-23T09:56:45.000Z</time>
        <extensions>
          <ns3:TrackPointExtension>
            <ns3:hr>126</ns3:hr>
          </ns3:TrackPointExtension>
        </extensions>
      </trkpt>
      <trkpt lat="24.488040916621685028076171875" lon="118.105186186730861663818359375">
        <ele>12.19999980926513671875</ele>
        <time>2025-02-23T09:56:46.000Z</time>
        <extensions>
          <ns3:TrackPointExtension>
            <ns3:hr>126</ns3:hr>
          </ns3:TrackPointExtension>
        </extensions>
      </trkpt>
      <trkpt lat="24.48806497268378734588623046875" lon="118.105176128447055816650390625">
        <ele>12.3999996185302734375</ele>
        <time>2025-02-23T09:56:47.000Z</time>
        <extensions>
          <ns3:TrackPointExtension>
            <ns3:hr>129</ns3:hr>
          </ns3:TrackPointExtension>
        </extensions>
      </trkpt>
      <trkpt lat="24.4880893640220165252685546875" lon="118.10516414232552051544189453125">
        <ele>12.6000003814697265625</ele>
        <time>2025-02-23T09:56:48.000Z</time>
        <extensions>
          <ns3:TrackPointExtension>
            <ns3:hr>129</ns3:hr>
          </ns3:TrackPointExtension>
        </extensions>
      </trkpt>
      <trkpt lat="24.48811308480799198150634765625" lon="118.10515039600431919097900390625">
        <ele>12.80000019073486328125</ele>
        <time>2025-02-23T09:56:49.000Z</time>
        <extensions>
          <ns3:TrackPointExtension>
            <ns3:hr>129</ns3:hr>
          </ns3:TrackPointExtension>
        </extensions>
      </trkpt>
      <trkpt lat="24.48813454248011112213134765625" lon="118.10513514094054698944091796875">
        <ele>13</ele>
        <time>2025-02-23T09:56:50.000Z</time>
        <extensions>
          <ns3:TrackPointExtension>
            <ns3:hr>134</ns3:hr>
          </ns3:TrackPointExtension>
        </extensions>
      </trkpt>
      <trkpt lat="24.48815298266708850860595703125" lon="118.105118460953235626220703125">
        <ele>13</ele>
        <time>2025-02-23T09:56:51.000Z</time>
        <extensions>
          <ns3:TrackPointExtension>
            <ns3:hr>134</ns3:hr>
          </ns3:TrackPointExtension>
        </extensions>
      </trkpt>
      <trkpt lat="24.4881698302924633026123046875" lon="118.105100356042385101318359375">
        <ele>13.19999980926513671875</ele>
        <time>2025-02-23T09:56:52.000Z</time>
        <extensions>
          <ns3:TrackPointExtension>
            <ns3:hr>134</ns3:hr>
          </ns3:TrackPointExtension>
        </extensions>
      </trkpt>
      <trkpt lat="24.488187097012996673583984375" lon="118.10508183203637599945068359375">
        <ele>13</ele>
        <time>2025-02-23T09:56:53.000Z</time>
        <extensions>
          <ns3:TrackPointExtension>
            <ns3:hr>134</ns3:hr>
          </ns3:TrackPointExtension>
        </extensions>
      </trkpt>
      <trkpt lat="24.4882063753902912139892578125" lon="118.10506506823003292083740234375">
        <ele>12.6000003814697265625</ele>
        <time>2025-02-23T09:56:54.000Z</time>
        <extensions>
          <ns3:TrackPointExtension>
            <ns3:hr>134</ns3:hr>
          </ns3:TrackPointExtension>
        </extensions>
      </trkpt>
      <trkpt lat="24.48822791688144207000732421875" lon="118.105052076280117034912109375">
        <ele>12.19999980926513671875</ele>
        <time>2025-02-23T09:56:55.000Z</time>
        <extensions>
          <ns3:TrackPointExtension>
            <ns3:hr>134</ns3:hr>
          </ns3:TrackPointExtension>
        </extensions>
      </trkpt>
      <trkpt lat="24.4882509671151638031005859375" lon="118.1050421856343746185302734375">
        <ele>11.6000003814697265625</ele>
        <time>2025-02-23T09:56:56.000Z</time>
        <extensions>
          <ns3:TrackPointExtension>
            <ns3:hr>139</ns3:hr>
          </ns3:TrackPointExtension>
        </extensions>
      </trkpt>
      <trkpt lat="24.48827468790113925933837890625" lon="118.105033971369266510009765625">
        <ele>11.19999980926513671875</ele>
        <time>2025-02-23T09:56:57.000Z</time>
        <extensions>
          <ns3:TrackPointExtension>
            <ns3:hr>139</ns3:hr>
          </ns3:TrackPointExtension>
        </extensions>
      </trkpt>
      <trkpt lat="24.4882987439632415771484375" lon="118.1050260923802852630615234375">
        <ele>10.80000019073486328125</ele>
        <time>2025-02-23T09:56:58.000Z</time>
        <extensions>
          <ns3:TrackPointExtension>
            <ns3:hr>139</ns3:hr>
          </ns3:TrackPointExtension>
        </extensions>
      </trkpt>
      <trkpt lat="24.4883230514824390411376953125" lon="118.10501821339130401611328125">
        <ele>10.19999980926513671875</ele>
        <time>2025-02-23T09:56:59.000Z</time>
        <extensions>
          <ns3:TrackPointExtension>
            <ns3:hr>139</ns3:hr>
          </ns3:TrackPointExtension>
        </extensions>
      </trkpt>
      <trkpt lat="24.48834769427776336669921875" lon="118.1050106696784496307373046875">
        <ele>9.80000019073486328125</ele>
        <time>2025-02-23T09:57:00.000Z</time>
        <extensions>
          <ns3:TrackPointExtension>
            <ns3:hr>139</ns3:hr>
          </ns3:TrackPointExtension>
        </extensions>
      </trkpt>
      <trkpt lat="24.48837225325405597686767578125" lon="118.105003796517848968505859375">
        <ele>9.3999996185302734375</ele>
        <time>2025-02-23T09:57:01.000Z</time>
        <extensions>
          <ns3:TrackPointExtension>
            <ns3:hr>139</ns3:hr>
          </ns3:TrackPointExtension>
        </extensions>
      </trkpt>
      <trkpt lat="24.4883964769542217254638671875" lon="118.1049972586333751678466796875">
        <ele>9</ele>
        <time>2025-02-23T09:57:02.000Z</time>
        <extensions>
          <ns3:TrackPointExtension>
            <ns3:hr>139</ns3:hr>
          </ns3:TrackPointExtension>
        </extensions>
      </trkpt>
      <trkpt lat="24.48842053301632404327392578125" lon="118.10499097220599651336669921875">
        <ele>8.3999996185302734375</ele>
        <time>2025-02-23T09:57:03.000Z</time>
        <extensions>
          <ns3:TrackPointExtension>
            <ns3:hr>142</ns3:hr>
          </ns3:TrackPointExtension>
        </extensions>
      </trkpt>
      <trkpt lat="24.488444589078426361083984375" lon="118.1049845181405544281005859375">
        <ele>8</ele>
        <time>2025-02-23T09:57:04.000Z</time>
        <extensions>
          <ns3:TrackPointExtension>
            <ns3:hr>142</ns3:hr>
          </ns3:TrackPointExtension>
        </extensions>
      </trkpt>
      <trkpt lat="24.48846881277859210968017578125" lon="118.10497823171317577362060546875">
        <ele>7.599999904632568359375</ele>
        <time>2025-02-23T09:57:05.000Z</time>
        <extensions>
          <ns3:TrackPointExtension>
            <ns3:hr>142</ns3:hr>
          </ns3:TrackPointExtension>
        </extensions>
      </trkpt>
      <trkpt lat="24.488492868840694427490234375" lon="118.1049717776477336883544921875">
        <ele>7.19999980926513671875</ele>
        <time>2025-02-23T09:57:06.000Z</time>
        <extensions>
          <ns3:TrackPointExtension>
            <ns3:hr>142</ns3:hr>
          </ns3:TrackPointExtension>
        </extensions>
      </trkpt>
      <trkpt lat="24.488516338169574737548828125" lon="118.10496456921100616455078125">
        <ele>6.80000019073486328125</ele>
        <time>2025-02-23T09:57:07.000Z</time>
        <extensions>
          <ns3:TrackPointExtension>
            <ns3:hr>142</ns3:hr>
          </ns3:TrackPointExtension>
        </extensions>
      </trkpt>
      <trkpt lat="24.48853938840329647064208984375" lon="118.10495593585073947906494140625">
        <ele>6.19999980926513671875</ele>
        <time>2025-02-23T09:57:08.000Z</time>
        <extensions>
          <ns3:TrackPointExtension>
            <ns3:hr>142</ns3:hr>
          </ns3:TrackPointExtension>
        </extensions>
      </trkpt>
      <trkpt lat="24.48856285773217678070068359375" lon="118.104946129024028778076171875">
        <ele>5.80000019073486328125</ele>
        <time>2025-02-23T09:57:09.000Z</time>
        <extensions>
          <ns3:TrackPointExtension>
            <ns3:hr>142</ns3:hr>
          </ns3:TrackPointExtension>
        </extensions>
      </trkpt>
      <trkpt lat="24.48858682997524738311767578125" lon="118.10493598692119121551513671875">
        <ele>5.19999980926513671875</ele>
        <time>2025-02-23T09:57:10.000Z</time>
        <extensions>
          <ns3:TrackPointExtension>
            <ns3:hr>142</ns3:hr>
          </ns3:TrackPointExtension>
        </extensions>
      </trkpt>
      <trkpt lat="24.48861130513250827789306640625" lon="118.10492592863738536834716796875">
        <ele>5</ele>
        <time>2025-02-23T09:57:11.000Z</time>
        <extensions>
          <ns3:TrackPointExtension>
            <ns3:hr>142</ns3:hr>
          </ns3:TrackPointExtension>
        </extensions>
      </trkpt>
      <trkpt lat="24.48863645084202289581298828125" lon="118.10491654090583324432373046875">
        <ele>5</ele>
        <time>2025-02-23T09:57:12.000Z</time>
        <extensions>
          <ns3:TrackPointExtension>
            <ns3:hr>142</ns3:hr>
          </ns3:TrackPointExtension>
        </extensions>
      </trkpt>
      <trkpt lat="24.488661848008632659912109375" lon="118.10490815900266170501708984375">
        <ele>5</ele>
        <time>2025-02-23T09:57:13.000Z</time>
        <extensions>
          <ns3:TrackPointExtension>
            <ns3:hr>143</ns3:hr>
          </ns3:TrackPointExtension>
        </extensions>
      </trkpt>
      <trkpt lat="24.4886876642704010009765625" lon="118.1049008667469024658203125">
        <ele>5</ele>
        <time>2025-02-23T09:57:14.000Z</time>
        <extensions>
          <ns3:TrackPointExtension>
            <ns3:hr>143</ns3:hr>
          </ns3:TrackPointExtension>
        </extensions>
      </trkpt>
      <trkpt lat="24.48871389962732791900634765625" lon="118.10489374212920665740966796875">
        <ele>5</ele>
        <time>2025-02-23T09:57:15.000Z</time>
        <extensions>
          <ns3:TrackPointExtension>
            <ns3:hr>143</ns3:hr>
          </ns3:TrackPointExtension>
        </extensions>
      </trkpt>
      <trkpt lat="24.4887401349842548370361328125" lon="118.1048866175115108489990234375">
        <ele>5</ele>
        <time>2025-02-23T09:57:16.000Z</time>
        <extensions>
          <ns3:TrackPointExtension>
            <ns3:hr>143</ns3:hr>
          </ns3:TrackPointExtension>
        </extensions>
      </trkpt>
      <trkpt lat="24.488766454160213470458984375" lon="118.10488033108413219451904296875">
        <ele>4.80000019073486328125</ele>
        <time>2025-02-23T09:57:17.000Z</time>
        <extensions>
          <ns3:TrackPointExtension>
            <ns3:hr>143</ns3:hr>
          </ns3:TrackPointExtension>
        </extensions>
      </trkpt>
      <trkpt lat="24.4887927733361721038818359375" lon="118.10487546958029270172119140625">
        <ele>4.80000019073486328125</ele>
        <time>2025-02-23T09:57:18.000Z</time>
        <extensions>
          <ns3:TrackPointExtension>
            <ns3:hr>145</ns3:hr>
          </ns3:TrackPointExtension>
        </extensions>
      </trkpt>
      <trkpt lat="24.488819427788257598876953125" lon="118.10487261973321437835693359375">
        <ele>4.599999904632568359375</ele>
        <time>2025-02-23T09:57:19.000Z</time>
        <extensions>
          <ns3:TrackPointExtension>
            <ns3:hr>145</ns3:hr>
          </ns3:TrackPointExtension>
        </extensions>
      </trkpt>
      <trkpt lat="24.48884666897356510162353515625" lon="118.10487161390483379364013671875">
        <ele>4.80000019073486328125</ele>
        <time>2025-02-23T09:57:20.000Z</time>
        <extensions>
          <ns3:TrackPointExtension>
            <ns3:hr>145</ns3:hr>
          </ns3:TrackPointExtension>
        </extensions>
      </trkpt>
      <trkpt lat="24.48887466453015804290771484375" lon="118.104871697723865509033203125">
        <ele>4.80000019073486328125</ele>
        <time>2025-02-23T09:57:21.000Z</time>
        <extensions>
          <ns3:TrackPointExtension>
            <ns3:hr>145</ns3:hr>
          </ns3:TrackPointExtension>
        </extensions>
      </trkpt>
      <trkpt lat="24.4889027439057826995849609375" lon="118.104871697723865509033203125">
        <ele>5</ele>
        <time>2025-02-23T09:57:22.000Z</time>
        <extensions>
          <ns3:TrackPointExtension>
            <ns3:hr>145</ns3:hr>
          </ns3:TrackPointExtension>
        </extensions>
      </trkpt>
      <trkpt lat="24.48893099091947078704833984375" lon="118.1048713624477386474609375">
        <ele>5</ele>
        <time>2025-02-23T09:57:23.000Z</time>
        <extensions>
          <ns3:TrackPointExtension>
            <ns3:hr>145</ns3:hr>
          </ns3:TrackPointExtension>
        </extensions>
      </trkpt>
      <trkpt lat="24.4889590702950954437255859375" lon="118.10487111099064350128173828125">
        <ele>5.19999980926513671875</ele>
        <time>2025-02-23T09:57:24.000Z</time>
        <extensions>
          <ns3:TrackPointExtension>
            <ns3:hr>145</ns3:hr>
          </ns3:TrackPointExtension>
        </extensions>
      </trkpt>
      <trkpt lat="24.4889868982136249542236328125" lon="118.104871027171611785888671875">
        <ele>5.19999980926513671875</ele>
        <time>2025-02-23T09:57:25.000Z</time>
        <extensions>
          <ns3:TrackPointExtension>
            <ns3:hr>145</ns3:hr>
          </ns3:TrackPointExtension>
        </extensions>
      </trkpt>
      <trkpt lat="24.48901430703699588775634765625" lon="118.10487027280032634735107421875">
        <ele>5.19999980926513671875</ele>
        <time>2025-02-23T09:57:26.000Z</time>
        <extensions>
          <ns3:TrackPointExtension>
            <ns3:hr>147</ns3:hr>
          </ns3:TrackPointExtension>
        </extensions>
      </trkpt>
      <trkpt lat="24.48904146440327167510986328125" lon="118.10486809350550174713134765625">
        <ele>4.80000019073486328125</ele>
        <time>2025-02-23T09:57:27.000Z</time>
        <extensions>
          <ns3:TrackPointExtension>
            <ns3:hr>147</ns3:hr>
          </ns3:TrackPointExtension>
        </extensions>
      </trkpt>
      <trkpt lat="24.48906811885535717010498046875" lon="118.1048644892871379852294921875">
        <ele>4.599999904632568359375</ele>
        <time>2025-02-23T09:57:28.000Z</time>
        <extensions>
          <ns3:TrackPointExtension>
            <ns3:hr>149</ns3:hr>
          </ns3:TrackPointExtension>
        </extensions>
      </trkpt>
      <trkpt lat="24.489094354212284088134765625" lon="118.1048594601452350616455078125">
        <ele>4.400000095367431640625</ele>
        <time>2025-02-23T09:57:29.000Z</time>
        <extensions>
          <ns3:TrackPointExtension>
            <ns3:hr>149</ns3:hr>
          </ns3:TrackPointExtension>
        </extensions>
      </trkpt>
      <trkpt lat="24.489120505750179290771484375" lon="118.1048534251749515533447265625">
        <ele>4.400000095367431640625</ele>
        <time>2025-02-23T09:57:30.000Z</time>
        <extensions>
          <ns3:TrackPointExtension>
            <ns3:hr>149</ns3:hr>
          </ns3:TrackPointExtension>
        </extensions>
      </trkpt>
      <trkpt lat="24.4891468249261379241943359375" lon="118.10484680347144603729248046875">
        <ele>4.400000095367431640625</ele>
        <time>2025-02-23T09:57:31.000Z</time>
        <extensions>
          <ns3:TrackPointExtension>
            <ns3:hr>149</ns3:hr>
          </ns3:TrackPointExtension>
        </extensions>
      </trkpt>
      <trkpt lat="24.48917289264500141143798828125" lon="118.10483959503471851348876953125">
        <ele>4.400000095367431640625</ele>
        <time>2025-02-23T09:57:32.000Z</time>
        <extensions>
          <ns3:TrackPointExtension>
            <ns3:hr>149</ns3:hr>
          </ns3:TrackPointExtension>
        </extensions>
      </trkpt>
      <trkpt lat="24.48919837363064289093017578125" lon="118.10483205132186412811279296875">
        <ele>4.400000095367431640625</ele>
        <time>2025-02-23T09:57:33.000Z</time>
        <extensions>
          <ns3:TrackPointExtension>
            <ns3:hr>152</ns3:hr>
          </ns3:TrackPointExtension>
        </extensions>
      </trkpt>
      <trkpt lat="24.489223770797252655029296875" lon="118.10482467524707317352294921875">
        <ele>4.400000095367431640625</ele>
        <time>2025-02-23T09:57:34.000Z</time>
        <extensions>
          <ns3:TrackPointExtension>
            <ns3:hr>152</ns3:hr>
          </ns3:TrackPointExtension>
        </extensions>
      </trkpt>
      <trkpt lat="24.4892494194209575653076171875" lon="118.10481746681034564971923828125">
        <ele>4.400000095367431640625</ele>
        <time>2025-02-23T09:57:35.000Z</time>
        <extensions>
          <ns3:TrackPointExtension>
            <ns3:hr>152</ns3:hr>
          </ns3:TrackPointExtension>
        </extensions>
      </trkpt>
      <trkpt lat="24.489275403320789337158203125" lon="118.1048101745545864105224609375">
        <ele>4.400000095367431640625</ele>
        <time>2025-02-23T09:57:36.000Z</time>
        <extensions>
          <ns3:TrackPointExtension>
            <ns3:hr>152</ns3:hr>
          </ns3:TrackPointExtension>
        </extensions>
      </trkpt>
      <trkpt lat="24.4893010519444942474365234375" lon="118.1048024632036685943603515625">
        <ele>4.599999904632568359375</ele>
        <time>2025-02-23T09:57:37.000Z</time>
        <extensions>
          <ns3:TrackPointExtension>
            <ns3:hr>152</ns3:hr>
          </ns3:TrackPointExtension>
        </extensions>
      </trkpt>
      <trkpt lat="24.489326365292072296142578125" lon="118.104793913662433624267578125">
        <ele>4.400000095367431640625</ele>
        <time>2025-02-23T09:57:38.000Z</time>
        <extensions>
          <ns3:TrackPointExtension>
            <ns3:hr>152</ns3:hr>
          </ns3:TrackPointExtension>
        </extensions>
      </trkpt>
      <trkpt lat="24.48935142718255519866943359375" lon="118.10478343628346920013427734375">
        <ele>4.19999980926513671875</ele>
        <time>2025-02-23T09:57:39.000Z</time>
        <extensions>
          <ns3:TrackPointExtension>
            <ns3:hr>152</ns3:hr>
          </ns3:TrackPointExtension>
        </extensions>
      </trkpt>
      <trkpt lat="24.4893758185207843780517578125" lon="118.10477086342871189117431640625">
        <ele>4</ele>
        <time>2025-02-23T09:57:40.000Z</time>
        <extensions>
          <ns3:TrackPointExtension>
            <ns3:hr>153</ns3:hr>
          </ns3:TrackPointExtension>
        </extensions>
      </trkpt>
      <trkpt lat="24.4893992878496646881103515625" lon="118.1047565303742885589599609375">
        <ele>4</ele>
        <time>2025-02-23T09:57:41.000Z</time>
        <extensions>
          <ns3:TrackPointExtension>
            <ns3:hr>153</ns3:hr>
          </ns3:TrackPointExtension>
        </extensions>
      </trkpt>
      <trkpt lat="24.489422254264354705810546875" lon="118.10474119149148464202880859375">
        <ele>4</ele>
        <time>2025-02-23T09:57:42.000Z</time>
        <extensions>
          <ns3:TrackPointExtension>
            <ns3:hr>153</ns3:hr>
          </ns3:TrackPointExtension>
        </extensions>
      </trkpt>
      <trkpt lat="24.48944513686001300811767578125" lon="118.10472593642771244049072265625">
        <ele>3.7999999523162841796875</ele>
        <time>2025-02-23T09:57:43.000Z</time>
        <extensions>
          <ns3:TrackPointExtension>
            <ns3:hr>153</ns3:hr>
          </ns3:TrackPointExtension>
        </extensions>
      </trkpt>
      <trkpt lat="24.48946860618889331817626953125" lon="118.10471051372587680816650390625">
        <ele>3.7999999523162841796875</ele>
        <time>2025-02-23T09:57:44.000Z</time>
        <extensions>
          <ns3:TrackPointExtension>
            <ns3:hr>153</ns3:hr>
          </ns3:TrackPointExtension>
        </extensions>
      </trkpt>
      <trkpt lat="24.4894923269748687744140625" lon="118.1046948395669460296630859375">
        <ele>3.7999999523162841796875</ele>
        <time>2025-02-23T09:57:45.000Z</time>
        <extensions>
          <ns3:TrackPointExtension>
            <ns3:hr>153</ns3:hr>
          </ns3:TrackPointExtension>
        </extensions>
      </trkpt>
      <trkpt lat="24.4895156286656856536865234375" lon="118.1046787463128566741943359375">
        <ele>3.599999904632568359375</ele>
        <time>2025-02-23T09:57:46.000Z</time>
        <extensions>
          <ns3:TrackPointExtension>
            <ns3:hr>153</ns3:hr>
          </ns3:TrackPointExtension>
        </extensions>
      </trkpt>
      <trkpt lat="24.4895384274423122406005859375" lon="118.10466240160167217254638671875">
        <ele>3.400000095367431640625</ele>
        <time>2025-02-23T09:57:47.000Z</time>
        <extensions>
          <ns3:TrackPointExtension>
            <ns3:hr>152</ns3:hr>
          </ns3:TrackPointExtension>
        </extensions>
      </trkpt>
      <trkpt lat="24.48956114239990711212158203125" lon="118.1046455539762973785400390625">
        <ele>3.400000095367431640625</ele>
        <time>2025-02-23T09:57:48.000Z</time>
        <extensions>
          <ns3:TrackPointExtension>
            <ns3:hr>152</ns3:hr>
          </ns3:TrackPointExtension>
        </extensions>
      </trkpt>
      <trkpt lat="24.48958310298621654510498046875" lon="118.10462770052254199981689453125">
        <ele>3.400000095367431640625</ele>
        <time>2025-02-23T09:57:49.000Z</time>
        <extensions>
          <ns3:TrackPointExtension>
            <ns3:hr>152</ns3:hr>
          </ns3:TrackPointExtension>
        </extensions>
      </trkpt>
      <trkpt lat="24.48960372246801853179931640625" lon="118.1046090088784694671630859375">
        <ele>3.599999904632568359375</ele>
        <time>2025-02-23T09:57:50.000Z</time>
        <extensions>
          <ns3:TrackPointExtension>
            <ns3:hr>152</ns3:hr>
          </ns3:TrackPointExtension>
        </extensions>
      </trkpt>
      <trkpt lat="24.48962383903563022613525390625" lon="118.10459031723439693450927734375">
        <ele>3.7999999523162841796875</ele>
        <time>2025-02-23T09:57:51.000Z</time>
        <extensions>
          <ns3:TrackPointExtension>
            <ns3:hr>152</ns3:hr>
          </ns3:TrackPointExtension>
        </extensions>
      </trkpt>
      <trkpt lat="24.4896440394222736358642578125" lon="118.10457204468548297882080078125">
        <ele>3.7999999523162841796875</ele>
        <time>2025-02-23T09:57:52.000Z</time>
        <extensions>
          <ns3:TrackPointExtension>
            <ns3:hr>153</ns3:hr>
          </ns3:TrackPointExtension>
        </extensions>
      </trkpt>
      <trkpt lat="24.48966440744698047637939453125" lon="118.10455343686044216156005859375">
        <ele>4</ele>
        <time>2025-02-23T09:57:53.000Z</time>
        <extensions>
          <ns3:TrackPointExtension>
            <ns3:hr>153</ns3:hr>
          </ns3:TrackPointExtension>
        </extensions>
      </trkpt>
      <trkpt lat="24.48968435637652873992919921875" lon="118.1045332364737987518310546875">
        <ele>4.19999980926513671875</ele>
        <time>2025-02-23T09:57:54.000Z</time>
        <extensions>
          <ns3:TrackPointExtension>
            <ns3:hr>153</ns3:hr>
          </ns3:TrackPointExtension>
        </extensions>
      </trkpt>
      <trkpt lat="24.48970329947769641876220703125" lon="118.10451102443039417266845703125">
        <ele>4.400000095367431640625</ele>
        <time>2025-02-23T09:57:55.000Z</time>
        <extensions>
          <ns3:TrackPointExtension>
            <ns3:hr>153</ns3:hr>
          </ns3:TrackPointExtension>
        </extensions>
      </trkpt>
      <trkpt lat="24.4897211529314517974853515625" lon="118.1044879741966724395751953125">
        <ele>4.400000095367431640625</ele>
        <time>2025-02-23T09:57:56.000Z</time>
        <extensions>
          <ns3:TrackPointExtension>
            <ns3:hr>153</ns3:hr>
          </ns3:TrackPointExtension>
        </extensions>
      </trkpt>
      <trkpt lat="24.48973800055682659149169921875" lon="118.1044651754200458526611328125">
        <ele>4.599999904632568359375</ele>
        <time>2025-02-23T09:57:57.000Z</time>
        <extensions>
          <ns3:TrackPointExtension>
            <ns3:hr>153</ns3:hr>
          </ns3:TrackPointExtension>
        </extensions>
      </trkpt>
      <trkpt lat="24.48975392617285251617431640625" lon="118.10444329865276813507080078125">
        <ele>4.80000019073486328125</ele>
        <time>2025-02-23T09:57:58.000Z</time>
        <extensions>
          <ns3:TrackPointExtension>
            <ns3:hr>153</ns3:hr>
          </ns3:TrackPointExtension>
        </extensions>
      </trkpt>
      <trkpt lat="24.48976968415081501007080078125" lon="118.1044222600758075714111328125">
        <ele>5</ele>
        <time>2025-02-23T09:57:59.000Z</time>
        <extensions>
          <ns3:TrackPointExtension>
            <ns3:hr>153</ns3:hr>
          </ns3:TrackPointExtension>
        </extensions>
      </trkpt>
      <trkpt lat="24.4897858612239360809326171875" lon="118.10440138913691043853759765625">
        <ele>5</ele>
        <time>2025-02-23T09:58:00.000Z</time>
        <extensions>
          <ns3:TrackPointExtension>
            <ns3:hr>153</ns3:hr>
          </ns3:TrackPointExtension>
        </extensions>
      </trkpt>
      <trkpt lat="24.4898019544780254364013671875" lon="118.104380182921886444091796875">
        <ele>5</ele>
        <time>2025-02-23T09:58:01.000Z</time>
        <extensions>
          <ns3:TrackPointExtension>
            <ns3:hr>153</ns3:hr>
          </ns3:TrackPointExtension>
        </extensions>
      </trkpt>
      <trkpt lat="24.4898173771798610687255859375" lon="118.10435830615460872650146484375">
        <ele>5.19999980926513671875</ele>
        <time>2025-02-23T09:58:02.000Z</time>
        <extensions>
          <ns3:TrackPointExtension>
            <ns3:hr>153</ns3:hr>
          </ns3:TrackPointExtension>
        </extensions>
      </trkpt>
      <trkpt lat="24.4898321293294429779052734375" lon="118.1043354235589504241943359375">
        <ele>5.19999980926513671875</ele>
        <time>2025-02-23T09:58:03.000Z</time>
        <extensions>
          <ns3:TrackPointExtension>
            <ns3:hr>155</ns3:hr>
          </ns3:TrackPointExtension>
        </extensions>
      </trkpt>
      <trkpt lat="24.48984679765999317169189453125" lon="118.104312121868133544921875">
        <ele>5.19999980926513671875</ele>
        <time>2025-02-23T09:58:04.000Z</time>
        <extensions>
          <ns3:TrackPointExtension>
            <ns3:hr>155</ns3:hr>
          </ns3:TrackPointExtension>
        </extensions>
      </trkpt>
      <trkpt lat="24.4898619689047336578369140625" lon="118.10428856872022151947021484375">
        <ele>5.400000095367431640625</ele>
        <time>2025-02-23T09:58:05.000Z</time>
        <extensions>
          <ns3:TrackPointExtension>
            <ns3:hr>155</ns3:hr>
          </ns3:TrackPointExtension>
        </extensions>
      </trkpt>
      <trkpt lat="24.489877559244632720947265625" lon="118.104264847934246063232421875">
        <ele>5.599999904632568359375</ele>
        <time>2025-02-23T09:58:06.000Z</time>
        <extensions>
          <ns3:TrackPointExtension>
            <ns3:hr>155</ns3:hr>
          </ns3:TrackPointExtension>
        </extensions>
      </trkpt>
      <trkpt lat="24.48989256285130977630615234375" lon="118.1042408756911754608154296875">
        <ele>5.599999904632568359375</ele>
        <time>2025-02-23T09:58:07.000Z</time>
        <extensions>
          <ns3:TrackPointExtension>
            <ns3:hr>155</ns3:hr>
          </ns3:TrackPointExtension>
        </extensions>
      </trkpt>
      <trkpt lat="24.48990630917251110076904296875" lon="118.10421648435294628143310546875">
        <ele>5.80000019073486328125</ele>
        <time>2025-02-23T09:58:08.000Z</time>
        <extensions>
          <ns3:TrackPointExtension>
            <ns3:hr>155</ns3:hr>
          </ns3:TrackPointExtension>
        </extensions>
      </trkpt>
      <trkpt lat="24.4899179600179195404052734375" lon="118.1041915901005268096923828125">
        <ele>5.599999904632568359375</ele>
        <time>2025-02-23T09:58:09.000Z</time>
        <extensions>
          <ns3:TrackPointExtension>
            <ns3:hr>155</ns3:hr>
          </ns3:TrackPointExtension>
        </extensions>
      </trkpt>
      <trkpt lat="24.48992751538753509521484375" lon="118.1041657738387584686279296875">
        <ele>5.599999904632568359375</ele>
        <time>2025-02-23T09:58:10.000Z</time>
        <extensions>
          <ns3:TrackPointExtension>
            <ns3:hr>155</ns3:hr>
          </ns3:TrackPointExtension>
        </extensions>
      </trkpt>
      <trkpt lat="24.489935897290706634521484375" lon="118.10413870029151439666748046875">
        <ele>5.599999904632568359375</ele>
        <time>2025-02-23T09:58:11.000Z</time>
        <extensions>
          <ns3:TrackPointExtension>
            <ns3:hr>155</ns3:hr>
          </ns3:TrackPointExtension>
        </extensions>
      </trkpt>
      <trkpt lat="24.48994369246065616607666015625" lon="118.1041109561920166015625">
        <ele>5.599999904632568359375</ele>
        <time>2025-02-23T09:58:12.000Z</time>
        <extensions>
          <ns3:TrackPointExtension>
            <ns3:hr>155</ns3:hr>
          </ns3:TrackPointExtension>
        </extensions>
      </trkpt>
      <trkpt lat="24.48995123617351055145263671875" lon="118.10408270917832851409912109375">
        <ele>5.599999904632568359375</ele>
        <time>2025-02-23T09:58:13.000Z</time>
        <extensions>
          <ns3:TrackPointExtension>
            <ns3:hr>155</ns3:hr>
          </ns3:TrackPointExtension>
        </extensions>
      </trkpt>
      <trkpt lat="24.489958696067333221435546875" lon="118.1040547974407672882080078125">
        <ele>5.599999904632568359375</ele>
        <time>2025-02-23T09:58:14.000Z</time>
        <extensions>
          <ns3:TrackPointExtension>
            <ns3:hr>155</ns3:hr>
          </ns3:TrackPointExtension>
        </extensions>
      </trkpt>
      <trkpt lat="24.48996649123728275299072265625" lon="118.10402705334126949310302734375">
        <ele>5.599999904632568359375</ele>
        <time>2025-02-23T09:58:15.000Z</time>
        <extensions>
          <ns3:TrackPointExtension>
            <ns3:hr>155</ns3:hr>
          </ns3:TrackPointExtension>
        </extensions>
      </trkpt>
      <trkpt lat="24.48997470550239086151123046875" lon="118.10399889014661312103271484375">
        <ele>5.400000095367431640625</ele>
        <time>2025-02-23T09:58:16.000Z</time>
        <extensions>
          <ns3:TrackPointExtension>
            <ns3:hr>156</ns3:hr>
          </ns3:TrackPointExtension>
        </extensions>
      </trkpt>
      <trkpt lat="24.48998342268168926239013671875" lon="118.10397039167582988739013671875">
        <ele>5.400000095367431640625</ele>
        <time>2025-02-23T09:58:17.000Z</time>
        <extensions>
          <ns3:TrackPointExtension>
            <ns3:hr>156</ns3:hr>
          </ns3:TrackPointExtension>
        </extensions>
      </trkpt>
      <trkpt lat="24.489992558956146240234375" lon="118.10394189320504665374755859375">
        <ele>5.400000095367431640625</ele>
        <time>2025-02-23T09:58:18.000Z</time>
        <extensions>
          <ns3:TrackPointExtension>
            <ns3:hr>157</ns3:hr>
          </ns3:TrackPointExtension>
        </extensions>
      </trkpt>
      <trkpt lat="24.49000135995447635650634765625" lon="118.1039136461913585662841796875">
        <ele>5.400000095367431640625</ele>
        <time>2025-02-23T09:58:19.000Z</time>
        <extensions>
          <ns3:TrackPointExtension>
            <ns3:hr>157</ns3:hr>
          </ns3:TrackPointExtension>
        </extensions>
      </trkpt>
      <trkpt lat="24.49000890366733074188232421875" lon="118.103885650634765625">
        <ele>5.19999980926513671875</ele>
        <time>2025-02-23T09:58:20.000Z</time>
        <extensions>
          <ns3:TrackPointExtension>
            <ns3:hr>157</ns3:hr>
          </ns3:TrackPointExtension>
        </extensions>
      </trkpt>
      <trkpt lat="24.4900148548185825347900390625" lon="118.1038576550781726837158203125">
        <ele>5</ele>
        <time>2025-02-23T09:58:21.000Z</time>
        <extensions>
          <ns3:TrackPointExtension>
            <ns3:hr>157</ns3:hr>
          </ns3:TrackPointExtension>
        </extensions>
      </trkpt>
      <trkpt lat="24.49002005159854888916015625" lon="118.103829659521579742431640625">
        <ele>5</ele>
        <time>2025-02-23T09:58:22.000Z</time>
        <extensions>
          <ns3:TrackPointExtension>
            <ns3:hr>157</ns3:hr>
          </ns3:TrackPointExtension>
        </extensions>
      </trkpt>
      <trkpt lat="24.4900255836546421051025390625" lon="118.103801496326923370361328125">
        <ele>5</ele>
        <time>2025-02-23T09:58:23.000Z</time>
        <extensions>
          <ns3:TrackPointExtension>
            <ns3:hr>157</ns3:hr>
          </ns3:TrackPointExtension>
        </extensions>
      </trkpt>
      <trkpt lat="24.4900319539010524749755859375" lon="118.10377391986548900604248046875">
        <ele>5</ele>
        <time>2025-02-23T09:58:24.000Z</time>
        <extensions>
          <ns3:TrackPointExtension>
            <ns3:hr>157</ns3:hr>
          </ns3:TrackPointExtension>
        </extensions>
      </trkpt>
      <trkpt lat="24.4900389946997165679931640625" lon="118.1037466786801815032958984375">
        <ele>5</ele>
        <time>2025-02-23T09:58:25.000Z</time>
        <extensions>
          <ns3:TrackPointExtension>
            <ns3:hr>157</ns3:hr>
          </ns3:TrackPointExtension>
        </extensions>
      </trkpt>
      <trkpt lat="24.49004578404128551483154296875" lon="118.10371935367584228515625">
        <ele>5</ele>
        <time>2025-02-23T09:58:26.000Z</time>
        <extensions>
          <ns3:TrackPointExtension>
            <ns3:hr>157</ns3:hr>
          </ns3:TrackPointExtension>
        </extensions>
      </trkpt>
      <trkpt lat="24.490051232278347015380859375" lon="118.10369144193828105926513671875">
        <ele>5</ele>
        <time>2025-02-23T09:58:27.000Z</time>
        <extensions>
          <ns3:TrackPointExtension>
            <ns3:hr>157</ns3:hr>
          </ns3:TrackPointExtension>
        </extensions>
      </trkpt>
      <trkpt lat="24.490054585039615631103515625" lon="118.103663362562656402587890625">
        <ele>5</ele>
        <time>2025-02-23T09:58:28.000Z</time>
        <extensions>
          <ns3:TrackPointExtension>
            <ns3:hr>153</ns3:hr>
          </ns3:TrackPointExtension>
        </extensions>
      </trkpt>
      <trkpt lat="24.4900560937821865081787109375" lon="118.10363578610122203826904296875">
        <ele>5</ele>
        <time>2025-02-23T09:58:29.000Z</time>
        <extensions>
          <ns3:TrackPointExtension>
            <ns3:hr>153</ns3:hr>
          </ns3:TrackPointExtension>
        </extensions>
      </trkpt>
      <trkpt lat="24.49005668051540851593017578125" lon="118.10360829345881938934326171875">
        <ele>5</ele>
        <time>2025-02-23T09:58:30.000Z</time>
        <extensions>
          <ns3:TrackPointExtension>
            <ns3:hr>153</ns3:hr>
          </ns3:TrackPointExtension>
        </extensions>
      </trkpt>
      <trkpt lat="24.49005684815347194671630859375" lon="118.10358029790222644805908203125">
        <ele>5</ele>
        <time>2025-02-23T09:58:31.000Z</time>
        <extensions>
          <ns3:TrackPointExtension>
            <ns3:hr>153</ns3:hr>
          </ns3:TrackPointExtension>
        </extensions>
      </trkpt>
      <trkpt lat="24.49005651287734508514404296875" lon="118.1035518832504749298095703125">
        <ele>5.19999980926513671875</ele>
        <time>2025-02-23T09:58:32.000Z</time>
        <extensions>
          <ns3:TrackPointExtension>
            <ns3:hr>153</ns3:hr>
          </ns3:TrackPointExtension>
        </extensions>
      </trkpt>
      <trkpt lat="24.4900557585060596466064453125" lon="118.103523552417755126953125">
        <ele>5.19999980926513671875</ele>
        <time>2025-02-23T09:58:33.000Z</time>
        <extensions>
          <ns3:TrackPointExtension>
            <ns3:hr>153</ns3:hr>
          </ns3:TrackPointExtension>
        </extensions>
      </trkpt>
      <trkpt lat="24.4900547526776790618896484375" lon="118.10349547304213047027587890625">
        <ele>5.400000095367431640625</ele>
        <time>2025-02-23T09:58:34.000Z</time>
        <extensions>
          <ns3:TrackPointExtension>
            <ns3:hr>153</ns3:hr>
          </ns3:TrackPointExtension>
        </extensions>
      </trkpt>
      <trkpt lat="24.4900529086589813232421875" lon="118.1034673936665058135986328125">
        <ele>5.400000095367431640625</ele>
        <time>2025-02-23T09:58:35.000Z</time>
        <extensions>
          <ns3:TrackPointExtension>
            <ns3:hr>153</ns3:hr>
          </ns3:TrackPointExtension>
        </extensions>
      </trkpt>
      <trkpt lat="24.49004997499287128448486328125" lon="118.10343897901475429534912109375">
        <ele>5.599999904632568359375</ele>
        <time>2025-02-23T09:58:36.000Z</time>
        <extensions>
          <ns3:TrackPointExtension>
            <ns3:hr>153</ns3:hr>
          </ns3:TrackPointExtension>
        </extensions>
      </trkpt>
      <trkpt lat="24.4900460354983806610107421875" lon="118.1034107320010662078857421875">
        <ele>5.599999904632568359375</ele>
        <time>2025-02-23T09:58:37.000Z</time>
        <extensions>
          <ns3:TrackPointExtension>
            <ns3:hr>153</ns3:hr>
          </ns3:TrackPointExtension>
        </extensions>
      </trkpt>
      <trkpt lat="24.49004176072776317596435546875" lon="118.10338298790156841278076171875">
        <ele>5.80000019073486328125</ele>
        <time>2025-02-23T09:58:38.000Z</time>
        <extensions>
          <ns3:TrackPointExtension>
            <ns3:hr>153</ns3:hr>
          </ns3:TrackPointExtension>
        </extensions>
      </trkpt>
      <trkpt lat="24.49003748595714569091796875" lon="118.10335549525916576385498046875">
        <ele>5.80000019073486328125</ele>
        <time>2025-02-23T09:58:39.000Z</time>
        <extensions>
          <ns3:TrackPointExtension>
            <ns3:hr>153</ns3:hr>
          </ns3:TrackPointExtension>
        </extensions>
      </trkpt>
      <trkpt lat="24.49003346264362335205078125" lon="118.10332817025482654571533203125">
        <ele>6</ele>
        <time>2025-02-23T09:58:40.000Z</time>
        <extensions>
          <ns3:TrackPointExtension>
            <ns3:hr>153</ns3:hr>
          </ns3:TrackPointExtension>
        </extensions>
      </trkpt>
      <trkpt lat="24.4900296069681644439697265625" lon="118.10330092906951904296875">
        <ele>6</ele>
        <time>2025-02-23T09:58:41.000Z</time>
        <extensions>
          <ns3:TrackPointExtension>
            <ns3:hr>153</ns3:hr>
          </ns3:TrackPointExtension>
        </extensions>
      </trkpt>
      <trkpt lat="24.49002533219754695892333984375" lon="118.10327419079840183258056640625">
        <ele>6</ele>
        <time>2025-02-23T09:58:42.000Z</time>
        <extensions>
          <ns3:TrackPointExtension>
            <ns3:hr>153</ns3:hr>
          </ns3:TrackPointExtension>
        </extensions>
      </trkpt>
      <trkpt lat="24.4900198839604854583740234375" lon="118.1032477878034114837646484375">
        <ele>6.19999980926513671875</ele>
        <time>2025-02-23T09:58:43.000Z</time>
        <extensions>
          <ns3:TrackPointExtension>
            <ns3:hr>153</ns3:hr>
          </ns3:TrackPointExtension>
        </extensions>
      </trkpt>
      <trkpt lat="24.49001309461891651153564453125" lon="118.10322188772261142730712890625">
        <ele>6.19999980926513671875</ele>
        <time>2025-02-23T09:58:44.000Z</time>
        <extensions>
          <ns3:TrackPointExtension>
            <ns3:hr>153</ns3:hr>
          </ns3:TrackPointExtension>
        </extensions>
      </trkpt>
      <trkpt lat="24.49000521562993526458740234375" lon="118.10319640673696994781494140625">
        <ele>6.19999980926513671875</ele>
        <time>2025-02-23T09:58:45.000Z</time>
        <extensions>
          <ns3:TrackPointExtension>
            <ns3:hr>153</ns3:hr>
          </ns3:TrackPointExtension>
        </extensions>
      </trkpt>
      <trkpt lat="24.48999649845063686370849609375" lon="118.10317092575132846832275390625">
        <ele>6.400000095367431640625</ele>
        <time>2025-02-23T09:58:46.000Z</time>
        <extensions>
          <ns3:TrackPointExtension>
            <ns3:hr>153</ns3:hr>
          </ns3:TrackPointExtension>
        </extensions>
      </trkpt>
      <trkpt lat="24.4899880327284336090087890625" lon="118.10314594767987728118896484375">
        <ele>6.400000095367431640625</ele>
        <time>2025-02-23T09:58:47.000Z</time>
        <extensions>
          <ns3:TrackPointExtension>
            <ns3:hr>153</ns3:hr>
          </ns3:TrackPointExtension>
        </extensions>
      </trkpt>
      <trkpt lat="24.48998057283461093902587890625" lon="118.10312147252261638641357421875">
        <ele>6.400000095367431640625</ele>
        <time>2025-02-23T09:58:48.000Z</time>
        <extensions>
          <ns3:TrackPointExtension>
            <ns3:hr>153</ns3:hr>
          </ns3:TrackPointExtension>
        </extensions>
      </trkpt>
      <trkpt lat="24.4899742864072322845458984375" lon="118.10309733264148235321044921875">
        <ele>6.599999904632568359375</ele>
        <time>2025-02-23T09:58:49.000Z</time>
        <extensions>
          <ns3:TrackPointExtension>
            <ns3:hr>153</ns3:hr>
          </ns3:TrackPointExtension>
        </extensions>
      </trkpt>
      <trkpt lat="24.48996908962726593017578125" lon="118.103073947131633758544921875">
        <ele>6.599999904632568359375</ele>
        <time>2025-02-23T09:58:50.000Z</time>
        <extensions>
          <ns3:TrackPointExtension>
            <ns3:hr>153</ns3:hr>
          </ns3:TrackPointExtension>
        </extensions>
      </trkpt>
      <trkpt lat="24.4899648986756801605224609375" lon="118.1030526570975780487060546875">
        <ele>6.599999904632568359375</ele>
        <time>2025-02-23T09:58:51.000Z</time>
        <extensions>
          <ns3:TrackPointExtension>
            <ns3:hr>153</ns3:hr>
          </ns3:TrackPointExtension>
        </extensions>
      </trkpt>
      <trkpt lat="24.489961378276348114013671875" lon="118.10303547419607639312744140625">
        <ele>6.80000019073486328125</ele>
        <time>2025-02-23T09:58:52.000Z</time>
        <extensions>
          <ns3:TrackPointExtension>
            <ns3:hr>154</ns3:hr>
          </ns3:TrackPointExtension>
        </extensions>
      </trkpt>
      <trkpt lat="24.48995794169604778289794921875" lon="118.1030224822461605072021484375">
        <ele>6.80000019073486328125</ele>
        <time>2025-02-23T09:58:53.000Z</time>
        <extensions>
          <ns3:TrackPointExtension>
            <ns3:hr>154</ns3:hr>
          </ns3:TrackPointExtension>
        </extensions>
      </trkpt>
      <trkpt lat="24.48995492421090602874755859375" lon="118.1030127592384815216064453125">
        <ele>6.80000019073486328125</ele>
        <time>2025-02-23T09:58:54.000Z</time>
        <extensions>
          <ns3:TrackPointExtension>
            <ns3:hr>154</ns3:hr>
          </ns3:TrackPointExtension>
        </extensions>
      </trkpt>
      <trkpt lat="24.48995274491608142852783203125" lon="118.1030050478875637054443359375">
        <ele>6.80000019073486328125</ele>
        <time>2025-02-23T09:58:55.000Z</time>
        <extensions>
          <ns3:TrackPointExtension>
            <ns3:hr>154</ns3:hr>
          </ns3:TrackPointExtension>
        </extensions>
      </trkpt>
      <trkpt lat="24.4899509847164154052734375" lon="118.1029973365366458892822265625">
        <ele>6.80000019073486328125</ele>
        <time>2025-02-23T09:58:56.000Z</time>
        <extensions>
          <ns3:TrackPointExtension>
            <ns3:hr>155</ns3:hr>
          </ns3:TrackPointExtension>
        </extensions>
      </trkpt>
      <trkpt lat="24.4899491406977176666259765625" lon="118.1029889546334743499755859375">
        <ele>6.80000019073486328125</ele>
        <time>2025-02-23T09:58:57.000Z</time>
        <extensions>
          <ns3:TrackPointExtension>
            <ns3:hr>155</ns3:hr>
          </ns3:TrackPointExtension>
        </extensions>
      </trkpt>
      <trkpt lat="24.4899471290409564971923828125" lon="118.1029812432825565338134765625">
        <ele>6.80000019073486328125</ele>
        <time>2025-02-23T09:58:58.000Z</time>
        <extensions>
          <ns3:TrackPointExtension>
            <ns3:hr>155</ns3:hr>
          </ns3:TrackPointExtension>
        </extensions>
      </trkpt>
      <trkpt lat="24.48994503356516361236572265625" lon="118.10297428630292415618896484375">
        <ele>6.80000019073486328125</ele>
        <time>2025-02-23T09:58:59.000Z</time>
        <extensions>
          <ns3:TrackPointExtension>
            <ns3:hr>155</ns3:hr>
          </ns3:TrackPointExtension>
        </extensions>
      </trkpt>
      <trkpt lat="24.48994251899421215057373046875" lon="118.1029668264091014862060546875">
        <ele>6.80000019073486328125</ele>
        <time>2025-02-23T09:59:00.000Z</time>
        <extensions>
          <ns3:TrackPointExtension>
            <ns3:hr>153</ns3:hr>
          </ns3:TrackPointExtension>
        </extensions>
      </trkpt>
      <trkpt lat="24.4899394176900386810302734375" lon="118.10295852832496166229248046875">
        <ele>7</ele>
        <time>2025-02-23T09:59:01.000Z</time>
        <extensions>
          <ns3:TrackPointExtension>
            <ns3:hr>153</ns3:hr>
          </ns3:TrackPointExtension>
        </extensions>
      </trkpt>
      <trkpt lat="24.48993564583361148834228515625" lon="118.1029490567743778228759765625">
        <ele>7</ele>
        <time>2025-02-23T09:59:02.000Z</time>
        <extensions>
          <ns3:TrackPointExtension>
            <ns3:hr>153</ns3:hr>
          </ns3:TrackPointExtension>
        </extensions>
      </trkpt>
      <trkpt lat="24.4899322092533111572265625" lon="118.1029389984905719757080078125">
        <ele>7</ele>
        <time>2025-02-23T09:59:03.000Z</time>
        <extensions>
          <ns3:TrackPointExtension>
            <ns3:hr>144</ns3:hr>
          </ns3:TrackPointExtension>
        </extensions>
      </trkpt>
      <trkpt lat="24.48993028141558170318603515625" lon="118.102929778397083282470703125">
        <ele>7</ele>
        <time>2025-02-23T09:59:04.000Z</time>
        <extensions>
          <ns3:TrackPointExtension>
            <ns3:hr>144</ns3:hr>
          </ns3:TrackPointExtension>
        </extensions>
      </trkpt>
      <trkpt lat="24.4899310357868671417236328125" lon="118.102922737598419189453125">
        <ele>7</ele>
        <time>2025-02-23T09:59:05.000Z</time>
        <extensions>
          <ns3:TrackPointExtension>
            <ns3:hr>144</ns3:hr>
          </ns3:TrackPointExtension>
        </extensions>
      </trkpt>
      <trkpt lat="24.48993413709104061126708984375" lon="118.10291812755167484283447265625">
        <ele>7</ele>
        <time>2025-02-23T09:59:06.000Z</time>
        <extensions>
          <ns3:TrackPointExtension>
            <ns3:hr>144</ns3:hr>
          </ns3:TrackPointExtension>
        </extensions>
      </trkpt>
      <trkpt lat="24.4899380765855312347412109375" lon="118.10291511006653308868408203125">
        <ele>7</ele>
        <time>2025-02-23T09:59:07.000Z</time>
        <extensions>
          <ns3:TrackPointExtension>
            <ns3:hr>144</ns3:hr>
          </ns3:TrackPointExtension>
        </extensions>
      </trkpt>
      <trkpt lat="24.4899417646229267120361328125" lon="118.1029133498668670654296875">
        <ele>7</ele>
        <time>2025-02-23T09:59:08.000Z</time>
        <extensions>
          <ns3:TrackPointExtension>
            <ns3:hr>144</ns3:hr>
          </ns3:TrackPointExtension>
        </extensions>
      </trkpt>
      <trkpt lat="24.48994436301290988922119140625" lon="118.10291226021945476531982421875">
        <ele>7</ele>
        <time>2025-02-23T09:59:09.000Z</time>
        <extensions>
          <ns3:TrackPointExtension>
            <ns3:hr>144</ns3:hr>
          </ns3:TrackPointExtension>
        </extensions>
      </trkpt>
      <trkpt lat="24.4899447821080684661865234375" lon="118.1029111705720424652099609375">
        <ele>7</ele>
        <time>2025-02-23T09:59:10.000Z</time>
        <extensions>
          <ns3:TrackPointExtension>
            <ns3:hr>144</ns3:hr>
          </ns3:TrackPointExtension>
        </extensions>
      </trkpt>
      <trkpt lat="24.48994226753711700439453125" lon="118.102908991277217864990234375">
        <ele>7</ele>
        <time>2025-02-23T09:59:11.000Z</time>
        <extensions>
          <ns3:TrackPointExtension>
            <ns3:hr>144</ns3:hr>
          </ns3:TrackPointExtension>
        </extensions>
      </trkpt>
      <trkpt lat="24.4899364002048969268798828125" lon="118.102904967963695526123046875">
        <ele>7</ele>
        <time>2025-02-23T09:59:12.000Z</time>
        <extensions>
          <ns3:TrackPointExtension>
            <ns3:hr>144</ns3:hr>
          </ns3:TrackPointExtension>
        </extensions>
      </trkpt>
      <trkpt lat="24.4899270124733448028564453125" lon="118.10289901681244373321533203125">
        <ele>7</ele>
        <time>2025-02-23T09:59:13.000Z</time>
        <extensions>
          <ns3:TrackPointExtension>
            <ns3:hr>144</ns3:hr>
          </ns3:TrackPointExtension>
        </extensions>
      </trkpt>
      <trkpt lat="24.48991544544696807861328125" lon="118.10289130546152591705322265625">
        <ele>7</ele>
        <time>2025-02-23T09:59:14.000Z</time>
        <extensions>
          <ns3:TrackPointExtension>
            <ns3:hr>144</ns3:hr>
          </ns3:TrackPointExtension>
        </extensions>
      </trkpt>
      <trkpt lat="24.48990228585898876190185546875" lon="118.102879822254180908203125">
        <ele>7</ele>
        <time>2025-02-23T09:59:15.000Z</time>
        <extensions>
          <ns3:TrackPointExtension>
            <ns3:hr>144</ns3:hr>
          </ns3:TrackPointExtension>
        </extensions>
      </trkpt>
      <trkpt lat="24.4898871146142482757568359375" lon="118.102863393723964691162109375">
        <ele>7</ele>
        <time>2025-02-23T09:59:16.000Z</time>
        <extensions>
          <ns3:TrackPointExtension>
            <ns3:hr>144</ns3:hr>
          </ns3:TrackPointExtension>
        </extensions>
      </trkpt>
      <trkpt lat="24.48986775241792201995849609375" lon="118.1028394214808940887451171875">
        <ele>7</ele>
        <time>2025-02-23T09:59:17.000Z</time>
        <extensions>
          <ns3:TrackPointExtension>
            <ns3:hr>144</ns3:hr>
          </ns3:TrackPointExtension>
        </extensions>
      </trkpt>
      <trkpt lat="24.4898436963558197021484375" lon="118.10280765406787395477294921875">
        <ele>7</ele>
        <time>2025-02-23T09:59:18.000Z</time>
        <extensions>
          <ns3:TrackPointExtension>
            <ns3:hr>144</ns3:hr>
          </ns3:TrackPointExtension>
        </extensions>
      </trkpt>
      <trkpt lat="24.48981964029371738433837890625" lon="118.1027743779122829437255859375">
        <ele>7</ele>
        <time>2025-02-23T09:59:19.000Z</time>
        <extensions>
          <ns3:TrackPointExtension>
            <ns3:hr>144</ns3:hr>
          </ns3:TrackPointExtension>
        </extensions>
      </trkpt>
      <trkpt lat="24.48979801498353481292724609375" lon="118.1027431972324848175048828125">
        <ele>7.19999980926513671875</ele>
        <time>2025-02-23T09:59:20.000Z</time>
        <extensions>
          <ns3:TrackPointExtension>
            <ns3:hr>144</ns3:hr>
          </ns3:TrackPointExtension>
        </extensions>
      </trkpt>
      <trkpt lat="24.4897781498730182647705078125" lon="118.10271495021879673004150390625">
        <ele>7.19999980926513671875</ele>
        <time>2025-02-23T09:59:21.000Z</time>
        <extensions>
          <ns3:TrackPointExtension>
            <ns3:hr>143</ns3:hr>
          </ns3:TrackPointExtension>
        </extensions>
      </trkpt>
      <trkpt lat="24.4897583685815334320068359375" lon="118.10268913395702838897705078125">
        <ele>7.19999980926513671875</ele>
        <time>2025-02-23T09:59:22.000Z</time>
        <extensions>
          <ns3:TrackPointExtension>
            <ns3:hr>143</ns3:hr>
          </ns3:TrackPointExtension>
        </extensions>
      </trkpt>
      <trkpt lat="24.48973816819489002227783203125" lon="118.10266566462814807891845703125">
        <ele>7.400000095367431640625</ele>
        <time>2025-02-23T09:59:23.000Z</time>
        <extensions>
          <ns3:TrackPointExtension>
            <ns3:hr>143</ns3:hr>
          </ns3:TrackPointExtension>
        </extensions>
      </trkpt>
      <trkpt lat="24.48971771635115146636962890625" lon="118.10264353640377521514892578125">
        <ele>7.400000095367431640625</ele>
        <time>2025-02-23T09:59:24.000Z</time>
        <extensions>
          <ns3:TrackPointExtension>
            <ns3:hr>143</ns3:hr>
          </ns3:TrackPointExtension>
        </extensions>
      </trkpt>
      <trkpt lat="24.48969759978353977203369140625" lon="118.10262207873165607452392578125">
        <ele>7.400000095367431640625</ele>
        <time>2025-02-23T09:59:25.000Z</time>
        <extensions>
          <ns3:TrackPointExtension>
            <ns3:hr>143</ns3:hr>
          </ns3:TrackPointExtension>
        </extensions>
      </trkpt>
      <trkpt lat="24.4896779023110866546630859375" lon="118.1026010401546955108642578125">
        <ele>7.599999904632568359375</ele>
        <time>2025-02-23T09:59:26.000Z</time>
        <extensions>
          <ns3:TrackPointExtension>
            <ns3:hr>144</ns3:hr>
          </ns3:TrackPointExtension>
        </extensions>
      </trkpt>
      <trkpt lat="24.4896584562957286834716796875" lon="118.1025807559490203857421875">
        <ele>7.599999904632568359375</ele>
        <time>2025-02-23T09:59:27.000Z</time>
        <extensions>
          <ns3:TrackPointExtension>
            <ns3:hr>144</ns3:hr>
          </ns3:TrackPointExtension>
        </extensions>
      </trkpt>
      <trkpt lat="24.489638842642307281494140625" lon="118.1025608070194721221923828125">
        <ele>7.80000019073486328125</ele>
        <time>2025-02-23T09:59:28.000Z</time>
        <extensions>
          <ns3:TrackPointExtension>
            <ns3:hr>144</ns3:hr>
          </ns3:TrackPointExtension>
        </extensions>
      </trkpt>
      <trkpt lat="24.4896185584366321563720703125" lon="118.10254060663282871246337890625">
        <ele>7.80000019073486328125</ele>
        <time>2025-02-23T09:59:29.000Z</time>
        <extensions>
          <ns3:TrackPointExtension>
            <ns3:hr>148</ns3:hr>
          </ns3:TrackPointExtension>
        </extensions>
      </trkpt>
      <trkpt lat="24.48959760367870330810546875" lon="118.1025205738842487335205078125">
        <ele>7.80000019073486328125</ele>
        <time>2025-02-23T09:59:30.000Z</time>
        <extensions>
          <ns3:TrackPointExtension>
            <ns3:hr>148</ns3:hr>
          </ns3:TrackPointExtension>
        </extensions>
      </trkpt>
      <trkpt lat="24.48957614600658416748046875" lon="118.10250096023082733154296875">
        <ele>7.80000019073486328125</ele>
        <time>2025-02-23T09:59:31.000Z</time>
        <extensions>
          <ns3:TrackPointExtension>
            <ns3:hr>148</ns3:hr>
          </ns3:TrackPointExtension>
        </extensions>
      </trkpt>
      <trkpt lat="24.4895545206964015960693359375" lon="118.10248218476772308349609375">
        <ele>7.80000019073486328125</ele>
        <time>2025-02-23T09:59:32.000Z</time>
        <extensions>
          <ns3:TrackPointExtension>
            <ns3:hr>148</ns3:hr>
          </ns3:TrackPointExtension>
        </extensions>
      </trkpt>
      <trkpt lat="24.48953281156718730926513671875" lon="118.1024645827710628509521484375">
        <ele>7.80000019073486328125</ele>
        <time>2025-02-23T09:59:33.000Z</time>
        <extensions>
          <ns3:TrackPointExtension>
            <ns3:hr>148</ns3:hr>
          </ns3:TrackPointExtension>
        </extensions>
      </trkpt>
      <trkpt lat="24.48951085098087787628173828125" lon="118.1024481542408466339111328125">
        <ele>7.80000019073486328125</ele>
        <time>2025-02-23T09:59:34.000Z</time>
        <extensions>
          <ns3:TrackPointExtension>
            <ns3:hr>148</ns3:hr>
          </ns3:TrackPointExtension>
        </extensions>
      </trkpt>
      <trkpt lat="24.48948872275650501251220703125" lon="118.10243281535804271697998046875">
        <ele>7.80000019073486328125</ele>
        <time>2025-02-23T09:59:35.000Z</time>
        <extensions>
          <ns3:TrackPointExtension>
            <ns3:hr>148</ns3:hr>
          </ns3:TrackPointExtension>
        </extensions>
      </trkpt>
      <trkpt lat="24.489466510713100433349609375" lon="118.10241781175136566162109375">
        <ele>7.80000019073486328125</ele>
        <time>2025-02-23T09:59:36.000Z</time>
        <extensions>
          <ns3:TrackPointExtension>
            <ns3:hr>151</ns3:hr>
          </ns3:TrackPointExtension>
        </extensions>
      </trkpt>
      <trkpt lat="24.4894440472126007080078125" lon="118.1024025566875934600830078125">
        <ele>7.80000019073486328125</ele>
        <time>2025-02-23T09:59:37.000Z</time>
        <extensions>
          <ns3:TrackPointExtension>
            <ns3:hr>151</ns3:hr>
          </ns3:TrackPointExtension>
        </extensions>
      </trkpt>
      <trkpt lat="24.4894214160740375518798828125" lon="118.10238738544285297393798828125">
        <ele>8</ele>
        <time>2025-02-23T09:59:38.000Z</time>
        <extensions>
          <ns3:TrackPointExtension>
            <ns3:hr>151</ns3:hr>
          </ns3:TrackPointExtension>
        </extensions>
      </trkpt>
      <trkpt lat="24.48939870111644268035888671875" lon="118.1023727171123027801513671875">
        <ele>8</ele>
        <time>2025-02-23T09:59:39.000Z</time>
        <extensions>
          <ns3:TrackPointExtension>
            <ns3:hr>151</ns3:hr>
          </ns3:TrackPointExtension>
        </extensions>
      </trkpt>
      <trkpt lat="24.48937632143497467041015625" lon="118.102358467876911163330078125">
        <ele>8</ele>
        <time>2025-02-23T09:59:40.000Z</time>
        <extensions>
          <ns3:TrackPointExtension>
            <ns3:hr>151</ns3:hr>
          </ns3:TrackPointExtension>
        </extensions>
      </trkpt>
      <trkpt lat="24.48935394175350666046142578125" lon="118.10234430246055126190185546875">
        <ele>8</ele>
        <time>2025-02-23T09:59:41.000Z</time>
        <extensions>
          <ns3:TrackPointExtension>
            <ns3:hr>151</ns3:hr>
          </ns3:TrackPointExtension>
        </extensions>
      </trkpt>
      <trkpt lat="24.48933097533881664276123046875" lon="118.10233022086322307586669921875">
        <ele>8</ele>
        <time>2025-02-23T09:59:42.000Z</time>
        <extensions>
          <ns3:TrackPointExtension>
            <ns3:hr>152</ns3:hr>
          </ns3:TrackPointExtension>
        </extensions>
      </trkpt>
      <trkpt lat="24.4893070869147777557373046875" lon="118.1023160554468631744384765625">
        <ele>8</ele>
        <time>2025-02-23T09:59:43.000Z</time>
        <extensions>
          <ns3:TrackPointExtension>
            <ns3:hr>152</ns3:hr>
          </ns3:TrackPointExtension>
        </extensions>
      </trkpt>
      <trkpt lat="24.48928244411945343017578125" lon="118.10230205766856670379638671875">
        <ele>8</ele>
        <time>2025-02-23T09:59:44.000Z</time>
        <extensions>
          <ns3:TrackPointExtension>
            <ns3:hr>152</ns3:hr>
          </ns3:TrackPointExtension>
        </extensions>
      </trkpt>
      <trkpt lat="24.489257633686065673828125" lon="118.10228864662349224090576171875">
        <ele>8.19999980926513671875</ele>
        <time>2025-02-23T09:59:45.000Z</time>
        <extensions>
          <ns3:TrackPointExtension>
            <ns3:hr>152</ns3:hr>
          </ns3:TrackPointExtension>
        </extensions>
      </trkpt>
      <trkpt lat="24.48923282325267791748046875" lon="118.10227640904486179351806640625">
        <ele>8.3999996185302734375</ele>
        <time>2025-02-23T09:59:46.000Z</time>
        <extensions>
          <ns3:TrackPointExtension>
            <ns3:hr>152</ns3:hr>
          </ns3:TrackPointExtension>
        </extensions>
      </trkpt>
      <trkpt lat="24.48920776136219501495361328125" lon="118.1022655963897705078125">
        <ele>8.3999996185302734375</ele>
        <time>2025-02-23T09:59:47.000Z</time>
        <extensions>
          <ns3:TrackPointExtension>
            <ns3:hr>152</ns3:hr>
          </ns3:TrackPointExtension>
        </extensions>
      </trkpt>
      <trkpt lat="24.48918244801461696624755859375" lon="118.10225629247725009918212890625">
        <ele>8.6000003814697265625</ele>
        <time>2025-02-23T09:59:48.000Z</time>
        <extensions>
          <ns3:TrackPointExtension>
            <ns3:hr>153</ns3:hr>
          </ns3:TrackPointExtension>
        </extensions>
      </trkpt>
      <trkpt lat="24.48915713466703891754150390625" lon="118.102247826755046844482421875">
        <ele>8.80000019073486328125</ele>
        <time>2025-02-23T09:59:49.000Z</time>
        <extensions>
          <ns3:TrackPointExtension>
            <ns3:hr>153</ns3:hr>
          </ns3:TrackPointExtension>
        </extensions>
      </trkpt>
      <trkpt lat="24.4891324080526828765869140625" lon="118.10223969630897045135498046875">
        <ele>8.80000019073486328125</ele>
        <time>2025-02-23T09:59:50.000Z</time>
        <extensions>
          <ns3:TrackPointExtension>
            <ns3:hr>153</ns3:hr>
          </ns3:TrackPointExtension>
        </extensions>
      </trkpt>
      <trkpt lat="24.48910784907639026641845703125" lon="118.10223215259611606597900390625">
        <ele>9</ele>
        <time>2025-02-23T09:59:51.000Z</time>
        <extensions>
          <ns3:TrackPointExtension>
            <ns3:hr>153</ns3:hr>
          </ns3:TrackPointExtension>
        </extensions>
      </trkpt>
      <trkpt lat="24.4890831224620342254638671875" lon="118.1022255308926105499267578125">
        <ele>9</ele>
        <time>2025-02-23T09:59:52.000Z</time>
        <extensions>
          <ns3:TrackPointExtension>
            <ns3:hr>153</ns3:hr>
          </ns3:TrackPointExtension>
        </extensions>
      </trkpt>
      <trkpt lat="24.48905739001929759979248046875" lon="118.10221957974135875701904296875">
        <ele>9.19999980926513671875</ele>
        <time>2025-02-23T09:59:53.000Z</time>
        <extensions>
          <ns3:TrackPointExtension>
            <ns3:hr>153</ns3:hr>
          </ns3:TrackPointExtension>
        </extensions>
      </trkpt>
      <trkpt lat="24.48903107084333896636962890625" lon="118.10221438296139240264892578125">
        <ele>9.3999996185302734375</ele>
        <time>2025-02-23T09:59:54.000Z</time>
        <extensions>
          <ns3:TrackPointExtension>
            <ns3:hr>153</ns3:hr>
          </ns3:TrackPointExtension>
        </extensions>
      </trkpt>
      <trkpt lat="24.48900458402931690216064453125" lon="118.10220994055271148681640625">
        <ele>9.6000003814697265625</ele>
        <time>2025-02-23T09:59:55.000Z</time>
        <extensions>
          <ns3:TrackPointExtension>
            <ns3:hr>153</ns3:hr>
          </ns3:TrackPointExtension>
        </extensions>
      </trkpt>
      <trkpt lat="24.48897809721529483795166015625" lon="118.10220700688660144805908203125">
        <ele>9.80000019073486328125</ele>
        <time>2025-02-23T09:59:56.000Z</time>
        <extensions>
          <ns3:TrackPointExtension>
            <ns3:hr>153</ns3:hr>
          </ns3:TrackPointExtension>
        </extensions>
      </trkpt>
      <trkpt lat="24.4889513589441776275634765625" lon="118.10220616869628429412841796875">
        <ele>9.80000019073486328125</ele>
        <time>2025-02-23T09:59:57.000Z</time>
        <extensions>
          <ns3:TrackPointExtension>
            <ns3:hr>153</ns3:hr>
          </ns3:TrackPointExtension>
        </extensions>
      </trkpt>
      <trkpt lat="24.488924704492092132568359375" lon="118.10220717452466487884521484375">
        <ele>10</ele>
        <time>2025-02-23T09:59:58.000Z</time>
        <extensions>
          <ns3:TrackPointExtension>
            <ns3:hr>152</ns3:hr>
          </ns3:TrackPointExtension>
        </extensions>
      </trkpt>
      <trkpt lat="24.48889796622097492218017578125" lon="118.10220935381948947906494140625">
        <ele>10.19999980926513671875</ele>
        <time>2025-02-23T09:59:59.000Z</time>
        <extensions>
          <ns3:TrackPointExtension>
            <ns3:hr>152</ns3:hr>
          </ns3:TrackPointExtension>
        </extensions>
      </trkpt>
      <trkpt lat="24.48887072503566741943359375" lon="118.10221170075237751007080078125">
        <ele>10.19999980926513671875</ele>
        <time>2025-02-23T10:00:00.000Z</time>
        <extensions>
          <ns3:TrackPointExtension>
            <ns3:hr>152</ns3:hr>
          </ns3:TrackPointExtension>
        </extensions>
      </trkpt>
      <trkpt lat="24.48884264566004276275634765625" lon="118.10221421532332897186279296875">
        <ele>10.3999996185302734375</ele>
        <time>2025-02-23T10:00:01.000Z</time>
        <extensions>
          <ns3:TrackPointExtension>
            <ns3:hr>152</ns3:hr>
          </ns3:TrackPointExtension>
        </extensions>
      </trkpt>
      <trkpt lat="24.4888138957321643829345703125" lon="118.10221689753234386444091796875">
        <ele>10.3999996185302734375</ele>
        <time>2025-02-23T10:00:02.000Z</time>
        <extensions>
          <ns3:TrackPointExtension>
            <ns3:hr>152</ns3:hr>
          </ns3:TrackPointExtension>
        </extensions>
      </trkpt>
      <trkpt lat="24.48878497816622257232666015625" lon="118.10222025029361248016357421875">
        <ele>10.6000003814697265625</ele>
        <time>2025-02-23T10:00:03.000Z</time>
        <extensions>
          <ns3:TrackPointExtension>
            <ns3:hr>152</ns3:hr>
          </ns3:TrackPointExtension>
        </extensions>
      </trkpt>
      <trkpt lat="24.4887565635144710540771484375" lon="118.1022241897881031036376953125">
        <ele>10.80000019073486328125</ele>
        <time>2025-02-23T10:00:04.000Z</time>
        <extensions>
          <ns3:TrackPointExtension>
            <ns3:hr>152</ns3:hr>
          </ns3:TrackPointExtension>
        </extensions>
      </trkpt>
      <trkpt lat="24.488728903234004974365234375" lon="118.10222846455872058868408203125">
        <ele>10.80000019073486328125</ele>
        <time>2025-02-23T10:00:05.000Z</time>
        <extensions>
          <ns3:TrackPointExtension>
            <ns3:hr>152</ns3:hr>
          </ns3:TrackPointExtension>
        </extensions>
      </trkpt>
      <trkpt lat="24.48870166204869747161865234375" lon="118.1022332422435283660888671875">
        <ele>10.80000019073486328125</ele>
        <time>2025-02-23T10:00:06.000Z</time>
        <extensions>
          <ns3:TrackPointExtension>
            <ns3:hr>152</ns3:hr>
          </ns3:TrackPointExtension>
        </extensions>
      </trkpt>
      <trkpt lat="24.48867450468242168426513671875" lon="118.10223869048058986663818359375">
        <ele>10.80000019073486328125</ele>
        <time>2025-02-23T10:00:07.000Z</time>
        <extensions>
          <ns3:TrackPointExtension>
            <ns3:hr>152</ns3:hr>
          </ns3:TrackPointExtension>
        </extensions>
      </trkpt>
      <trkpt lat="24.4886469282209873199462890625" lon="118.10224480926990509033203125">
        <ele>10.6000003814697265625</ele>
        <time>2025-02-23T10:00:08.000Z</time>
        <extensions>
          <ns3:TrackPointExtension>
            <ns3:hr>152</ns3:hr>
          </ns3:TrackPointExtension>
        </extensions>
      </trkpt>
      <trkpt lat="24.4886194355785846710205078125" lon="118.102251850068569183349609375">
        <ele>10.6000003814697265625</ele>
        <time>2025-02-23T10:00:09.000Z</time>
        <extensions>
          <ns3:TrackPointExtension>
            <ns3:hr>153</ns3:hr>
          </ns3:TrackPointExtension>
        </extensions>
      </trkpt>
      <trkpt lat="24.48859252966940402984619140625" lon="118.10226014815270900726318359375">
        <ele>10.3999996185302734375</ele>
        <time>2025-02-23T10:00:10.000Z</time>
        <extensions>
          <ns3:TrackPointExtension>
            <ns3:hr>153</ns3:hr>
          </ns3:TrackPointExtension>
        </extensions>
      </trkpt>
      <trkpt lat="24.48856637813150882720947265625" lon="118.10226970352232456207275390625">
        <ele>10.3999996185302734375</ele>
        <time>2025-02-23T10:00:11.000Z</time>
        <extensions>
          <ns3:TrackPointExtension>
            <ns3:hr>153</ns3:hr>
          </ns3:TrackPointExtension>
        </extensions>
      </trkpt>
      <trkpt lat="24.488540478050708770751953125" lon="118.1022801809012889862060546875">
        <ele>10.3999996185302734375</ele>
        <time>2025-02-23T10:00:12.000Z</time>
        <extensions>
          <ns3:TrackPointExtension>
            <ns3:hr>153</ns3:hr>
          </ns3:TrackPointExtension>
        </extensions>
      </trkpt>
      <trkpt lat="24.48851457796990871429443359375" lon="118.10229065828025341033935546875">
        <ele>10.19999980926513671875</ele>
        <time>2025-02-23T10:00:13.000Z</time>
        <extensions>
          <ns3:TrackPointExtension>
            <ns3:hr>155</ns3:hr>
          </ns3:TrackPointExtension>
        </extensions>
      </trkpt>
      <trkpt lat="24.48848825879395008087158203125" lon="118.10230138711631298065185546875">
        <ele>10.19999980926513671875</ele>
        <time>2025-02-23T10:00:14.000Z</time>
        <extensions>
          <ns3:TrackPointExtension>
            <ns3:hr>155</ns3:hr>
          </ns3:TrackPointExtension>
        </extensions>
      </trkpt>
      <trkpt lat="24.48846177197992801666259765625" lon="118.10231320559978485107421875">
        <ele>10.19999980926513671875</ele>
        <time>2025-02-23T10:00:15.000Z</time>
        <extensions>
          <ns3:TrackPointExtension>
            <ns3:hr>155</ns3:hr>
          </ns3:TrackPointExtension>
        </extensions>
      </trkpt>
      <trkpt lat="24.4884355366230010986328125" lon="118.10232619754970073699951171875">
        <ele>10.19999980926513671875</ele>
        <time>2025-02-23T10:00:16.000Z</time>
        <extensions>
          <ns3:TrackPointExtension>
            <ns3:hr>155</ns3:hr>
          </ns3:TrackPointExtension>
        </extensions>
      </trkpt>
      <trkpt lat="24.4884102232754230499267578125" lon="118.10233960859477519989013671875">
        <ele>10.19999980926513671875</ele>
        <time>2025-02-23T10:00:17.000Z</time>
        <extensions>
          <ns3:TrackPointExtension>
            <ns3:hr>155</ns3:hr>
          </ns3:TrackPointExtension>
        </extensions>
      </trkpt>
      <trkpt lat="24.48838566429913043975830078125" lon="118.1023529358208179473876953125">
        <ele>10.19999980926513671875</ele>
        <time>2025-02-23T10:00:18.000Z</time>
        <extensions>
          <ns3:TrackPointExtension>
            <ns3:hr>155</ns3:hr>
          </ns3:TrackPointExtension>
        </extensions>
      </trkpt>
      <trkpt lat="24.48836110532283782958984375" lon="118.1023660115897655487060546875">
        <ele>10.3999996185302734375</ele>
        <time>2025-02-23T10:00:19.000Z</time>
        <extensions>
          <ns3:TrackPointExtension>
            <ns3:hr>155</ns3:hr>
          </ns3:TrackPointExtension>
        </extensions>
      </trkpt>
      <trkpt lat="24.4883364625275135040283203125" lon="118.10237917117774486541748046875">
        <ele>10.3999996185302734375</ele>
        <time>2025-02-23T10:00:20.000Z</time>
        <extensions>
          <ns3:TrackPointExtension>
            <ns3:hr>155</ns3:hr>
          </ns3:TrackPointExtension>
        </extensions>
      </trkpt>
      <trkpt lat="24.48831223882734775543212890625" lon="118.10239258222281932830810546875">
        <ele>10.3999996185302734375</ele>
        <time>2025-02-23T10:00:21.000Z</time>
        <extensions>
          <ns3:TrackPointExtension>
            <ns3:hr>155</ns3:hr>
          </ns3:TrackPointExtension>
        </extensions>
      </trkpt>
      <trkpt lat="24.48828868567943572998046875" lon="118.102406747639179229736328125">
        <ele>10.3999996185302734375</ele>
        <time>2025-02-23T10:00:22.000Z</time>
        <extensions>
          <ns3:TrackPointExtension>
            <ns3:hr>155</ns3:hr>
          </ns3:TrackPointExtension>
        </extensions>
      </trkpt>
      <trkpt lat="24.48826597072184085845947265625" lon="118.102422170341014862060546875">
        <ele>10.3999996185302734375</ele>
        <time>2025-02-23T10:00:23.000Z</time>
        <extensions>
          <ns3:TrackPointExtension>
            <ns3:hr>155</ns3:hr>
          </ns3:TrackPointExtension>
        </extensions>
      </trkpt>
      <trkpt lat="24.488243423402309417724609375" lon="118.10243851505219936370849609375">
        <ele>10.19999980926513671875</ele>
        <time>2025-02-23T10:00:24.000Z</time>
        <extensions>
          <ns3:TrackPointExtension>
            <ns3:hr>155</ns3:hr>
          </ns3:TrackPointExtension>
        </extensions>
      </trkpt>
      <trkpt lat="24.4882209599018096923828125" lon="118.10245544649660587310791015625">
        <ele>10.19999980926513671875</ele>
        <time>2025-02-23T10:00:25.000Z</time>
        <extensions>
          <ns3:TrackPointExtension>
            <ns3:hr>155</ns3:hr>
          </ns3:TrackPointExtension>
        </extensions>
      </trkpt>
      <trkpt lat="24.48819891549646854400634765625" lon="118.1024726293981075286865234375">
        <ele>10.19999980926513671875</ele>
        <time>2025-02-23T10:00:26.000Z</time>
        <extensions>
          <ns3:TrackPointExtension>
            <ns3:hr>155</ns3:hr>
          </ns3:TrackPointExtension>
        </extensions>
      </trkpt>
      <trkpt lat="24.4881775416433811187744140625" lon="118.10249023139476776123046875">
        <ele>10</ele>
        <time>2025-02-23T10:00:27.000Z</time>
        <extensions>
          <ns3:TrackPointExtension>
            <ns3:hr>155</ns3:hr>
          </ns3:TrackPointExtension>
        </extensions>
      </trkpt>
      <trkpt lat="24.48815633542835712432861328125" lon="118.10250842012465000152587890625">
        <ele>9.80000019073486328125</ele>
        <time>2025-02-23T10:00:28.000Z</time>
        <extensions>
          <ns3:TrackPointExtension>
            <ns3:hr>155</ns3:hr>
          </ns3:TrackPointExtension>
        </extensions>
      </trkpt>
      <trkpt lat="24.48813579976558685302734375" lon="118.10252719558775424957275390625">
        <ele>9.6000003814697265625</ele>
        <time>2025-02-23T10:00:29.000Z</time>
        <extensions>
          <ns3:TrackPointExtension>
            <ns3:hr>155</ns3:hr>
          </ns3:TrackPointExtension>
        </extensions>
      </trkpt>
      <trkpt lat="24.4881158508360385894775390625" lon="118.102546222507953643798828125">
        <ele>9.19999980926513671875</ele>
        <time>2025-02-23T10:00:30.000Z</time>
        <extensions>
          <ns3:TrackPointExtension>
            <ns3:hr>155</ns3:hr>
          </ns3:TrackPointExtension>
        </extensions>
      </trkpt>
      <trkpt lat="24.48809648863971233367919921875" lon="118.1025658361613750457763671875">
        <ele>8.80000019073486328125</ele>
        <time>2025-02-23T10:00:31.000Z</time>
        <extensions>
          <ns3:TrackPointExtension>
            <ns3:hr>155</ns3:hr>
          </ns3:TrackPointExtension>
        </extensions>
      </trkpt>
      <trkpt lat="24.48807771317660808563232421875" lon="118.1025856174528598785400390625">
        <ele>8.3999996185302734375</ele>
        <time>2025-02-23T10:00:32.000Z</time>
        <extensions>
          <ns3:TrackPointExtension>
            <ns3:hr>155</ns3:hr>
          </ns3:TrackPointExtension>
        </extensions>
      </trkpt>
      <trkpt lat="24.488059021532535552978515625" lon="118.10260565020143985748291015625">
        <ele>8</ele>
        <time>2025-02-23T10:00:33.000Z</time>
        <extensions>
          <ns3:TrackPointExtension>
            <ns3:hr>159</ns3:hr>
          </ns3:TrackPointExtension>
        </extensions>
      </trkpt>
      <trkpt lat="24.48804058134555816650390625" lon="118.1026261858642101287841796875">
        <ele>7.599999904632568359375</ele>
        <time>2025-02-23T10:00:34.000Z</time>
        <extensions>
          <ns3:TrackPointExtension>
            <ns3:hr>159</ns3:hr>
          </ns3:TrackPointExtension>
        </extensions>
      </trkpt>
      <trkpt lat="24.48802239261567592620849609375" lon="118.102647475898265838623046875">
        <ele>7.19999980926513671875</ele>
        <time>2025-02-23T10:00:35.000Z</time>
        <extensions>
          <ns3:TrackPointExtension>
            <ns3:hr>159</ns3:hr>
          </ns3:TrackPointExtension>
        </extensions>
      </trkpt>
      <trkpt lat="24.48800462298095226287841796875" lon="118.10266868211328983306884765625">
        <ele>6.80000019073486328125</ele>
        <time>2025-02-23T10:00:36.000Z</time>
        <extensions>
          <ns3:TrackPointExtension>
            <ns3:hr>159</ns3:hr>
          </ns3:TrackPointExtension>
        </extensions>
      </trkpt>
      <trkpt lat="24.48798752389848232269287109375" lon="118.10268930159509181976318359375">
        <ele>6.80000019073486328125</ele>
        <time>2025-02-23T10:00:37.000Z</time>
        <extensions>
          <ns3:TrackPointExtension>
            <ns3:hr>159</ns3:hr>
          </ns3:TrackPointExtension>
        </extensions>
      </trkpt>
      <trkpt lat="24.48797076009213924407958984375" lon="118.10270958580076694488525390625">
        <ele>6.599999904632568359375</ele>
        <time>2025-02-23T10:00:38.000Z</time>
        <extensions>
          <ns3:TrackPointExtension>
            <ns3:hr>159</ns3:hr>
          </ns3:TrackPointExtension>
        </extensions>
      </trkpt>
      <trkpt lat="24.487954080104827880859375" lon="118.10273054055869579315185546875">
        <ele>6.400000095367431640625</ele>
        <time>2025-02-23T10:00:39.000Z</time>
        <extensions>
          <ns3:TrackPointExtension>
            <ns3:hr>159</ns3:hr>
          </ns3:TrackPointExtension>
        </extensions>
      </trkpt>
      <trkpt lat="24.487937651574611663818359375" lon="118.10275250114500522613525390625">
        <ele>6.400000095367431640625</ele>
        <time>2025-02-23T10:00:40.000Z</time>
        <extensions>
          <ns3:TrackPointExtension>
            <ns3:hr>159</ns3:hr>
          </ns3:TrackPointExtension>
        </extensions>
      </trkpt>
      <trkpt lat="24.48792113922536373138427734375" lon="118.10277529992163181304931640625">
        <ele>6.19999980926513671875</ele>
        <time>2025-02-23T10:00:41.000Z</time>
        <extensions>
          <ns3:TrackPointExtension>
            <ns3:hr>159</ns3:hr>
          </ns3:TrackPointExtension>
        </extensions>
      </trkpt>
      <trkpt lat="24.48790454305708408355712890625" lon="118.10279826633632183074951171875">
        <ele>6.19999980926513671875</ele>
        <time>2025-02-23T10:00:42.000Z</time>
        <extensions>
          <ns3:TrackPointExtension>
            <ns3:hr>158</ns3:hr>
          </ns3:TrackPointExtension>
        </extensions>
      </trkpt>
      <trkpt lat="24.4878885336220264434814453125" lon="118.102821819484233856201171875">
        <ele>6</ele>
        <time>2025-02-23T10:00:43.000Z</time>
        <extensions>
          <ns3:TrackPointExtension>
            <ns3:hr>158</ns3:hr>
          </ns3:TrackPointExtension>
        </extensions>
      </trkpt>
      <trkpt lat="24.48787353001534938812255859375" lon="118.1028462946414947509765625">
        <ele>6</ele>
        <time>2025-02-23T10:00:44.000Z</time>
        <extensions>
          <ns3:TrackPointExtension>
            <ns3:hr>158</ns3:hr>
          </ns3:TrackPointExtension>
        </extensions>
      </trkpt>
      <trkpt lat="24.48785953223705291748046875" lon="118.10287102125585079193115234375">
        <ele>6.19999980926513671875</ele>
        <time>2025-02-23T10:00:45.000Z</time>
        <extensions>
          <ns3:TrackPointExtension>
            <ns3:hr>158</ns3:hr>
          </ns3:TrackPointExtension>
        </extensions>
      </trkpt>
      <trkpt lat="24.487845785915851593017578125" lon="118.10289549641311168670654296875">
        <ele>6.19999980926513671875</ele>
        <time>2025-02-23T10:00:46.000Z</time>
        <extensions>
          <ns3:TrackPointExtension>
            <ns3:hr>158</ns3:hr>
          </ns3:TrackPointExtension>
        </extensions>
      </trkpt>
      <trkpt lat="24.48783195577561855316162109375" lon="118.10291980393230915069580078125">
        <ele>6.19999980926513671875</ele>
        <time>2025-02-23T10:00:47.000Z</time>
        <extensions>
          <ns3:TrackPointExtension>
            <ns3:hr>158</ns3:hr>
          </ns3:TrackPointExtension>
        </extensions>
      </trkpt>
      <trkpt lat="24.48781820945441722869873046875" lon="118.1029440276324748992919921875">
        <ele>6.400000095367431640625</ele>
        <time>2025-02-23T10:00:48.000Z</time>
        <extensions>
          <ns3:TrackPointExtension>
            <ns3:hr>158</ns3:hr>
          </ns3:TrackPointExtension>
        </extensions>
      </trkpt>
      <trkpt lat="24.48780463077127933502197265625" lon="118.10296875424683094024658203125">
        <ele>6.400000095367431640625</ele>
        <time>2025-02-23T10:00:49.000Z</time>
        <extensions>
          <ns3:TrackPointExtension>
            <ns3:hr>158</ns3:hr>
          </ns3:TrackPointExtension>
        </extensions>
      </trkpt>
      <trkpt lat="24.48779138736426830291748046875" lon="118.1029943190515041351318359375">
        <ele>6.599999904632568359375</ele>
        <time>2025-02-23T10:00:50.000Z</time>
        <extensions>
          <ns3:TrackPointExtension>
            <ns3:hr>158</ns3:hr>
          </ns3:TrackPointExtension>
        </extensions>
      </trkpt>
      <trkpt lat="24.48777931742370128631591796875" lon="118.10302072204649448394775390625">
        <ele>6.599999904632568359375</ele>
        <time>2025-02-23T10:00:51.000Z</time>
        <extensions>
          <ns3:TrackPointExtension>
            <ns3:hr>158</ns3:hr>
          </ns3:TrackPointExtension>
        </extensions>
      </trkpt>
      <trkpt lat="24.487769342958927154541015625" lon="118.10304821468889713287353515625">
        <ele>7</ele>
        <time>2025-02-23T10:00:52.000Z</time>
        <extensions>
          <ns3:TrackPointExtension>
            <ns3:hr>158</ns3:hr>
          </ns3:TrackPointExtension>
        </extensions>
      </trkpt>
      <trkpt lat="24.48776163160800933837890625" lon="118.1030761264264583587646484375">
        <ele>7.19999980926513671875</ele>
        <time>2025-02-23T10:00:53.000Z</time>
        <extensions>
          <ns3:TrackPointExtension>
            <ns3:hr>158</ns3:hr>
          </ns3:TrackPointExtension>
        </extensions>
      </trkpt>
      <trkpt lat="24.487754590809345245361328125" lon="118.10310437344014644622802734375">
        <ele>7.599999904632568359375</ele>
        <time>2025-02-23T10:00:54.000Z</time>
        <extensions>
          <ns3:TrackPointExtension>
            <ns3:hr>158</ns3:hr>
          </ns3:TrackPointExtension>
        </extensions>
      </trkpt>
      <trkpt lat="24.48774755001068115234375" lon="118.1031331233680248260498046875">
        <ele>8</ele>
        <time>2025-02-23T10:00:55.000Z</time>
        <extensions>
          <ns3:TrackPointExtension>
            <ns3:hr>158</ns3:hr>
          </ns3:TrackPointExtension>
        </extensions>
      </trkpt>
      <trkpt lat="24.4877408444881439208984375" lon="118.10316254384815692901611328125">
        <ele>8.6000003814697265625</ele>
        <time>2025-02-23T10:00:56.000Z</time>
        <extensions>
          <ns3:TrackPointExtension>
            <ns3:hr>158</ns3:hr>
          </ns3:TrackPointExtension>
        </extensions>
      </trkpt>
      <trkpt lat="24.4877354800701141357421875" lon="118.10319204814732074737548828125">
        <ele>9</ele>
        <time>2025-02-23T10:00:57.000Z</time>
        <extensions>
          <ns3:TrackPointExtension>
            <ns3:hr>158</ns3:hr>
          </ns3:TrackPointExtension>
        </extensions>
      </trkpt>
      <trkpt lat="24.48773078620433807373046875" lon="118.103221468627452850341796875">
        <ele>9.6000003814697265625</ele>
        <time>2025-02-23T10:00:58.000Z</time>
        <extensions>
          <ns3:TrackPointExtension>
            <ns3:hr>158</ns3:hr>
          </ns3:TrackPointExtension>
        </extensions>
      </trkpt>
      <trkpt lat="24.487725757062435150146484375" lon="118.1032504700124263763427734375">
        <ele>10</ele>
        <time>2025-02-23T10:00:59.000Z</time>
        <extensions>
          <ns3:TrackPointExtension>
            <ns3:hr>158</ns3:hr>
          </ns3:TrackPointExtension>
        </extensions>
      </trkpt>
      <trkpt lat="24.4877207279205322265625" lon="118.1032793037593364715576171875">
        <ele>10.19999980926513671875</ele>
        <time>2025-02-23T10:01:00.000Z</time>
        <extensions>
          <ns3:TrackPointExtension>
            <ns3:hr>158</ns3:hr>
          </ns3:TrackPointExtension>
        </extensions>
      </trkpt>
      <trkpt lat="24.487717039883136749267578125" lon="118.1033081375062465667724609375">
        <ele>10.6000003814697265625</ele>
        <time>2025-02-23T10:01:01.000Z</time>
        <extensions>
          <ns3:TrackPointExtension>
            <ns3:hr>158</ns3:hr>
          </ns3:TrackPointExtension>
        </extensions>
      </trkpt>
      <trkpt lat="24.4877155311405658721923828125" lon="118.10333755798637866973876953125">
        <ele>11</ele>
        <time>2025-02-23T10:01:02.000Z</time>
        <extensions>
          <ns3:TrackPointExtension>
            <ns3:hr>157</ns3:hr>
          </ns3:TrackPointExtension>
        </extensions>
      </trkpt>
      <trkpt lat="24.48771536350250244140625" lon="118.10336722992360591888427734375">
        <ele>11.6000003814697265625</ele>
        <time>2025-02-23T10:01:03.000Z</time>
        <extensions>
          <ns3:TrackPointExtension>
            <ns3:hr>157</ns3:hr>
          </ns3:TrackPointExtension>
        </extensions>
      </trkpt>
      <trkpt lat="24.487715698778629302978515625" lon="118.1033969856798648834228515625">
        <ele>11.80000019073486328125</ele>
        <time>2025-02-23T10:01:04.000Z</time>
        <extensions>
          <ns3:TrackPointExtension>
            <ns3:hr>157</ns3:hr>
          </ns3:TrackPointExtension>
        </extensions>
      </trkpt>
      <trkpt lat="24.48771645314991474151611328125" lon="118.1034268252551555633544921875">
        <ele>11.6000003814697265625</ele>
        <time>2025-02-23T10:01:05.000Z</time>
        <extensions>
          <ns3:TrackPointExtension>
            <ns3:hr>158</ns3:hr>
          </ns3:TrackPointExtension>
        </extensions>
      </trkpt>
      <trkpt lat="24.48771779425442218780517578125" lon="118.10345674864947795867919921875">
        <ele>11.6000003814697265625</ele>
        <time>2025-02-23T10:01:06.000Z</time>
        <extensions>
          <ns3:TrackPointExtension>
            <ns3:hr>158</ns3:hr>
          </ns3:TrackPointExtension>
        </extensions>
      </trkpt>
      <trkpt lat="24.4877202250063419342041015625" lon="118.10348667204380035400390625">
        <ele>11.3999996185302734375</ele>
        <time>2025-02-23T10:01:07.000Z</time>
        <extensions>
          <ns3:TrackPointExtension>
            <ns3:hr>158</ns3:hr>
          </ns3:TrackPointExtension>
        </extensions>
      </trkpt>
      <trkpt lat="24.4877239130437374114990234375" lon="118.10351642780005931854248046875">
        <ele>11.3999996185302734375</ele>
        <time>2025-02-23T10:01:08.000Z</time>
        <extensions>
          <ns3:TrackPointExtension>
            <ns3:hr>158</ns3:hr>
          </ns3:TrackPointExtension>
        </extensions>
      </trkpt>
      <trkpt lat="24.48772734962403774261474609375" lon="118.1035458482801914215087890625">
        <ele>11.19999980926513671875</ele>
        <time>2025-02-23T10:01:09.000Z</time>
        <extensions>
          <ns3:TrackPointExtension>
            <ns3:hr>158</ns3:hr>
          </ns3:TrackPointExtension>
        </extensions>
      </trkpt>
      <trkpt lat="24.487729109823703765869140625" lon="118.1035750173032283782958984375">
        <ele>11.19999980926513671875</ele>
        <time>2025-02-23T10:01:10.000Z</time>
        <extensions>
          <ns3:TrackPointExtension>
            <ns3:hr>159</ns3:hr>
          </ns3:TrackPointExtension>
        </extensions>
      </trkpt>
      <trkpt lat="24.48772952891886234283447265625" lon="118.10360343195497989654541015625">
        <ele>11</ele>
        <time>2025-02-23T10:01:11.000Z</time>
        <extensions>
          <ns3:TrackPointExtension>
            <ns3:hr>159</ns3:hr>
          </ns3:TrackPointExtension>
        </extensions>
      </trkpt>
      <trkpt lat="24.48772944509983062744140625" lon="118.10363142751157283782958984375">
        <ele>11</ele>
        <time>2025-02-23T10:01:12.000Z</time>
        <extensions>
          <ns3:TrackPointExtension>
            <ns3:hr>159</ns3:hr>
          </ns3:TrackPointExtension>
        </extensions>
      </trkpt>
      <trkpt lat="24.48772919364273548126220703125" lon="118.10366009362041950225830078125">
        <ele>10.80000019073486328125</ele>
        <time>2025-02-23T10:01:13.000Z</time>
        <extensions>
          <ns3:TrackPointExtension>
            <ns3:hr>159</ns3:hr>
          </ns3:TrackPointExtension>
        </extensions>
      </trkpt>
      <trkpt lat="24.487728439271450042724609375" lon="118.10368926264345645904541015625">
        <ele>10.3999996185302734375</ele>
        <time>2025-02-23T10:01:14.000Z</time>
        <extensions>
          <ns3:TrackPointExtension>
            <ns3:hr>159</ns3:hr>
          </ns3:TrackPointExtension>
        </extensions>
      </trkpt>
      <trkpt lat="24.48772734962403774261474609375" lon="118.1037180125713348388671875">
        <ele>10</ele>
        <time>2025-02-23T10:01:15.000Z</time>
        <extensions>
          <ns3:TrackPointExtension>
            <ns3:hr>159</ns3:hr>
          </ns3:TrackPointExtension>
        </extensions>
      </trkpt>
      <trkpt lat="24.48772651143372058868408203125" lon="118.103746511042118072509765625">
        <ele>9.6000003814697265625</ele>
        <time>2025-02-23T10:01:16.000Z</time>
        <extensions>
          <ns3:TrackPointExtension>
            <ns3:hr>159</ns3:hr>
          </ns3:TrackPointExtension>
        </extensions>
      </trkpt>
      <trkpt lat="24.48772667907178401947021484375" lon="118.10377509333193302154541015625">
        <ele>9.19999980926513671875</ele>
        <time>2025-02-23T10:01:17.000Z</time>
        <extensions>
          <ns3:TrackPointExtension>
            <ns3:hr>159</ns3:hr>
          </ns3:TrackPointExtension>
        </extensions>
      </trkpt>
      <trkpt lat="24.48772852309048175811767578125" lon="118.10380375944077968597412109375">
        <ele>9</ele>
        <time>2025-02-23T10:01:18.000Z</time>
        <extensions>
          <ns3:TrackPointExtension>
            <ns3:hr>159</ns3:hr>
          </ns3:TrackPointExtension>
        </extensions>
      </trkpt>
      <trkpt lat="24.48773221112787723541259765625" lon="118.103832341730594635009765625">
        <ele>8.80000019073486328125</ele>
        <time>2025-02-23T10:01:19.000Z</time>
        <extensions>
          <ns3:TrackPointExtension>
            <ns3:hr>159</ns3:hr>
          </ns3:TrackPointExtension>
        </extensions>
      </trkpt>
      <trkpt lat="24.48773749172687530517578125" lon="118.1038606725633144378662109375">
        <ele>8.6000003814697265625</ele>
        <time>2025-02-23T10:01:20.000Z</time>
        <extensions>
          <ns3:TrackPointExtension>
            <ns3:hr>159</ns3:hr>
          </ns3:TrackPointExtension>
        </extensions>
      </trkpt>
      <trkpt lat="24.4877436943352222442626953125" lon="118.103888332843780517578125">
        <ele>8.3999996185302734375</ele>
        <time>2025-02-23T10:01:21.000Z</time>
        <extensions>
          <ns3:TrackPointExtension>
            <ns3:hr>159</ns3:hr>
          </ns3:TrackPointExtension>
        </extensions>
      </trkpt>
      <trkpt lat="24.48775048367679119110107421875" lon="118.10391523875296115875244140625">
        <ele>8.19999980926513671875</ele>
        <time>2025-02-23T10:01:22.000Z</time>
        <extensions>
          <ns3:TrackPointExtension>
            <ns3:hr>159</ns3:hr>
          </ns3:TrackPointExtension>
        </extensions>
      </trkpt>
      <trkpt lat="24.48775760829448699951171875" lon="118.10394172556698322296142578125">
        <ele>8</ele>
        <time>2025-02-23T10:01:23.000Z</time>
        <extensions>
          <ns3:TrackPointExtension>
            <ns3:hr>159</ns3:hr>
          </ns3:TrackPointExtension>
        </extensions>
      </trkpt>
      <trkpt lat="24.4877648167312145233154296875" lon="118.10396854765713214874267578125">
        <ele>7.80000019073486328125</ele>
        <time>2025-02-23T10:01:24.000Z</time>
        <extensions>
          <ns3:TrackPointExtension>
            <ns3:hr>159</ns3:hr>
          </ns3:TrackPointExtension>
        </extensions>
      </trkpt>
      <trkpt lat="24.48777177371084690093994140625" lon="118.1039964593946933746337890625">
        <ele>7.599999904632568359375</ele>
        <time>2025-02-23T10:01:25.000Z</time>
        <extensions>
          <ns3:TrackPointExtension>
            <ns3:hr>159</ns3:hr>
          </ns3:TrackPointExtension>
        </extensions>
      </trkpt>
      <trkpt lat="24.48777797631919384002685546875" lon="118.1040251255035400390625">
        <ele>7.400000095367431640625</ele>
        <time>2025-02-23T10:01:26.000Z</time>
        <extensions>
          <ns3:TrackPointExtension>
            <ns3:hr>159</ns3:hr>
          </ns3:TrackPointExtension>
        </extensions>
      </trkpt>
      <trkpt lat="24.4877839274704456329345703125" lon="118.10405404306948184967041015625">
        <ele>7.19999980926513671875</ele>
        <time>2025-02-23T10:01:27.000Z</time>
        <extensions>
          <ns3:TrackPointExtension>
            <ns3:hr>159</ns3:hr>
          </ns3:TrackPointExtension>
        </extensions>
      </trkpt>
      <trkpt lat="24.48779004625976085662841796875" lon="118.10408304445445537567138671875">
        <ele>7</ele>
        <time>2025-02-23T10:01:28.000Z</time>
        <extensions>
          <ns3:TrackPointExtension>
            <ns3:hr>159</ns3:hr>
          </ns3:TrackPointExtension>
        </extensions>
      </trkpt>
      <trkpt lat="24.48779658414423465728759765625" lon="118.1041117943823337554931640625">
        <ele>6.80000019073486328125</ele>
        <time>2025-02-23T10:01:29.000Z</time>
        <extensions>
          <ns3:TrackPointExtension>
            <ns3:hr>160</ns3:hr>
          </ns3:TrackPointExtension>
        </extensions>
      </trkpt>
      <trkpt lat="24.4878043793141841888427734375" lon="118.10413987375795841217041015625">
        <ele>6.599999904632568359375</ele>
        <time>2025-02-23T10:01:30.000Z</time>
        <extensions>
          <ns3:TrackPointExtension>
            <ns3:hr>160</ns3:hr>
          </ns3:TrackPointExtension>
        </extensions>
      </trkpt>
      <trkpt lat="24.4878144375979900360107421875" lon="118.10416669584810733795166015625">
        <ele>6.400000095367431640625</ele>
        <time>2025-02-23T10:01:31.000Z</time>
        <extensions>
          <ns3:TrackPointExtension>
            <ns3:hr>160</ns3:hr>
          </ns3:TrackPointExtension>
        </extensions>
      </trkpt>
      <trkpt lat="24.4878265075385570526123046875" lon="118.1041919253766536712646484375">
        <ele>6.19999980926513671875</ele>
        <time>2025-02-23T10:01:32.000Z</time>
        <extensions>
          <ns3:TrackPointExtension>
            <ns3:hr>160</ns3:hr>
          </ns3:TrackPointExtension>
        </extensions>
      </trkpt>
      <trkpt lat="24.4878395833075046539306640625" lon="118.10421623289585113525390625">
        <ele>6</ele>
        <time>2025-02-23T10:01:33.000Z</time>
        <extensions>
          <ns3:TrackPointExtension>
            <ns3:hr>160</ns3:hr>
          </ns3:TrackPointExtension>
        </extensions>
      </trkpt>
      <trkpt lat="24.48785257525742053985595703125" lon="118.1042408756911754608154296875">
        <ele>6</ele>
        <time>2025-02-23T10:01:34.000Z</time>
        <extensions>
          <ns3:TrackPointExtension>
            <ns3:hr>160</ns3:hr>
          </ns3:TrackPointExtension>
        </extensions>
      </trkpt>
      <trkpt lat="24.48786531575024127960205078125" lon="118.10426660813391208648681640625">
        <ele>6</ele>
        <time>2025-02-23T10:01:35.000Z</time>
        <extensions>
          <ns3:TrackPointExtension>
            <ns3:hr>160</ns3:hr>
          </ns3:TrackPointExtension>
        </extensions>
      </trkpt>
      <trkpt lat="24.487878642976284027099609375" lon="118.10429242439568042755126953125">
        <ele>6</ele>
        <time>2025-02-23T10:01:36.000Z</time>
        <extensions>
          <ns3:TrackPointExtension>
            <ns3:hr>160</ns3:hr>
          </ns3:TrackPointExtension>
        </extensions>
      </trkpt>
      <trkpt lat="24.487893395125865936279296875" lon="118.10431681573390960693359375">
        <ele>6</ele>
        <time>2025-02-23T10:01:37.000Z</time>
        <extensions>
          <ns3:TrackPointExtension>
            <ns3:hr>160</ns3:hr>
          </ns3:TrackPointExtension>
        </extensions>
      </trkpt>
      <trkpt lat="24.4879103265702724456787109375" lon="118.1043394468724727630615234375">
        <ele>6</ele>
        <time>2025-02-23T10:01:38.000Z</time>
        <extensions>
          <ns3:TrackPointExtension>
            <ns3:hr>160</ns3:hr>
          </ns3:TrackPointExtension>
        </extensions>
      </trkpt>
      <trkpt lat="24.487929604947566986083984375" lon="118.1043605692684650421142578125">
        <ele>6</ele>
        <time>2025-02-23T10:01:39.000Z</time>
        <extensions>
          <ns3:TrackPointExtension>
            <ns3:hr>160</ns3:hr>
          </ns3:TrackPointExtension>
        </extensions>
      </trkpt>
      <trkpt lat="24.4879502244293689727783203125" lon="118.1043806858360767364501953125">
        <ele>6</ele>
        <time>2025-02-23T10:01:40.000Z</time>
        <extensions>
          <ns3:TrackPointExtension>
            <ns3:hr>160</ns3:hr>
          </ns3:TrackPointExtension>
        </extensions>
      </trkpt>
      <trkpt lat="24.48797143064439296722412109375" lon="118.10440138913691043853759765625">
        <ele>6</ele>
        <time>2025-02-23T10:01:41.000Z</time>
        <extensions>
          <ns3:TrackPointExtension>
            <ns3:hr>160</ns3:hr>
          </ns3:TrackPointExtension>
        </extensions>
      </trkpt>
      <trkpt lat="24.487992636859416961669921875" lon="118.10442351736128330230712890625">
        <ele>6</ele>
        <time>2025-02-23T10:01:42.000Z</time>
        <extensions>
          <ns3:TrackPointExtension>
            <ns3:hr>160</ns3:hr>
          </ns3:TrackPointExtension>
        </extensions>
      </trkpt>
      <trkpt lat="24.48801401071250438690185546875" lon="118.10444614849984645843505859375">
        <ele>6</ele>
        <time>2025-02-23T10:01:43.000Z</time>
        <extensions>
          <ns3:TrackPointExtension>
            <ns3:hr>160</ns3:hr>
          </ns3:TrackPointExtension>
        </extensions>
      </trkpt>
      <trkpt lat="24.48803513310849666595458984375" lon="118.10446861200034618377685546875">
        <ele>6</ele>
        <time>2025-02-23T10:01:44.000Z</time>
        <extensions>
          <ns3:TrackPointExtension>
            <ns3:hr>160</ns3:hr>
          </ns3:TrackPointExtension>
        </extensions>
      </trkpt>
      <trkpt lat="24.4880558364093303680419921875" lon="118.104490153491497039794921875">
        <ele>6</ele>
        <time>2025-02-23T10:01:45.000Z</time>
        <extensions>
          <ns3:TrackPointExtension>
            <ns3:hr>160</ns3:hr>
          </ns3:TrackPointExtension>
        </extensions>
      </trkpt>
      <trkpt lat="24.4880762882530689239501953125" lon="118.10451102443039417266845703125">
        <ele>6.19999980926513671875</ele>
        <time>2025-02-23T10:01:46.000Z</time>
        <extensions>
          <ns3:TrackPointExtension>
            <ns3:hr>160</ns3:hr>
          </ns3:TrackPointExtension>
        </extensions>
      </trkpt>
      <trkpt lat="24.48809665627777576446533203125" lon="118.10453214682638645172119140625">
        <ele>6.400000095367431640625</ele>
        <time>2025-02-23T10:01:47.000Z</time>
        <extensions>
          <ns3:TrackPointExtension>
            <ns3:hr>160</ns3:hr>
          </ns3:TrackPointExtension>
        </extensions>
      </trkpt>
      <trkpt lat="24.48811677284538745880126953125" lon="118.10455410741269588470458984375">
        <ele>6.599999904632568359375</ele>
        <time>2025-02-23T10:01:48.000Z</time>
        <extensions>
          <ns3:TrackPointExtension>
            <ns3:hr>160</ns3:hr>
          </ns3:TrackPointExtension>
        </extensions>
      </trkpt>
      <trkpt lat="24.4881369732320308685302734375" lon="118.10457573272287845611572265625">
        <ele>6.80000019073486328125</ele>
        <time>2025-02-23T10:01:49.000Z</time>
        <extensions>
          <ns3:TrackPointExtension>
            <ns3:hr>160</ns3:hr>
          </ns3:TrackPointExtension>
        </extensions>
      </trkpt>
      <trkpt lat="24.4881577603518962860107421875" lon="118.1045962683856487274169921875">
        <ele>7</ele>
        <time>2025-02-23T10:01:50.000Z</time>
        <extensions>
          <ns3:TrackPointExtension>
            <ns3:hr>160</ns3:hr>
          </ns3:TrackPointExtension>
        </extensions>
      </trkpt>
      <trkpt lat="24.48817879892885684967041015625" lon="118.10461546294391155242919921875">
        <ele>7.19999980926513671875</ele>
        <time>2025-02-23T10:01:51.000Z</time>
        <extensions>
          <ns3:TrackPointExtension>
            <ns3:hr>160</ns3:hr>
          </ns3:TrackPointExtension>
        </extensions>
      </trkpt>
      <trkpt lat="24.4882000051438808441162109375" lon="118.10463390313088893890380859375">
        <ele>7</ele>
        <time>2025-02-23T10:01:52.000Z</time>
        <extensions>
          <ns3:TrackPointExtension>
            <ns3:hr>160</ns3:hr>
          </ns3:TrackPointExtension>
        </extensions>
      </trkpt>
      <trkpt lat="24.48822104372084140777587890625" lon="118.10465184040367603302001953125">
        <ele>7</ele>
        <time>2025-02-23T10:01:53.000Z</time>
        <extensions>
          <ns3:TrackPointExtension>
            <ns3:hr>160</ns3:hr>
          </ns3:TrackPointExtension>
        </extensions>
      </trkpt>
      <trkpt lat="24.48824266903102397918701171875" lon="118.10466944240033626556396484375">
        <ele>6.80000019073486328125</ele>
        <time>2025-02-23T10:01:54.000Z</time>
        <extensions>
          <ns3:TrackPointExtension>
            <ns3:hr>160</ns3:hr>
          </ns3:TrackPointExtension>
        </extensions>
      </trkpt>
      <trkpt lat="24.48826580308377742767333984375" lon="118.104686625301837921142578125">
        <ele>6.599999904632568359375</ele>
        <time>2025-02-23T10:01:55.000Z</time>
        <extensions>
          <ns3:TrackPointExtension>
            <ns3:hr>160</ns3:hr>
          </ns3:TrackPointExtension>
        </extensions>
      </trkpt>
      <trkpt lat="24.48829061351716518402099609375" lon="118.10470313765108585357666015625">
        <ele>6.400000095367431640625</ele>
        <time>2025-02-23T10:01:56.000Z</time>
        <extensions>
          <ns3:TrackPointExtension>
            <ns3:hr>160</ns3:hr>
          </ns3:TrackPointExtension>
        </extensions>
      </trkpt>
      <trkpt lat="24.48831609450280666351318359375" lon="118.10471856035292148590087890625">
        <ele>6.19999980926513671875</ele>
        <time>2025-02-23T10:01:57.000Z</time>
        <extensions>
          <ns3:TrackPointExtension>
            <ns3:hr>160</ns3:hr>
          </ns3:TrackPointExtension>
        </extensions>
      </trkpt>
      <trkpt lat="24.4883411563932895660400390625" lon="118.10473264195024967193603515625">
        <ele>6</ele>
        <time>2025-02-23T10:01:58.000Z</time>
        <extensions>
          <ns3:TrackPointExtension>
            <ns3:hr>160</ns3:hr>
          </ns3:TrackPointExtension>
        </extensions>
      </trkpt>
      <trkpt lat="24.48836554773151874542236328125" lon="118.104745633900165557861328125">
        <ele>5.80000019073486328125</ele>
        <time>2025-02-23T10:01:59.000Z</time>
        <extensions>
          <ns3:TrackPointExtension>
            <ns3:hr>161</ns3:hr>
          </ns3:TrackPointExtension>
        </extensions>
      </trkpt>
      <trkpt lat="24.488389603793621063232421875" lon="118.1047582067549228668212890625">
        <ele>5.599999904632568359375</ele>
        <time>2025-02-23T10:02:00.000Z</time>
        <extensions>
          <ns3:TrackPointExtension>
            <ns3:hr>161</ns3:hr>
          </ns3:TrackPointExtension>
        </extensions>
      </trkpt>
      <trkpt lat="24.48841399513185024261474609375" lon="118.10477052815258502960205078125">
        <ele>5.400000095367431640625</ele>
        <time>2025-02-23T10:02:01.000Z</time>
        <extensions>
          <ns3:TrackPointExtension>
            <ns3:hr>161</ns3:hr>
          </ns3:TrackPointExtension>
        </extensions>
      </trkpt>
      <trkpt lat="24.48843897320330142974853515625" lon="118.104782514274120330810546875">
        <ele>5.19999980926513671875</ele>
        <time>2025-02-23T10:02:02.000Z</time>
        <extensions>
          <ns3:TrackPointExtension>
            <ns3:hr>161</ns3:hr>
          </ns3:TrackPointExtension>
        </extensions>
      </trkpt>
      <trkpt lat="24.48846428655087947845458984375" lon="118.1047940813004970550537109375">
        <ele>5</ele>
        <time>2025-02-23T10:02:03.000Z</time>
        <extensions>
          <ns3:TrackPointExtension>
            <ns3:hr>161</ns3:hr>
          </ns3:TrackPointExtension>
        </extensions>
      </trkpt>
      <trkpt lat="24.4884893484413623809814453125" lon="118.10480472631752490997314453125">
        <ele>5</ele>
        <time>2025-02-23T10:02:04.000Z</time>
        <extensions>
          <ns3:TrackPointExtension>
            <ns3:hr>161</ns3:hr>
          </ns3:TrackPointExtension>
        </extensions>
      </trkpt>
      <trkpt lat="24.48851474560797214508056640625" lon="118.10481377877295017242431640625">
        <ele>5</ele>
        <time>2025-02-23T10:02:05.000Z</time>
        <extensions>
          <ns3:TrackPointExtension>
            <ns3:hr>161</ns3:hr>
          </ns3:TrackPointExtension>
        </extensions>
      </trkpt>
      <trkpt lat="24.48854106478393077850341796875" lon="118.10482098720967769622802734375">
        <ele>5</ele>
        <time>2025-02-23T10:02:06.000Z</time>
        <extensions>
          <ns3:TrackPointExtension>
            <ns3:hr>161</ns3:hr>
          </ns3:TrackPointExtension>
        </extensions>
      </trkpt>
      <trkpt lat="24.4885678030550479888916015625" lon="118.10482651926577091217041015625">
        <ele>5</ele>
        <time>2025-02-23T10:02:07.000Z</time>
        <extensions>
          <ns3:TrackPointExtension>
            <ns3:hr>161</ns3:hr>
          </ns3:TrackPointExtension>
        </extensions>
      </trkpt>
      <trkpt lat="24.48859454132616519927978515625" lon="118.10483138076961040496826171875">
        <ele>5</ele>
        <time>2025-02-23T10:02:08.000Z</time>
        <extensions>
          <ns3:TrackPointExtension>
            <ns3:hr>161</ns3:hr>
          </ns3:TrackPointExtension>
        </extensions>
      </trkpt>
      <trkpt lat="24.48862069286406040191650390625" lon="118.10483640991151332855224609375">
        <ele>5</ele>
        <time>2025-02-23T10:02:09.000Z</time>
        <extensions>
          <ns3:TrackPointExtension>
            <ns3:hr>161</ns3:hr>
          </ns3:TrackPointExtension>
        </extensions>
      </trkpt>
      <trkpt lat="24.488646425306797027587890625" lon="118.10484160669147968292236328125">
        <ele>5</ele>
        <time>2025-02-23T10:02:10.000Z</time>
        <extensions>
          <ns3:TrackPointExtension>
            <ns3:hr>161</ns3:hr>
          </ns3:TrackPointExtension>
        </extensions>
      </trkpt>
      <trkpt lat="24.488671906292438507080078125" lon="118.104846887290477752685546875">
        <ele>5</ele>
        <time>2025-02-23T10:02:11.000Z</time>
        <extensions>
          <ns3:TrackPointExtension>
            <ns3:hr>161</ns3:hr>
          </ns3:TrackPointExtension>
        </extensions>
      </trkpt>
      <trkpt lat="24.48869713582098484039306640625" lon="118.10485183261334896087646484375">
        <ele>5</ele>
        <time>2025-02-23T10:02:12.000Z</time>
        <extensions>
          <ns3:TrackPointExtension>
            <ns3:hr>161</ns3:hr>
          </ns3:TrackPointExtension>
        </extensions>
      </trkpt>
      <trkpt lat="24.48872228153049945831298828125" lon="118.10485602356493473052978515625">
        <ele>5</ele>
        <time>2025-02-23T10:02:13.000Z</time>
        <extensions>
          <ns3:TrackPointExtension>
            <ns3:hr>161</ns3:hr>
          </ns3:TrackPointExtension>
        </extensions>
      </trkpt>
      <trkpt lat="24.48874776251614093780517578125" lon="118.10485954396426677703857421875">
        <ele>5</ele>
        <time>2025-02-23T10:02:14.000Z</time>
        <extensions>
          <ns3:TrackPointExtension>
            <ns3:hr>161</ns3:hr>
          </ns3:TrackPointExtension>
        </extensions>
      </trkpt>
      <trkpt lat="24.48877391405403614044189453125" lon="118.104862980544567108154296875">
        <ele>4.80000019073486328125</ele>
        <time>2025-02-23T10:02:15.000Z</time>
        <extensions>
          <ns3:TrackPointExtension>
            <ns3:hr>161</ns3:hr>
          </ns3:TrackPointExtension>
        </extensions>
      </trkpt>
      <trkpt lat="24.48880056850612163543701171875" lon="118.1048665009438991546630859375">
        <ele>4.80000019073486328125</ele>
        <time>2025-02-23T10:02:16.000Z</time>
        <extensions>
          <ns3:TrackPointExtension>
            <ns3:hr>161</ns3:hr>
          </ns3:TrackPointExtension>
        </extensions>
      </trkpt>
      <trkpt lat="24.4888273067772388458251953125" lon="118.10486943461000919342041015625">
        <ele>4.599999904632568359375</ele>
        <time>2025-02-23T10:02:17.000Z</time>
        <extensions>
          <ns3:TrackPointExtension>
            <ns3:hr>161</ns3:hr>
          </ns3:TrackPointExtension>
        </extensions>
      </trkpt>
      <trkpt lat="24.48885370977222919464111328125" lon="118.1048711948096752166748046875">
        <ele>4.80000019073486328125</ele>
        <time>2025-02-23T10:02:18.000Z</time>
        <extensions>
          <ns3:TrackPointExtension>
            <ns3:hr>161</ns3:hr>
          </ns3:TrackPointExtension>
        </extensions>
      </trkpt>
      <trkpt lat="24.48888019658625125885009765625" lon="118.10487194918096065521240234375">
        <ele>4.80000019073486328125</ele>
        <time>2025-02-23T10:02:19.000Z</time>
        <extensions>
          <ns3:TrackPointExtension>
            <ns3:hr>161</ns3:hr>
          </ns3:TrackPointExtension>
        </extensions>
      </trkpt>
      <trkpt lat="24.488906599581241607666015625" lon="118.10487194918096065521240234375">
        <ele>5</ele>
        <time>2025-02-23T10:02:20.000Z</time>
        <extensions>
          <ns3:TrackPointExtension>
            <ns3:hr>161</ns3:hr>
          </ns3:TrackPointExtension>
        </extensions>
      </trkpt>
      <trkpt lat="24.48893300257623195648193359375" lon="118.1048715300858020782470703125">
        <ele>5</ele>
        <time>2025-02-23T10:02:21.000Z</time>
        <extensions>
          <ns3:TrackPointExtension>
            <ns3:hr>161</ns3:hr>
          </ns3:TrackPointExtension>
        </extensions>
      </trkpt>
      <trkpt lat="24.48895965702831745147705078125" lon="118.10487077571451663970947265625">
        <ele>5.19999980926513671875</ele>
        <time>2025-02-23T10:02:22.000Z</time>
        <extensions>
          <ns3:TrackPointExtension>
            <ns3:hr>161</ns3:hr>
          </ns3:TrackPointExtension>
        </extensions>
      </trkpt>
      <trkpt lat="24.488987065851688385009765625" lon="118.10486943461000919342041015625">
        <ele>5.19999980926513671875</ele>
        <time>2025-02-23T10:02:23.000Z</time>
        <extensions>
          <ns3:TrackPointExtension>
            <ns3:hr>161</ns3:hr>
          </ns3:TrackPointExtension>
        </extensions>
      </trkpt>
      <trkpt lat="24.48901514522731304168701171875" lon="118.10486742295324802398681640625">
        <ele>5.19999980926513671875</ele>
        <time>2025-02-23T10:02:24.000Z</time>
        <extensions>
          <ns3:TrackPointExtension>
            <ns3:hr>161</ns3:hr>
          </ns3:TrackPointExtension>
        </extensions>
      </trkpt>
      <trkpt lat="24.48904347606003284454345703125" lon="118.1048644892871379852294921875">
        <ele>4.80000019073486328125</ele>
        <time>2025-02-23T10:02:25.000Z</time>
        <extensions>
          <ns3:TrackPointExtension>
            <ns3:hr>161</ns3:hr>
          </ns3:TrackPointExtension>
        </extensions>
      </trkpt>
      <trkpt lat="24.489071555435657501220703125" lon="118.10486105270683765411376953125">
        <ele>4.599999904632568359375</ele>
        <time>2025-02-23T10:02:26.000Z</time>
        <extensions>
          <ns3:TrackPointExtension>
            <ns3:hr>162</ns3:hr>
          </ns3:TrackPointExtension>
        </extensions>
      </trkpt>
      <trkpt lat="24.4890988804399967193603515625" lon="118.10485736466944217681884765625">
        <ele>4.400000095367431640625</ele>
        <time>2025-02-23T10:02:27.000Z</time>
        <extensions>
          <ns3:TrackPointExtension>
            <ns3:hr>162</ns3:hr>
          </ns3:TrackPointExtension>
        </extensions>
      </trkpt>
      <trkpt lat="24.48912511579692363739013671875" lon="118.10485325753688812255859375">
        <ele>4.400000095367431640625</ele>
        <time>2025-02-23T10:02:28.000Z</time>
        <extensions>
          <ns3:TrackPointExtension>
            <ns3:hr>162</ns3:hr>
          </ns3:TrackPointExtension>
        </extensions>
      </trkpt>
      <trkpt lat="24.48915101587772369384765625" lon="118.104848563671112060546875">
        <ele>4.400000095367431640625</ele>
        <time>2025-02-23T10:02:29.000Z</time>
        <extensions>
          <ns3:TrackPointExtension>
            <ns3:hr>162</ns3:hr>
          </ns3:TrackPointExtension>
        </extensions>
      </trkpt>
      <trkpt lat="24.48917758651077747344970703125" lon="118.10484311543405055999755859375">
        <ele>4.400000095367431640625</ele>
        <time>2025-02-23T10:02:30.000Z</time>
        <extensions>
          <ns3:TrackPointExtension>
            <ns3:hr>162</ns3:hr>
          </ns3:TrackPointExtension>
        </extensions>
      </trkpt>
      <trkpt lat="24.4892048276960849761962890625" lon="118.10483624227344989776611328125">
        <ele>4.400000095367431640625</ele>
        <time>2025-02-23T10:02:31.000Z</time>
        <extensions>
          <ns3:TrackPointExtension>
            <ns3:hr>162</ns3:hr>
          </ns3:TrackPointExtension>
        </extensions>
      </trkpt>
      <trkpt lat="24.489231146872043609619140625" lon="118.104828111827373504638671875">
        <ele>4.400000095367431640625</ele>
        <time>2025-02-23T10:02:32.000Z</time>
        <extensions>
          <ns3:TrackPointExtension>
            <ns3:hr>162</ns3:hr>
          </ns3:TrackPointExtension>
        </extensions>
      </trkpt>
      <trkpt lat="24.48925570584833621978759765625" lon="118.10481897555291652679443359375">
        <ele>4.400000095367431640625</ele>
        <time>2025-02-23T10:02:33.000Z</time>
        <extensions>
          <ns3:TrackPointExtension>
            <ns3:hr>163</ns3:hr>
          </ns3:TrackPointExtension>
        </extensions>
      </trkpt>
      <trkpt lat="24.4892789237201213836669921875" lon="118.1048091687262058258056640625">
        <ele>4.400000095367431640625</ele>
        <time>2025-02-23T10:02:34.000Z</time>
        <extensions>
          <ns3:TrackPointExtension>
            <ns3:hr>163</ns3:hr>
          </ns3:TrackPointExtension>
        </extensions>
      </trkpt>
      <trkpt lat="24.48930214159190654754638671875" lon="118.10479919426143169403076171875">
        <ele>4.599999904632568359375</ele>
        <time>2025-02-23T10:02:35.000Z</time>
        <extensions>
          <ns3:TrackPointExtension>
            <ns3:hr>163</ns3:hr>
          </ns3:TrackPointExtension>
        </extensions>
      </trkpt>
      <trkpt lat="24.489326365292072296142578125" lon="118.10478913597762584686279296875">
        <ele>4.400000095367431640625</ele>
        <time>2025-02-23T10:02:36.000Z</time>
        <extensions>
          <ns3:TrackPointExtension>
            <ns3:hr>163</ns3:hr>
          </ns3:TrackPointExtension>
        </extensions>
      </trkpt>
      <trkpt lat="24.489351175725460052490234375" lon="118.10477840714156627655029296875">
        <ele>4.19999980926513671875</ele>
        <time>2025-02-23T10:02:37.000Z</time>
        <extensions>
          <ns3:TrackPointExtension>
            <ns3:hr>163</ns3:hr>
          </ns3:TrackPointExtension>
        </extensions>
      </trkpt>
      <trkpt lat="24.4893758185207843780517578125" lon="118.10476684011518955230712890625">
        <ele>4</ele>
        <time>2025-02-23T10:02:38.000Z</time>
        <extensions>
          <ns3:TrackPointExtension>
            <ns3:hr>163</ns3:hr>
          </ns3:TrackPointExtension>
        </extensions>
      </trkpt>
      <trkpt lat="24.489400126039981842041015625" lon="118.10475460253655910491943359375">
        <ele>4</ele>
        <time>2025-02-23T10:02:39.000Z</time>
        <extensions>
          <ns3:TrackPointExtension>
            <ns3:hr>163</ns3:hr>
          </ns3:TrackPointExtension>
        </extensions>
      </trkpt>
      <trkpt lat="24.48942418210208415985107421875" lon="118.10474236495792865753173828125">
        <ele>3.7999999523162841796875</ele>
        <time>2025-02-23T10:02:40.000Z</time>
        <extensions>
          <ns3:TrackPointExtension>
            <ns3:hr>163</ns3:hr>
          </ns3:TrackPointExtension>
        </extensions>
      </trkpt>
      <trkpt lat="24.48944815434515476226806640625" lon="118.10473029501736164093017578125">
        <ele>3.7999999523162841796875</ele>
        <time>2025-02-23T10:02:41.000Z</time>
        <extensions>
          <ns3:TrackPointExtension>
            <ns3:hr>163</ns3:hr>
          </ns3:TrackPointExtension>
        </extensions>
      </trkpt>
      <trkpt lat="24.48947246186435222625732421875" lon="118.1047179736196994781494140625">
        <ele>3.7999999523162841796875</ele>
        <time>2025-02-23T10:02:42.000Z</time>
        <extensions>
          <ns3:TrackPointExtension>
            <ns3:hr>163</ns3:hr>
          </ns3:TrackPointExtension>
        </extensions>
      </trkpt>
      <trkpt lat="24.489496685564517974853515625" lon="118.10470548458397388458251953125">
        <ele>3.599999904632568359375</ele>
        <time>2025-02-23T10:02:43.000Z</time>
        <extensions>
          <ns3:TrackPointExtension>
            <ns3:hr>163</ns3:hr>
          </ns3:TrackPointExtension>
        </extensions>
      </trkpt>
      <trkpt lat="24.48952107690274715423583984375" lon="118.10469257645308971405029296875">
        <ele>3.400000095367431640625</ele>
        <time>2025-02-23T10:02:44.000Z</time>
        <extensions>
          <ns3:TrackPointExtension>
            <ns3:hr>163</ns3:hr>
          </ns3:TrackPointExtension>
        </extensions>
      </trkpt>
      <trkpt lat="24.489545635879039764404296875" lon="118.10467849485576152801513671875">
        <ele>3.2000000476837158203125</ele>
        <time>2025-02-23T10:02:45.000Z</time>
        <extensions>
          <ns3:TrackPointExtension>
            <ns3:hr>163</ns3:hr>
          </ns3:TrackPointExtension>
        </extensions>
      </trkpt>
      <trkpt lat="24.4895699433982372283935546875" lon="118.1046629883348941802978515625">
        <ele>3.2000000476837158203125</ele>
        <time>2025-02-23T10:02:46.000Z</time>
        <extensions>
          <ns3:TrackPointExtension>
            <ns3:hr>163</ns3:hr>
          </ns3:TrackPointExtension>
        </extensions>
      </trkpt>
      <trkpt lat="24.48959282599389553070068359375" lon="118.10464672744274139404296875">
        <ele>3.2000000476837158203125</ele>
        <time>2025-02-23T10:02:47.000Z</time>
        <extensions>
          <ns3:TrackPointExtension>
            <ns3:hr>163</ns3:hr>
          </ns3:TrackPointExtension>
        </extensions>
      </trkpt>
      <trkpt lat="24.48961428366601467132568359375" lon="118.1046297959983348846435546875">
        <ele>3.400000095367431640625</ele>
        <time>2025-02-23T10:02:48.000Z</time>
        <extensions>
          <ns3:TrackPointExtension>
            <ns3:hr>164</ns3:hr>
          </ns3:TrackPointExtension>
        </extensions>
      </trkpt>
      <trkpt lat="24.4896349869668483734130859375" lon="118.10461244545876979827880859375">
        <ele>3.400000095367431640625</ele>
        <time>2025-02-23T10:02:49.000Z</time>
        <extensions>
          <ns3:TrackPointExtension>
            <ns3:hr>164</ns3:hr>
          </ns3:TrackPointExtension>
        </extensions>
      </trkpt>
      <trkpt lat="24.4896554388105869293212890625" lon="118.10459434054791927337646484375">
        <ele>3.599999904632568359375</ele>
        <time>2025-02-23T10:02:50.000Z</time>
        <extensions>
          <ns3:TrackPointExtension>
            <ns3:hr>164</ns3:hr>
          </ns3:TrackPointExtension>
        </extensions>
      </trkpt>
      <trkpt lat="24.48967530392110347747802734375" lon="118.104574643075466156005859375">
        <ele>3.7999999523162841796875</ele>
        <time>2025-02-23T10:02:51.000Z</time>
        <extensions>
          <ns3:TrackPointExtension>
            <ns3:hr>164</ns3:hr>
          </ns3:TrackPointExtension>
        </extensions>
      </trkpt>
      <trkpt lat="24.489693827927112579345703125" lon="118.104553185403347015380859375">
        <ele>3.7999999523162841796875</ele>
        <time>2025-02-23T10:02:52.000Z</time>
        <extensions>
          <ns3:TrackPointExtension>
            <ns3:hr>164</ns3:hr>
          </ns3:TrackPointExtension>
        </extensions>
      </trkpt>
      <trkpt lat="24.48971117846667766571044921875" lon="118.1045305542647838592529296875">
        <ele>4</ele>
        <time>2025-02-23T10:02:53.000Z</time>
        <extensions>
          <ns3:TrackPointExtension>
            <ns3:hr>164</ns3:hr>
          </ns3:TrackPointExtension>
        </extensions>
      </trkpt>
      <trkpt lat="24.48972810991108417510986328125" lon="118.10450767166912555694580078125">
        <ele>4.19999980926513671875</ele>
        <time>2025-02-23T10:02:54.000Z</time>
        <extensions>
          <ns3:TrackPointExtension>
            <ns3:hr>164</ns3:hr>
          </ns3:TrackPointExtension>
        </extensions>
      </trkpt>
      <trkpt lat="24.489744789898395538330078125" lon="118.10448470525443553924560546875">
        <ele>4.400000095367431640625</ele>
        <time>2025-02-23T10:02:55.000Z</time>
        <extensions>
          <ns3:TrackPointExtension>
            <ns3:hr>164</ns3:hr>
          </ns3:TrackPointExtension>
        </extensions>
      </trkpt>
      <trkpt lat="24.48976130224764347076416015625" lon="118.104461319744586944580078125">
        <ele>4.599999904632568359375</ele>
        <time>2025-02-23T10:02:56.000Z</time>
        <extensions>
          <ns3:TrackPointExtension>
            <ns3:hr>163</ns3:hr>
          </ns3:TrackPointExtension>
        </extensions>
      </trkpt>
      <trkpt lat="24.48977756313979625701904296875" lon="118.10443759895861148834228515625">
        <ele>4.80000019073486328125</ele>
        <time>2025-02-23T10:02:57.000Z</time>
        <extensions>
          <ns3:TrackPointExtension>
            <ns3:hr>163</ns3:hr>
          </ns3:TrackPointExtension>
        </extensions>
      </trkpt>
      <trkpt lat="24.48979382403194904327392578125" lon="118.10441362671554088592529296875">
        <ele>4.80000019073486328125</ele>
        <time>2025-02-23T10:02:58.000Z</time>
        <extensions>
          <ns3:TrackPointExtension>
            <ns3:hr>163</ns3:hr>
          </ns3:TrackPointExtension>
        </extensions>
      </trkpt>
      <trkpt lat="24.489810504019260406494140625" lon="118.1043890677392482757568359375">
        <ele>5</ele>
        <time>2025-02-23T10:02:59.000Z</time>
        <extensions>
          <ns3:TrackPointExtension>
            <ns3:hr>163</ns3:hr>
          </ns3:TrackPointExtension>
        </extensions>
      </trkpt>
      <trkpt lat="24.4898274354636669158935546875" lon="118.10436400584876537322998046875">
        <ele>5</ele>
        <time>2025-02-23T10:03:00.000Z</time>
        <extensions>
          <ns3:TrackPointExtension>
            <ns3:hr>163</ns3:hr>
          </ns3:TrackPointExtension>
        </extensions>
      </trkpt>
      <trkpt lat="24.4898445345461368560791015625" lon="118.10433852486312389373779296875">
        <ele>5</ele>
        <time>2025-02-23T10:03:01.000Z</time>
        <extensions>
          <ns3:TrackPointExtension>
            <ns3:hr>164</ns3:hr>
          </ns3:TrackPointExtension>
        </extensions>
      </trkpt>
      <trkpt lat="24.48986138217151165008544921875" lon="118.1043129600584506988525390625">
        <ele>5.19999980926513671875</ele>
        <time>2025-02-23T10:03:02.000Z</time>
        <extensions>
          <ns3:TrackPointExtension>
            <ns3:hr>164</ns3:hr>
          </ns3:TrackPointExtension>
        </extensions>
      </trkpt>
      <trkpt lat="24.48987730778753757476806640625" lon="118.10428806580603122711181640625">
        <ele>5.400000095367431640625</ele>
        <time>2025-02-23T10:03:03.000Z</time>
        <extensions>
          <ns3:TrackPointExtension>
            <ns3:hr>164</ns3:hr>
          </ns3:TrackPointExtension>
        </extensions>
      </trkpt>
      <trkpt lat="24.489892311394214630126953125" lon="118.104264177381992340087890625">
        <ele>5.400000095367431640625</ele>
        <time>2025-02-23T10:03:04.000Z</time>
        <extensions>
          <ns3:TrackPointExtension>
            <ns3:hr>164</ns3:hr>
          </ns3:TrackPointExtension>
        </extensions>
      </trkpt>
      <trkpt lat="24.4899065606296062469482421875" lon="118.104240037500858306884765625">
        <ele>5.599999904632568359375</ele>
        <time>2025-02-23T10:03:05.000Z</time>
        <extensions>
          <ns3:TrackPointExtension>
            <ns3:hr>164</ns3:hr>
          </ns3:TrackPointExtension>
        </extensions>
      </trkpt>
      <trkpt lat="24.48992005549371242523193359375" lon="118.10421413742005825042724609375">
        <ele>5.599999904632568359375</ele>
        <time>2025-02-23T10:03:06.000Z</time>
        <extensions>
          <ns3:TrackPointExtension>
            <ns3:hr>164</ns3:hr>
          </ns3:TrackPointExtension>
        </extensions>
      </trkpt>
      <trkpt lat="24.4899327121675014495849609375" lon="118.1041862256824970245361328125">
        <ele>5.599999904632568359375</ele>
        <time>2025-02-23T10:03:07.000Z</time>
        <extensions>
          <ns3:TrackPointExtension>
            <ns3:hr>163</ns3:hr>
          </ns3:TrackPointExtension>
        </extensions>
      </trkpt>
      <trkpt lat="24.489944614470005035400390625" lon="118.10415722429752349853515625">
        <ele>5.599999904632568359375</ele>
        <time>2025-02-23T10:03:08.000Z</time>
        <extensions>
          <ns3:TrackPointExtension>
            <ns3:hr>163</ns3:hr>
          </ns3:TrackPointExtension>
        </extensions>
      </trkpt>
      <trkpt lat="24.48995576240122318267822265625" lon="118.10412746854126453399658203125">
        <ele>5.599999904632568359375</ele>
        <time>2025-02-23T10:03:09.000Z</time>
        <extensions>
          <ns3:TrackPointExtension>
            <ns3:hr>163</ns3:hr>
          </ns3:TrackPointExtension>
        </extensions>
      </trkpt>
      <trkpt lat="24.4899662397801876068115234375" lon="118.10409779660403728485107421875">
        <ele>5.599999904632568359375</ele>
        <time>2025-02-23T10:03:10.000Z</time>
        <extensions>
          <ns3:TrackPointExtension>
            <ns3:hr>163</ns3:hr>
          </ns3:TrackPointExtension>
        </extensions>
      </trkpt>
      <trkpt lat="24.4899759627878665924072265625" lon="118.1040680408477783203125">
        <ele>5.400000095367431640625</ele>
        <time>2025-02-23T10:03:11.000Z</time>
        <extensions>
          <ns3:TrackPointExtension>
            <ns3:hr>163</ns3:hr>
          </ns3:TrackPointExtension>
        </extensions>
      </trkpt>
      <trkpt lat="24.48998518288135528564453125" lon="118.1040380336344242095947265625">
        <ele>5.400000095367431640625</ele>
        <time>2025-02-23T10:03:12.000Z</time>
        <extensions>
          <ns3:TrackPointExtension>
            <ns3:hr>163</ns3:hr>
          </ns3:TrackPointExtension>
        </extensions>
      </trkpt>
      <trkpt lat="24.48999381624162197113037109375" lon="118.1040075235068798065185546875">
        <ele>5.400000095367431640625</ele>
        <time>2025-02-23T10:03:13.000Z</time>
        <extensions>
          <ns3:TrackPointExtension>
            <ns3:hr>163</ns3:hr>
          </ns3:TrackPointExtension>
        </extensions>
      </trkpt>
      <trkpt lat="24.49000169523060321807861328125" lon="118.10397692956030368804931640625">
        <ele>5.400000095367431640625</ele>
        <time>2025-02-23T10:03:14.000Z</time>
        <extensions>
          <ns3:TrackPointExtension>
            <ns3:hr>162</ns3:hr>
          </ns3:TrackPointExtension>
        </extensions>
      </trkpt>
      <trkpt lat="24.49000890366733074188232421875" lon="118.1039465032517910003662109375">
        <ele>5.400000095367431640625</ele>
        <time>2025-02-23T10:03:15.000Z</time>
        <extensions>
          <ns3:TrackPointExtension>
            <ns3:hr>162</ns3:hr>
          </ns3:TrackPointExtension>
        </extensions>
      </trkpt>
      <trkpt lat="24.4900158606469631195068359375" lon="118.10391657985746860504150390625">
        <ele>5.19999980926513671875</ele>
        <time>2025-02-23T10:03:16.000Z</time>
        <extensions>
          <ns3:TrackPointExtension>
            <ns3:hr>162</ns3:hr>
          </ns3:TrackPointExtension>
        </extensions>
      </trkpt>
      <trkpt lat="24.4900225661695003509521484375" lon="118.10388657264411449432373046875">
        <ele>5.19999980926513671875</ele>
        <time>2025-02-23T10:03:17.000Z</time>
        <extensions>
          <ns3:TrackPointExtension>
            <ns3:hr>162</ns3:hr>
          </ns3:TrackPointExtension>
        </extensions>
      </trkpt>
      <trkpt lat="24.4900286011397838592529296875" lon="118.103856146335601806640625">
        <ele>5</ele>
        <time>2025-02-23T10:03:18.000Z</time>
        <extensions>
          <ns3:TrackPointExtension>
            <ns3:hr>162</ns3:hr>
          </ns3:TrackPointExtension>
        </extensions>
      </trkpt>
      <trkpt lat="24.490033797919750213623046875" lon="118.10382538475096225738525390625">
        <ele>5</ele>
        <time>2025-02-23T10:03:19.000Z</time>
        <extensions>
          <ns3:TrackPointExtension>
            <ns3:hr>162</ns3:hr>
          </ns3:TrackPointExtension>
        </extensions>
      </trkpt>
      <trkpt lat="24.490038491785526275634765625" lon="118.10379520989954471588134765625">
        <ele>5</ele>
        <time>2025-02-23T10:03:20.000Z</time>
        <extensions>
          <ns3:TrackPointExtension>
            <ns3:hr>162</ns3:hr>
          </ns3:TrackPointExtension>
        </extensions>
      </trkpt>
      <trkpt lat="24.4900426827371120452880859375" lon="118.1037651188671588897705078125">
        <ele>5</ele>
        <time>2025-02-23T10:03:21.000Z</time>
        <extensions>
          <ns3:TrackPointExtension>
            <ns3:hr>162</ns3:hr>
          </ns3:TrackPointExtension>
        </extensions>
      </trkpt>
      <trkpt lat="24.490046538412570953369140625" lon="118.103734441101551055908203125">
        <ele>5</ele>
        <time>2025-02-23T10:03:22.000Z</time>
        <extensions>
          <ns3:TrackPointExtension>
            <ns3:hr>162</ns3:hr>
          </ns3:TrackPointExtension>
        </extensions>
      </trkpt>
      <trkpt lat="24.49004997499287128448486328125" lon="118.10370367951691150665283203125">
        <ele>5</ele>
        <time>2025-02-23T10:03:23.000Z</time>
        <extensions>
          <ns3:TrackPointExtension>
            <ns3:hr>162</ns3:hr>
          </ns3:TrackPointExtension>
        </extensions>
      </trkpt>
      <trkpt lat="24.4900527410209178924560546875" lon="118.10367417521774768829345703125">
        <ele>5</ele>
        <time>2025-02-23T10:03:24.000Z</time>
        <extensions>
          <ns3:TrackPointExtension>
            <ns3:hr>162</ns3:hr>
          </ns3:TrackPointExtension>
        </extensions>
      </trkpt>
      <trkpt lat="24.4900547526776790618896484375" lon="118.103646598756313323974609375">
        <ele>5</ele>
        <time>2025-02-23T10:03:25.000Z</time>
        <extensions>
          <ns3:TrackPointExtension>
            <ns3:hr>162</ns3:hr>
          </ns3:TrackPointExtension>
        </extensions>
      </trkpt>
      <trkpt lat="24.49005651287734508514404296875" lon="118.10361952520906925201416015625">
        <ele>5</ele>
        <time>2025-02-23T10:03:26.000Z</time>
        <extensions>
          <ns3:TrackPointExtension>
            <ns3:hr>162</ns3:hr>
          </ns3:TrackPointExtension>
        </extensions>
      </trkpt>
      <trkpt lat="24.4900581054389476776123046875" lon="118.10359085910022258758544921875">
        <ele>5</ele>
        <time>2025-02-23T10:03:27.000Z</time>
        <extensions>
          <ns3:TrackPointExtension>
            <ns3:hr>163</ns3:hr>
          </ns3:TrackPointExtension>
        </extensions>
      </trkpt>
      <trkpt lat="24.490058608353137969970703125" lon="118.10355984605848789215087890625">
        <ele>5.19999980926513671875</ele>
        <time>2025-02-23T10:03:28.000Z</time>
        <extensions>
          <ns3:TrackPointExtension>
            <ns3:hr>163</ns3:hr>
          </ns3:TrackPointExtension>
        </extensions>
      </trkpt>
      <trkpt lat="24.49005760252475738525390625" lon="118.1035277433693408966064453125">
        <ele>5.19999980926513671875</ele>
        <time>2025-02-23T10:03:29.000Z</time>
        <extensions>
          <ns3:TrackPointExtension>
            <ns3:hr>163</ns3:hr>
          </ns3:TrackPointExtension>
        </extensions>
      </trkpt>
      <trkpt lat="24.4900554232299327850341796875" lon="118.1034958921372890472412109375">
        <ele>5.400000095367431640625</ele>
        <time>2025-02-23T10:03:30.000Z</time>
        <extensions>
          <ns3:TrackPointExtension>
            <ns3:hr>163</ns3:hr>
          </ns3:TrackPointExtension>
        </extensions>
      </trkpt>
      <trkpt lat="24.49005282483994960784912109375" lon="118.1034658849239349365234375">
        <ele>5.400000095367431640625</ele>
        <time>2025-02-23T10:03:31.000Z</time>
        <extensions>
          <ns3:TrackPointExtension>
            <ns3:hr>163</ns3:hr>
          </ns3:TrackPointExtension>
        </extensions>
      </trkpt>
      <trkpt lat="24.4900497235357761383056640625" lon="118.10343747027218341827392578125">
        <ele>5.599999904632568359375</ele>
        <time>2025-02-23T10:03:32.000Z</time>
        <extensions>
          <ns3:TrackPointExtension>
            <ns3:hr>163</ns3:hr>
          </ns3:TrackPointExtension>
        </extensions>
      </trkpt>
      <trkpt lat="24.4900463707745075225830078125" lon="118.1034090556204319000244140625">
        <ele>5.599999904632568359375</ele>
        <time>2025-02-23T10:03:33.000Z</time>
        <extensions>
          <ns3:TrackPointExtension>
            <ns3:hr>163</ns3:hr>
          </ns3:TrackPointExtension>
        </extensions>
      </trkpt>
      <trkpt lat="24.49004310183227062225341796875" lon="118.10337938368320465087890625">
        <ele>5.80000019073486328125</ele>
        <time>2025-02-23T10:03:34.000Z</time>
        <extensions>
          <ns3:TrackPointExtension>
            <ns3:hr>163</ns3:hr>
          </ns3:TrackPointExtension>
        </extensions>
      </trkpt>
      <trkpt lat="24.49003958143293857574462890625" lon="118.10334878973662853240966796875">
        <ele>5.80000019073486328125</ele>
        <time>2025-02-23T10:03:35.000Z</time>
        <extensions>
          <ns3:TrackPointExtension>
            <ns3:hr>163</ns3:hr>
          </ns3:TrackPointExtension>
        </extensions>
      </trkpt>
      <trkpt lat="24.4900356419384479522705078125" lon="118.1033178605139255523681640625">
        <ele>6</ele>
        <time>2025-02-23T10:03:36.000Z</time>
        <extensions>
          <ns3:TrackPointExtension>
            <ns3:hr>163</ns3:hr>
          </ns3:TrackPointExtension>
        </extensions>
      </trkpt>
      <trkpt lat="24.4900312833487987518310546875" lon="118.10328684747219085693359375">
        <ele>6</ele>
        <time>2025-02-23T10:03:37.000Z</time>
        <extensions>
          <ns3:TrackPointExtension>
            <ns3:hr>163</ns3:hr>
          </ns3:TrackPointExtension>
        </extensions>
      </trkpt>
      <trkpt lat="24.49002549983561038970947265625" lon="118.10325608588755130767822265625">
        <ele>6.19999980926513671875</ele>
        <time>2025-02-23T10:03:38.000Z</time>
        <extensions>
          <ns3:TrackPointExtension>
            <ns3:hr>164</ns3:hr>
          </ns3:TrackPointExtension>
        </extensions>
      </trkpt>
      <trkpt lat="24.4900180399417877197265625" lon="118.1032259948551654815673828125">
        <ele>6.19999980926513671875</ele>
        <time>2025-02-23T10:03:39.000Z</time>
        <extensions>
          <ns3:TrackPointExtension>
            <ns3:hr>164</ns3:hr>
          </ns3:TrackPointExtension>
        </extensions>
      </trkpt>
      <trkpt lat="24.490009658038616180419921875" lon="118.10319674201309680938720703125">
        <ele>6.400000095367431640625</ele>
        <time>2025-02-23T10:03:40.000Z</time>
        <extensions>
          <ns3:TrackPointExtension>
            <ns3:hr>164</ns3:hr>
          </ns3:TrackPointExtension>
        </extensions>
      </trkpt>
      <trkpt lat="24.49000119231641292572021484375" lon="118.1031686626374721527099609375">
        <ele>6.400000095367431640625</ele>
        <time>2025-02-23T10:03:41.000Z</time>
        <extensions>
          <ns3:TrackPointExtension>
            <ns3:hr>164</ns3:hr>
          </ns3:TrackPointExtension>
        </extensions>
      </trkpt>
      <trkpt lat="24.48999264277517795562744140625" lon="118.10314125381410121917724609375">
        <ele>6.400000095367431640625</ele>
        <time>2025-02-23T10:03:42.000Z</time>
        <extensions>
          <ns3:TrackPointExtension>
            <ns3:hr>164</ns3:hr>
          </ns3:TrackPointExtension>
        </extensions>
      </trkpt>
      <trkpt lat="24.48998325504362583160400390625" lon="118.10311325825750827789306640625">
        <ele>6.599999904632568359375</ele>
        <time>2025-02-23T10:03:43.000Z</time>
        <extensions>
          <ns3:TrackPointExtension>
            <ns3:hr>164</ns3:hr>
          </ns3:TrackPointExtension>
        </extensions>
      </trkpt>
      <trkpt lat="24.48997252620756626129150390625" lon="118.10308509506285190582275390625">
        <ele>6.599999904632568359375</ele>
        <time>2025-02-23T10:03:44.000Z</time>
        <extensions>
          <ns3:TrackPointExtension>
            <ns3:hr>164</ns3:hr>
          </ns3:TrackPointExtension>
        </extensions>
      </trkpt>
      <trkpt lat="24.48996045626699924468994140625" lon="118.10305751860141754150390625">
        <ele>6.599999904632568359375</ele>
        <time>2025-02-23T10:03:45.000Z</time>
        <extensions>
          <ns3:TrackPointExtension>
            <ns3:hr>164</ns3:hr>
          </ns3:TrackPointExtension>
        </extensions>
      </trkpt>
      <trkpt lat="24.489947967231273651123046875" lon="118.10303044505417346954345703125">
        <ele>6.599999904632568359375</ele>
        <time>2025-02-23T10:03:46.000Z</time>
        <extensions>
          <ns3:TrackPointExtension>
            <ns3:hr>164</ns3:hr>
          </ns3:TrackPointExtension>
        </extensions>
      </trkpt>
      <trkpt lat="24.48993623256683349609375" lon="118.10300379060208797454833984375">
        <ele>6.80000019073486328125</ele>
        <time>2025-02-23T10:03:47.000Z</time>
        <extensions>
          <ns3:TrackPointExtension>
            <ns3:hr>163</ns3:hr>
          </ns3:TrackPointExtension>
        </extensions>
      </trkpt>
      <trkpt lat="24.48992483317852020263671875" lon="118.10297680087387561798095703125">
        <ele>6.80000019073486328125</ele>
        <time>2025-02-23T10:03:48.000Z</time>
        <extensions>
          <ns3:TrackPointExtension>
            <ns3:hr>163</ns3:hr>
          </ns3:TrackPointExtension>
        </extensions>
      </trkpt>
      <trkpt lat="24.4899122603237628936767578125" lon="118.10294888913631439208984375">
        <ele>6.80000019073486328125</ele>
        <time>2025-02-23T10:03:49.000Z</time>
        <extensions>
          <ns3:TrackPointExtension>
            <ns3:hr>163</ns3:hr>
          </ns3:TrackPointExtension>
        </extensions>
      </trkpt>
      <trkpt lat="24.48989809490740299224853515625" lon="118.1029208935797214508056640625">
        <ele>6.80000019073486328125</ele>
        <time>2025-02-23T10:03:50.000Z</time>
        <extensions>
          <ns3:TrackPointExtension>
            <ns3:hr>163</ns3:hr>
          </ns3:TrackPointExtension>
        </extensions>
      </trkpt>
      <trkpt lat="24.489882923662662506103515625" lon="118.102893568575382232666015625">
        <ele>7</ele>
        <time>2025-02-23T10:03:51.000Z</time>
        <extensions>
          <ns3:TrackPointExtension>
            <ns3:hr>163</ns3:hr>
          </ns3:TrackPointExtension>
        </extensions>
      </trkpt>
      <trkpt lat="24.48986741714179515838623046875" lon="118.1028672493994235992431640625">
        <ele>7</ele>
        <time>2025-02-23T10:03:52.000Z</time>
        <extensions>
          <ns3:TrackPointExtension>
            <ns3:hr>163</ns3:hr>
          </ns3:TrackPointExtension>
        </extensions>
      </trkpt>
      <trkpt lat="24.4898517429828643798828125" lon="118.10284168459475040435791015625">
        <ele>7</ele>
        <time>2025-02-23T10:03:53.000Z</time>
        <extensions>
          <ns3:TrackPointExtension>
            <ns3:hr>163</ns3:hr>
          </ns3:TrackPointExtension>
        </extensions>
      </trkpt>
      <trkpt lat="24.48983556590974330902099609375" lon="118.10281653888523578643798828125">
        <ele>7</ele>
        <time>2025-02-23T10:03:54.000Z</time>
        <extensions>
          <ns3:TrackPointExtension>
            <ns3:hr>163</ns3:hr>
          </ns3:TrackPointExtension>
        </extensions>
      </trkpt>
      <trkpt lat="24.489818550646305084228515625" lon="118.10279122553765773773193359375">
        <ele>7</ele>
        <time>2025-02-23T10:03:55.000Z</time>
        <extensions>
          <ns3:TrackPointExtension>
            <ns3:hr>164</ns3:hr>
          </ns3:TrackPointExtension>
        </extensions>
      </trkpt>
      <trkpt lat="24.4898012839257717132568359375" lon="118.10276607982814311981201171875">
        <ele>7.19999980926513671875</ele>
        <time>2025-02-23T10:03:56.000Z</time>
        <extensions>
          <ns3:TrackPointExtension>
            <ns3:hr>164</ns3:hr>
          </ns3:TrackPointExtension>
        </extensions>
      </trkpt>
      <trkpt lat="24.4897841848433017730712890625" lon="118.10274126939475536346435546875">
        <ele>7.19999980926513671875</ele>
        <time>2025-02-23T10:03:57.000Z</time>
        <extensions>
          <ns3:TrackPointExtension>
            <ns3:hr>164</ns3:hr>
          </ns3:TrackPointExtension>
        </extensions>
      </trkpt>
      <trkpt lat="24.48976700194180011749267578125" lon="118.10271645896136760711669921875">
        <ele>7.19999980926513671875</ele>
        <time>2025-02-23T10:03:58.000Z</time>
        <extensions>
          <ns3:TrackPointExtension>
            <ns3:hr>164</ns3:hr>
          </ns3:TrackPointExtension>
        </extensions>
      </trkpt>
      <trkpt lat="24.4897493161261081695556640625" lon="118.1026915647089481353759765625">
        <ele>7.400000095367431640625</ele>
        <time>2025-02-23T10:03:59.000Z</time>
        <extensions>
          <ns3:TrackPointExtension>
            <ns3:hr>164</ns3:hr>
          </ns3:TrackPointExtension>
        </extensions>
      </trkpt>
      <trkpt lat="24.4897312112152576446533203125" lon="118.102666921913623809814453125">
        <ele>7.400000095367431640625</ele>
        <time>2025-02-23T10:04:00.000Z</time>
        <extensions>
          <ns3:TrackPointExtension>
            <ns3:hr>164</ns3:hr>
          </ns3:TrackPointExtension>
        </extensions>
      </trkpt>
      <trkpt lat="24.489712603390216827392578125" lon="118.10264303348958492279052734375">
        <ele>7.400000095367431640625</ele>
        <time>2025-02-23T10:04:01.000Z</time>
        <extensions>
          <ns3:TrackPointExtension>
            <ns3:hr>164</ns3:hr>
          </ns3:TrackPointExtension>
        </extensions>
      </trkpt>
      <trkpt lat="24.489693827927112579345703125" lon="118.10262006707489490509033203125">
        <ele>7.599999904632568359375</ele>
        <time>2025-02-23T10:04:02.000Z</time>
        <extensions>
          <ns3:TrackPointExtension>
            <ns3:hr>165</ns3:hr>
          </ns3:TrackPointExtension>
        </extensions>
      </trkpt>
      <trkpt lat="24.48967446573078632354736328125" lon="118.1025973521173000335693359375">
        <ele>7.599999904632568359375</ele>
        <time>2025-02-23T10:04:03.000Z</time>
        <extensions>
          <ns3:TrackPointExtension>
            <ns3:hr>164</ns3:hr>
          </ns3:TrackPointExtension>
        </extensions>
      </trkpt>
      <trkpt lat="24.489654265344142913818359375" lon="118.1025745533406734466552734375">
        <ele>7.599999904632568359375</ele>
        <time>2025-02-23T10:04:04.000Z</time>
        <extensions>
          <ns3:TrackPointExtension>
            <ns3:hr>164</ns3:hr>
          </ns3:TrackPointExtension>
        </extensions>
      </trkpt>
      <trkpt lat="24.48963356204330921173095703125" lon="118.10255250893533229827880859375">
        <ele>7.80000019073486328125</ele>
        <time>2025-02-23T10:04:05.000Z</time>
        <extensions>
          <ns3:TrackPointExtension>
            <ns3:hr>164</ns3:hr>
          </ns3:TrackPointExtension>
        </extensions>
      </trkpt>
      <trkpt lat="24.4896125234663486480712890625" lon="118.1025316379964351654052734375">
        <ele>7.80000019073486328125</ele>
        <time>2025-02-23T10:04:06.000Z</time>
        <extensions>
          <ns3:TrackPointExtension>
            <ns3:hr>164</ns3:hr>
          </ns3:TrackPointExtension>
        </extensions>
      </trkpt>
      <trkpt lat="24.4895914010703563690185546875" lon="118.10251244343817234039306640625">
        <ele>7.80000019073486328125</ele>
        <time>2025-02-23T10:04:07.000Z</time>
        <extensions>
          <ns3:TrackPointExtension>
            <ns3:hr>164</ns3:hr>
          </ns3:TrackPointExtension>
        </extensions>
      </trkpt>
      <trkpt lat="24.48956969194114208221435546875" lon="118.10249425470829010009765625">
        <ele>7.80000019073486328125</ele>
        <time>2025-02-23T10:04:08.000Z</time>
        <extensions>
          <ns3:TrackPointExtension>
            <ns3:hr>164</ns3:hr>
          </ns3:TrackPointExtension>
        </extensions>
      </trkpt>
      <trkpt lat="24.4895471446216106414794921875" lon="118.10247640125453472137451171875">
        <ele>7.80000019073486328125</ele>
        <time>2025-02-23T10:04:09.000Z</time>
        <extensions>
          <ns3:TrackPointExtension>
            <ns3:hr>164</ns3:hr>
          </ns3:TrackPointExtension>
        </extensions>
      </trkpt>
      <trkpt lat="24.48952359147369861602783203125" lon="118.10245846398174762725830078125">
        <ele>7.80000019073486328125</ele>
        <time>2025-02-23T10:04:10.000Z</time>
        <extensions>
          <ns3:TrackPointExtension>
            <ns3:hr>164</ns3:hr>
          </ns3:TrackPointExtension>
        </extensions>
      </trkpt>
      <trkpt lat="24.48949970304965972900390625" lon="118.1024411134421825408935546875">
        <ele>7.80000019073486328125</ele>
        <time>2025-02-23T10:04:11.000Z</time>
        <extensions>
          <ns3:TrackPointExtension>
            <ns3:hr>164</ns3:hr>
          </ns3:TrackPointExtension>
        </extensions>
      </trkpt>
      <trkpt lat="24.48947581462562084197998046875" lon="118.10242476873099803924560546875">
        <ele>7.80000019073486328125</ele>
        <time>2025-02-23T10:04:12.000Z</time>
        <extensions>
          <ns3:TrackPointExtension>
            <ns3:hr>165</ns3:hr>
          </ns3:TrackPointExtension>
        </extensions>
      </trkpt>
      <trkpt lat="24.48945201002061367034912109375" lon="118.10240884311497211456298828125">
        <ele>7.80000019073486328125</ele>
        <time>2025-02-23T10:04:13.000Z</time>
        <extensions>
          <ns3:TrackPointExtension>
            <ns3:hr>165</ns3:hr>
          </ns3:TrackPointExtension>
        </extensions>
      </trkpt>
      <trkpt lat="24.48942820541560649871826171875" lon="118.10239291749894618988037109375">
        <ele>7.80000019073486328125</ele>
        <time>2025-02-23T10:04:14.000Z</time>
        <extensions>
          <ns3:TrackPointExtension>
            <ns3:hr>165</ns3:hr>
          </ns3:TrackPointExtension>
        </extensions>
      </trkpt>
      <trkpt lat="24.489404149353504180908203125" lon="118.10237732715904712677001953125">
        <ele>8</ele>
        <time>2025-02-23T10:04:15.000Z</time>
        <extensions>
          <ns3:TrackPointExtension>
            <ns3:hr>165</ns3:hr>
          </ns3:TrackPointExtension>
        </extensions>
      </trkpt>
      <trkpt lat="24.48937975801527500152587890625" lon="118.10236257500946521759033203125">
        <ele>8</ele>
        <time>2025-02-23T10:04:16.000Z</time>
        <extensions>
          <ns3:TrackPointExtension>
            <ns3:hr>165</ns3:hr>
          </ns3:TrackPointExtension>
        </extensions>
      </trkpt>
      <trkpt lat="24.48935528285801410675048828125" lon="118.10234882868826389312744140625">
        <ele>8</ele>
        <time>2025-02-23T10:04:17.000Z</time>
        <extensions>
          <ns3:TrackPointExtension>
            <ns3:hr>165</ns3:hr>
          </ns3:TrackPointExtension>
        </extensions>
      </trkpt>
      <trkpt lat="24.4893305562436580657958984375" lon="118.102335669100284576416015625">
        <ele>8</ele>
        <time>2025-02-23T10:04:18.000Z</time>
        <extensions>
          <ns3:TrackPointExtension>
            <ns3:hr>165</ns3:hr>
          </ns3:TrackPointExtension>
        </extensions>
      </trkpt>
      <trkpt lat="24.48930499143898487091064453125" lon="118.10232301242649555206298828125">
        <ele>8</ele>
        <time>2025-02-23T10:04:19.000Z</time>
        <extensions>
          <ns3:TrackPointExtension>
            <ns3:hr>165</ns3:hr>
          </ns3:TrackPointExtension>
        </extensions>
      </trkpt>
      <trkpt lat="24.489278756082057952880859375" lon="118.10231094248592853546142578125">
        <ele>8.19999980926513671875</ele>
        <time>2025-02-23T10:04:20.000Z</time>
        <extensions>
          <ns3:TrackPointExtension>
            <ns3:hr>165</ns3:hr>
          </ns3:TrackPointExtension>
        </extensions>
      </trkpt>
      <trkpt lat="24.48925218544900417327880859375" lon="118.10229979455471038818359375">
        <ele>8.19999980926513671875</ele>
        <time>2025-02-23T10:04:21.000Z</time>
        <extensions>
          <ns3:TrackPointExtension>
            <ns3:hr>165</ns3:hr>
          </ns3:TrackPointExtension>
        </extensions>
      </trkpt>
      <trkpt lat="24.48922620154917240142822265625" lon="118.1022895686328411102294921875">
        <ele>8.3999996185302734375</ele>
        <time>2025-02-23T10:04:22.000Z</time>
        <extensions>
          <ns3:TrackPointExtension>
            <ns3:hr>165</ns3:hr>
          </ns3:TrackPointExtension>
        </extensions>
      </trkpt>
      <trkpt lat="24.48920055292546749114990234375" lon="118.102279342710971832275390625">
        <ele>8.6000003814697265625</ele>
        <time>2025-02-23T10:04:23.000Z</time>
        <extensions>
          <ns3:TrackPointExtension>
            <ns3:hr>165</ns3:hr>
          </ns3:TrackPointExtension>
        </extensions>
      </trkpt>
      <trkpt lat="24.489174820482730865478515625" lon="118.1022684462368488311767578125">
        <ele>8.80000019073486328125</ele>
        <time>2025-02-23T10:04:24.000Z</time>
        <extensions>
          <ns3:TrackPointExtension>
            <ns3:hr>165</ns3:hr>
          </ns3:TrackPointExtension>
        </extensions>
      </trkpt>
      <trkpt lat="24.48914908803999423980712890625" lon="118.10225713066756725311279296875">
        <ele>8.80000019073486328125</ele>
        <time>2025-02-23T10:04:25.000Z</time>
        <extensions>
          <ns3:TrackPointExtension>
            <ns3:hr>165</ns3:hr>
          </ns3:TrackPointExtension>
        </extensions>
      </trkpt>
      <trkpt lat="24.48912327177822589874267578125" lon="118.10224615037441253662109375">
        <ele>9</ele>
        <time>2025-02-23T10:04:26.000Z</time>
        <extensions>
          <ns3:TrackPointExtension>
            <ns3:hr>165</ns3:hr>
          </ns3:TrackPointExtension>
        </extensions>
      </trkpt>
      <trkpt lat="24.48909678496420383453369140625" lon="118.1022355891764163970947265625">
        <ele>9</ele>
        <time>2025-02-23T10:04:27.000Z</time>
        <extensions>
          <ns3:TrackPointExtension>
            <ns3:hr>165</ns3:hr>
          </ns3:TrackPointExtension>
        </extensions>
      </trkpt>
      <trkpt lat="24.48906912468373775482177734375" lon="118.1022255308926105499267578125">
        <ele>9.19999980926513671875</ele>
        <time>2025-02-23T10:04:28.000Z</time>
        <extensions>
          <ns3:TrackPointExtension>
            <ns3:hr>165</ns3:hr>
          </ns3:TrackPointExtension>
        </extensions>
      </trkpt>
      <trkpt lat="24.48904129676520824432373046875" lon="118.1022168137133121490478515625">
        <ele>9.3999996185302734375</ele>
        <time>2025-02-23T10:04:29.000Z</time>
        <extensions>
          <ns3:TrackPointExtension>
            <ns3:hr>165</ns3:hr>
          </ns3:TrackPointExtension>
        </extensions>
      </trkpt>
      <trkpt lat="24.48901380412280559539794921875" lon="118.10221002437174320220947265625">
        <ele>9.3999996185302734375</ele>
        <time>2025-02-23T10:04:30.000Z</time>
        <extensions>
          <ns3:TrackPointExtension>
            <ns3:hr>165</ns3:hr>
          </ns3:TrackPointExtension>
        </extensions>
      </trkpt>
      <trkpt lat="24.48898614384233951568603515625" lon="118.102205581963062286376953125">
        <ele>9.6000003814697265625</ele>
        <time>2025-02-23T10:04:31.000Z</time>
        <extensions>
          <ns3:TrackPointExtension>
            <ns3:hr>165</ns3:hr>
          </ns3:TrackPointExtension>
        </extensions>
      </trkpt>
      <trkpt lat="24.48895781300961971282958984375" lon="118.1022034026682376861572265625">
        <ele>9.80000019073486328125</ele>
        <time>2025-02-23T10:04:32.000Z</time>
        <extensions>
          <ns3:TrackPointExtension>
            <ns3:hr>165</ns3:hr>
          </ns3:TrackPointExtension>
        </extensions>
      </trkpt>
      <trkpt lat="24.48892881162464618682861328125" lon="118.10220382176339626312255859375">
        <ele>10</ele>
        <time>2025-02-23T10:04:33.000Z</time>
        <extensions>
          <ns3:TrackPointExtension>
            <ns3:hr>165</ns3:hr>
          </ns3:TrackPointExtension>
        </extensions>
      </trkpt>
      <trkpt lat="24.4888990558683872222900390625" lon="118.1022064201533794403076171875">
        <ele>10.19999980926513671875</ele>
        <time>2025-02-23T10:04:34.000Z</time>
        <extensions>
          <ns3:TrackPointExtension>
            <ns3:hr>165</ns3:hr>
          </ns3:TrackPointExtension>
        </extensions>
      </trkpt>
      <trkpt lat="24.48886980302631855010986328125" lon="118.10220985673367977142333984375">
        <ele>10.19999980926513671875</ele>
        <time>2025-02-23T10:04:35.000Z</time>
        <extensions>
          <ns3:TrackPointExtension>
            <ns3:hr>165</ns3:hr>
          </ns3:TrackPointExtension>
        </extensions>
      </trkpt>
      <trkpt lat="24.4888410530984401702880859375" lon="118.10221304185688495635986328125">
        <ele>10.3999996185302734375</ele>
        <time>2025-02-23T10:04:36.000Z</time>
        <extensions>
          <ns3:TrackPointExtension>
            <ns3:hr>165</ns3:hr>
          </ns3:TrackPointExtension>
        </extensions>
      </trkpt>
      <trkpt lat="24.488812386989593505859375" lon="118.10221589170396327972412109375">
        <ele>10.3999996185302734375</ele>
        <time>2025-02-23T10:04:37.000Z</time>
        <extensions>
          <ns3:TrackPointExtension>
            <ns3:hr>165</ns3:hr>
          </ns3:TrackPointExtension>
        </extensions>
      </trkpt>
      <trkpt lat="24.488783888518810272216796875" lon="118.102218993008136749267578125">
        <ele>10.6000003814697265625</ele>
        <time>2025-02-23T10:04:38.000Z</time>
        <extensions>
          <ns3:TrackPointExtension>
            <ns3:hr>165</ns3:hr>
          </ns3:TrackPointExtension>
        </extensions>
      </trkpt>
      <trkpt lat="24.48875606060028076171875" lon="118.1022231839597225189208984375">
        <ele>10.80000019073486328125</ele>
        <time>2025-02-23T10:04:39.000Z</time>
        <extensions>
          <ns3:TrackPointExtension>
            <ns3:hr>165</ns3:hr>
          </ns3:TrackPointExtension>
        </extensions>
      </trkpt>
      <trkpt lat="24.4887287355959415435791015625" lon="118.1022292189300060272216796875">
        <ele>10.80000019073486328125</ele>
        <time>2025-02-23T10:04:40.000Z</time>
        <extensions>
          <ns3:TrackPointExtension>
            <ns3:hr>165</ns3:hr>
          </ns3:TrackPointExtension>
        </extensions>
      </trkpt>
      <trkpt lat="24.48870082385838031768798828125" lon="118.1022369302809238433837890625">
        <ele>10.80000019073486328125</ele>
        <time>2025-02-23T10:04:41.000Z</time>
        <extensions>
          <ns3:TrackPointExtension>
            <ns3:hr>165</ns3:hr>
          </ns3:TrackPointExtension>
        </extensions>
      </trkpt>
      <trkpt lat="24.4886720739305019378662109375" lon="118.102245815098285675048828125">
        <ele>10.80000019073486328125</ele>
        <time>2025-02-23T10:04:42.000Z</time>
        <extensions>
          <ns3:TrackPointExtension>
            <ns3:hr>165</ns3:hr>
          </ns3:TrackPointExtension>
        </extensions>
      </trkpt>
      <trkpt lat="24.48864315636456012725830078125" lon="118.102255202829837799072265625">
        <ele>10.6000003814697265625</ele>
        <time>2025-02-23T10:04:43.000Z</time>
        <extensions>
          <ns3:TrackPointExtension>
            <ns3:hr>165</ns3:hr>
          </ns3:TrackPointExtension>
        </extensions>
      </trkpt>
      <trkpt lat="24.48861482553184032440185546875" lon="118.10226433910429477691650390625">
        <ele>10.6000003814697265625</ele>
        <time>2025-02-23T10:04:44.000Z</time>
        <extensions>
          <ns3:TrackPointExtension>
            <ns3:hr>165</ns3:hr>
          </ns3:TrackPointExtension>
        </extensions>
      </trkpt>
      <trkpt lat="24.48858666233718395233154296875" lon="118.1022738106548786163330078125">
        <ele>10.6000003814697265625</ele>
        <time>2025-02-23T10:04:45.000Z</time>
        <extensions>
          <ns3:TrackPointExtension>
            <ns3:hr>165</ns3:hr>
          </ns3:TrackPointExtension>
        </extensions>
      </trkpt>
      <trkpt lat="24.48855833150446414947509765625" lon="118.102284036576747894287109375">
        <ele>10.3999996185302734375</ele>
        <time>2025-02-23T10:04:46.000Z</time>
        <extensions>
          <ns3:TrackPointExtension>
            <ns3:hr>166</ns3:hr>
          </ns3:TrackPointExtension>
        </extensions>
      </trkpt>
      <trkpt lat="24.48853000067174434661865234375" lon="118.102294765412807464599609375">
        <ele>10.3999996185302734375</ele>
        <time>2025-02-23T10:04:47.000Z</time>
        <extensions>
          <ns3:TrackPointExtension>
            <ns3:hr>166</ns3:hr>
          </ns3:TrackPointExtension>
        </extensions>
      </trkpt>
      <trkpt lat="24.48850250802934169769287109375" lon="118.102305829524993896484375">
        <ele>10.19999980926513671875</ele>
        <time>2025-02-23T10:04:48.000Z</time>
        <extensions>
          <ns3:TrackPointExtension>
            <ns3:hr>166</ns3:hr>
          </ns3:TrackPointExtension>
        </extensions>
      </trkpt>
      <trkpt lat="24.4884757697582244873046875" lon="118.102317564189434051513671875">
        <ele>10.19999980926513671875</ele>
        <time>2025-02-23T10:04:49.000Z</time>
        <extensions>
          <ns3:TrackPointExtension>
            <ns3:hr>166</ns3:hr>
          </ns3:TrackPointExtension>
        </extensions>
      </trkpt>
      <trkpt lat="24.4884489476680755615234375" lon="118.102330304682254791259765625">
        <ele>10.19999980926513671875</ele>
        <time>2025-02-23T10:04:50.000Z</time>
        <extensions>
          <ns3:TrackPointExtension>
            <ns3:hr>166</ns3:hr>
          </ns3:TrackPointExtension>
        </extensions>
      </trkpt>
      <trkpt lat="24.48842187412083148956298828125" lon="118.10234430246055126190185546875">
        <ele>10.19999980926513671875</ele>
        <time>2025-02-23T10:04:51.000Z</time>
        <extensions>
          <ns3:TrackPointExtension>
            <ns3:hr>166</ns3:hr>
          </ns3:TrackPointExtension>
        </extensions>
      </trkpt>
      <trkpt lat="24.48839538730680942535400390625" lon="118.1023593060672283172607421875">
        <ele>10.3999996185302734375</ele>
        <time>2025-02-23T10:04:52.000Z</time>
        <extensions>
          <ns3:TrackPointExtension>
            <ns3:hr>166</ns3:hr>
          </ns3:TrackPointExtension>
        </extensions>
      </trkpt>
      <trkpt lat="24.48836957104504108428955078125" lon="118.10237481258809566497802734375">
        <ele>10.3999996185302734375</ele>
        <time>2025-02-23T10:04:53.000Z</time>
        <extensions>
          <ns3:TrackPointExtension>
            <ns3:hr>166</ns3:hr>
          </ns3:TrackPointExtension>
        </extensions>
      </trkpt>
      <trkpt lat="24.48834358714520931243896484375" lon="118.1023904867470264434814453125">
        <ele>10.3999996185302734375</ele>
        <time>2025-02-23T10:04:54.000Z</time>
        <extensions>
          <ns3:TrackPointExtension>
            <ns3:hr>166</ns3:hr>
          </ns3:TrackPointExtension>
        </extensions>
      </trkpt>
      <trkpt lat="24.48831777088344097137451171875" lon="118.10240683145821094512939453125">
        <ele>10.3999996185302734375</ele>
        <time>2025-02-23T10:04:55.000Z</time>
        <extensions>
          <ns3:TrackPointExtension>
            <ns3:hr>165</ns3:hr>
          </ns3:TrackPointExtension>
        </extensions>
      </trkpt>
      <trkpt lat="24.48829296045005321502685546875" lon="118.102424181997776031494140625">
        <ele>10.3999996185302734375</ele>
        <time>2025-02-23T10:04:56.000Z</time>
        <extensions>
          <ns3:TrackPointExtension>
            <ns3:hr>165</ns3:hr>
          </ns3:TrackPointExtension>
        </extensions>
      </trkpt>
      <trkpt lat="24.488268904387950897216796875" lon="118.10244195163249969482421875">
        <ele>10.3999996185302734375</ele>
        <time>2025-02-23T10:04:57.000Z</time>
        <extensions>
          <ns3:TrackPointExtension>
            <ns3:hr>165</ns3:hr>
          </ns3:TrackPointExtension>
        </extensions>
      </trkpt>
      <trkpt lat="24.48824451304972171783447265625" lon="118.10245963744819164276123046875">
        <ele>10.19999980926513671875</ele>
        <time>2025-02-23T10:04:58.000Z</time>
        <extensions>
          <ns3:TrackPointExtension>
            <ns3:hr>165</ns3:hr>
          </ns3:TrackPointExtension>
        </extensions>
      </trkpt>
      <trkpt lat="24.488219283521175384521484375" lon="118.102477155625820159912109375">
        <ele>10.19999980926513671875</ele>
        <time>2025-02-23T10:04:59.000Z</time>
        <extensions>
          <ns3:TrackPointExtension>
            <ns3:hr>165</ns3:hr>
          </ns3:TrackPointExtension>
        </extensions>
      </trkpt>
      <trkpt lat="24.48819422163069248199462890625" lon="118.10249484144151210784912109375">
        <ele>10</ele>
        <time>2025-02-23T10:05:00.000Z</time>
        <extensions>
          <ns3:TrackPointExtension>
            <ns3:hr>165</ns3:hr>
          </ns3:TrackPointExtension>
        </extensions>
      </trkpt>
      <trkpt lat="24.4881701655685901641845703125" lon="118.10251261107623577117919921875">
        <ele>10</ele>
        <time>2025-02-23T10:05:01.000Z</time>
        <extensions>
          <ns3:TrackPointExtension>
            <ns3:hr>166</ns3:hr>
          </ns3:TrackPointExtension>
        </extensions>
      </trkpt>
      <trkpt lat="24.48814678005874156951904296875" lon="118.10253071598708629608154296875">
        <ele>9.80000019073486328125</ele>
        <time>2025-02-23T10:05:02.000Z</time>
        <extensions>
          <ns3:TrackPointExtension>
            <ns3:hr>166</ns3:hr>
          </ns3:TrackPointExtension>
        </extensions>
      </trkpt>
      <trkpt lat="24.48812347836792469024658203125" lon="118.10254949145019054412841796875">
        <ele>9.3999996185302734375</ele>
        <time>2025-02-23T10:05:03.000Z</time>
        <extensions>
          <ns3:TrackPointExtension>
            <ns3:hr>166</ns3:hr>
          </ns3:TrackPointExtension>
        </extensions>
      </trkpt>
      <trkpt lat="24.48810034431517124176025390625" lon="118.10256893746554851531982421875">
        <ele>9</ele>
        <time>2025-02-23T10:05:04.000Z</time>
        <extensions>
          <ns3:TrackPointExtension>
            <ns3:hr>166</ns3:hr>
          </ns3:TrackPointExtension>
        </extensions>
      </trkpt>
      <trkpt lat="24.48807804845273494720458984375" lon="118.1025889702141284942626953125">
        <ele>8.3999996185302734375</ele>
        <time>2025-02-23T10:05:05.000Z</time>
        <extensions>
          <ns3:TrackPointExtension>
            <ns3:hr>166</ns3:hr>
          </ns3:TrackPointExtension>
        </extensions>
      </trkpt>
      <trkpt lat="24.48805667459964752197265625" lon="118.10260950587689876556396484375">
        <ele>8</ele>
        <time>2025-02-23T10:05:06.000Z</time>
        <extensions>
          <ns3:TrackPointExtension>
            <ns3:hr>166</ns3:hr>
          </ns3:TrackPointExtension>
        </extensions>
      </trkpt>
      <trkpt lat="24.48803580366075038909912109375" lon="118.1026303768157958984375">
        <ele>7.599999904632568359375</ele>
        <time>2025-02-23T10:05:07.000Z</time>
        <extensions>
          <ns3:TrackPointExtension>
            <ns3:hr>166</ns3:hr>
          </ns3:TrackPointExtension>
        </extensions>
      </trkpt>
      <trkpt lat="24.4880159385502338409423828125" lon="118.10265141539275646209716796875">
        <ele>7</ele>
        <time>2025-02-23T10:05:08.000Z</time>
        <extensions>
          <ns3:TrackPointExtension>
            <ns3:hr>166</ns3:hr>
          </ns3:TrackPointExtension>
        </extensions>
      </trkpt>
      <trkpt lat="24.48799657635390758514404296875" lon="118.10267253778874874114990234375">
        <ele>6.80000019073486328125</ele>
        <time>2025-02-23T10:05:09.000Z</time>
        <extensions>
          <ns3:TrackPointExtension>
            <ns3:hr>166</ns3:hr>
          </ns3:TrackPointExtension>
        </extensions>
      </trkpt>
      <trkpt lat="24.4879768788814544677734375" lon="118.1026925705373287200927734375">
        <ele>6.599999904632568359375</ele>
        <time>2025-02-23T10:05:10.000Z</time>
        <extensions>
          <ns3:TrackPointExtension>
            <ns3:hr>166</ns3:hr>
          </ns3:TrackPointExtension>
        </extensions>
      </trkpt>
      <trkpt lat="24.4879572652280330657958984375" lon="118.10271210037171840667724609375">
        <ele>6.400000095367431640625</ele>
        <time>2025-02-23T10:05:11.000Z</time>
        <extensions>
          <ns3:TrackPointExtension>
            <ns3:hr>166</ns3:hr>
          </ns3:TrackPointExtension>
        </extensions>
      </trkpt>
      <trkpt lat="24.48793857358396053314208984375" lon="118.10273297131061553955078125">
        <ele>6.400000095367431640625</ele>
        <time>2025-02-23T10:05:12.000Z</time>
        <extensions>
          <ns3:TrackPointExtension>
            <ns3:hr>166</ns3:hr>
          </ns3:TrackPointExtension>
        </extensions>
      </trkpt>
      <trkpt lat="24.4879210554063320159912109375" lon="118.10275577008724212646484375">
        <ele>6.19999980926513671875</ele>
        <time>2025-02-23T10:05:13.000Z</time>
        <extensions>
          <ns3:TrackPointExtension>
            <ns3:hr>166</ns3:hr>
          </ns3:TrackPointExtension>
        </extensions>
      </trkpt>
      <trkpt lat="24.4879042915999889373779296875" lon="118.1027800776064395904541015625">
        <ele>6.19999980926513671875</ele>
        <time>2025-02-23T10:05:14.000Z</time>
        <extensions>
          <ns3:TrackPointExtension>
            <ns3:hr>166</ns3:hr>
          </ns3:TrackPointExtension>
        </extensions>
      </trkpt>
      <trkpt lat="24.48788777925074100494384765625" lon="118.10280539095401763916015625">
        <ele>6</ele>
        <time>2025-02-23T10:05:15.000Z</time>
        <extensions>
          <ns3:TrackPointExtension>
            <ns3:hr>165</ns3:hr>
          </ns3:TrackPointExtension>
        </extensions>
      </trkpt>
      <trkpt lat="24.4878710992634296417236328125" lon="118.10283087193965911865234375">
        <ele>6</ele>
        <time>2025-02-23T10:05:16.000Z</time>
        <extensions>
          <ns3:TrackPointExtension>
            <ns3:hr>165</ns3:hr>
          </ns3:TrackPointExtension>
        </extensions>
      </trkpt>
      <trkpt lat="24.4878550060093402862548828125" lon="118.10285643674433231353759765625">
        <ele>6</ele>
        <time>2025-02-23T10:05:17.000Z</time>
        <extensions>
          <ns3:TrackPointExtension>
            <ns3:hr>165</ns3:hr>
          </ns3:TrackPointExtension>
        </extensions>
      </trkpt>
      <trkpt lat="24.48784075677394866943359375" lon="118.10288158245384693145751953125">
        <ele>6</ele>
        <time>2025-02-23T10:05:18.000Z</time>
        <extensions>
          <ns3:TrackPointExtension>
            <ns3:hr>165</ns3:hr>
          </ns3:TrackPointExtension>
        </extensions>
      </trkpt>
      <trkpt lat="24.487827681005001068115234375" lon="118.10290739871561527252197265625">
        <ele>6.19999980926513671875</ele>
        <time>2025-02-23T10:05:19.000Z</time>
        <extensions>
          <ns3:TrackPointExtension>
            <ns3:hr>164</ns3:hr>
          </ns3:TrackPointExtension>
        </extensions>
      </trkpt>
      <trkpt lat="24.48781502433121204376220703125" lon="118.10293455608189105987548828125">
        <ele>6.19999980926513671875</ele>
        <time>2025-02-23T10:05:20.000Z</time>
        <extensions>
          <ns3:TrackPointExtension>
            <ns3:hr>164</ns3:hr>
          </ns3:TrackPointExtension>
        </extensions>
      </trkpt>
      <trkpt lat="24.48780312202870845794677734375" lon="118.102962635457515716552734375">
        <ele>6.400000095367431640625</ele>
        <time>2025-02-23T10:05:21.000Z</time>
        <extensions>
          <ns3:TrackPointExtension>
            <ns3:hr>164</ns3:hr>
          </ns3:TrackPointExtension>
        </extensions>
      </trkpt>
      <trkpt lat="24.48779205791652202606201171875" lon="118.10299105010926723480224609375">
        <ele>6.400000095367431640625</ele>
        <time>2025-02-23T10:05:22.000Z</time>
        <extensions>
          <ns3:TrackPointExtension>
            <ns3:hr>164</ns3:hr>
          </ns3:TrackPointExtension>
        </extensions>
      </trkpt>
      <trkpt lat="24.48778166435658931732177734375" lon="118.103019632399082183837890625">
        <ele>6.599999904632568359375</ele>
        <time>2025-02-23T10:05:23.000Z</time>
        <extensions>
          <ns3:TrackPointExtension>
            <ns3:hr>164</ns3:hr>
          </ns3:TrackPointExtension>
        </extensions>
      </trkpt>
      <trkpt lat="24.48777236044406890869140625" lon="118.1030489690601825714111328125">
        <ele>7</ele>
        <time>2025-02-23T10:05:24.000Z</time>
        <extensions>
          <ns3:TrackPointExtension>
            <ns3:hr>164</ns3:hr>
          </ns3:TrackPointExtension>
        </extensions>
      </trkpt>
      <trkpt lat="24.48776431381702423095703125" lon="118.1030798144638538360595703125">
        <ele>7.19999980926513671875</ele>
        <time>2025-02-23T10:05:25.000Z</time>
        <extensions>
          <ns3:TrackPointExtension>
            <ns3:hr>164</ns3:hr>
          </ns3:TrackPointExtension>
        </extensions>
      </trkpt>
      <trkpt lat="24.48775760829448699951171875" lon="118.10311158187687397003173828125">
        <ele>7.599999904632568359375</ele>
        <time>2025-02-23T10:05:26.000Z</time>
        <extensions>
          <ns3:TrackPointExtension>
            <ns3:hr>165</ns3:hr>
          </ns3:TrackPointExtension>
        </extensions>
      </trkpt>
      <trkpt lat="24.48775224387645721435546875" lon="118.10314309783279895782470703125">
        <ele>8.19999980926513671875</ele>
        <time>2025-02-23T10:05:27.000Z</time>
        <extensions>
          <ns3:TrackPointExtension>
            <ns3:hr>165</ns3:hr>
          </ns3:TrackPointExtension>
        </extensions>
      </trkpt>
      <trkpt lat="24.487747885286808013916015625" lon="118.10317419469356536865234375">
        <ele>8.80000019073486328125</ele>
        <time>2025-02-23T10:05:28.000Z</time>
        <extensions>
          <ns3:TrackPointExtension>
            <ns3:hr>165</ns3:hr>
          </ns3:TrackPointExtension>
        </extensions>
      </trkpt>
      <trkpt lat="24.4877443648874759674072265625" lon="118.10320545919239521026611328125">
        <ele>9.19999980926513671875</ele>
        <time>2025-02-23T10:05:29.000Z</time>
        <extensions>
          <ns3:TrackPointExtension>
            <ns3:hr>165</ns3:hr>
          </ns3:TrackPointExtension>
        </extensions>
      </trkpt>
      <trkpt lat="24.48774193413555622100830078125" lon="118.10323663987219333648681640625">
        <ele>9.80000019073486328125</ele>
        <time>2025-02-23T10:05:30.000Z</time>
        <extensions>
          <ns3:TrackPointExtension>
            <ns3:hr>165</ns3:hr>
          </ns3:TrackPointExtension>
        </extensions>
      </trkpt>
      <trkpt lat="24.48774059303104877471923828125" lon="118.10326731763780117034912109375">
        <ele>10.19999980926513671875</ele>
        <time>2025-02-23T10:05:31.000Z</time>
        <extensions>
          <ns3:TrackPointExtension>
            <ns3:hr>165</ns3:hr>
          </ns3:TrackPointExtension>
        </extensions>
      </trkpt>
      <trkpt lat="24.4877396710216999053955078125" lon="118.10329732485115528106689453125">
        <ele>10.6000003814697265625</ele>
        <time>2025-02-23T10:05:32.000Z</time>
        <extensions>
          <ns3:TrackPointExtension>
            <ns3:hr>165</ns3:hr>
          </ns3:TrackPointExtension>
        </extensions>
      </trkpt>
      <trkpt lat="24.48773908428847789764404296875" lon="118.1033272482454776763916015625">
        <ele>11.19999980926513671875</ele>
        <time>2025-02-23T10:05:33.000Z</time>
        <extensions>
          <ns3:TrackPointExtension>
            <ns3:hr>165</ns3:hr>
          </ns3:TrackPointExtension>
        </extensions>
      </trkpt>
      <trkpt lat="24.487738497555255889892578125" lon="118.10335834510624408721923828125">
        <ele>11.6000003814697265625</ele>
        <time>2025-02-23T10:05:34.000Z</time>
        <extensions>
          <ns3:TrackPointExtension>
            <ns3:hr>166</ns3:hr>
          </ns3:TrackPointExtension>
        </extensions>
      </trkpt>
      <trkpt lat="24.487737827003002166748046875" lon="118.103390447795391082763671875">
        <ele>11.80000019073486328125</ele>
        <time>2025-02-23T10:05:35.000Z</time>
        <extensions>
          <ns3:TrackPointExtension>
            <ns3:hr>166</ns3:hr>
          </ns3:TrackPointExtension>
        </extensions>
      </trkpt>
      <trkpt lat="24.48773707263171672821044921875" lon="118.103422634303569793701171875">
        <ele>11.80000019073486328125</ele>
        <time>2025-02-23T10:05:36.000Z</time>
        <extensions>
          <ns3:TrackPointExtension>
            <ns3:hr>166</ns3:hr>
          </ns3:TrackPointExtension>
        </extensions>
      </trkpt>
      <trkpt lat="24.487736485898494720458984375" lon="118.1034539826214313507080078125">
        <ele>11.6000003814697265625</ele>
        <time>2025-02-23T10:05:37.000Z</time>
        <extensions>
          <ns3:TrackPointExtension>
            <ns3:hr>166</ns3:hr>
          </ns3:TrackPointExtension>
        </extensions>
      </trkpt>
      <trkpt lat="24.48773623444139957427978515625" lon="118.10348440892994403839111328125">
        <ele>11.6000003814697265625</ele>
        <time>2025-02-23T10:05:38.000Z</time>
        <extensions>
          <ns3:TrackPointExtension>
            <ns3:hr>166</ns3:hr>
          </ns3:TrackPointExtension>
        </extensions>
      </trkpt>
      <trkpt lat="24.48773589916527271270751953125" lon="118.10351475141942501068115234375">
        <ele>11.3999996185302734375</ele>
        <time>2025-02-23T10:05:39.000Z</time>
        <extensions>
          <ns3:TrackPointExtension>
            <ns3:hr>166</ns3:hr>
          </ns3:TrackPointExtension>
        </extensions>
      </trkpt>
      <trkpt lat="24.4877354800701141357421875" lon="118.10354542918503284454345703125">
        <ele>11.3999996185302734375</ele>
        <time>2025-02-23T10:05:40.000Z</time>
        <extensions>
          <ns3:TrackPointExtension>
            <ns3:hr>166</ns3:hr>
          </ns3:TrackPointExtension>
        </extensions>
      </trkpt>
      <trkpt lat="24.4877343066036701202392578125" lon="118.10357593931257724761962890625">
        <ele>11.19999980926513671875</ele>
        <time>2025-02-23T10:05:41.000Z</time>
        <extensions>
          <ns3:TrackPointExtension>
            <ns3:hr>166</ns3:hr>
          </ns3:TrackPointExtension>
        </extensions>
      </trkpt>
      <trkpt lat="24.48773204348981380462646484375" lon="118.10360628180205821990966796875">
        <ele>11</ele>
        <time>2025-02-23T10:05:42.000Z</time>
        <extensions>
          <ns3:TrackPointExtension>
            <ns3:hr>167</ns3:hr>
          </ns3:TrackPointExtension>
        </extensions>
      </trkpt>
      <trkpt lat="24.48772885836660861968994140625" lon="118.10363662429153919219970703125">
        <ele>11</ele>
        <time>2025-02-23T10:05:43.000Z</time>
        <extensions>
          <ns3:TrackPointExtension>
            <ns3:hr>167</ns3:hr>
          </ns3:TrackPointExtension>
        </extensions>
      </trkpt>
      <trkpt lat="24.48772533796727657318115234375" lon="118.1036675535142421722412109375">
        <ele>10.80000019073486328125</ele>
        <time>2025-02-23T10:05:44.000Z</time>
        <extensions>
          <ns3:TrackPointExtension>
            <ns3:hr>167</ns3:hr>
          </ns3:TrackPointExtension>
        </extensions>
      </trkpt>
      <trkpt lat="24.48772232048213481903076171875" lon="118.1036990694701671600341796875">
        <ele>10.19999980926513671875</ele>
        <time>2025-02-23T10:05:45.000Z</time>
        <extensions>
          <ns3:TrackPointExtension>
            <ns3:hr>167</ns3:hr>
          </ns3:TrackPointExtension>
        </extensions>
      </trkpt>
      <trkpt lat="24.4877208955585956573486328125" lon="118.1037302501499652862548828125">
        <ele>9.80000019073486328125</ele>
        <time>2025-02-23T10:05:46.000Z</time>
        <extensions>
          <ns3:TrackPointExtension>
            <ns3:hr>167</ns3:hr>
          </ns3:TrackPointExtension>
        </extensions>
      </trkpt>
      <trkpt lat="24.48772131465375423431396484375" lon="118.1037610955536365509033203125">
        <ele>9.3999996185302734375</ele>
        <time>2025-02-23T10:05:47.000Z</time>
        <extensions>
          <ns3:TrackPointExtension>
            <ns3:hr>167</ns3:hr>
          </ns3:TrackPointExtension>
        </extensions>
      </trkpt>
      <trkpt lat="24.48772299103438854217529296875" lon="118.103791773319244384765625">
        <ele>9</ele>
        <time>2025-02-23T10:05:48.000Z</time>
        <extensions>
          <ns3:TrackPointExtension>
            <ns3:hr>167</ns3:hr>
          </ns3:TrackPointExtension>
        </extensions>
      </trkpt>
      <trkpt lat="24.48772517032921314239501953125" lon="118.10382253490388393402099609375">
        <ele>8.80000019073486328125</ele>
        <time>2025-02-23T10:05:49.000Z</time>
        <extensions>
          <ns3:TrackPointExtension>
            <ns3:hr>167</ns3:hr>
          </ns3:TrackPointExtension>
        </extensions>
      </trkpt>
      <trkpt lat="24.48772810399532318115234375" lon="118.1038526259362697601318359375">
        <ele>8.6000003814697265625</ele>
        <time>2025-02-23T10:05:50.000Z</time>
        <extensions>
          <ns3:TrackPointExtension>
            <ns3:hr>167</ns3:hr>
          </ns3:TrackPointExtension>
        </extensions>
      </trkpt>
      <trkpt lat="24.4877322949469089508056640625" lon="118.10388187877833843231201171875">
        <ele>8.3999996185302734375</ele>
        <time>2025-02-23T10:05:51.000Z</time>
        <extensions>
          <ns3:TrackPointExtension>
            <ns3:hr>167</ns3:hr>
          </ns3:TrackPointExtension>
        </extensions>
      </trkpt>
      <trkpt lat="24.48773757554590702056884765625" lon="118.10391020961105823516845703125">
        <ele>8.19999980926513671875</ele>
        <time>2025-02-23T10:05:52.000Z</time>
        <extensions>
          <ns3:TrackPointExtension>
            <ns3:hr>167</ns3:hr>
          </ns3:TrackPointExtension>
        </extensions>
      </trkpt>
      <trkpt lat="24.487743861973285675048828125" lon="118.1039384566247463226318359375">
        <ele>8</ele>
        <time>2025-02-23T10:05:53.000Z</time>
        <extensions>
          <ns3:TrackPointExtension>
            <ns3:hr>167</ns3:hr>
          </ns3:TrackPointExtension>
        </extensions>
      </trkpt>
      <trkpt lat="24.4877514056861400604248046875" lon="118.1039676256477832794189453125">
        <ele>7.80000019073486328125</ele>
        <time>2025-02-23T10:05:54.000Z</time>
        <extensions>
          <ns3:TrackPointExtension>
            <ns3:hr>167</ns3:hr>
          </ns3:TrackPointExtension>
        </extensions>
      </trkpt>
      <trkpt lat="24.4877601228654384613037109375" lon="118.1039967946708202362060546875">
        <ele>7.599999904632568359375</ele>
        <time>2025-02-23T10:05:55.000Z</time>
        <extensions>
          <ns3:TrackPointExtension>
            <ns3:hr>167</ns3:hr>
          </ns3:TrackPointExtension>
        </extensions>
      </trkpt>
      <trkpt lat="24.4877698458731174468994140625" lon="118.10402487404644489288330078125">
        <ele>7.400000095367431640625</ele>
        <time>2025-02-23T10:05:56.000Z</time>
        <extensions>
          <ns3:TrackPointExtension>
            <ns3:hr>167</ns3:hr>
          </ns3:TrackPointExtension>
        </extensions>
      </trkpt>
      <trkpt lat="24.48777973651885986328125" lon="118.10405261814594268798828125">
        <ele>7.19999980926513671875</ele>
        <time>2025-02-23T10:05:57.000Z</time>
        <extensions>
          <ns3:TrackPointExtension>
            <ns3:hr>167</ns3:hr>
          </ns3:TrackPointExtension>
        </extensions>
      </trkpt>
      <trkpt lat="24.487790130078792572021484375" lon="118.10408170334994792938232421875">
        <ele>7</ele>
        <time>2025-02-23T10:05:58.000Z</time>
        <extensions>
          <ns3:TrackPointExtension>
            <ns3:hr>167</ns3:hr>
          </ns3:TrackPointExtension>
        </extensions>
      </trkpt>
      <trkpt lat="24.48780119419097900390625" lon="118.10411137528717517852783203125">
        <ele>6.80000019073486328125</ele>
        <time>2025-02-23T10:05:59.000Z</time>
        <extensions>
          <ns3:TrackPointExtension>
            <ns3:hr>167</ns3:hr>
          </ns3:TrackPointExtension>
        </extensions>
      </trkpt>
      <trkpt lat="24.487812928855419158935546875" lon="118.1041402928531169891357421875">
        <ele>6.599999904632568359375</ele>
        <time>2025-02-23T10:06:00.000Z</time>
        <extensions>
          <ns3:TrackPointExtension>
            <ns3:hr>167</ns3:hr>
          </ns3:TrackPointExtension>
        </extensions>
      </trkpt>
      <trkpt lat="24.4878248311579227447509765625" lon="118.1041684560477733612060546875">
        <ele>6.400000095367431640625</ele>
        <time>2025-02-23T10:06:01.000Z</time>
        <extensions>
          <ns3:TrackPointExtension>
            <ns3:hr>167</ns3:hr>
          </ns3:TrackPointExtension>
        </extensions>
      </trkpt>
      <trkpt lat="24.4878374040126800537109375" lon="118.10419653542339801788330078125">
        <ele>6.19999980926513671875</ele>
        <time>2025-02-23T10:06:02.000Z</time>
        <extensions>
          <ns3:TrackPointExtension>
            <ns3:hr>167</ns3:hr>
          </ns3:TrackPointExtension>
        </extensions>
      </trkpt>
      <trkpt lat="24.4878513179719448089599609375" lon="118.1042247824370861053466796875">
        <ele>6</ele>
        <time>2025-02-23T10:06:03.000Z</time>
        <extensions>
          <ns3:TrackPointExtension>
            <ns3:hr>166</ns3:hr>
          </ns3:TrackPointExtension>
        </extensions>
      </trkpt>
      <trkpt lat="24.4878664053976535797119140625" lon="118.1042526103556156158447265625">
        <ele>6</ele>
        <time>2025-02-23T10:06:04.000Z</time>
        <extensions>
          <ns3:TrackPointExtension>
            <ns3:hr>166</ns3:hr>
          </ns3:TrackPointExtension>
        </extensions>
      </trkpt>
      <trkpt lat="24.4878818280994892120361328125" lon="118.104279600083827972412109375">
        <ele>6</ele>
        <time>2025-02-23T10:06:05.000Z</time>
        <extensions>
          <ns3:TrackPointExtension>
            <ns3:hr>166</ns3:hr>
          </ns3:TrackPointExtension>
        </extensions>
      </trkpt>
      <trkpt lat="24.48789775371551513671875" lon="118.1043054163455963134765625">
        <ele>6</ele>
        <time>2025-02-23T10:06:06.000Z</time>
        <extensions>
          <ns3:TrackPointExtension>
            <ns3:hr>166</ns3:hr>
          </ns3:TrackPointExtension>
        </extensions>
      </trkpt>
      <trkpt lat="24.48791451752185821533203125" lon="118.1043300591409206390380859375">
        <ele>6</ele>
        <time>2025-02-23T10:06:07.000Z</time>
        <extensions>
          <ns3:TrackPointExtension>
            <ns3:hr>166</ns3:hr>
          </ns3:TrackPointExtension>
        </extensions>
      </trkpt>
      <trkpt lat="24.48793186806142330169677734375" lon="118.1043536961078643798828125">
        <ele>6</ele>
        <time>2025-02-23T10:06:08.000Z</time>
        <extensions>
          <ns3:TrackPointExtension>
            <ns3:hr>166</ns3:hr>
          </ns3:TrackPointExtension>
        </extensions>
      </trkpt>
      <trkpt lat="24.48795030824840068817138671875" lon="118.10437607578933238983154296875">
        <ele>6</ele>
        <time>2025-02-23T10:06:09.000Z</time>
        <extensions>
          <ns3:TrackPointExtension>
            <ns3:hr>166</ns3:hr>
          </ns3:TrackPointExtension>
        </extensions>
      </trkpt>
      <trkpt lat="24.48796975426375865936279296875" lon="118.10439820401370525360107421875">
        <ele>6</ele>
        <time>2025-02-23T10:06:10.000Z</time>
        <extensions>
          <ns3:TrackPointExtension>
            <ns3:hr>166</ns3:hr>
          </ns3:TrackPointExtension>
        </extensions>
      </trkpt>
      <trkpt lat="24.48799003846943378448486328125" lon="118.10442184098064899444580078125">
        <ele>6</ele>
        <time>2025-02-23T10:06:11.000Z</time>
        <extensions>
          <ns3:TrackPointExtension>
            <ns3:hr>166</ns3:hr>
          </ns3:TrackPointExtension>
        </extensions>
      </trkpt>
      <trkpt lat="24.48801149614155292510986328125" lon="118.10444690287113189697265625">
        <ele>6</ele>
        <time>2025-02-23T10:06:12.000Z</time>
        <extensions>
          <ns3:TrackPointExtension>
            <ns3:hr>166</ns3:hr>
          </ns3:TrackPointExtension>
        </extensions>
      </trkpt>
      <trkpt lat="24.4880333729088306427001953125" lon="118.10447238385677337646484375">
        <ele>6</ele>
        <time>2025-02-23T10:06:13.000Z</time>
        <extensions>
          <ns3:TrackPointExtension>
            <ns3:hr>166</ns3:hr>
          </ns3:TrackPointExtension>
        </extensions>
      </trkpt>
      <trkpt lat="24.4880546629428863525390625" lon="118.10449744574725627899169921875">
        <ele>6</ele>
        <time>2025-02-23T10:06:14.000Z</time>
        <extensions>
          <ns3:TrackPointExtension>
            <ns3:hr>166</ns3:hr>
          </ns3:TrackPointExtension>
        </extensions>
      </trkpt>
      <trkpt lat="24.48807545006275177001953125" lon="118.10452141799032688140869140625">
        <ele>6.19999980926513671875</ele>
        <time>2025-02-23T10:06:15.000Z</time>
        <extensions>
          <ns3:TrackPointExtension>
            <ns3:hr>166</ns3:hr>
          </ns3:TrackPointExtension>
        </extensions>
      </trkpt>
      <trkpt lat="24.48809556663036346435546875" lon="118.1045441329479217529296875">
        <ele>6.599999904632568359375</ele>
        <time>2025-02-23T10:06:16.000Z</time>
        <extensions>
          <ns3:TrackPointExtension>
            <ns3:hr>166</ns3:hr>
          </ns3:TrackPointExtension>
        </extensions>
      </trkpt>
      <trkpt lat="24.4881151802837848663330078125" lon="118.104565925896167755126953125">
        <ele>6.80000019073486328125</ele>
        <time>2025-02-23T10:06:17.000Z</time>
        <extensions>
          <ns3:TrackPointExtension>
            <ns3:hr>166</ns3:hr>
          </ns3:TrackPointExtension>
        </extensions>
      </trkpt>
      <trkpt lat="24.48813471011817455291748046875" lon="118.1045870482921600341796875">
        <ele>7</ele>
        <time>2025-02-23T10:06:18.000Z</time>
        <extensions>
          <ns3:TrackPointExtension>
            <ns3:hr>166</ns3:hr>
          </ns3:TrackPointExtension>
        </extensions>
      </trkpt>
      <trkpt lat="24.48815465904772281646728515625" lon="118.1046066619455814361572265625">
        <ele>7.19999980926513671875</ele>
        <time>2025-02-23T10:06:19.000Z</time>
        <extensions>
          <ns3:TrackPointExtension>
            <ns3:hr>166</ns3:hr>
          </ns3:TrackPointExtension>
        </extensions>
      </trkpt>
      <trkpt lat="24.48817544616758823394775390625" lon="118.104624263942241668701171875">
        <ele>7.19999980926513671875</ele>
        <time>2025-02-23T10:06:20.000Z</time>
        <extensions>
          <ns3:TrackPointExtension>
            <ns3:hr>166</ns3:hr>
          </ns3:TrackPointExtension>
        </extensions>
      </trkpt>
      <trkpt lat="24.48819740675389766693115234375" lon="118.1046406924724578857421875">
        <ele>7.19999980926513671875</ele>
        <time>2025-02-23T10:06:21.000Z</time>
        <extensions>
          <ns3:TrackPointExtension>
            <ns3:hr>166</ns3:hr>
          </ns3:TrackPointExtension>
        </extensions>
      </trkpt>
      <trkpt lat="24.4882204569876194000244140625" lon="118.10465703718364238739013671875">
        <ele>7</ele>
        <time>2025-02-23T10:06:22.000Z</time>
        <extensions>
          <ns3:TrackPointExtension>
            <ns3:hr>166</ns3:hr>
          </ns3:TrackPointExtension>
        </extensions>
      </trkpt>
      <trkpt lat="24.4882435910403728485107421875" lon="118.104673884809017181396484375">
        <ele>6.80000019073486328125</ele>
        <time>2025-02-23T10:06:23.000Z</time>
        <extensions>
          <ns3:TrackPointExtension>
            <ns3:hr>166</ns3:hr>
          </ns3:TrackPointExtension>
        </extensions>
      </trkpt>
      <trkpt lat="24.48826680891215801239013671875" lon="118.1046908162534236907958984375">
        <ele>6.599999904632568359375</ele>
        <time>2025-02-23T10:06:24.000Z</time>
        <extensions>
          <ns3:TrackPointExtension>
            <ns3:hr>166</ns3:hr>
          </ns3:TrackPointExtension>
        </extensions>
      </trkpt>
      <trkpt lat="24.48829078115522861480712890625" lon="118.104707412421703338623046875">
        <ele>6.599999904632568359375</ele>
        <time>2025-02-23T10:06:25.000Z</time>
        <extensions>
          <ns3:TrackPointExtension>
            <ns3:hr>166</ns3:hr>
          </ns3:TrackPointExtension>
        </extensions>
      </trkpt>
      <trkpt lat="24.48831559158861637115478515625" lon="118.1047233380377292633056640625">
        <ele>6.400000095367431640625</ele>
        <time>2025-02-23T10:06:26.000Z</time>
        <extensions>
          <ns3:TrackPointExtension>
            <ns3:hr>166</ns3:hr>
          </ns3:TrackPointExtension>
        </extensions>
      </trkpt>
      <trkpt lat="24.48834023438394069671630859375" lon="118.10473792254924774169921875">
        <ele>6.19999980926513671875</ele>
        <time>2025-02-23T10:06:27.000Z</time>
        <extensions>
          <ns3:TrackPointExtension>
            <ns3:hr>166</ns3:hr>
          </ns3:TrackPointExtension>
        </extensions>
      </trkpt>
      <trkpt lat="24.488364793360233306884765625" lon="118.104750998318195343017578125">
        <ele>6</ele>
        <time>2025-02-23T10:06:28.000Z</time>
        <extensions>
          <ns3:TrackPointExtension>
            <ns3:hr>166</ns3:hr>
          </ns3:TrackPointExtension>
        </extensions>
      </trkpt>
      <trkpt lat="24.488389603793621063232421875" lon="118.10476348735392093658447265625">
        <ele>5.599999904632568359375</ele>
        <time>2025-02-23T10:06:29.000Z</time>
        <extensions>
          <ns3:TrackPointExtension>
            <ns3:hr>166</ns3:hr>
          </ns3:TrackPointExtension>
        </extensions>
      </trkpt>
      <trkpt lat="24.488415084779262542724609375" lon="118.10477547347545623779296875">
        <ele>5.400000095367431640625</ele>
        <time>2025-02-23T10:06:30.000Z</time>
        <extensions>
          <ns3:TrackPointExtension>
            <ns3:hr>166</ns3:hr>
          </ns3:TrackPointExtension>
        </extensions>
      </trkpt>
      <trkpt lat="24.48844098486006259918212890625" lon="118.10478695668280124664306640625">
        <ele>5.19999980926513671875</ele>
        <time>2025-02-23T10:06:31.000Z</time>
        <extensions>
          <ns3:TrackPointExtension>
            <ns3:hr>166</ns3:hr>
          </ns3:TrackPointExtension>
        </extensions>
      </trkpt>
      <trkpt lat="24.48846680112183094024658203125" lon="118.10479768551886081695556640625">
        <ele>5</ele>
        <time>2025-02-23T10:06:32.000Z</time>
        <extensions>
          <ns3:TrackPointExtension>
            <ns3:hr>166</ns3:hr>
          </ns3:TrackPointExtension>
        </extensions>
      </trkpt>
      <trkpt lat="24.4884920306503772735595703125" lon="118.10480757616460323333740234375">
        <ele>5</ele>
        <time>2025-02-23T10:06:33.000Z</time>
        <extensions>
          <ns3:TrackPointExtension>
            <ns3:hr>166</ns3:hr>
          </ns3:TrackPointExtension>
        </extensions>
      </trkpt>
      <trkpt lat="24.48851742781698703765869140625" lon="118.1048165448009967803955078125">
        <ele>5</ele>
        <time>2025-02-23T10:06:34.000Z</time>
        <extensions>
          <ns3:TrackPointExtension>
            <ns3:hr>166</ns3:hr>
          </ns3:TrackPointExtension>
        </extensions>
      </trkpt>
      <trkpt lat="24.48854408226907253265380859375" lon="118.10482509434223175048828125">
        <ele>5</ele>
        <time>2025-02-23T10:06:35.000Z</time>
        <extensions>
          <ns3:TrackPointExtension>
            <ns3:hr>166</ns3:hr>
          </ns3:TrackPointExtension>
        </extensions>
      </trkpt>
      <trkpt lat="24.4885714910924434661865234375" lon="118.10483305715024471282958984375">
        <ele>5</ele>
        <time>2025-02-23T10:06:36.000Z</time>
        <extensions>
          <ns3:TrackPointExtension>
            <ns3:hr>166</ns3:hr>
          </ns3:TrackPointExtension>
        </extensions>
      </trkpt>
      <trkpt lat="24.4885991513729095458984375" lon="118.1048400141298770904541015625">
        <ele>5</ele>
        <time>2025-02-23T10:06:37.000Z</time>
        <extensions>
          <ns3:TrackPointExtension>
            <ns3:hr>166</ns3:hr>
          </ns3:TrackPointExtension>
        </extensions>
      </trkpt>
      <trkpt lat="24.488626308739185333251953125" lon="118.1048460491001605987548828125">
        <ele>5</ele>
        <time>2025-02-23T10:06:38.000Z</time>
        <extensions>
          <ns3:TrackPointExtension>
            <ns3:hr>166</ns3:hr>
          </ns3:TrackPointExtension>
        </extensions>
      </trkpt>
      <trkpt lat="24.48865321464836597442626953125" lon="118.1048520840704441070556640625">
        <ele>5</ele>
        <time>2025-02-23T10:06:39.000Z</time>
        <extensions>
          <ns3:TrackPointExtension>
            <ns3:hr>166</ns3:hr>
          </ns3:TrackPointExtension>
        </extensions>
      </trkpt>
      <trkpt lat="24.4886801205575466156005859375" lon="118.1048581190407276153564453125">
        <ele>5</ele>
        <time>2025-02-23T10:06:40.000Z</time>
        <extensions>
          <ns3:TrackPointExtension>
            <ns3:hr>166</ns3:hr>
          </ns3:TrackPointExtension>
        </extensions>
      </trkpt>
      <trkpt lat="24.4887076131999492645263671875" lon="118.10486306436359882354736328125">
        <ele>5</ele>
        <time>2025-02-23T10:06:41.000Z</time>
        <extensions>
          <ns3:TrackPointExtension>
            <ns3:hr>166</ns3:hr>
          </ns3:TrackPointExtension>
        </extensions>
      </trkpt>
      <trkpt lat="24.4887347705662250518798828125" lon="118.10486666858196258544921875">
        <ele>5</ele>
        <time>2025-02-23T10:06:42.000Z</time>
        <extensions>
          <ns3:TrackPointExtension>
            <ns3:hr>167</ns3:hr>
          </ns3:TrackPointExtension>
        </extensions>
      </trkpt>
      <trkpt lat="24.48876100592315196990966796875" lon="118.1048691831529140472412109375">
        <ele>4.80000019073486328125</ele>
        <time>2025-02-23T10:06:43.000Z</time>
        <extensions>
          <ns3:TrackPointExtension>
            <ns3:hr>167</ns3:hr>
          </ns3:TrackPointExtension>
        </extensions>
      </trkpt>
      <trkpt lat="24.4887860678136348724365234375" lon="118.10487069189548492431640625">
        <ele>4.80000019073486328125</ele>
        <time>2025-02-23T10:06:44.000Z</time>
        <extensions>
          <ns3:TrackPointExtension>
            <ns3:hr>167</ns3:hr>
          </ns3:TrackPointExtension>
        </extensions>
      </trkpt>
      <trkpt lat="24.4888110458850860595703125" lon="118.1048713624477386474609375">
        <ele>4.599999904632568359375</ele>
        <time>2025-02-23T10:06:45.000Z</time>
        <extensions>
          <ns3:TrackPointExtension>
            <ns3:hr>167</ns3:hr>
          </ns3:TrackPointExtension>
        </extensions>
      </trkpt>
      <trkpt lat="24.48883694596588611602783203125" lon="118.1048713624477386474609375">
        <ele>4.80000019073486328125</ele>
        <time>2025-02-23T10:06:46.000Z</time>
        <extensions>
          <ns3:TrackPointExtension>
            <ns3:hr>167</ns3:hr>
          </ns3:TrackPointExtension>
        </extensions>
      </trkpt>
      <trkpt lat="24.48886376805603504180908203125" lon="118.10487069189548492431640625">
        <ele>4.80000019073486328125</ele>
        <time>2025-02-23T10:06:47.000Z</time>
        <extensions>
          <ns3:TrackPointExtension>
            <ns3:hr>167</ns3:hr>
          </ns3:TrackPointExtension>
        </extensions>
      </trkpt>
      <trkpt lat="24.4888913445174694061279296875" lon="118.1048698537051677703857421875">
        <ele>5</ele>
        <time>2025-02-23T10:06:48.000Z</time>
        <extensions>
          <ns3:TrackPointExtension>
            <ns3:hr>167</ns3:hr>
          </ns3:TrackPointExtension>
        </extensions>
      </trkpt>
      <trkpt lat="24.48891925625503063201904296875" lon="118.10486935079097747802734375">
        <ele>5</ele>
        <time>2025-02-23T10:06:49.000Z</time>
        <extensions>
          <ns3:TrackPointExtension>
            <ns3:hr>166</ns3:hr>
          </ns3:TrackPointExtension>
        </extensions>
      </trkpt>
      <trkpt lat="24.4889473356306552886962890625" lon="118.10486909933388233184814453125">
        <ele>5.19999980926513671875</ele>
        <time>2025-02-23T10:06:50.000Z</time>
        <extensions>
          <ns3:TrackPointExtension>
            <ns3:hr>166</ns3:hr>
          </ns3:TrackPointExtension>
        </extensions>
      </trkpt>
      <trkpt lat="24.48897541500627994537353515625" lon="118.10486876405775547027587890625">
        <ele>5.19999980926513671875</ele>
        <time>2025-02-23T10:06:51.000Z</time>
        <extensions>
          <ns3:TrackPointExtension>
            <ns3:hr>166</ns3:hr>
          </ns3:TrackPointExtension>
        </extensions>
      </trkpt>
      <trkpt lat="24.48900391347706317901611328125" lon="118.10486742295324802398681640625">
        <ele>5.19999980926513671875</ele>
        <time>2025-02-23T10:06:52.000Z</time>
        <extensions>
          <ns3:TrackPointExtension>
            <ns3:hr>166</ns3:hr>
          </ns3:TrackPointExtension>
        </extensions>
      </trkpt>
      <trkpt lat="24.48903241194784641265869140625" lon="118.10486507602035999298095703125">
        <ele>5</ele>
        <time>2025-02-23T10:06:53.000Z</time>
        <extensions>
          <ns3:TrackPointExtension>
            <ns3:hr>166</ns3:hr>
          </ns3:TrackPointExtension>
        </extensions>
      </trkpt>
      <trkpt lat="24.48906091041862964630126953125" lon="118.10486222617328166961669921875">
        <ele>4.80000019073486328125</ele>
        <time>2025-02-23T10:06:54.000Z</time>
        <extensions>
          <ns3:TrackPointExtension>
            <ns3:hr>166</ns3:hr>
          </ns3:TrackPointExtension>
        </extensions>
      </trkpt>
      <trkpt lat="24.48908974416553974151611328125" lon="118.1048584543168544769287109375">
        <ele>4.400000095367431640625</ele>
        <time>2025-02-23T10:06:55.000Z</time>
        <extensions>
          <ns3:TrackPointExtension>
            <ns3:hr>166</ns3:hr>
          </ns3:TrackPointExtension>
        </extensions>
      </trkpt>
      <trkpt lat="24.4891186617314815521240234375" lon="118.10485325753688812255859375">
        <ele>4.400000095367431640625</ele>
        <time>2025-02-23T10:06:56.000Z</time>
        <extensions>
          <ns3:TrackPointExtension>
            <ns3:hr>166</ns3:hr>
          </ns3:TrackPointExtension>
        </extensions>
      </trkpt>
      <trkpt lat="24.48914657346904277801513671875" lon="118.10484663583338260650634765625">
        <ele>4.400000095367431640625</ele>
        <time>2025-02-23T10:06:57.000Z</time>
        <extensions>
          <ns3:TrackPointExtension>
            <ns3:hr>166</ns3:hr>
          </ns3:TrackPointExtension>
        </extensions>
      </trkpt>
      <trkpt lat="24.48917373083531856536865234375" lon="118.10483925975859165191650390625">
        <ele>4.400000095367431640625</ele>
        <time>2025-02-23T10:06:58.000Z</time>
        <extensions>
          <ns3:TrackPointExtension>
            <ns3:hr>166</ns3:hr>
          </ns3:TrackPointExtension>
        </extensions>
      </trkpt>
      <trkpt lat="24.489200972020626068115234375" lon="118.104831464588642120361328125">
        <ele>4.400000095367431640625</ele>
        <time>2025-02-23T10:06:59.000Z</time>
        <extensions>
          <ns3:TrackPointExtension>
            <ns3:hr>166</ns3:hr>
          </ns3:TrackPointExtension>
        </extensions>
      </trkpt>
      <trkpt lat="24.4892279617488384246826171875" lon="118.1048225797712802886962890625">
        <ele>4.400000095367431640625</ele>
        <time>2025-02-23T10:07:00.000Z</time>
        <extensions>
          <ns3:TrackPointExtension>
            <ns3:hr>166</ns3:hr>
          </ns3:TrackPointExtension>
        </extensions>
      </trkpt>
      <trkpt lat="24.4892537780106067657470703125" lon="118.10481243766844272613525390625">
        <ele>4.599999904632568359375</ele>
        <time>2025-02-23T10:07:01.000Z</time>
        <extensions>
          <ns3:TrackPointExtension>
            <ns3:hr>166</ns3:hr>
          </ns3:TrackPointExtension>
        </extensions>
      </trkpt>
      <trkpt lat="24.48927883990108966827392578125" lon="118.10480204410851001739501953125">
        <ele>4.599999904632568359375</ele>
        <time>2025-02-23T10:07:02.000Z</time>
        <extensions>
          <ns3:TrackPointExtension>
            <ns3:hr>166</ns3:hr>
          </ns3:TrackPointExtension>
        </extensions>
      </trkpt>
      <trkpt lat="24.4893045723438262939453125" lon="118.10479198582470417022705078125">
        <ele>4.599999904632568359375</ele>
        <time>2025-02-23T10:07:03.000Z</time>
        <extensions>
          <ns3:TrackPointExtension>
            <ns3:hr>166</ns3:hr>
          </ns3:TrackPointExtension>
        </extensions>
      </trkpt>
      <trkpt lat="24.48933064006268978118896484375" lon="118.10478192754089832305908203125">
        <ele>4.400000095367431640625</ele>
        <time>2025-02-23T10:07:04.000Z</time>
        <extensions>
          <ns3:TrackPointExtension>
            <ns3:hr>166</ns3:hr>
          </ns3:TrackPointExtension>
        </extensions>
      </trkpt>
      <trkpt lat="24.4893567077815532684326171875" lon="118.104771114885807037353515625">
        <ele>4.19999980926513671875</ele>
        <time>2025-02-23T10:07:05.000Z</time>
        <extensions>
          <ns3:TrackPointExtension>
            <ns3:hr>166</ns3:hr>
          </ns3:TrackPointExtension>
        </extensions>
      </trkpt>
      <trkpt lat="24.4893825240433216094970703125" lon="118.1047588773071765899658203125">
        <ele>4</ele>
        <time>2025-02-23T10:07:06.000Z</time>
        <extensions>
          <ns3:TrackPointExtension>
            <ns3:hr>166</ns3:hr>
          </ns3:TrackPointExtension>
        </extensions>
      </trkpt>
      <trkpt lat="24.4894080050289630889892578125" lon="118.1047454662621021270751953125">
        <ele>4</ele>
        <time>2025-02-23T10:07:07.000Z</time>
        <extensions>
          <ns3:TrackPointExtension>
            <ns3:hr>166</ns3:hr>
          </ns3:TrackPointExtension>
        </extensions>
      </trkpt>
      <trkpt lat="24.4894331507384777069091796875" lon="118.10473180375993251800537109375">
        <ele>4</ele>
        <time>2025-02-23T10:07:08.000Z</time>
        <extensions>
          <ns3:TrackPointExtension>
            <ns3:hr>166</ns3:hr>
          </ns3:TrackPointExtension>
        </extensions>
      </trkpt>
      <trkpt lat="24.4894579611718654632568359375" lon="118.1047179736196994781494140625">
        <ele>3.7999999523162841796875</ele>
        <time>2025-02-23T10:07:09.000Z</time>
        <extensions>
          <ns3:TrackPointExtension>
            <ns3:hr>166</ns3:hr>
          </ns3:TrackPointExtension>
        </extensions>
      </trkpt>
      <trkpt lat="24.48948252014815807342529296875" lon="118.104703724384307861328125">
        <ele>3.7999999523162841796875</ele>
        <time>2025-02-23T10:07:10.000Z</time>
        <extensions>
          <ns3:TrackPointExtension>
            <ns3:hr>166</ns3:hr>
          </ns3:TrackPointExtension>
        </extensions>
      </trkpt>
      <trkpt lat="24.48950733058154582977294921875" lon="118.10468855313956737518310546875">
        <ele>3.599999904632568359375</ele>
        <time>2025-02-23T10:07:11.000Z</time>
        <extensions>
          <ns3:TrackPointExtension>
            <ns3:hr>166</ns3:hr>
          </ns3:TrackPointExtension>
        </extensions>
      </trkpt>
      <trkpt lat="24.48953188955783843994140625" lon="118.10467262752354145050048828125">
        <ele>3.400000095367431640625</ele>
        <time>2025-02-23T10:07:12.000Z</time>
        <extensions>
          <ns3:TrackPointExtension>
            <ns3:hr>166</ns3:hr>
          </ns3:TrackPointExtension>
        </extensions>
      </trkpt>
      <trkpt lat="24.48955602943897247314453125" lon="118.1046562828123569488525390625">
        <ele>3.2000000476837158203125</ele>
        <time>2025-02-23T10:07:13.000Z</time>
        <extensions>
          <ns3:TrackPointExtension>
            <ns3:hr>166</ns3:hr>
          </ns3:TrackPointExtension>
        </extensions>
      </trkpt>
      <trkpt lat="24.48957941494882106781005859375" lon="118.1046395190060138702392578125">
        <ele>3.400000095367431640625</ele>
        <time>2025-02-23T10:07:14.000Z</time>
        <extensions>
          <ns3:TrackPointExtension>
            <ns3:hr>166</ns3:hr>
          </ns3:TrackPointExtension>
        </extensions>
      </trkpt>
      <trkpt lat="24.4896022975444793701171875" lon="118.104622252285480499267578125">
        <ele>3.400000095367431640625</ele>
        <time>2025-02-23T10:07:15.000Z</time>
        <extensions>
          <ns3:TrackPointExtension>
            <ns3:hr>166</ns3:hr>
          </ns3:TrackPointExtension>
        </extensions>
      </trkpt>
      <trkpt lat="24.4896242581307888031005859375" lon="118.10460406355559825897216796875">
        <ele>3.599999904632568359375</ele>
        <time>2025-02-23T10:07:16.000Z</time>
        <extensions>
          <ns3:TrackPointExtension>
            <ns3:hr>166</ns3:hr>
          </ns3:TrackPointExtension>
        </extensions>
      </trkpt>
      <trkpt lat="24.48964479379355907440185546875" lon="118.10458478517830371856689453125">
        <ele>3.7999999523162841796875</ele>
        <time>2025-02-23T10:07:17.000Z</time>
        <extensions>
          <ns3:TrackPointExtension>
            <ns3:hr>166</ns3:hr>
          </ns3:TrackPointExtension>
        </extensions>
      </trkpt>
      <trkpt lat="24.4896641559898853302001953125" lon="118.10456433333456516265869140625">
        <ele>3.7999999523162841796875</ele>
        <time>2025-02-23T10:07:18.000Z</time>
        <extensions>
          <ns3:TrackPointExtension>
            <ns3:hr>166</ns3:hr>
          </ns3:TrackPointExtension>
        </extensions>
      </trkpt>
      <trkpt lat="24.48968335054814815521240234375" lon="118.10454287566244602203369140625">
        <ele>4</ele>
        <time>2025-02-23T10:07:19.000Z</time>
        <extensions>
          <ns3:TrackPointExtension>
            <ns3:hr>166</ns3:hr>
          </ns3:TrackPointExtension>
        </extensions>
      </trkpt>
      <trkpt lat="24.48970296420156955718994140625" lon="118.10452108271420001983642578125">
        <ele>4.19999980926513671875</ele>
        <time>2025-02-23T10:07:20.000Z</time>
        <extensions>
          <ns3:TrackPointExtension>
            <ns3:hr>166</ns3:hr>
          </ns3:TrackPointExtension>
        </extensions>
      </trkpt>
      <trkpt lat="24.4897228293120861053466796875" lon="118.10449912212789058685302734375">
        <ele>4.400000095367431640625</ele>
        <time>2025-02-23T10:07:21.000Z</time>
        <extensions>
          <ns3:TrackPointExtension>
            <ns3:hr>166</ns3:hr>
          </ns3:TrackPointExtension>
        </extensions>
      </trkpt>
      <trkpt lat="24.4897422753274440765380859375" lon="118.10447699390351772308349609375">
        <ele>4.599999904632568359375</ele>
        <time>2025-02-23T10:07:22.000Z</time>
        <extensions>
          <ns3:TrackPointExtension>
            <ns3:hr>166</ns3:hr>
          </ns3:TrackPointExtension>
        </extensions>
      </trkpt>
      <trkpt lat="24.48976096697151660919189453125" lon="118.1044544465839862823486328125">
        <ele>4.80000019073486328125</ele>
        <time>2025-02-23T10:07:23.000Z</time>
        <extensions>
          <ns3:TrackPointExtension>
            <ns3:hr>166</ns3:hr>
          </ns3:TrackPointExtension>
        </extensions>
      </trkpt>
      <trkpt lat="24.48977856896817684173583984375" lon="118.10443106107413768768310546875">
        <ele>4.80000019073486328125</ele>
        <time>2025-02-23T10:07:24.000Z</time>
        <extensions>
          <ns3:TrackPointExtension>
            <ns3:hr>166</ns3:hr>
          </ns3:TrackPointExtension>
        </extensions>
      </trkpt>
      <trkpt lat="24.4897949136793613433837890625" lon="118.10440675355494022369384765625">
        <ele>5</ele>
        <time>2025-02-23T10:07:25.000Z</time>
        <extensions>
          <ns3:TrackPointExtension>
            <ns3:hr>166</ns3:hr>
          </ns3:TrackPointExtension>
        </extensions>
      </trkpt>
      <trkpt lat="24.489810168743133544921875" lon="118.10438177548348903656005859375">
        <ele>5</ele>
        <time>2025-02-23T10:07:26.000Z</time>
        <extensions>
          <ns3:TrackPointExtension>
            <ns3:hr>166</ns3:hr>
          </ns3:TrackPointExtension>
        </extensions>
      </trkpt>
      <trkpt lat="24.4898247532546520233154296875" lon="118.10435662977397441864013671875">
        <ele>5</ele>
        <time>2025-02-23T10:07:27.000Z</time>
        <extensions>
          <ns3:TrackPointExtension>
            <ns3:hr>166</ns3:hr>
          </ns3:TrackPointExtension>
        </extensions>
      </trkpt>
      <trkpt lat="24.48983841575682163238525390625" lon="118.10433131642639636993408203125">
        <ele>5.19999980926513671875</ele>
        <time>2025-02-23T10:07:28.000Z</time>
        <extensions>
          <ns3:TrackPointExtension>
            <ns3:hr>166</ns3:hr>
          </ns3:TrackPointExtension>
        </extensions>
      </trkpt>
      <trkpt lat="24.4898512400686740875244140625" lon="118.1043055839836597442626953125">
        <ele>5.400000095367431640625</ele>
        <time>2025-02-23T10:07:29.000Z</time>
        <extensions>
          <ns3:TrackPointExtension>
            <ns3:hr>166</ns3:hr>
          </ns3:TrackPointExtension>
        </extensions>
      </trkpt>
      <trkpt lat="24.4898643158376216888427734375" lon="118.10427926480770111083984375">
        <ele>5.400000095367431640625</ele>
        <time>2025-02-23T10:07:30.000Z</time>
        <extensions>
          <ns3:TrackPointExtension>
            <ns3:hr>166</ns3:hr>
          </ns3:TrackPointExtension>
        </extensions>
      </trkpt>
      <trkpt lat="24.4898777268826961517333984375" lon="118.104253113269805908203125">
        <ele>5.599999904632568359375</ele>
        <time>2025-02-23T10:07:31.000Z</time>
        <extensions>
          <ns3:TrackPointExtension>
            <ns3:hr>166</ns3:hr>
          </ns3:TrackPointExtension>
        </extensions>
      </trkpt>
      <trkpt lat="24.48989122174680233001708984375" lon="118.10422696173191070556640625">
        <ele>5.80000019073486328125</ele>
        <time>2025-02-23T10:07:32.000Z</time>
        <extensions>
          <ns3:TrackPointExtension>
            <ns3:hr>166</ns3:hr>
          </ns3:TrackPointExtension>
        </extensions>
      </trkpt>
      <trkpt lat="24.48990446515381336212158203125" lon="118.104199804365634918212890625">
        <ele>5.80000019073486328125</ele>
        <time>2025-02-23T10:07:33.000Z</time>
        <extensions>
          <ns3:TrackPointExtension>
            <ns3:hr>166</ns3:hr>
          </ns3:TrackPointExtension>
        </extensions>
      </trkpt>
      <trkpt lat="24.4899172894656658172607421875" lon="118.10417155735194683074951171875">
        <ele>5.80000019073486328125</ele>
        <time>2025-02-23T10:07:34.000Z</time>
        <extensions>
          <ns3:TrackPointExtension>
            <ns3:hr>166</ns3:hr>
          </ns3:TrackPointExtension>
        </extensions>
      </trkpt>
      <trkpt lat="24.4899296946823596954345703125" lon="118.1041429750621318817138671875">
        <ele>5.599999904632568359375</ele>
        <time>2025-02-23T10:07:35.000Z</time>
        <extensions>
          <ns3:TrackPointExtension>
            <ns3:hr>166</ns3:hr>
          </ns3:TrackPointExtension>
        </extensions>
      </trkpt>
      <trkpt lat="24.48994201608002185821533203125" lon="118.104114644229412078857421875">
        <ele>5.599999904632568359375</ele>
        <time>2025-02-23T10:07:36.000Z</time>
        <extensions>
          <ns3:TrackPointExtension>
            <ns3:hr>166</ns3:hr>
          </ns3:TrackPointExtension>
        </extensions>
      </trkpt>
      <trkpt lat="24.48995391838252544403076171875" lon="118.10408572666347026824951171875">
        <ele>5.599999904632568359375</ele>
        <time>2025-02-23T10:07:37.000Z</time>
        <extensions>
          <ns3:TrackPointExtension>
            <ns3:hr>165</ns3:hr>
          </ns3:TrackPointExtension>
        </extensions>
      </trkpt>
      <trkpt lat="24.4899648986756801605224609375" lon="118.10405639000236988067626953125">
        <ele>5.599999904632568359375</ele>
        <time>2025-02-23T10:07:38.000Z</time>
        <extensions>
          <ns3:TrackPointExtension>
            <ns3:hr>165</ns3:hr>
          </ns3:TrackPointExtension>
        </extensions>
      </trkpt>
      <trkpt lat="24.4899751245975494384765625" lon="118.10402772389352321624755859375">
        <ele>5.400000095367431640625</ele>
        <time>2025-02-23T10:07:39.000Z</time>
        <extensions>
          <ns3:TrackPointExtension>
            <ns3:hr>165</ns3:hr>
          </ns3:TrackPointExtension>
        </extensions>
      </trkpt>
      <trkpt lat="24.48998476378619670867919921875" lon="118.1039998121559619903564453125">
        <ele>5.400000095367431640625</ele>
        <time>2025-02-23T10:07:40.000Z</time>
        <extensions>
          <ns3:TrackPointExtension>
            <ns3:hr>165</ns3:hr>
          </ns3:TrackPointExtension>
        </extensions>
      </trkpt>
      <trkpt lat="24.489994235336780548095703125" lon="118.10397190041840076446533203125">
        <ele>5.400000095367431640625</ele>
        <time>2025-02-23T10:07:41.000Z</time>
        <extensions>
          <ns3:TrackPointExtension>
            <ns3:hr>166</ns3:hr>
          </ns3:TrackPointExtension>
        </extensions>
      </trkpt>
      <trkpt lat="24.49000303633511066436767578125" lon="118.10394340194761753082275390625">
        <ele>5.400000095367431640625</ele>
        <time>2025-02-23T10:07:42.000Z</time>
        <extensions>
          <ns3:TrackPointExtension>
            <ns3:hr>166</ns3:hr>
          </ns3:TrackPointExtension>
        </extensions>
      </trkpt>
      <trkpt lat="24.49001058004796504974365234375" lon="118.10391490347683429718017578125">
        <ele>5.19999980926513671875</ele>
        <time>2025-02-23T10:07:43.000Z</time>
        <extensions>
          <ns3:TrackPointExtension>
            <ns3:hr>166</ns3:hr>
          </ns3:TrackPointExtension>
        </extensions>
      </trkpt>
      <trkpt lat="24.4900166988372802734375" lon="118.1038864888250827789306640625">
        <ele>5.19999980926513671875</ele>
        <time>2025-02-23T10:07:44.000Z</time>
        <extensions>
          <ns3:TrackPointExtension>
            <ns3:hr>166</ns3:hr>
          </ns3:TrackPointExtension>
        </extensions>
      </trkpt>
      <trkpt lat="24.4900215603411197662353515625" lon="118.1038573198020458221435546875">
        <ele>5</ele>
        <time>2025-02-23T10:07:45.000Z</time>
        <extensions>
          <ns3:TrackPointExtension>
            <ns3:hr>166</ns3:hr>
          </ns3:TrackPointExtension>
        </extensions>
      </trkpt>
      <trkpt lat="24.4900259189307689666748046875" lon="118.10382773168385028839111328125">
        <ele>5</ele>
        <time>2025-02-23T10:07:46.000Z</time>
        <extensions>
          <ns3:TrackPointExtension>
            <ns3:hr>166</ns3:hr>
          </ns3:TrackPointExtension>
        </extensions>
      </trkpt>
      <trkpt lat="24.49003019370138645172119140625" lon="118.10379856266081333160400390625">
        <ele>5</ele>
        <time>2025-02-23T10:07:47.000Z</time>
        <extensions>
          <ns3:TrackPointExtension>
            <ns3:hr>166</ns3:hr>
          </ns3:TrackPointExtension>
        </extensions>
      </trkpt>
      <trkpt lat="24.4900346361100673675537109375" lon="118.10376989655196666717529296875">
        <ele>5</ele>
        <time>2025-02-23T10:07:48.000Z</time>
        <extensions>
          <ns3:TrackPointExtension>
            <ns3:hr>166</ns3:hr>
          </ns3:TrackPointExtension>
        </extensions>
      </trkpt>
      <trkpt lat="24.49003907851874828338623046875" lon="118.10374148190021514892578125">
        <ele>5</ele>
        <time>2025-02-23T10:07:49.000Z</time>
        <extensions>
          <ns3:TrackPointExtension>
            <ns3:hr>166</ns3:hr>
          </ns3:TrackPointExtension>
        </extensions>
      </trkpt>
      <trkpt lat="24.4900430180132389068603515625" lon="118.10371306724846363067626953125">
        <ele>5</ele>
        <time>2025-02-23T10:07:50.000Z</time>
        <extensions>
          <ns3:TrackPointExtension>
            <ns3:hr>166</ns3:hr>
          </ns3:TrackPointExtension>
        </extensions>
      </trkpt>
      <trkpt lat="24.49004595167934894561767578125" lon="118.10368423350155353546142578125">
        <ele>5</ele>
        <time>2025-02-23T10:07:51.000Z</time>
        <extensions>
          <ns3:TrackPointExtension>
            <ns3:hr>166</ns3:hr>
          </ns3:TrackPointExtension>
        </extensions>
      </trkpt>
      <trkpt lat="24.49004746042191982269287109375" lon="118.10365523211658000946044921875">
        <ele>5</ele>
        <time>2025-02-23T10:07:52.000Z</time>
        <extensions>
          <ns3:TrackPointExtension>
            <ns3:hr>166</ns3:hr>
          </ns3:TrackPointExtension>
        </extensions>
      </trkpt>
      <trkpt lat="24.49004821479320526123046875" lon="118.10362656600773334503173828125">
        <ele>5</ele>
        <time>2025-02-23T10:07:53.000Z</time>
        <extensions>
          <ns3:TrackPointExtension>
            <ns3:hr>166</ns3:hr>
          </ns3:TrackPointExtension>
        </extensions>
      </trkpt>
      <trkpt lat="24.49004863388836383819580078125" lon="118.10359873808920383453369140625">
        <ele>5</ele>
        <time>2025-02-23T10:07:54.000Z</time>
        <extensions>
          <ns3:TrackPointExtension>
            <ns3:hr>166</ns3:hr>
          </ns3:TrackPointExtension>
        </extensions>
      </trkpt>
      <trkpt lat="24.4900490529835224151611328125" lon="118.103571832180023193359375">
        <ele>5</ele>
        <time>2025-02-23T10:07:55.000Z</time>
        <extensions>
          <ns3:TrackPointExtension>
            <ns3:hr>166</ns3:hr>
          </ns3:TrackPointExtension>
        </extensions>
      </trkpt>
      <trkpt lat="24.49004896916449069976806640625" lon="118.1035445071756839752197265625">
        <ele>5.19999980926513671875</ele>
        <time>2025-02-23T10:07:56.000Z</time>
        <extensions>
          <ns3:TrackPointExtension>
            <ns3:hr>166</ns3:hr>
          </ns3:TrackPointExtension>
        </extensions>
      </trkpt>
      <trkpt lat="24.490047879517078399658203125" lon="118.1035160087049007415771484375">
        <ele>5.19999980926513671875</ele>
        <time>2025-02-23T10:07:57.000Z</time>
        <extensions>
          <ns3:TrackPointExtension>
            <ns3:hr>166</ns3:hr>
          </ns3:TrackPointExtension>
        </extensions>
      </trkpt>
      <trkpt lat="24.4900457002222537994384765625" lon="118.10348667204380035400390625">
        <ele>5.400000095367431640625</ele>
        <time>2025-02-23T10:07:58.000Z</time>
        <extensions>
          <ns3:TrackPointExtension>
            <ns3:hr>166</ns3:hr>
          </ns3:TrackPointExtension>
        </extensions>
      </trkpt>
      <trkpt lat="24.4900426827371120452880859375" lon="118.10345741920173168182373046875">
        <ele>5.400000095367431640625</ele>
        <time>2025-02-23T10:07:59.000Z</time>
        <extensions>
          <ns3:TrackPointExtension>
            <ns3:hr>166</ns3:hr>
          </ns3:TrackPointExtension>
        </extensions>
      </trkpt>
      <trkpt lat="24.4900394976139068603515625" lon="118.10342757962644100189208984375">
        <ele>5.599999904632568359375</ele>
        <time>2025-02-23T10:08:00.000Z</time>
        <extensions>
          <ns3:TrackPointExtension>
            <ns3:hr>166</ns3:hr>
          </ns3:TrackPointExtension>
        </extensions>
      </trkpt>
      <trkpt lat="24.4900363124907016754150390625" lon="118.10339706949889659881591796875">
        <ele>5.599999904632568359375</ele>
        <time>2025-02-23T10:08:01.000Z</time>
        <extensions>
          <ns3:TrackPointExtension>
            <ns3:hr>166</ns3:hr>
          </ns3:TrackPointExtension>
        </extensions>
      </trkpt>
      <trkpt lat="24.49003270827233791351318359375" lon="118.1033668108284473419189453125">
        <ele>5.80000019073486328125</ele>
        <time>2025-02-23T10:08:02.000Z</time>
        <extensions>
          <ns3:TrackPointExtension>
            <ns3:hr>166</ns3:hr>
          </ns3:TrackPointExtension>
        </extensions>
      </trkpt>
      <trkpt lat="24.4900287687778472900390625" lon="118.10333722271025180816650390625">
        <ele>5.80000019073486328125</ele>
        <time>2025-02-23T10:08:03.000Z</time>
        <extensions>
          <ns3:TrackPointExtension>
            <ns3:hr>166</ns3:hr>
          </ns3:TrackPointExtension>
        </extensions>
      </trkpt>
      <trkpt lat="24.49002466164529323577880859375" lon="118.1033081375062465667724609375">
        <ele>6</ele>
        <time>2025-02-23T10:08:04.000Z</time>
        <extensions>
          <ns3:TrackPointExtension>
            <ns3:hr>166</ns3:hr>
          </ns3:TrackPointExtension>
        </extensions>
      </trkpt>
      <trkpt lat="24.49002005159854888916015625" lon="118.1032793037593364715576171875">
        <ele>6</ele>
        <time>2025-02-23T10:08:05.000Z</time>
        <extensions>
          <ns3:TrackPointExtension>
            <ns3:hr>166</ns3:hr>
          </ns3:TrackPointExtension>
        </extensions>
      </trkpt>
      <trkpt lat="24.49001493863761425018310546875" lon="118.10325005091726779937744140625">
        <ele>6.19999980926513671875</ele>
        <time>2025-02-23T10:08:06.000Z</time>
        <extensions>
          <ns3:TrackPointExtension>
            <ns3:hr>166</ns3:hr>
          </ns3:TrackPointExtension>
        </extensions>
      </trkpt>
      <trkpt lat="24.49000907130539417266845703125" lon="118.103220462799072265625">
        <ele>6.19999980926513671875</ele>
        <time>2025-02-23T10:08:07.000Z</time>
        <extensions>
          <ns3:TrackPointExtension>
            <ns3:hr>166</ns3:hr>
          </ns3:TrackPointExtension>
        </extensions>
      </trkpt>
      <trkpt lat="24.49000261723995208740234375" lon="118.10319137759506702423095703125">
        <ele>6.19999980926513671875</ele>
        <time>2025-02-23T10:08:08.000Z</time>
        <extensions>
          <ns3:TrackPointExtension>
            <ns3:hr>166</ns3:hr>
          </ns3:TrackPointExtension>
        </extensions>
      </trkpt>
      <trkpt lat="24.4899957440793514251708984375" lon="118.10316287912428379058837890625">
        <ele>6.400000095367431640625</ele>
        <time>2025-02-23T10:08:09.000Z</time>
        <extensions>
          <ns3:TrackPointExtension>
            <ns3:hr>166</ns3:hr>
          </ns3:TrackPointExtension>
        </extensions>
      </trkpt>
      <trkpt lat="24.48998786509037017822265625" lon="118.10313438065350055694580078125">
        <ele>6.400000095367431640625</ele>
        <time>2025-02-23T10:08:10.000Z</time>
        <extensions>
          <ns3:TrackPointExtension>
            <ns3:hr>166</ns3:hr>
          </ns3:TrackPointExtension>
        </extensions>
      </trkpt>
      <trkpt lat="24.48997914791107177734375" lon="118.10310579836368560791015625">
        <ele>6.599999904632568359375</ele>
        <time>2025-02-23T10:08:11.000Z</time>
        <extensions>
          <ns3:TrackPointExtension>
            <ns3:hr>166</ns3:hr>
          </ns3:TrackPointExtension>
        </extensions>
      </trkpt>
      <trkpt lat="24.48996967636048793792724609375" lon="118.10307738371193408966064453125">
        <ele>6.599999904632568359375</ele>
        <time>2025-02-23T10:08:12.000Z</time>
        <extensions>
          <ns3:TrackPointExtension>
            <ns3:hr>166</ns3:hr>
          </ns3:TrackPointExtension>
        </extensions>
      </trkpt>
      <trkpt lat="24.48995970189571380615234375" lon="118.10304955579340457916259765625">
        <ele>6.599999904632568359375</ele>
        <time>2025-02-23T10:08:13.000Z</time>
        <extensions>
          <ns3:TrackPointExtension>
            <ns3:hr>166</ns3:hr>
          </ns3:TrackPointExtension>
        </extensions>
      </trkpt>
      <trkpt lat="24.48994939215481281280517578125" lon="118.103022985160350799560546875">
        <ele>6.80000019073486328125</ele>
        <time>2025-02-23T10:08:14.000Z</time>
        <extensions>
          <ns3:TrackPointExtension>
            <ns3:hr>166</ns3:hr>
          </ns3:TrackPointExtension>
        </extensions>
      </trkpt>
      <trkpt lat="24.48993866331875324249267578125" lon="118.1029963307082653045654296875">
        <ele>6.80000019073486328125</ele>
        <time>2025-02-23T10:08:15.000Z</time>
        <extensions>
          <ns3:TrackPointExtension>
            <ns3:hr>164</ns3:hr>
          </ns3:TrackPointExtension>
        </extensions>
      </trkpt>
      <trkpt lat="24.48992676101624965667724609375" lon="118.10296925716102123260498046875">
        <ele>6.80000019073486328125</ele>
        <time>2025-02-23T10:08:16.000Z</time>
        <extensions>
          <ns3:TrackPointExtension>
            <ns3:hr>164</ns3:hr>
          </ns3:TrackPointExtension>
        </extensions>
      </trkpt>
      <trkpt lat="24.4899136014282703399658203125" lon="118.10294209979474544525146484375">
        <ele>6.80000019073486328125</ele>
        <time>2025-02-23T10:08:17.000Z</time>
        <extensions>
          <ns3:TrackPointExtension>
            <ns3:hr>164</ns3:hr>
          </ns3:TrackPointExtension>
        </extensions>
      </trkpt>
      <trkpt lat="24.48989943601191043853759765625" lon="118.10291511006653308868408203125">
        <ele>7</ele>
        <time>2025-02-23T10:08:18.000Z</time>
        <extensions>
          <ns3:TrackPointExtension>
            <ns3:hr>164</ns3:hr>
          </ns3:TrackPointExtension>
        </extensions>
      </trkpt>
      <trkpt lat="24.4898847676813602447509765625" lon="118.1028893776237964630126953125">
        <ele>7</ele>
        <time>2025-02-23T10:08:19.000Z</time>
        <extensions>
          <ns3:TrackPointExtension>
            <ns3:hr>164</ns3:hr>
          </ns3:TrackPointExtension>
        </extensions>
      </trkpt>
      <trkpt lat="24.48987009935081005096435546875" lon="118.10286515392363071441650390625">
        <ele>7</ele>
        <time>2025-02-23T10:08:20.000Z</time>
        <extensions>
          <ns3:TrackPointExtension>
            <ns3:hr>164</ns3:hr>
          </ns3:TrackPointExtension>
        </extensions>
      </trkpt>
      <trkpt lat="24.489855431020259857177734375" lon="118.10284101404249668121337890625">
        <ele>7</ele>
        <time>2025-02-23T10:08:21.000Z</time>
        <extensions>
          <ns3:TrackPointExtension>
            <ns3:hr>165</ns3:hr>
          </ns3:TrackPointExtension>
        </extensions>
      </trkpt>
      <trkpt lat="24.48984025977551937103271484375" lon="118.10281586833298206329345703125">
        <ele>7</ele>
        <time>2025-02-23T10:08:22.000Z</time>
        <extensions>
          <ns3:TrackPointExtension>
            <ns3:hr>165</ns3:hr>
          </ns3:TrackPointExtension>
        </extensions>
      </trkpt>
      <trkpt lat="24.48982433415949344635009765625" lon="118.1027904711663722991943359375">
        <ele>7</ele>
        <time>2025-02-23T10:08:23.000Z</time>
        <extensions>
          <ns3:TrackPointExtension>
            <ns3:hr>165</ns3:hr>
          </ns3:TrackPointExtension>
        </extensions>
      </trkpt>
      <trkpt lat="24.4898079894483089447021484375" lon="118.102765493094921112060546875">
        <ele>7</ele>
        <time>2025-02-23T10:08:24.000Z</time>
        <extensions>
          <ns3:TrackPointExtension>
            <ns3:hr>165</ns3:hr>
          </ns3:TrackPointExtension>
        </extensions>
      </trkpt>
      <trkpt lat="24.48979164473712444305419921875" lon="118.102740682661533355712890625">
        <ele>7.19999980926513671875</ele>
        <time>2025-02-23T10:08:25.000Z</time>
        <extensions>
          <ns3:TrackPointExtension>
            <ns3:hr>165</ns3:hr>
          </ns3:TrackPointExtension>
        </extensions>
      </trkpt>
      <trkpt lat="24.48977504856884479522705078125" lon="118.10271595604717731475830078125">
        <ele>7.19999980926513671875</ele>
        <time>2025-02-23T10:08:26.000Z</time>
        <extensions>
          <ns3:TrackPointExtension>
            <ns3:hr>164</ns3:hr>
          </ns3:TrackPointExtension>
        </extensions>
      </trkpt>
      <trkpt lat="24.4897573627531528472900390625" lon="118.1026922352612018585205078125">
        <ele>7.19999980926513671875</ele>
        <time>2025-02-23T10:08:27.000Z</time>
        <extensions>
          <ns3:TrackPointExtension>
            <ns3:hr>164</ns3:hr>
          </ns3:TrackPointExtension>
        </extensions>
      </trkpt>
      <trkpt lat="24.48973850347101688385009765625" lon="118.10266993939876556396484375">
        <ele>7.400000095367431640625</ele>
        <time>2025-02-23T10:08:28.000Z</time>
        <extensions>
          <ns3:TrackPointExtension>
            <ns3:hr>164</ns3:hr>
          </ns3:TrackPointExtension>
        </extensions>
      </trkpt>
      <trkpt lat="24.489718973636627197265625" lon="118.102648817002773284912109375">
        <ele>7.400000095367431640625</ele>
        <time>2025-02-23T10:08:29.000Z</time>
        <extensions>
          <ns3:TrackPointExtension>
            <ns3:hr>164</ns3:hr>
          </ns3:TrackPointExtension>
        </extensions>
      </trkpt>
      <trkpt lat="24.48969944380223751068115234375" lon="118.10262794606387615203857421875">
        <ele>7.400000095367431640625</ele>
        <time>2025-02-23T10:08:30.000Z</time>
        <extensions>
          <ns3:TrackPointExtension>
            <ns3:hr>164</ns3:hr>
          </ns3:TrackPointExtension>
        </extensions>
      </trkpt>
      <trkpt lat="24.4896795786917209625244140625" lon="118.10260648839175701141357421875">
        <ele>7.599999904632568359375</ele>
        <time>2025-02-23T10:08:31.000Z</time>
        <extensions>
          <ns3:TrackPointExtension>
            <ns3:hr>164</ns3:hr>
          </ns3:TrackPointExtension>
        </extensions>
      </trkpt>
      <trkpt lat="24.48965854011476039886474609375" lon="118.102584443986415863037109375">
        <ele>7.599999904632568359375</ele>
        <time>2025-02-23T10:08:32.000Z</time>
        <extensions>
          <ns3:TrackPointExtension>
            <ns3:hr>164</ns3:hr>
          </ns3:TrackPointExtension>
        </extensions>
      </trkpt>
      <trkpt lat="24.4896371662616729736328125" lon="118.102562986314296722412109375">
        <ele>7.80000019073486328125</ele>
        <time>2025-02-23T10:08:33.000Z</time>
        <extensions>
          <ns3:TrackPointExtension>
            <ns3:hr>164</ns3:hr>
          </ns3:TrackPointExtension>
        </extensions>
      </trkpt>
      <trkpt lat="24.48961629532277584075927734375" lon="118.10254253447055816650390625">
        <ele>7.80000019073486328125</ele>
        <time>2025-02-23T10:08:34.000Z</time>
        <extensions>
          <ns3:TrackPointExtension>
            <ns3:hr>164</ns3:hr>
          </ns3:TrackPointExtension>
        </extensions>
      </trkpt>
      <trkpt lat="24.48959584347903728485107421875" lon="118.10252333991229534149169921875">
        <ele>7.80000019073486328125</ele>
        <time>2025-02-23T10:08:35.000Z</time>
        <extensions>
          <ns3:TrackPointExtension>
            <ns3:hr>164</ns3:hr>
          </ns3:TrackPointExtension>
        </extensions>
      </trkpt>
      <trkpt lat="24.48957488872110843658447265625" lon="118.10250540263950824737548828125">
        <ele>7.80000019073486328125</ele>
        <time>2025-02-23T10:08:36.000Z</time>
        <extensions>
          <ns3:TrackPointExtension>
            <ns3:hr>164</ns3:hr>
          </ns3:TrackPointExtension>
        </extensions>
      </trkpt>
      <trkpt lat="24.48955309577286243438720703125" lon="118.10248780064284801483154296875">
        <ele>7.80000019073486328125</ele>
        <time>2025-02-23T10:08:37.000Z</time>
        <extensions>
          <ns3:TrackPointExtension>
            <ns3:hr>164</ns3:hr>
          </ns3:TrackPointExtension>
        </extensions>
      </trkpt>
      <trkpt lat="24.48953079991042613983154296875" lon="118.1024702824652194976806640625">
        <ele>7.80000019073486328125</ele>
        <time>2025-02-23T10:08:38.000Z</time>
        <extensions>
          <ns3:TrackPointExtension>
            <ns3:hr>164</ns3:hr>
          </ns3:TrackPointExtension>
        </extensions>
      </trkpt>
      <trkpt lat="24.48950850404798984527587890625" lon="118.10245343483984470367431640625">
        <ele>7.80000019073486328125</ele>
        <time>2025-02-23T10:08:39.000Z</time>
        <extensions>
          <ns3:TrackPointExtension>
            <ns3:hr>164</ns3:hr>
          </ns3:TrackPointExtension>
        </extensions>
      </trkpt>
      <trkpt lat="24.48948629200458526611328125" lon="118.1024372577667236328125">
        <ele>7.80000019073486328125</ele>
        <time>2025-02-23T10:08:40.000Z</time>
        <extensions>
          <ns3:TrackPointExtension>
            <ns3:hr>165</ns3:hr>
          </ns3:TrackPointExtension>
        </extensions>
      </trkpt>
      <trkpt lat="24.4894636608660221099853515625" lon="118.10242116451263427734375">
        <ele>7.80000019073486328125</ele>
        <time>2025-02-23T10:08:41.000Z</time>
        <extensions>
          <ns3:TrackPointExtension>
            <ns3:hr>165</ns3:hr>
          </ns3:TrackPointExtension>
        </extensions>
      </trkpt>
      <trkpt lat="24.4894405268132686614990234375" lon="118.1024049036204814910888671875">
        <ele>7.80000019073486328125</ele>
        <time>2025-02-23T10:08:42.000Z</time>
        <extensions>
          <ns3:TrackPointExtension>
            <ns3:hr>165</ns3:hr>
          </ns3:TrackPointExtension>
        </extensions>
      </trkpt>
      <trkpt lat="24.48941714130342006683349609375" lon="118.102388642728328704833984375">
        <ele>8</ele>
        <time>2025-02-23T10:08:43.000Z</time>
        <extensions>
          <ns3:TrackPointExtension>
            <ns3:hr>165</ns3:hr>
          </ns3:TrackPointExtension>
        </extensions>
      </trkpt>
      <trkpt lat="24.48939400725066661834716796875" lon="118.1023728847503662109375">
        <ele>8</ele>
        <time>2025-02-23T10:08:44.000Z</time>
        <extensions>
          <ns3:TrackPointExtension>
            <ns3:hr>165</ns3:hr>
          </ns3:TrackPointExtension>
        </extensions>
      </trkpt>
      <trkpt lat="24.4893707893788814544677734375" lon="118.1023576296865940093994140625">
        <ele>8</ele>
        <time>2025-02-23T10:08:45.000Z</time>
        <extensions>
          <ns3:TrackPointExtension>
            <ns3:hr>165</ns3:hr>
          </ns3:TrackPointExtension>
        </extensions>
      </trkpt>
      <trkpt lat="24.4893473200500011444091796875" lon="118.10234262607991695404052734375">
        <ele>8</ele>
        <time>2025-02-23T10:08:46.000Z</time>
        <extensions>
          <ns3:TrackPointExtension>
            <ns3:hr>165</ns3:hr>
          </ns3:TrackPointExtension>
        </extensions>
      </trkpt>
      <trkpt lat="24.4893235154449939727783203125" lon="118.10232720337808132171630859375">
        <ele>8</ele>
        <time>2025-02-23T10:08:47.000Z</time>
        <extensions>
          <ns3:TrackPointExtension>
            <ns3:hr>165</ns3:hr>
          </ns3:TrackPointExtension>
        </extensions>
      </trkpt>
      <trkpt lat="24.48929962702095508575439453125" lon="118.10231094248592853546142578125">
        <ele>8</ele>
        <time>2025-02-23T10:08:48.000Z</time>
        <extensions>
          <ns3:TrackPointExtension>
            <ns3:hr>165</ns3:hr>
          </ns3:TrackPointExtension>
        </extensions>
      </trkpt>
      <trkpt lat="24.4892755709588527679443359375" lon="118.102295100688934326171875">
        <ele>8.19999980926513671875</ele>
        <time>2025-02-23T10:08:49.000Z</time>
        <extensions>
          <ns3:TrackPointExtension>
            <ns3:hr>165</ns3:hr>
          </ns3:TrackPointExtension>
        </extensions>
      </trkpt>
      <trkpt lat="24.4892510958015918731689453125" lon="118.10228101909160614013671875">
        <ele>8.19999980926513671875</ele>
        <time>2025-02-23T10:08:50.000Z</time>
        <extensions>
          <ns3:TrackPointExtension>
            <ns3:hr>165</ns3:hr>
          </ns3:TrackPointExtension>
        </extensions>
      </trkpt>
      <trkpt lat="24.48922569863498210906982421875" lon="118.102268613874912261962890625">
        <ele>8.3999996185302734375</ele>
        <time>2025-02-23T10:08:51.000Z</time>
        <extensions>
          <ns3:TrackPointExtension>
            <ns3:hr>165</ns3:hr>
          </ns3:TrackPointExtension>
        </extensions>
      </trkpt>
      <trkpt lat="24.48919988237321376800537109375" lon="118.10225780121982097625732421875">
        <ele>8.3999996185302734375</ele>
        <time>2025-02-23T10:08:52.000Z</time>
        <extensions>
          <ns3:TrackPointExtension>
            <ns3:hr>165</ns3:hr>
          </ns3:TrackPointExtension>
        </extensions>
      </trkpt>
      <trkpt lat="24.48917423374950885772705078125" lon="118.102247826755046844482421875">
        <ele>8.6000003814697265625</ele>
        <time>2025-02-23T10:08:53.000Z</time>
        <extensions>
          <ns3:TrackPointExtension>
            <ns3:hr>165</ns3:hr>
          </ns3:TrackPointExtension>
        </extensions>
      </trkpt>
      <trkpt lat="24.4891491718590259552001953125" lon="118.1022379361093044281005859375">
        <ele>8.6000003814697265625</ele>
        <time>2025-02-23T10:08:54.000Z</time>
        <extensions>
          <ns3:TrackPointExtension>
            <ns3:hr>165</ns3:hr>
          </ns3:TrackPointExtension>
        </extensions>
      </trkpt>
      <trkpt lat="24.489124529063701629638671875" lon="118.10222796164453029632568359375">
        <ele>8.80000019073486328125</ele>
        <time>2025-02-23T10:08:55.000Z</time>
        <extensions>
          <ns3:TrackPointExtension>
            <ns3:hr>164</ns3:hr>
          </ns3:TrackPointExtension>
        </extensions>
      </trkpt>
      <trkpt lat="24.48909896425902843475341796875" lon="118.1022184900939464569091796875">
        <ele>9</ele>
        <time>2025-02-23T10:08:56.000Z</time>
        <extensions>
          <ns3:TrackPointExtension>
            <ns3:hr>164</ns3:hr>
          </ns3:TrackPointExtension>
        </extensions>
      </trkpt>
      <trkpt lat="24.48907247744500637054443359375" lon="118.10221052728593349456787109375">
        <ele>9</ele>
        <time>2025-02-23T10:08:57.000Z</time>
        <extensions>
          <ns3:TrackPointExtension>
            <ns3:hr>164</ns3:hr>
          </ns3:TrackPointExtension>
        </extensions>
      </trkpt>
      <trkpt lat="24.48904515244066715240478515625" lon="118.10220482759177684783935546875">
        <ele>9.19999980926513671875</ele>
        <time>2025-02-23T10:08:58.000Z</time>
        <extensions>
          <ns3:TrackPointExtension>
            <ns3:hr>165</ns3:hr>
          </ns3:TrackPointExtension>
        </extensions>
      </trkpt>
      <trkpt lat="24.48901690542697906494140625" lon="118.10220080427825450897216796875">
        <ele>9.3999996185302734375</ele>
        <time>2025-02-23T10:08:59.000Z</time>
        <extensions>
          <ns3:TrackPointExtension>
            <ns3:hr>165</ns3:hr>
          </ns3:TrackPointExtension>
        </extensions>
      </trkpt>
      <trkpt lat="24.4889880716800689697265625" lon="118.10219778679311275482177734375">
        <ele>9.6000003814697265625</ele>
        <time>2025-02-23T10:09:00.000Z</time>
        <extensions>
          <ns3:TrackPointExtension>
            <ns3:hr>165</ns3:hr>
          </ns3:TrackPointExtension>
        </extensions>
      </trkpt>
      <trkpt lat="24.48895932175219058990478515625" lon="118.10219585895538330078125">
        <ele>9.80000019073486328125</ele>
        <time>2025-02-23T10:09:01.000Z</time>
        <extensions>
          <ns3:TrackPointExtension>
            <ns3:hr>165</ns3:hr>
          </ns3:TrackPointExtension>
        </extensions>
      </trkpt>
      <trkpt lat="24.48893107473850250244140625" lon="118.10219585895538330078125">
        <ele>10</ele>
        <time>2025-02-23T10:09:02.000Z</time>
        <extensions>
          <ns3:TrackPointExtension>
            <ns3:hr>165</ns3:hr>
          </ns3:TrackPointExtension>
        </extensions>
      </trkpt>
      <trkpt lat="24.488903246819972991943359375" lon="118.10219728387892246246337890625">
        <ele>10</ele>
        <time>2025-02-23T10:09:03.000Z</time>
        <extensions>
          <ns3:TrackPointExtension>
            <ns3:hr>165</ns3:hr>
          </ns3:TrackPointExtension>
        </extensions>
      </trkpt>
      <trkpt lat="24.4888752512633800506591796875" lon="118.10219946317374706268310546875">
        <ele>10.19999980926513671875</ele>
        <time>2025-02-23T10:09:04.000Z</time>
        <extensions>
          <ns3:TrackPointExtension>
            <ns3:hr>165</ns3:hr>
          </ns3:TrackPointExtension>
        </extensions>
      </trkpt>
      <trkpt lat="24.488847590982913970947265625" lon="118.1022020615637302398681640625">
        <ele>10.3999996185302734375</ele>
        <time>2025-02-23T10:09:05.000Z</time>
        <extensions>
          <ns3:TrackPointExtension>
            <ns3:hr>165</ns3:hr>
          </ns3:TrackPointExtension>
        </extensions>
      </trkpt>
      <trkpt lat="24.48882018215954303741455078125" lon="118.10220482759177684783935546875">
        <ele>10.3999996185302734375</ele>
        <time>2025-02-23T10:09:06.000Z</time>
        <extensions>
          <ns3:TrackPointExtension>
            <ns3:hr>165</ns3:hr>
          </ns3:TrackPointExtension>
        </extensions>
      </trkpt>
      <trkpt lat="24.48879235424101352691650390625" lon="118.1022077612578868865966796875">
        <ele>10.6000003814697265625</ele>
        <time>2025-02-23T10:09:07.000Z</time>
        <extensions>
          <ns3:TrackPointExtension>
            <ns3:hr>165</ns3:hr>
          </ns3:TrackPointExtension>
        </extensions>
      </trkpt>
      <trkpt lat="24.48876486159861087799072265625" lon="118.10221136547625064849853515625">
        <ele>10.6000003814697265625</ele>
        <time>2025-02-23T10:09:08.000Z</time>
        <extensions>
          <ns3:TrackPointExtension>
            <ns3:hr>166</ns3:hr>
          </ns3:TrackPointExtension>
        </extensions>
      </trkpt>
      <trkpt lat="24.48873795568943023681640625" lon="118.10221572406589984893798828125">
        <ele>10.80000019073486328125</ele>
        <time>2025-02-23T10:09:09.000Z</time>
        <extensions>
          <ns3:TrackPointExtension>
            <ns3:hr>166</ns3:hr>
          </ns3:TrackPointExtension>
        </extensions>
      </trkpt>
      <trkpt lat="24.48871121741831302642822265625" lon="118.1022208370268344879150390625">
        <ele>10.80000019073486328125</ele>
        <time>2025-02-23T10:09:10.000Z</time>
        <extensions>
          <ns3:TrackPointExtension>
            <ns3:hr>166</ns3:hr>
          </ns3:TrackPointExtension>
        </extensions>
      </trkpt>
      <trkpt lat="24.488683640956878662109375" lon="118.10222745873034000396728515625">
        <ele>10.80000019073486328125</ele>
        <time>2025-02-23T10:09:11.000Z</time>
        <extensions>
          <ns3:TrackPointExtension>
            <ns3:hr>166</ns3:hr>
          </ns3:TrackPointExtension>
        </extensions>
      </trkpt>
      <trkpt lat="24.4886549748480319976806640625" lon="118.102235756814479827880859375">
        <ele>10.6000003814697265625</ele>
        <time>2025-02-23T10:09:12.000Z</time>
        <extensions>
          <ns3:TrackPointExtension>
            <ns3:hr>166</ns3:hr>
          </ns3:TrackPointExtension>
        </extensions>
      </trkpt>
      <trkpt lat="24.4886264763772487640380859375" lon="118.10224522836506366729736328125">
        <ele>10.6000003814697265625</ele>
        <time>2025-02-23T10:09:13.000Z</time>
        <extensions>
          <ns3:TrackPointExtension>
            <ns3:hr>165</ns3:hr>
          </ns3:TrackPointExtension>
        </extensions>
      </trkpt>
      <trkpt lat="24.488598816096782684326171875" lon="118.10225553810596466064453125">
        <ele>10.6000003814697265625</ele>
        <time>2025-02-23T10:09:14.000Z</time>
        <extensions>
          <ns3:TrackPointExtension>
            <ns3:hr>165</ns3:hr>
          </ns3:TrackPointExtension>
        </extensions>
      </trkpt>
      <trkpt lat="24.48857165873050689697265625" lon="118.1022669374942779541015625">
        <ele>10.3999996185302734375</ele>
        <time>2025-02-23T10:09:15.000Z</time>
        <extensions>
          <ns3:TrackPointExtension>
            <ns3:hr>165</ns3:hr>
          </ns3:TrackPointExtension>
        </extensions>
      </trkpt>
      <trkpt lat="24.4885450042784214019775390625" lon="118.102279007434844970703125">
        <ele>10.3999996185302734375</ele>
        <time>2025-02-23T10:09:16.000Z</time>
        <extensions>
          <ns3:TrackPointExtension>
            <ns3:hr>165</ns3:hr>
          </ns3:TrackPointExtension>
        </extensions>
      </trkpt>
      <trkpt lat="24.4885188527405261993408203125" lon="118.10229166410863399505615234375">
        <ele>10.19999980926513671875</ele>
        <time>2025-02-23T10:09:17.000Z</time>
        <extensions>
          <ns3:TrackPointExtension>
            <ns3:hr>165</ns3:hr>
          </ns3:TrackPointExtension>
        </extensions>
      </trkpt>
      <trkpt lat="24.48849278502166271209716796875" lon="118.102304823696613311767578125">
        <ele>10.19999980926513671875</ele>
        <time>2025-02-23T10:09:18.000Z</time>
        <extensions>
          <ns3:TrackPointExtension>
            <ns3:hr>165</ns3:hr>
          </ns3:TrackPointExtension>
        </extensions>
      </trkpt>
      <trkpt lat="24.4884665496647357940673828125" lon="118.10231815092265605926513671875">
        <ele>10.19999980926513671875</ele>
        <time>2025-02-23T10:09:19.000Z</time>
        <extensions>
          <ns3:TrackPointExtension>
            <ns3:hr>163</ns3:hr>
          </ns3:TrackPointExtension>
        </extensions>
      </trkpt>
      <trkpt lat="24.4884400628507137298583984375" lon="118.10233122669160366058349609375">
        <ele>10.19999980926513671875</ele>
        <time>2025-02-23T10:09:20.000Z</time>
        <extensions>
          <ns3:TrackPointExtension>
            <ns3:hr>163</ns3:hr>
          </ns3:TrackPointExtension>
        </extensions>
      </trkpt>
      <trkpt lat="24.48841340839862823486328125" lon="118.1023445539176464080810546875">
        <ele>10.19999980926513671875</ele>
        <time>2025-02-23T10:09:21.000Z</time>
        <extensions>
          <ns3:TrackPointExtension>
            <ns3:hr>163</ns3:hr>
          </ns3:TrackPointExtension>
        </extensions>
      </trkpt>
      <trkpt lat="24.4883867539465427398681640625" lon="118.10235838405787944793701171875">
        <ele>10.3999996185302734375</ele>
        <time>2025-02-23T10:09:22.000Z</time>
        <extensions>
          <ns3:TrackPointExtension>
            <ns3:hr>163</ns3:hr>
          </ns3:TrackPointExtension>
        </extensions>
      </trkpt>
      <trkpt lat="24.48836018331348896026611328125" lon="118.10237296856939792633056640625">
        <ele>10.3999996185302734375</ele>
        <time>2025-02-23T10:09:23.000Z</time>
        <extensions>
          <ns3:TrackPointExtension>
            <ns3:hr>163</ns3:hr>
          </ns3:TrackPointExtension>
        </extensions>
      </trkpt>
      <trkpt lat="24.48833419941365718841552734375" lon="118.1023881398141384124755859375">
        <ele>10.3999996185302734375</ele>
        <time>2025-02-23T10:09:24.000Z</time>
        <extensions>
          <ns3:TrackPointExtension>
            <ns3:hr>163</ns3:hr>
          </ns3:TrackPointExtension>
        </extensions>
      </trkpt>
      <trkpt lat="24.4883089698851108551025390625" lon="118.1024035625159740447998046875">
        <ele>10.3999996185302734375</ele>
        <time>2025-02-23T10:09:25.000Z</time>
        <extensions>
          <ns3:TrackPointExtension>
            <ns3:hr>163</ns3:hr>
          </ns3:TrackPointExtension>
        </extensions>
      </trkpt>
      <trkpt lat="24.48828441090881824493408203125" lon="118.102418817579746246337890625">
        <ele>10.3999996185302734375</ele>
        <time>2025-02-23T10:09:26.000Z</time>
        <extensions>
          <ns3:TrackPointExtension>
            <ns3:hr>163</ns3:hr>
          </ns3:TrackPointExtension>
        </extensions>
      </trkpt>
      <trkpt lat="24.48826052248477935791015625" lon="118.10243365354835987091064453125">
        <ele>10.3999996185302734375</ele>
        <time>2025-02-23T10:09:27.000Z</time>
        <extensions>
          <ns3:TrackPointExtension>
            <ns3:hr>163</ns3:hr>
          </ns3:TrackPointExtension>
        </extensions>
      </trkpt>
      <trkpt lat="24.4882372207939624786376953125" lon="118.10244857333600521087646484375">
        <ele>10.19999980926513671875</ele>
        <time>2025-02-23T10:09:28.000Z</time>
        <extensions>
          <ns3:TrackPointExtension>
            <ns3:hr>163</ns3:hr>
          </ns3:TrackPointExtension>
        </extensions>
      </trkpt>
      <trkpt lat="24.48821450583636760711669921875" lon="118.10246416367590427398681640625">
        <ele>10.19999980926513671875</ele>
        <time>2025-02-23T10:09:29.000Z</time>
        <extensions>
          <ns3:TrackPointExtension>
            <ns3:hr>163</ns3:hr>
          </ns3:TrackPointExtension>
        </extensions>
      </trkpt>
      <trkpt lat="24.488192461431026458740234375" lon="118.102480508387088775634765625">
        <ele>10</ele>
        <time>2025-02-23T10:09:30.000Z</time>
        <extensions>
          <ns3:TrackPointExtension>
            <ns3:hr>163</ns3:hr>
          </ns3:TrackPointExtension>
        </extensions>
      </trkpt>
      <trkpt lat="24.4881708361208438873291015625" lon="118.10249735601246356964111328125">
        <ele>10</ele>
        <time>2025-02-23T10:09:31.000Z</time>
        <extensions>
          <ns3:TrackPointExtension>
            <ns3:hr>163</ns3:hr>
          </ns3:TrackPointExtension>
        </extensions>
      </trkpt>
      <trkpt lat="24.48814921081066131591796875" lon="118.10251428745687007904052734375">
        <ele>9.80000019073486328125</ele>
        <time>2025-02-23T10:09:32.000Z</time>
        <extensions>
          <ns3:TrackPointExtension>
            <ns3:hr>163</ns3:hr>
          </ns3:TrackPointExtension>
        </extensions>
      </trkpt>
      <trkpt lat="24.48812733404338359832763671875" lon="118.10253105126321315765380859375">
        <ele>9.3999996185302734375</ele>
        <time>2025-02-23T10:09:33.000Z</time>
        <extensions>
          <ns3:TrackPointExtension>
            <ns3:hr>163</ns3:hr>
          </ns3:TrackPointExtension>
        </extensions>
      </trkpt>
      <trkpt lat="24.48810554109513759613037109375" lon="118.1025473959743976593017578125">
        <ele>9.19999980926513671875</ele>
        <time>2025-02-23T10:09:34.000Z</time>
        <extensions>
          <ns3:TrackPointExtension>
            <ns3:hr>163</ns3:hr>
          </ns3:TrackPointExtension>
        </extensions>
      </trkpt>
      <trkpt lat="24.48808441869914531707763671875" lon="118.1025641597807407379150390625">
        <ele>8.80000019073486328125</ele>
        <time>2025-02-23T10:09:35.000Z</time>
        <extensions>
          <ns3:TrackPointExtension>
            <ns3:hr>163</ns3:hr>
          </ns3:TrackPointExtension>
        </extensions>
      </trkpt>
      <trkpt lat="24.4880642183125019073486328125" lon="118.1025819294154644012451171875">
        <ele>8.19999980926513671875</ele>
        <time>2025-02-23T10:09:36.000Z</time>
        <extensions>
          <ns3:TrackPointExtension>
            <ns3:hr>163</ns3:hr>
          </ns3:TrackPointExtension>
        </extensions>
      </trkpt>
      <trkpt lat="24.48804468847811222076416015625" lon="118.102600537240505218505859375">
        <ele>7.80000019073486328125</ele>
        <time>2025-02-23T10:09:37.000Z</time>
        <extensions>
          <ns3:TrackPointExtension>
            <ns3:hr>163</ns3:hr>
          </ns3:TrackPointExtension>
        </extensions>
      </trkpt>
      <trkpt lat="24.48802591301500797271728515625" lon="118.10261973179876804351806640625">
        <ele>7.400000095367431640625</ele>
        <time>2025-02-23T10:09:38.000Z</time>
        <extensions>
          <ns3:TrackPointExtension>
            <ns3:hr>164</ns3:hr>
          </ns3:TrackPointExtension>
        </extensions>
      </trkpt>
      <trkpt lat="24.48800764046609401702880859375" lon="118.1026397645473480224609375">
        <ele>7</ele>
        <time>2025-02-23T10:09:39.000Z</time>
        <extensions>
          <ns3:TrackPointExtension>
            <ns3:hr>164</ns3:hr>
          </ns3:TrackPointExtension>
        </extensions>
      </trkpt>
      <trkpt lat="24.48798987083137035369873046875" lon="118.10266046784818172454833984375">
        <ele>6.80000019073486328125</ele>
        <time>2025-02-23T10:09:40.000Z</time>
        <extensions>
          <ns3:TrackPointExtension>
            <ns3:hr>164</ns3:hr>
          </ns3:TrackPointExtension>
        </extensions>
      </trkpt>
      <trkpt lat="24.48797218501567840576171875" lon="118.10268108732998371124267578125">
        <ele>6.599999904632568359375</ele>
        <time>2025-02-23T10:09:41.000Z</time>
        <extensions>
          <ns3:TrackPointExtension>
            <ns3:hr>164</ns3:hr>
          </ns3:TrackPointExtension>
        </extensions>
      </trkpt>
      <trkpt lat="24.48795449919998645782470703125" lon="118.1027012877166271209716796875">
        <ele>6.400000095367431640625</ele>
        <time>2025-02-23T10:09:42.000Z</time>
        <extensions>
          <ns3:TrackPointExtension>
            <ns3:hr>164</ns3:hr>
          </ns3:TrackPointExtension>
        </extensions>
      </trkpt>
      <trkpt lat="24.4879371486604213714599609375" lon="118.10272090137004852294921875">
        <ele>6.400000095367431640625</ele>
        <time>2025-02-23T10:09:43.000Z</time>
        <extensions>
          <ns3:TrackPointExtension>
            <ns3:hr>164</ns3:hr>
          </ns3:TrackPointExtension>
        </extensions>
      </trkpt>
      <trkpt lat="24.48791988193988800048828125" lon="118.102742023766040802001953125">
        <ele>6.19999980926513671875</ele>
        <time>2025-02-23T10:09:44.000Z</time>
        <extensions>
          <ns3:TrackPointExtension>
            <ns3:hr>164</ns3:hr>
          </ns3:TrackPointExtension>
        </extensions>
      </trkpt>
      <trkpt lat="24.48790303431451320648193359375" lon="118.10276607982814311981201171875">
        <ele>6.19999980926513671875</ele>
        <time>2025-02-23T10:09:45.000Z</time>
        <extensions>
          <ns3:TrackPointExtension>
            <ns3:hr>163</ns3:hr>
          </ns3:TrackPointExtension>
        </extensions>
      </trkpt>
      <trkpt lat="24.4878875277936458587646484375" lon="118.102791309356689453125">
        <ele>6</ele>
        <time>2025-02-23T10:09:46.000Z</time>
        <extensions>
          <ns3:TrackPointExtension>
            <ns3:hr>163</ns3:hr>
          </ns3:TrackPointExtension>
        </extensions>
      </trkpt>
      <trkpt lat="24.4878731109201908111572265625" lon="118.102816455066204071044921875">
        <ele>5.80000019073486328125</ele>
        <time>2025-02-23T10:09:47.000Z</time>
        <extensions>
          <ns3:TrackPointExtension>
            <ns3:hr>163</ns3:hr>
          </ns3:TrackPointExtension>
        </extensions>
      </trkpt>
      <trkpt lat="24.48785961605608463287353515625" lon="118.102841936051845550537109375">
        <ele>5.80000019073486328125</ele>
        <time>2025-02-23T10:09:48.000Z</time>
        <extensions>
          <ns3:TrackPointExtension>
            <ns3:hr>163</ns3:hr>
          </ns3:TrackPointExtension>
        </extensions>
      </trkpt>
      <trkpt lat="24.48784687556326389312744140625" lon="118.10286842286586761474609375">
        <ele>6</ele>
        <time>2025-02-23T10:09:49.000Z</time>
        <extensions>
          <ns3:TrackPointExtension>
            <ns3:hr>163</ns3:hr>
          </ns3:TrackPointExtension>
        </extensions>
      </trkpt>
      <trkpt lat="24.48783480562269687652587890625" lon="118.102895580232143402099609375">
        <ele>6.19999980926513671875</ele>
        <time>2025-02-23T10:09:50.000Z</time>
        <extensions>
          <ns3:TrackPointExtension>
            <ns3:hr>163</ns3:hr>
          </ns3:TrackPointExtension>
        </extensions>
      </trkpt>
      <trkpt lat="24.48782332241535186767578125" lon="118.102922737598419189453125">
        <ele>6.19999980926513671875</ele>
        <time>2025-02-23T10:09:51.000Z</time>
        <extensions>
          <ns3:TrackPointExtension>
            <ns3:hr>163</ns3:hr>
          </ns3:TrackPointExtension>
        </extensions>
      </trkpt>
      <trkpt lat="24.4878114201128482818603515625" lon="118.102949559688568115234375">
        <ele>6.400000095367431640625</ele>
        <time>2025-02-23T10:09:52.000Z</time>
        <extensions>
          <ns3:TrackPointExtension>
            <ns3:hr>163</ns3:hr>
          </ns3:TrackPointExtension>
        </extensions>
      </trkpt>
      <trkpt lat="24.48779926635324954986572265625" lon="118.10297596268355846405029296875">
        <ele>6.400000095367431640625</ele>
        <time>2025-02-23T10:09:53.000Z</time>
        <extensions>
          <ns3:TrackPointExtension>
            <ns3:hr>163</ns3:hr>
          </ns3:TrackPointExtension>
        </extensions>
      </trkpt>
      <trkpt lat="24.4877876155078411102294921875" lon="118.10300228185951709747314453125">
        <ele>6.599999904632568359375</ele>
        <time>2025-02-23T10:09:54.000Z</time>
        <extensions>
          <ns3:TrackPointExtension>
            <ns3:hr>163</ns3:hr>
          </ns3:TrackPointExtension>
        </extensions>
      </trkpt>
      <trkpt lat="24.48777730576694011688232421875" lon="118.10302943922579288482666015625">
        <ele>6.80000019073486328125</ele>
        <time>2025-02-23T10:09:55.000Z</time>
        <extensions>
          <ns3:TrackPointExtension>
            <ns3:hr>163</ns3:hr>
          </ns3:TrackPointExtension>
        </extensions>
      </trkpt>
      <trkpt lat="24.48776808567345142364501953125" lon="118.10305793769657611846923828125">
        <ele>7</ele>
        <time>2025-02-23T10:09:56.000Z</time>
        <extensions>
          <ns3:TrackPointExtension>
            <ns3:hr>163</ns3:hr>
          </ns3:TrackPointExtension>
        </extensions>
      </trkpt>
      <trkpt lat="24.4877596199512481689453125" lon="118.1030871905386447906494140625">
        <ele>7.400000095367431640625</ele>
        <time>2025-02-23T10:09:57.000Z</time>
        <extensions>
          <ns3:TrackPointExtension>
            <ns3:hr>163</ns3:hr>
          </ns3:TrackPointExtension>
        </extensions>
      </trkpt>
      <trkpt lat="24.48775199241936206817626953125" lon="118.103116191923618316650390625">
        <ele>7.80000019073486328125</ele>
        <time>2025-02-23T10:09:58.000Z</time>
        <extensions>
          <ns3:TrackPointExtension>
            <ns3:hr>164</ns3:hr>
          </ns3:TrackPointExtension>
        </extensions>
      </trkpt>
      <trkpt lat="24.48774495162069797515869140625" lon="118.10314469039440155029296875">
        <ele>8.19999980926513671875</ele>
        <time>2025-02-23T10:09:59.000Z</time>
        <extensions>
          <ns3:TrackPointExtension>
            <ns3:hr>164</ns3:hr>
          </ns3:TrackPointExtension>
        </extensions>
      </trkpt>
      <trkpt lat="24.4877386651933193206787109375" lon="118.10317243449389934539794921875">
        <ele>8.6000003814697265625</ele>
        <time>2025-02-23T10:10:00.000Z</time>
        <extensions>
          <ns3:TrackPointExtension>
            <ns3:hr>164</ns3:hr>
          </ns3:TrackPointExtension>
        </extensions>
      </trkpt>
      <trkpt lat="24.48773304931819438934326171875" lon="118.10319975949823856353759765625">
        <ele>9.19999980926513671875</ele>
        <time>2025-02-23T10:10:01.000Z</time>
        <extensions>
          <ns3:TrackPointExtension>
            <ns3:hr>164</ns3:hr>
          </ns3:TrackPointExtension>
        </extensions>
      </trkpt>
      <trkpt lat="24.48772818781435489654541015625" lon="118.1032273359596729278564453125">
        <ele>9.6000003814697265625</ele>
        <time>2025-02-23T10:10:02.000Z</time>
        <extensions>
          <ns3:TrackPointExtension>
            <ns3:hr>164</ns3:hr>
          </ns3:TrackPointExtension>
        </extensions>
      </trkpt>
      <trkpt lat="24.487724415957927703857421875" lon="118.1032554991543292999267578125">
        <ele>10</ele>
        <time>2025-02-23T10:10:03.000Z</time>
        <extensions>
          <ns3:TrackPointExtension>
            <ns3:hr>164</ns3:hr>
          </ns3:TrackPointExtension>
        </extensions>
      </trkpt>
      <trkpt lat="24.48772181756794452667236328125" lon="118.103284500539302825927734375">
        <ele>10.3999996185302734375</ele>
        <time>2025-02-23T10:10:04.000Z</time>
        <extensions>
          <ns3:TrackPointExtension>
            <ns3:hr>164</ns3:hr>
          </ns3:TrackPointExtension>
        </extensions>
      </trkpt>
      <trkpt lat="24.48772097937762737274169921875" lon="118.103314340114593505859375">
        <ele>10.80000019073486328125</ele>
        <time>2025-02-23T10:10:05.000Z</time>
        <extensions>
          <ns3:TrackPointExtension>
            <ns3:hr>164</ns3:hr>
          </ns3:TrackPointExtension>
        </extensions>
      </trkpt>
      <trkpt lat="24.48772198520600795745849609375" lon="118.103344179689884185791015625">
        <ele>11.19999980926513671875</ele>
        <time>2025-02-23T10:10:06.000Z</time>
        <extensions>
          <ns3:TrackPointExtension>
            <ns3:hr>164</ns3:hr>
          </ns3:TrackPointExtension>
        </extensions>
      </trkpt>
      <trkpt lat="24.48772433213889598846435546875" lon="118.10337360017001628875732421875">
        <ele>11.6000003814697265625</ele>
        <time>2025-02-23T10:10:07.000Z</time>
        <extensions>
          <ns3:TrackPointExtension>
            <ns3:hr>164</ns3:hr>
          </ns3:TrackPointExtension>
        </extensions>
      </trkpt>
      <trkpt lat="24.4877269305288791656494140625" lon="118.1034028530120849609375">
        <ele>11.80000019073486328125</ele>
        <time>2025-02-23T10:10:08.000Z</time>
        <extensions>
          <ns3:TrackPointExtension>
            <ns3:hr>164</ns3:hr>
          </ns3:TrackPointExtension>
        </extensions>
      </trkpt>
      <trkpt lat="24.48772902600467205047607421875" lon="118.103432357311248779296875">
        <ele>11.6000003814697265625</ele>
        <time>2025-02-23T10:10:09.000Z</time>
        <extensions>
          <ns3:TrackPointExtension>
            <ns3:hr>164</ns3:hr>
          </ns3:TrackPointExtension>
        </extensions>
      </trkpt>
      <trkpt lat="24.4877306185662746429443359375" lon="118.10346177779138088226318359375">
        <ele>11.6000003814697265625</ele>
        <time>2025-02-23T10:10:10.000Z</time>
        <extensions>
          <ns3:TrackPointExtension>
            <ns3:hr>164</ns3:hr>
          </ns3:TrackPointExtension>
        </extensions>
      </trkpt>
      <trkpt lat="24.4877316243946552276611328125" lon="118.10349061153829097747802734375">
        <ele>11.3999996185302734375</ele>
        <time>2025-02-23T10:10:11.000Z</time>
        <extensions>
          <ns3:TrackPointExtension>
            <ns3:hr>164</ns3:hr>
          </ns3:TrackPointExtension>
        </extensions>
      </trkpt>
      <trkpt lat="24.48773221112787723541259765625" lon="118.103518523275852203369140625">
        <ele>11.3999996185302734375</ele>
        <time>2025-02-23T10:10:12.000Z</time>
        <extensions>
          <ns3:TrackPointExtension>
            <ns3:hr>165</ns3:hr>
          </ns3:TrackPointExtension>
        </extensions>
      </trkpt>
      <trkpt lat="24.48773237876594066619873046875" lon="118.10354609973728656768798828125">
        <ele>11.19999980926513671875</ele>
        <time>2025-02-23T10:10:13.000Z</time>
        <extensions>
          <ns3:TrackPointExtension>
            <ns3:hr>165</ns3:hr>
          </ns3:TrackPointExtension>
        </extensions>
      </trkpt>
      <trkpt lat="24.4877322949469089508056640625" lon="118.10357392765581607818603515625">
        <ele>11.19999980926513671875</ele>
        <time>2025-02-23T10:10:14.000Z</time>
        <extensions>
          <ns3:TrackPointExtension>
            <ns3:hr>165</ns3:hr>
          </ns3:TrackPointExtension>
        </extensions>
      </trkpt>
      <trkpt lat="24.48773187585175037384033203125" lon="118.10360200703144073486328125">
        <ele>11</ele>
        <time>2025-02-23T10:10:15.000Z</time>
        <extensions>
          <ns3:TrackPointExtension>
            <ns3:hr>165</ns3:hr>
          </ns3:TrackPointExtension>
        </extensions>
      </trkpt>
      <trkpt lat="24.487730450928211212158203125" lon="118.1036300025880336761474609375">
        <ele>11</ele>
        <time>2025-02-23T10:10:16.000Z</time>
        <extensions>
          <ns3:TrackPointExtension>
            <ns3:hr>165</ns3:hr>
          </ns3:TrackPointExtension>
        </extensions>
      </trkpt>
      <trkpt lat="24.48772818781435489654541015625" lon="118.1036578305065631866455078125">
        <ele>10.80000019073486328125</ele>
        <time>2025-02-23T10:10:17.000Z</time>
        <extensions>
          <ns3:TrackPointExtension>
            <ns3:hr>165</ns3:hr>
          </ns3:TrackPointExtension>
        </extensions>
      </trkpt>
      <trkpt lat="24.4877255894243717193603515625" lon="118.1036859937012195587158203125">
        <ele>10.3999996185302734375</ele>
        <time>2025-02-23T10:10:18.000Z</time>
        <extensions>
          <ns3:TrackPointExtension>
            <ns3:hr>165</ns3:hr>
          </ns3:TrackPointExtension>
        </extensions>
      </trkpt>
      <trkpt lat="24.4877235777676105499267578125" lon="118.10371465981006622314453125">
        <ele>10</ele>
        <time>2025-02-23T10:10:19.000Z</time>
        <extensions>
          <ns3:TrackPointExtension>
            <ns3:hr>165</ns3:hr>
          </ns3:TrackPointExtension>
        </extensions>
      </trkpt>
      <trkpt lat="24.4877229072153568267822265625" lon="118.10374340973794460296630859375">
        <ele>9.6000003814697265625</ele>
        <time>2025-02-23T10:10:20.000Z</time>
        <extensions>
          <ns3:TrackPointExtension>
            <ns3:hr>165</ns3:hr>
          </ns3:TrackPointExtension>
        </extensions>
      </trkpt>
      <trkpt lat="24.4877235777676105499267578125" lon="118.10377190820872783660888671875">
        <ele>9.19999980926513671875</ele>
        <time>2025-02-23T10:10:21.000Z</time>
        <extensions>
          <ns3:TrackPointExtension>
            <ns3:hr>165</ns3:hr>
          </ns3:TrackPointExtension>
        </extensions>
      </trkpt>
      <trkpt lat="24.487725086510181427001953125" lon="118.1038003228604793548583984375">
        <ele>9</ele>
        <time>2025-02-23T10:10:22.000Z</time>
        <extensions>
          <ns3:TrackPointExtension>
            <ns3:hr>165</ns3:hr>
          </ns3:TrackPointExtension>
        </extensions>
      </trkpt>
      <trkpt lat="24.48772676289081573486328125" lon="118.1038284860551357269287109375">
        <ele>8.80000019073486328125</ele>
        <time>2025-02-23T10:10:23.000Z</time>
        <extensions>
          <ns3:TrackPointExtension>
            <ns3:hr>165</ns3:hr>
          </ns3:TrackPointExtension>
        </extensions>
      </trkpt>
      <trkpt lat="24.4877286069095134735107421875" lon="118.1038563139736652374267578125">
        <ele>8.6000003814697265625</ele>
        <time>2025-02-23T10:10:24.000Z</time>
        <extensions>
          <ns3:TrackPointExtension>
            <ns3:hr>165</ns3:hr>
          </ns3:TrackPointExtension>
        </extensions>
      </trkpt>
      <trkpt lat="24.48773087002336978912353515625" lon="118.10388372279703617095947265625">
        <ele>8.3999996185302734375</ele>
        <time>2025-02-23T10:10:25.000Z</time>
        <extensions>
          <ns3:TrackPointExtension>
            <ns3:hr>165</ns3:hr>
          </ns3:TrackPointExtension>
        </extensions>
      </trkpt>
      <trkpt lat="24.48773439042270183563232421875" lon="118.1039112992584705352783203125">
        <ele>8.19999980926513671875</ele>
        <time>2025-02-23T10:10:26.000Z</time>
        <extensions>
          <ns3:TrackPointExtension>
            <ns3:hr>165</ns3:hr>
          </ns3:TrackPointExtension>
        </extensions>
      </trkpt>
      <trkpt lat="24.487739838659763336181640625" lon="118.10393887571990489959716796875">
        <ele>8</ele>
        <time>2025-02-23T10:10:27.000Z</time>
        <extensions>
          <ns3:TrackPointExtension>
            <ns3:hr>165</ns3:hr>
          </ns3:TrackPointExtension>
        </extensions>
      </trkpt>
      <trkpt lat="24.48774696327745914459228515625" lon="118.10396636836230754852294921875">
        <ele>7.80000019073486328125</ele>
        <time>2025-02-23T10:10:28.000Z</time>
        <extensions>
          <ns3:TrackPointExtension>
            <ns3:hr>165</ns3:hr>
          </ns3:TrackPointExtension>
        </extensions>
      </trkpt>
      <trkpt lat="24.4877550937235355377197265625" lon="118.10399319045245647430419921875">
        <ele>7.599999904632568359375</ele>
        <time>2025-02-23T10:10:29.000Z</time>
        <extensions>
          <ns3:TrackPointExtension>
            <ns3:hr>165</ns3:hr>
          </ns3:TrackPointExtension>
        </extensions>
      </trkpt>
      <trkpt lat="24.48776389472186565399169921875" lon="118.10401934199035167694091796875">
        <ele>7.400000095367431640625</ele>
        <time>2025-02-23T10:10:30.000Z</time>
        <extensions>
          <ns3:TrackPointExtension>
            <ns3:hr>165</ns3:hr>
          </ns3:TrackPointExtension>
        </extensions>
      </trkpt>
      <trkpt lat="24.48777328245341777801513671875" lon="118.1040457449853420257568359375">
        <ele>7.19999980926513671875</ele>
        <time>2025-02-23T10:10:31.000Z</time>
        <extensions>
          <ns3:TrackPointExtension>
            <ns3:hr>165</ns3:hr>
          </ns3:TrackPointExtension>
        </extensions>
      </trkpt>
      <trkpt lat="24.48778300546109676361083984375" lon="118.1040729023516178131103515625">
        <ele>7</ele>
        <time>2025-02-23T10:10:32.000Z</time>
        <extensions>
          <ns3:TrackPointExtension>
            <ns3:hr>165</ns3:hr>
          </ns3:TrackPointExtension>
        </extensions>
      </trkpt>
      <trkpt lat="24.48779306374490261077880859375" lon="118.1041000597178936004638671875">
        <ele>6.80000019073486328125</ele>
        <time>2025-02-23T10:10:33.000Z</time>
        <extensions>
          <ns3:TrackPointExtension>
            <ns3:hr>165</ns3:hr>
          </ns3:TrackPointExtension>
        </extensions>
      </trkpt>
      <trkpt lat="24.48780328966677188873291015625" lon="118.10412629507482051849365234375">
        <ele>6.599999904632568359375</ele>
        <time>2025-02-23T10:10:34.000Z</time>
        <extensions>
          <ns3:TrackPointExtension>
            <ns3:hr>164</ns3:hr>
          </ns3:TrackPointExtension>
        </extensions>
      </trkpt>
      <trkpt lat="24.48781368322670459747314453125" lon="118.104152195155620574951171875">
        <ele>6.400000095367431640625</ele>
        <time>2025-02-23T10:10:35.000Z</time>
        <extensions>
          <ns3:TrackPointExtension>
            <ns3:hr>164</ns3:hr>
          </ns3:TrackPointExtension>
        </extensions>
      </trkpt>
      <trkpt lat="24.48782441206276416778564453125" lon="118.10417792759835720062255859375">
        <ele>6.19999980926513671875</ele>
        <time>2025-02-23T10:10:36.000Z</time>
        <extensions>
          <ns3:TrackPointExtension>
            <ns3:hr>164</ns3:hr>
          </ns3:TrackPointExtension>
        </extensions>
      </trkpt>
      <trkpt lat="24.48783547617495059967041015625" lon="118.1042036600410938262939453125">
        <ele>6</ele>
        <time>2025-02-23T10:10:37.000Z</time>
        <extensions>
          <ns3:TrackPointExtension>
            <ns3:hr>164</ns3:hr>
          </ns3:TrackPointExtension>
        </extensions>
      </trkpt>
      <trkpt lat="24.48784746229648590087890625" lon="118.10422922484576702117919921875">
        <ele>6</ele>
        <time>2025-02-23T10:10:38.000Z</time>
        <extensions>
          <ns3:TrackPointExtension>
            <ns3:hr>164</ns3:hr>
          </ns3:TrackPointExtension>
        </extensions>
      </trkpt>
      <trkpt lat="24.48786112479865550994873046875" lon="118.10425453819334506988525390625">
        <ele>6</ele>
        <time>2025-02-23T10:10:39.000Z</time>
        <extensions>
          <ns3:TrackPointExtension>
            <ns3:hr>163</ns3:hr>
          </ns3:TrackPointExtension>
        </extensions>
      </trkpt>
      <trkpt lat="24.48787621222436428070068359375" lon="118.10427934862673282623291015625">
        <ele>6</ele>
        <time>2025-02-23T10:10:40.000Z</time>
        <extensions>
          <ns3:TrackPointExtension>
            <ns3:hr>163</ns3:hr>
          </ns3:TrackPointExtension>
        </extensions>
      </trkpt>
      <trkpt lat="24.48789180256426334381103515625" lon="118.10430315323173999786376953125">
        <ele>6</ele>
        <time>2025-02-23T10:10:41.000Z</time>
        <extensions>
          <ns3:TrackPointExtension>
            <ns3:hr>163</ns3:hr>
          </ns3:TrackPointExtension>
        </extensions>
      </trkpt>
      <trkpt lat="24.48790756054222583770751953125" lon="118.10432662256062030792236328125">
        <ele>6</ele>
        <time>2025-02-23T10:10:42.000Z</time>
        <extensions>
          <ns3:TrackPointExtension>
            <ns3:hr>163</ns3:hr>
          </ns3:TrackPointExtension>
        </extensions>
      </trkpt>
      <trkpt lat="24.48792398907244205474853515625" lon="118.10434975661337375640869140625">
        <ele>6</ele>
        <time>2025-02-23T10:10:43.000Z</time>
        <extensions>
          <ns3:TrackPointExtension>
            <ns3:hr>163</ns3:hr>
          </ns3:TrackPointExtension>
        </extensions>
      </trkpt>
      <trkpt lat="24.48794226162135601043701171875" lon="118.10437171719968318939208984375">
        <ele>6</ele>
        <time>2025-02-23T10:10:44.000Z</time>
        <extensions>
          <ns3:TrackPointExtension>
            <ns3:hr>163</ns3:hr>
          </ns3:TrackPointExtension>
        </extensions>
      </trkpt>
      <trkpt lat="24.48796321637928485870361328125" lon="118.10439233668148517608642578125">
        <ele>6</ele>
        <time>2025-02-23T10:10:45.000Z</time>
        <extensions>
          <ns3:TrackPointExtension>
            <ns3:hr>163</ns3:hr>
          </ns3:TrackPointExtension>
        </extensions>
      </trkpt>
      <trkpt lat="24.48798467405140399932861328125" lon="118.104413039982318878173828125">
        <ele>6</ele>
        <time>2025-02-23T10:10:46.000Z</time>
        <extensions>
          <ns3:TrackPointExtension>
            <ns3:hr>163</ns3:hr>
          </ns3:TrackPointExtension>
        </extensions>
      </trkpt>
      <trkpt lat="24.4880045391619205474853515625" lon="118.1044350005686283111572265625">
        <ele>6</ele>
        <time>2025-02-23T10:10:47.000Z</time>
        <extensions>
          <ns3:TrackPointExtension>
            <ns3:hr>163</ns3:hr>
          </ns3:TrackPointExtension>
        </extensions>
      </trkpt>
      <trkpt lat="24.4880229793488979339599609375" lon="118.10445805080235004425048828125">
        <ele>6</ele>
        <time>2025-02-23T10:10:48.000Z</time>
        <extensions>
          <ns3:TrackPointExtension>
            <ns3:hr>163</ns3:hr>
          </ns3:TrackPointExtension>
        </extensions>
      </trkpt>
      <trkpt lat="24.48804116807878017425537109375" lon="118.10448118485510349273681640625">
        <ele>6</ele>
        <time>2025-02-23T10:10:49.000Z</time>
        <extensions>
          <ns3:TrackPointExtension>
            <ns3:hr>163</ns3:hr>
          </ns3:TrackPointExtension>
        </extensions>
      </trkpt>
      <trkpt lat="24.4880598597228527069091796875" lon="118.10450348071753978729248046875">
        <ele>6</ele>
        <time>2025-02-23T10:10:50.000Z</time>
        <extensions>
          <ns3:TrackPointExtension>
            <ns3:hr>163</ns3:hr>
          </ns3:TrackPointExtension>
        </extensions>
      </trkpt>
      <trkpt lat="24.48807855136692523956298828125" lon="118.10452477075159549713134765625">
        <ele>6.400000095367431640625</ele>
        <time>2025-02-23T10:10:51.000Z</time>
        <extensions>
          <ns3:TrackPointExtension>
            <ns3:hr>163</ns3:hr>
          </ns3:TrackPointExtension>
        </extensions>
      </trkpt>
      <trkpt lat="24.48809715919196605682373046875" lon="118.10454539023339748382568359375">
        <ele>6.599999904632568359375</ele>
        <time>2025-02-23T10:10:52.000Z</time>
        <extensions>
          <ns3:TrackPointExtension>
            <ns3:hr>162</ns3:hr>
          </ns3:TrackPointExtension>
        </extensions>
      </trkpt>
      <trkpt lat="24.488116018474102020263671875" lon="118.10456617735326290130615234375">
        <ele>6.80000019073486328125</ele>
        <time>2025-02-23T10:10:53.000Z</time>
        <extensions>
          <ns3:TrackPointExtension>
            <ns3:hr>162</ns3:hr>
          </ns3:TrackPointExtension>
        </extensions>
      </trkpt>
      <trkpt lat="24.4881346262991428375244140625" lon="118.10458696447312831878662109375">
        <ele>7</ele>
        <time>2025-02-23T10:10:54.000Z</time>
        <extensions>
          <ns3:TrackPointExtension>
            <ns3:hr>162</ns3:hr>
          </ns3:TrackPointExtension>
        </extensions>
      </trkpt>
      <trkpt lat="24.4881530664861202239990234375" lon="118.10460724867880344390869140625">
        <ele>7.19999980926513671875</ele>
        <time>2025-02-23T10:10:55.000Z</time>
        <extensions>
          <ns3:TrackPointExtension>
            <ns3:hr>162</ns3:hr>
          </ns3:TrackPointExtension>
        </extensions>
      </trkpt>
      <trkpt lat="24.48817192576825618743896484375" lon="118.10462602414190769195556640625">
        <ele>7.400000095367431640625</ele>
        <time>2025-02-23T10:10:56.000Z</time>
        <extensions>
          <ns3:TrackPointExtension>
            <ns3:hr>162</ns3:hr>
          </ns3:TrackPointExtension>
        </extensions>
      </trkpt>
      <trkpt lat="24.4881916232407093048095703125" lon="118.10464278794825077056884765625">
        <ele>7.19999980926513671875</ele>
        <time>2025-02-23T10:10:57.000Z</time>
        <extensions>
          <ns3:TrackPointExtension>
            <ns3:hr>163</ns3:hr>
          </ns3:TrackPointExtension>
        </extensions>
      </trkpt>
      <trkpt lat="24.48821232654154300689697265625" lon="118.104657791554927825927734375">
        <ele>7.19999980926513671875</ele>
        <time>2025-02-23T10:10:58.000Z</time>
        <extensions>
          <ns3:TrackPointExtension>
            <ns3:hr>163</ns3:hr>
          </ns3:TrackPointExtension>
        </extensions>
      </trkpt>
      <trkpt lat="24.48823370039463043212890625" lon="118.1046720407903194427490234375">
        <ele>7</ele>
        <time>2025-02-23T10:10:59.000Z</time>
        <extensions>
          <ns3:TrackPointExtension>
            <ns3:hr>163</ns3:hr>
          </ns3:TrackPointExtension>
        </extensions>
      </trkpt>
      <trkpt lat="24.48825524188578128814697265625" lon="118.104686625301837921142578125">
        <ele>6.80000019073486328125</ele>
        <time>2025-02-23T10:11:00.000Z</time>
        <extensions>
          <ns3:TrackPointExtension>
            <ns3:hr>163</ns3:hr>
          </ns3:TrackPointExtension>
        </extensions>
      </trkpt>
      <trkpt lat="24.4882767833769321441650390625" lon="118.10470162890851497650146484375">
        <ele>6.599999904632568359375</ele>
        <time>2025-02-23T10:11:01.000Z</time>
        <extensions>
          <ns3:TrackPointExtension>
            <ns3:hr>162</ns3:hr>
          </ns3:TrackPointExtension>
        </extensions>
      </trkpt>
      <trkpt lat="24.4882989116013050079345703125" lon="118.10471654869616031646728515625">
        <ele>6.400000095367431640625</ele>
        <time>2025-02-23T10:11:02.000Z</time>
        <extensions>
          <ns3:TrackPointExtension>
            <ns3:hr>162</ns3:hr>
          </ns3:TrackPointExtension>
        </extensions>
      </trkpt>
      <trkpt lat="24.48832196183502674102783203125" lon="118.10473046265542507171630859375">
        <ele>6.400000095367431640625</ele>
        <time>2025-02-23T10:11:03.000Z</time>
        <extensions>
          <ns3:TrackPointExtension>
            <ns3:hr>160</ns3:hr>
          </ns3:TrackPointExtension>
        </extensions>
      </trkpt>
      <trkpt lat="24.4883458502590656280517578125" lon="118.10474328696727752685546875">
        <ele>6.19999980926513671875</ele>
        <time>2025-02-23T10:11:04.000Z</time>
        <extensions>
          <ns3:TrackPointExtension>
            <ns3:hr>160</ns3:hr>
          </ns3:TrackPointExtension>
        </extensions>
      </trkpt>
      <trkpt lat="24.48836973868310451507568359375" lon="118.10475560836493968963623046875">
        <ele>5.80000019073486328125</ele>
        <time>2025-02-23T10:11:05.000Z</time>
        <extensions>
          <ns3:TrackPointExtension>
            <ns3:hr>160</ns3:hr>
          </ns3:TrackPointExtension>
        </extensions>
      </trkpt>
      <trkpt lat="24.48839329183101654052734375" lon="118.10476734302937984466552734375">
        <ele>5.599999904632568359375</ele>
        <time>2025-02-23T10:11:06.000Z</time>
        <extensions>
          <ns3:TrackPointExtension>
            <ns3:hr>160</ns3:hr>
          </ns3:TrackPointExtension>
        </extensions>
      </trkpt>
      <trkpt lat="24.4884167611598968505859375" lon="118.10477823950350284576416015625">
        <ele>5.400000095367431640625</ele>
        <time>2025-02-23T10:11:07.000Z</time>
        <extensions>
          <ns3:TrackPointExtension>
            <ns3:hr>160</ns3:hr>
          </ns3:TrackPointExtension>
        </extensions>
      </trkpt>
      <trkpt lat="24.4884409010410308837890625" lon="118.1047877110540866851806640625">
        <ele>5.19999980926513671875</ele>
        <time>2025-02-23T10:11:08.000Z</time>
        <extensions>
          <ns3:TrackPointExtension>
            <ns3:hr>161</ns3:hr>
          </ns3:TrackPointExtension>
        </extensions>
      </trkpt>
      <trkpt lat="24.48846579529345035552978515625" lon="118.10479617677628993988037109375">
        <ele>5</ele>
        <time>2025-02-23T10:11:09.000Z</time>
        <extensions>
          <ns3:TrackPointExtension>
            <ns3:hr>161</ns3:hr>
          </ns3:TrackPointExtension>
        </extensions>
      </trkpt>
      <trkpt lat="24.48849119246006011962890625" lon="118.1048048101365566253662109375">
        <ele>5</ele>
        <time>2025-02-23T10:11:10.000Z</time>
        <extensions>
          <ns3:TrackPointExtension>
            <ns3:hr>161</ns3:hr>
          </ns3:TrackPointExtension>
        </extensions>
      </trkpt>
      <trkpt lat="24.48851642198860645294189453125" lon="118.10481369495391845703125">
        <ele>5</ele>
        <time>2025-02-23T10:11:11.000Z</time>
        <extensions>
          <ns3:TrackPointExtension>
            <ns3:hr>161</ns3:hr>
          </ns3:TrackPointExtension>
        </extensions>
      </trkpt>
      <trkpt lat="24.48854140006005764007568359375" lon="118.10482249595224857330322265625">
        <ele>5</ele>
        <time>2025-02-23T10:11:12.000Z</time>
        <extensions>
          <ns3:TrackPointExtension>
            <ns3:hr>161</ns3:hr>
          </ns3:TrackPointExtension>
        </extensions>
      </trkpt>
      <trkpt lat="24.4885664619505405426025390625" lon="118.1048312969505786895751953125">
        <ele>5</ele>
        <time>2025-02-23T10:11:13.000Z</time>
        <extensions>
          <ns3:TrackPointExtension>
            <ns3:hr>161</ns3:hr>
          </ns3:TrackPointExtension>
        </extensions>
      </trkpt>
      <trkpt lat="24.4885916076600551605224609375" lon="118.1048400141298770904541015625">
        <ele>5</ele>
        <time>2025-02-23T10:11:14.000Z</time>
        <extensions>
          <ns3:TrackPointExtension>
            <ns3:hr>162</ns3:hr>
          </ns3:TrackPointExtension>
        </extensions>
      </trkpt>
      <trkpt lat="24.48861683718860149383544921875" lon="118.1048477254807949066162109375">
        <ele>5</ele>
        <time>2025-02-23T10:11:15.000Z</time>
        <extensions>
          <ns3:TrackPointExtension>
            <ns3:hr>162</ns3:hr>
          </ns3:TrackPointExtension>
        </extensions>
      </trkpt>
      <trkpt lat="24.48864248581230640411376953125" lon="118.1048544310033321380615234375">
        <ele>5</ele>
        <time>2025-02-23T10:11:16.000Z</time>
        <extensions>
          <ns3:TrackPointExtension>
            <ns3:hr>162</ns3:hr>
          </ns3:TrackPointExtension>
        </extensions>
      </trkpt>
      <trkpt lat="24.4886687211692333221435546875" lon="118.10486021451652050018310546875">
        <ele>5</ele>
        <time>2025-02-23T10:11:17.000Z</time>
        <extensions>
          <ns3:TrackPointExtension>
            <ns3:hr>162</ns3:hr>
          </ns3:TrackPointExtension>
        </extensions>
      </trkpt>
      <trkpt lat="24.48869529180228710174560546875" lon="118.10486532747745513916015625">
        <ele>5</ele>
        <time>2025-02-23T10:11:18.000Z</time>
        <extensions>
          <ns3:TrackPointExtension>
            <ns3:hr>162</ns3:hr>
          </ns3:TrackPointExtension>
        </extensions>
      </trkpt>
      <trkpt lat="24.488721527159214019775390625" lon="118.104870356619358062744140625">
        <ele>5</ele>
        <time>2025-02-23T10:11:19.000Z</time>
        <extensions>
          <ns3:TrackPointExtension>
            <ns3:hr>162</ns3:hr>
          </ns3:TrackPointExtension>
        </extensions>
      </trkpt>
      <trkpt lat="24.488747678697109222412109375" lon="118.10487471520900726318359375">
        <ele>5</ele>
        <time>2025-02-23T10:11:20.000Z</time>
        <extensions>
          <ns3:TrackPointExtension>
            <ns3:hr>162</ns3:hr>
          </ns3:TrackPointExtension>
        </extensions>
      </trkpt>
      <trkpt lat="24.48877416551113128662109375" lon="118.1048775650560855865478515625">
        <ele>4.80000019073486328125</ele>
        <time>2025-02-23T10:11:21.000Z</time>
        <extensions>
          <ns3:TrackPointExtension>
            <ns3:hr>162</ns3:hr>
          </ns3:TrackPointExtension>
        </extensions>
      </trkpt>
      <trkpt lat="24.48880098760128021240234375" lon="118.104879073798656463623046875">
        <ele>4.80000019073486328125</ele>
        <time>2025-02-23T10:11:22.000Z</time>
        <extensions>
          <ns3:TrackPointExtension>
            <ns3:hr>162</ns3:hr>
          </ns3:TrackPointExtension>
        </extensions>
      </trkpt>
      <trkpt lat="24.48882780969142913818359375" lon="118.10487999580800533294677734375">
        <ele>4.599999904632568359375</ele>
        <time>2025-02-23T10:11:23.000Z</time>
        <extensions>
          <ns3:TrackPointExtension>
            <ns3:hr>162</ns3:hr>
          </ns3:TrackPointExtension>
        </extensions>
      </trkpt>
      <trkpt lat="24.48885471560060977935791015625" lon="118.10488116927444934844970703125">
        <ele>4.599999904632568359375</ele>
        <time>2025-02-23T10:11:24.000Z</time>
        <extensions>
          <ns3:TrackPointExtension>
            <ns3:hr>163</ns3:hr>
          </ns3:TrackPointExtension>
        </extensions>
      </trkpt>
      <trkpt lat="24.4888816215097904205322265625" lon="118.104882426559925079345703125">
        <ele>4.80000019073486328125</ele>
        <time>2025-02-23T10:11:25.000Z</time>
        <extensions>
          <ns3:TrackPointExtension>
            <ns3:hr>163</ns3:hr>
          </ns3:TrackPointExtension>
        </extensions>
      </trkpt>
      <trkpt lat="24.48890768922865390777587890625" lon="118.1048834323883056640625">
        <ele>4.80000019073486328125</ele>
        <time>2025-02-23T10:11:26.000Z</time>
        <extensions>
          <ns3:TrackPointExtension>
            <ns3:hr>163</ns3:hr>
          </ns3:TrackPointExtension>
        </extensions>
      </trkpt>
      <trkpt lat="24.488932751119136810302734375" lon="118.10488368384540081024169921875">
        <ele>5</ele>
        <time>2025-02-23T10:11:27.000Z</time>
        <extensions>
          <ns3:TrackPointExtension>
            <ns3:hr>163</ns3:hr>
          </ns3:TrackPointExtension>
        </extensions>
      </trkpt>
      <trkpt lat="24.48895764537155628204345703125" lon="118.10488301329314708709716796875">
        <ele>5</ele>
        <time>2025-02-23T10:11:28.000Z</time>
        <extensions>
          <ns3:TrackPointExtension>
            <ns3:hr>164</ns3:hr>
          </ns3:TrackPointExtension>
        </extensions>
      </trkpt>
      <trkpt lat="24.488983042538166046142578125" lon="118.10488150455057621002197265625">
        <ele>5.19999980926513671875</ele>
        <time>2025-02-23T10:11:29.000Z</time>
        <extensions>
          <ns3:TrackPointExtension>
            <ns3:hr>164</ns3:hr>
          </ns3:TrackPointExtension>
        </extensions>
      </trkpt>
      <trkpt lat="24.4890086911618709564208984375" lon="118.104879073798656463623046875">
        <ele>5.19999980926513671875</ele>
        <time>2025-02-23T10:11:30.000Z</time>
        <extensions>
          <ns3:TrackPointExtension>
            <ns3:hr>164</ns3:hr>
          </ns3:TrackPointExtension>
        </extensions>
      </trkpt>
      <trkpt lat="24.48903459124267101287841796875" lon="118.10487605631351470947265625">
        <ele>4.80000019073486328125</ele>
        <time>2025-02-23T10:11:31.000Z</time>
        <extensions>
          <ns3:TrackPointExtension>
            <ns3:hr>164</ns3:hr>
          </ns3:TrackPointExtension>
        </extensions>
      </trkpt>
      <trkpt lat="24.4890609942376613616943359375" lon="118.1048728711903095245361328125">
        <ele>4.599999904632568359375</ele>
        <time>2025-02-23T10:11:32.000Z</time>
        <extensions>
          <ns3:TrackPointExtension>
            <ns3:hr>164</ns3:hr>
          </ns3:TrackPointExtension>
        </extensions>
      </trkpt>
      <trkpt lat="24.48908739723265171051025390625" lon="118.1048695184290409088134765625">
        <ele>4.400000095367431640625</ele>
        <time>2025-02-23T10:11:33.000Z</time>
        <extensions>
          <ns3:TrackPointExtension>
            <ns3:hr>164</ns3:hr>
          </ns3:TrackPointExtension>
        </extensions>
      </trkpt>
      <trkpt lat="24.489112459123134613037109375" lon="118.10486524365842342376708984375">
        <ele>4.19999980926513671875</ele>
        <time>2025-02-23T10:11:34.000Z</time>
        <extensions>
          <ns3:TrackPointExtension>
            <ns3:hr>164</ns3:hr>
          </ns3:TrackPointExtension>
        </extensions>
      </trkpt>
      <trkpt lat="24.4891367666423320770263671875" lon="118.1048597954213619232177734375">
        <ele>4.19999980926513671875</ele>
        <time>2025-02-23T10:11:36.000Z</time>
        <extensions>
          <ns3:TrackPointExtension>
            <ns3:hr>163</ns3:hr>
          </ns3:TrackPointExtension>
        </extensions>
      </trkpt>
      <trkpt lat="24.4891612417995929718017578125" lon="118.10485367663204669952392578125">
        <ele>4.19999980926513671875</ele>
        <time>2025-02-23T10:11:37.000Z</time>
        <extensions>
          <ns3:TrackPointExtension>
            <ns3:hr>163</ns3:hr>
          </ns3:TrackPointExtension>
        </extensions>
      </trkpt>
      <trkpt lat="24.48918647132813930511474609375" lon="118.10484713874757289886474609375">
        <ele>4.19999980926513671875</ele>
        <time>2025-02-23T10:11:38.000Z</time>
        <extensions>
          <ns3:TrackPointExtension>
            <ns3:hr>163</ns3:hr>
          </ns3:TrackPointExtension>
        </extensions>
      </trkpt>
      <trkpt lat="24.48921211995184421539306640625" lon="118.1048405170440673828125">
        <ele>4.19999980926513671875</ele>
        <time>2025-02-23T10:11:39.000Z</time>
        <extensions>
          <ns3:TrackPointExtension>
            <ns3:hr>163</ns3:hr>
          </ns3:TrackPointExtension>
        </extensions>
      </trkpt>
      <trkpt lat="24.4892380200326442718505859375" lon="118.10483288951218128204345703125">
        <ele>4.19999980926513671875</ele>
        <time>2025-02-23T10:11:40.000Z</time>
        <extensions>
          <ns3:TrackPointExtension>
            <ns3:hr>163</ns3:hr>
          </ns3:TrackPointExtension>
        </extensions>
      </trkpt>
      <trkpt lat="24.4892635010182857513427734375" lon="118.10482400469481945037841796875">
        <ele>4.400000095367431640625</ele>
        <time>2025-02-23T10:11:41.000Z</time>
        <extensions>
          <ns3:TrackPointExtension>
            <ns3:hr>163</ns3:hr>
          </ns3:TrackPointExtension>
        </extensions>
      </trkpt>
      <trkpt lat="24.4892886467278003692626953125" lon="118.1048145331442356109619140625">
        <ele>4.400000095367431640625</ele>
        <time>2025-02-23T10:11:42.000Z</time>
        <extensions>
          <ns3:TrackPointExtension>
            <ns3:hr>163</ns3:hr>
          </ns3:TrackPointExtension>
        </extensions>
      </trkpt>
      <trkpt lat="24.489312954246997833251953125" lon="118.1048044748604297637939453125">
        <ele>4.400000095367431640625</ele>
        <time>2025-02-23T10:11:43.000Z</time>
        <extensions>
          <ns3:TrackPointExtension>
            <ns3:hr>163</ns3:hr>
          </ns3:TrackPointExtension>
        </extensions>
      </trkpt>
      <trkpt lat="24.48933617211878299713134765625" lon="118.1047937460243701934814453125">
        <ele>4.19999980926513671875</ele>
        <time>2025-02-23T10:11:44.000Z</time>
        <extensions>
          <ns3:TrackPointExtension>
            <ns3:hr>163</ns3:hr>
          </ns3:TrackPointExtension>
        </extensions>
      </trkpt>
      <trkpt lat="24.48935863561928272247314453125" lon="118.10478226281702518463134765625">
        <ele>4</ele>
        <time>2025-02-23T10:11:45.000Z</time>
        <extensions>
          <ns3:TrackPointExtension>
            <ns3:hr>163</ns3:hr>
          </ns3:TrackPointExtension>
        </extensions>
      </trkpt>
      <trkpt lat="24.48938126675784587860107421875" lon="118.10477010905742645263671875">
        <ele>4</ele>
        <time>2025-02-23T10:11:46.000Z</time>
        <extensions>
          <ns3:TrackPointExtension>
            <ns3:hr>163</ns3:hr>
          </ns3:TrackPointExtension>
        </extensions>
      </trkpt>
      <trkpt lat="24.48940456844866275787353515625" lon="118.1047575362026691436767578125">
        <ele>3.7999999523162841796875</ele>
        <time>2025-02-23T10:11:47.000Z</time>
        <extensions>
          <ns3:TrackPointExtension>
            <ns3:hr>163</ns3:hr>
          </ns3:TrackPointExtension>
        </extensions>
      </trkpt>
      <trkpt lat="24.48942837305366992950439453125" lon="118.10474471189081668853759765625">
        <ele>3.7999999523162841796875</ele>
        <time>2025-02-23T10:11:48.000Z</time>
        <extensions>
          <ns3:TrackPointExtension>
            <ns3:hr>163</ns3:hr>
          </ns3:TrackPointExtension>
        </extensions>
      </trkpt>
      <trkpt lat="24.489452429115772247314453125" lon="118.104731552302837371826171875">
        <ele>3.7999999523162841796875</ele>
        <time>2025-02-23T10:11:49.000Z</time>
        <extensions>
          <ns3:TrackPointExtension>
            <ns3:hr>163</ns3:hr>
          </ns3:TrackPointExtension>
        </extensions>
      </trkpt>
      <trkpt lat="24.48947598226368427276611328125" lon="118.104718141257762908935546875">
        <ele>3.599999904632568359375</ele>
        <time>2025-02-23T10:11:50.000Z</time>
        <extensions>
          <ns3:TrackPointExtension>
            <ns3:hr>163</ns3:hr>
          </ns3:TrackPointExtension>
        </extensions>
      </trkpt>
      <trkpt lat="24.4894988648593425750732421875" lon="118.10470414347946643829345703125">
        <ele>3.599999904632568359375</ele>
        <time>2025-02-23T10:11:51.000Z</time>
        <extensions>
          <ns3:TrackPointExtension>
            <ns3:hr>163</ns3:hr>
          </ns3:TrackPointExtension>
        </extensions>
      </trkpt>
      <trkpt lat="24.4895213283598423004150390625" lon="118.1046894751489162445068359375">
        <ele>3.400000095367431640625</ele>
        <time>2025-02-23T10:11:52.000Z</time>
        <extensions>
          <ns3:TrackPointExtension>
            <ns3:hr>163</ns3:hr>
          </ns3:TrackPointExtension>
        </extensions>
      </trkpt>
      <trkpt lat="24.489543624222278594970703125" lon="118.10467354953289031982421875">
        <ele>3.2000000476837158203125</ele>
        <time>2025-02-23T10:11:53.000Z</time>
        <extensions>
          <ns3:TrackPointExtension>
            <ns3:hr>163</ns3:hr>
          </ns3:TrackPointExtension>
        </extensions>
      </trkpt>
      <trkpt lat="24.48956550098955631256103515625" lon="118.10465619899332523345947265625">
        <ele>3.2000000476837158203125</ele>
        <time>2025-02-23T10:11:54.000Z</time>
        <extensions>
          <ns3:TrackPointExtension>
            <ns3:hr>163</ns3:hr>
          </ns3:TrackPointExtension>
        </extensions>
      </trkpt>
      <trkpt lat="24.48958712629973888397216796875" lon="118.1046381779015064239501953125">
        <ele>3.400000095367431640625</ele>
        <time>2025-02-23T10:11:55.000Z</time>
        <extensions>
          <ns3:TrackPointExtension>
            <ns3:hr>163</ns3:hr>
          </ns3:TrackPointExtension>
        </extensions>
      </trkpt>
      <trkpt lat="24.48960833251476287841796875" lon="118.1046204082667827606201171875">
        <ele>3.400000095367431640625</ele>
        <time>2025-02-23T10:11:56.000Z</time>
        <extensions>
          <ns3:TrackPointExtension>
            <ns3:hr>163</ns3:hr>
          </ns3:TrackPointExtension>
        </extensions>
      </trkpt>
      <trkpt lat="24.4896296225488185882568359375" lon="118.10460238717496395111083984375">
        <ele>3.599999904632568359375</ele>
        <time>2025-02-23T10:11:57.000Z</time>
        <extensions>
          <ns3:TrackPointExtension>
            <ns3:hr>164</ns3:hr>
          </ns3:TrackPointExtension>
        </extensions>
      </trkpt>
      <trkpt lat="24.4896505773067474365234375" lon="118.10458327643573284149169921875">
        <ele>3.7999999523162841796875</ele>
        <time>2025-02-23T10:11:58.000Z</time>
        <extensions>
          <ns3:TrackPointExtension>
            <ns3:hr>164</ns3:hr>
          </ns3:TrackPointExtension>
        </extensions>
      </trkpt>
      <trkpt lat="24.48967077769339084625244140625" lon="118.10456282459199428558349609375">
        <ele>3.7999999523162841796875</ele>
        <time>2025-02-23T10:11:59.000Z</time>
        <extensions>
          <ns3:TrackPointExtension>
            <ns3:hr>164</ns3:hr>
          </ns3:TrackPointExtension>
        </extensions>
      </trkpt>
      <trkpt lat="24.48968972079455852508544921875" lon="118.104541115462779998779296875">
        <ele>4</ele>
        <time>2025-02-23T10:12:00.000Z</time>
        <extensions>
          <ns3:TrackPointExtension>
            <ns3:hr>164</ns3:hr>
          </ns3:TrackPointExtension>
        </extensions>
      </trkpt>
      <trkpt lat="24.4897070713341236114501953125" lon="118.1045184843242168426513671875">
        <ele>4.19999980926513671875</ele>
        <time>2025-02-23T10:12:01.000Z</time>
        <extensions>
          <ns3:TrackPointExtension>
            <ns3:hr>164</ns3:hr>
          </ns3:TrackPointExtension>
        </extensions>
      </trkpt>
      <trkpt lat="24.48972308076918125152587890625" lon="118.10449518263339996337890625">
        <ele>4.400000095367431640625</ele>
        <time>2025-02-23T10:12:02.000Z</time>
        <extensions>
          <ns3:TrackPointExtension>
            <ns3:hr>164</ns3:hr>
          </ns3:TrackPointExtension>
        </extensions>
      </trkpt>
      <trkpt lat="24.4897385872900485992431640625" lon="118.10447213239967823028564453125">
        <ele>4.599999904632568359375</ele>
        <time>2025-02-23T10:12:03.000Z</time>
        <extensions>
          <ns3:TrackPointExtension>
            <ns3:hr>164</ns3:hr>
          </ns3:TrackPointExtension>
        </extensions>
      </trkpt>
      <trkpt lat="24.489754177629947662353515625" lon="118.10444958508014678955078125">
        <ele>4.80000019073486328125</ele>
        <time>2025-02-23T10:12:04.000Z</time>
        <extensions>
          <ns3:TrackPointExtension>
            <ns3:hr>164</ns3:hr>
          </ns3:TrackPointExtension>
        </extensions>
      </trkpt>
      <trkpt lat="24.48977060616016387939453125" lon="118.10442737303674221038818359375">
        <ele>5</ele>
        <time>2025-02-23T10:12:05.000Z</time>
        <extensions>
          <ns3:TrackPointExtension>
            <ns3:hr>164</ns3:hr>
          </ns3:TrackPointExtension>
        </extensions>
      </trkpt>
      <trkpt lat="24.48978804051876068115234375" lon="118.104404993355274200439453125">
        <ele>5</ele>
        <time>2025-02-23T10:12:06.000Z</time>
        <extensions>
          <ns3:TrackPointExtension>
            <ns3:hr>164</ns3:hr>
          </ns3:TrackPointExtension>
        </extensions>
      </trkpt>
      <trkpt lat="24.48980522342026233673095703125" lon="118.10438177548348903656005859375">
        <ele>5</ele>
        <time>2025-02-23T10:12:07.000Z</time>
        <extensions>
          <ns3:TrackPointExtension>
            <ns3:hr>164</ns3:hr>
          </ns3:TrackPointExtension>
        </extensions>
      </trkpt>
      <trkpt lat="24.48982114903628826141357421875" lon="118.10435730032622814178466796875">
        <ele>5</ele>
        <time>2025-02-23T10:12:08.000Z</time>
        <extensions>
          <ns3:TrackPointExtension>
            <ns3:hr>164</ns3:hr>
          </ns3:TrackPointExtension>
        </extensions>
      </trkpt>
      <trkpt lat="24.48983539827167987823486328125" lon="118.1043317355215549468994140625">
        <ele>5.19999980926513671875</ele>
        <time>2025-02-23T10:12:09.000Z</time>
        <extensions>
          <ns3:TrackPointExtension>
            <ns3:hr>164</ns3:hr>
          </ns3:TrackPointExtension>
        </extensions>
      </trkpt>
      <trkpt lat="24.48984813876450061798095703125" lon="118.10430566780269145965576171875">
        <ele>5.400000095367431640625</ele>
        <time>2025-02-23T10:12:10.000Z</time>
        <extensions>
          <ns3:TrackPointExtension>
            <ns3:hr>164</ns3:hr>
          </ns3:TrackPointExtension>
        </extensions>
      </trkpt>
      <trkpt lat="24.48986004106700420379638671875" lon="118.10427926480770111083984375">
        <ele>5.400000095367431640625</ele>
        <time>2025-02-23T10:12:11.000Z</time>
        <extensions>
          <ns3:TrackPointExtension>
            <ns3:hr>164</ns3:hr>
          </ns3:TrackPointExtension>
        </extensions>
      </trkpt>
      <trkpt lat="24.4898716919124126434326171875" lon="118.10425252653658390045166015625">
        <ele>5.599999904632568359375</ele>
        <time>2025-02-23T10:12:12.000Z</time>
        <extensions>
          <ns3:TrackPointExtension>
            <ns3:hr>164</ns3:hr>
          </ns3:TrackPointExtension>
        </extensions>
      </trkpt>
      <trkpt lat="24.48988351039588451385498046875" lon="118.10422620736062526702880859375">
        <ele>5.80000019073486328125</ele>
        <time>2025-02-23T10:12:13.000Z</time>
        <extensions>
          <ns3:TrackPointExtension>
            <ns3:hr>164</ns3:hr>
          </ns3:TrackPointExtension>
        </extensions>
      </trkpt>
      <trkpt lat="24.48989524506032466888427734375" lon="118.10420013964176177978515625">
        <ele>5.80000019073486328125</ele>
        <time>2025-02-23T10:12:14.000Z</time>
        <extensions>
          <ns3:TrackPointExtension>
            <ns3:hr>164</ns3:hr>
          </ns3:TrackPointExtension>
        </extensions>
      </trkpt>
      <trkpt lat="24.489906392991542816162109375" lon="118.10417356900870800018310546875">
        <ele>5.80000019073486328125</ele>
        <time>2025-02-23T10:12:15.000Z</time>
        <extensions>
          <ns3:TrackPointExtension>
            <ns3:hr>164</ns3:hr>
          </ns3:TrackPointExtension>
        </extensions>
      </trkpt>
      <trkpt lat="24.48991687037050724029541015625" lon="118.1041456572711467742919921875">
        <ele>5.80000019073486328125</ele>
        <time>2025-02-23T10:12:16.000Z</time>
        <extensions>
          <ns3:TrackPointExtension>
            <ns3:hr>165</ns3:hr>
          </ns3:TrackPointExtension>
        </extensions>
      </trkpt>
      <trkpt lat="24.48992726393043994903564453125" lon="118.10411673970520496368408203125">
        <ele>5.599999904632568359375</ele>
        <time>2025-02-23T10:12:17.000Z</time>
        <extensions>
          <ns3:TrackPointExtension>
            <ns3:hr>165</ns3:hr>
          </ns3:TrackPointExtension>
        </extensions>
      </trkpt>
      <trkpt lat="24.48993816040456295013427734375" lon="118.10408790595829486846923828125">
        <ele>5.599999904632568359375</ele>
        <time>2025-02-23T10:12:18.000Z</time>
        <extensions>
          <ns3:TrackPointExtension>
            <ns3:hr>165</ns3:hr>
          </ns3:TrackPointExtension>
        </extensions>
      </trkpt>
      <trkpt lat="24.48994989506900310516357421875" lon="118.104059658944606781005859375">
        <ele>5.599999904632568359375</ele>
        <time>2025-02-23T10:12:19.000Z</time>
        <extensions>
          <ns3:TrackPointExtension>
            <ns3:hr>165</ns3:hr>
          </ns3:TrackPointExtension>
        </extensions>
      </trkpt>
      <trkpt lat="24.48996196500957012176513671875" lon="118.104031495749950408935546875">
        <ele>5.599999904632568359375</ele>
        <time>2025-02-23T10:12:20.000Z</time>
        <extensions>
          <ns3:TrackPointExtension>
            <ns3:hr>165</ns3:hr>
          </ns3:TrackPointExtension>
        </extensions>
      </trkpt>
      <trkpt lat="24.48997353203594684600830078125" lon="118.10400358401238918304443359375">
        <ele>5.400000095367431640625</ele>
        <time>2025-02-23T10:12:21.000Z</time>
        <extensions>
          <ns3:TrackPointExtension>
            <ns3:hr>165</ns3:hr>
          </ns3:TrackPointExtension>
        </extensions>
      </trkpt>
      <trkpt lat="24.489984177052974700927734375" lon="118.10397592373192310333251953125">
        <ele>5.400000095367431640625</ele>
        <time>2025-02-23T10:12:22.000Z</time>
        <extensions>
          <ns3:TrackPointExtension>
            <ns3:hr>165</ns3:hr>
          </ns3:TrackPointExtension>
        </extensions>
      </trkpt>
      <trkpt lat="24.4899940676987171173095703125" lon="118.1039481796324253082275390625">
        <ele>5.400000095367431640625</ele>
        <time>2025-02-23T10:12:23.000Z</time>
        <extensions>
          <ns3:TrackPointExtension>
            <ns3:hr>165</ns3:hr>
          </ns3:TrackPointExtension>
        </extensions>
      </trkpt>
      <trkpt lat="24.490002952516078948974609375" lon="118.10391976498067378997802734375">
        <ele>5.400000095367431640625</ele>
        <time>2025-02-23T10:12:24.000Z</time>
        <extensions>
          <ns3:TrackPointExtension>
            <ns3:hr>165</ns3:hr>
          </ns3:TrackPointExtension>
        </extensions>
      </trkpt>
      <trkpt lat="24.49001024477183818817138671875" lon="118.1038905121386051177978515625">
        <ele>5.19999980926513671875</ele>
        <time>2025-02-23T10:12:25.000Z</time>
        <extensions>
          <ns3:TrackPointExtension>
            <ns3:hr>164</ns3:hr>
          </ns3:TrackPointExtension>
        </extensions>
      </trkpt>
      <trkpt lat="24.4900158606469631195068359375" lon="118.1038610078394412994384765625">
        <ele>5</ele>
        <time>2025-02-23T10:12:26.000Z</time>
        <extensions>
          <ns3:TrackPointExtension>
            <ns3:hr>164</ns3:hr>
          </ns3:TrackPointExtension>
        </extensions>
      </trkpt>
      <trkpt lat="24.49002063833177089691162109375" lon="118.10383158735930919647216796875">
        <ele>5</ele>
        <time>2025-02-23T10:12:27.000Z</time>
        <extensions>
          <ns3:TrackPointExtension>
            <ns3:hr>164</ns3:hr>
          </ns3:TrackPointExtension>
        </extensions>
      </trkpt>
      <trkpt lat="24.49002583511173725128173828125" lon="118.10380225069820880889892578125">
        <ele>5</ele>
        <time>2025-02-23T10:12:28.000Z</time>
        <extensions>
          <ns3:TrackPointExtension>
            <ns3:hr>164</ns3:hr>
          </ns3:TrackPointExtension>
        </extensions>
      </trkpt>
      <trkpt lat="24.4900314509868621826171875" lon="118.10377308167517185211181640625">
        <ele>5</ele>
        <time>2025-02-23T10:12:29.000Z</time>
        <extensions>
          <ns3:TrackPointExtension>
            <ns3:hr>164</ns3:hr>
          </ns3:TrackPointExtension>
        </extensions>
      </trkpt>
      <trkpt lat="24.49003639630973339080810546875" lon="118.10374475084245204925537109375">
        <ele>5</ele>
        <time>2025-02-23T10:12:30.000Z</time>
        <extensions>
          <ns3:TrackPointExtension>
            <ns3:hr>164</ns3:hr>
          </ns3:TrackPointExtension>
        </extensions>
      </trkpt>
      <trkpt lat="24.49004041962325572967529296875" lon="118.10371709056198596954345703125">
        <ele>5</ele>
        <time>2025-02-23T10:12:31.000Z</time>
        <extensions>
          <ns3:TrackPointExtension>
            <ns3:hr>164</ns3:hr>
          </ns3:TrackPointExtension>
        </extensions>
      </trkpt>
      <trkpt lat="24.49004326947033405303955078125" lon="118.103689514100551605224609375">
        <ele>5</ele>
        <time>2025-02-23T10:12:32.000Z</time>
        <extensions>
          <ns3:TrackPointExtension>
            <ns3:hr>163</ns3:hr>
          </ns3:TrackPointExtension>
        </extensions>
      </trkpt>
      <trkpt lat="24.49004528112709522247314453125" lon="118.103661350905895233154296875">
        <ele>5</ele>
        <time>2025-02-23T10:12:33.000Z</time>
        <extensions>
          <ns3:TrackPointExtension>
            <ns3:hr>163</ns3:hr>
          </ns3:TrackPointExtension>
        </extensions>
      </trkpt>
      <trkpt lat="24.4900467060506343841552734375" lon="118.103632517158985137939453125">
        <ele>5</ele>
        <time>2025-02-23T10:12:34.000Z</time>
        <extensions>
          <ns3:TrackPointExtension>
            <ns3:hr>163</ns3:hr>
          </ns3:TrackPointExtension>
        </extensions>
      </trkpt>
      <trkpt lat="24.490047208964824676513671875" lon="118.1036038510501384735107421875">
        <ele>5</ele>
        <time>2025-02-23T10:12:35.000Z</time>
        <extensions>
          <ns3:TrackPointExtension>
            <ns3:hr>162</ns3:hr>
          </ns3:TrackPointExtension>
        </extensions>
      </trkpt>
      <trkpt lat="24.490046538412570953369140625" lon="118.103575520217418670654296875">
        <ele>5</ele>
        <time>2025-02-23T10:12:36.000Z</time>
        <extensions>
          <ns3:TrackPointExtension>
            <ns3:hr>162</ns3:hr>
          </ns3:TrackPointExtension>
        </extensions>
      </trkpt>
      <trkpt lat="24.4900453649461269378662109375" lon="118.10354744084179401397705078125">
        <ele>5.19999980926513671875</ele>
        <time>2025-02-23T10:12:37.000Z</time>
        <extensions>
          <ns3:TrackPointExtension>
            <ns3:hr>162</ns3:hr>
          </ns3:TrackPointExtension>
        </extensions>
      </trkpt>
      <trkpt lat="24.49004419147968292236328125" lon="118.10351961292326450347900390625">
        <ele>5.19999980926513671875</ele>
        <time>2025-02-23T10:12:38.000Z</time>
        <extensions>
          <ns3:TrackPointExtension>
            <ns3:hr>162</ns3:hr>
          </ns3:TrackPointExtension>
        </extensions>
      </trkpt>
      <trkpt lat="24.49004293419420719146728515625" lon="118.10349203646183013916015625">
        <ele>5.400000095367431640625</ele>
        <time>2025-02-23T10:12:39.000Z</time>
        <extensions>
          <ns3:TrackPointExtension>
            <ns3:hr>162</ns3:hr>
          </ns3:TrackPointExtension>
        </extensions>
      </trkpt>
      <trkpt lat="24.4900413416326045989990234375" lon="118.1034643761813640594482421875">
        <ele>5.400000095367431640625</ele>
        <time>2025-02-23T10:12:40.000Z</time>
        <extensions>
          <ns3:TrackPointExtension>
            <ns3:hr>162</ns3:hr>
          </ns3:TrackPointExtension>
        </extensions>
      </trkpt>
      <trkpt lat="24.4900393299758434295654296875" lon="118.1034355424344539642333984375">
        <ele>5.599999904632568359375</ele>
        <time>2025-02-23T10:12:41.000Z</time>
        <extensions>
          <ns3:TrackPointExtension>
            <ns3:hr>162</ns3:hr>
          </ns3:TrackPointExtension>
        </extensions>
      </trkpt>
      <trkpt lat="24.4900366477668285369873046875" lon="118.10340578667819499969482421875">
        <ele>5.599999904632568359375</ele>
        <time>2025-02-23T10:12:42.000Z</time>
        <extensions>
          <ns3:TrackPointExtension>
            <ns3:hr>162</ns3:hr>
          </ns3:TrackPointExtension>
        </extensions>
      </trkpt>
      <trkpt lat="24.4900329597294330596923828125" lon="118.10337611474096775054931640625">
        <ele>5.80000019073486328125</ele>
        <time>2025-02-23T10:12:43.000Z</time>
        <extensions>
          <ns3:TrackPointExtension>
            <ns3:hr>162</ns3:hr>
          </ns3:TrackPointExtension>
        </extensions>
      </trkpt>
      <trkpt lat="24.490028433501720428466796875" lon="118.1033470295369625091552734375">
        <ele>5.80000019073486328125</ele>
        <time>2025-02-23T10:12:44.000Z</time>
        <extensions>
          <ns3:TrackPointExtension>
            <ns3:hr>162</ns3:hr>
          </ns3:TrackPointExtension>
        </extensions>
      </trkpt>
      <trkpt lat="24.49002365581691265106201171875" lon="118.10331811197102069854736328125">
        <ele>6</ele>
        <time>2025-02-23T10:12:45.000Z</time>
        <extensions>
          <ns3:TrackPointExtension>
            <ns3:hr>162</ns3:hr>
          </ns3:TrackPointExtension>
        </extensions>
      </trkpt>
      <trkpt lat="24.4900188781321048736572265625" lon="118.1032888591289520263671875">
        <ele>6</ele>
        <time>2025-02-23T10:12:46.000Z</time>
        <extensions>
          <ns3:TrackPointExtension>
            <ns3:hr>162</ns3:hr>
          </ns3:TrackPointExtension>
        </extensions>
      </trkpt>
      <trkpt lat="24.49001410044729709625244140625" lon="118.1032591871917247772216796875">
        <ele>6</ele>
        <time>2025-02-23T10:12:47.000Z</time>
        <extensions>
          <ns3:TrackPointExtension>
            <ns3:hr>163</ns3:hr>
          </ns3:TrackPointExtension>
        </extensions>
      </trkpt>
      <trkpt lat="24.49000907130539417266845703125" lon="118.10322959907352924346923828125">
        <ele>6.19999980926513671875</ele>
        <time>2025-02-23T10:12:48.000Z</time>
        <extensions>
          <ns3:TrackPointExtension>
            <ns3:hr>163</ns3:hr>
          </ns3:TrackPointExtension>
        </extensions>
      </trkpt>
      <trkpt lat="24.4900031201541423797607421875" lon="118.1032008491456508636474609375">
        <ele>6.19999980926513671875</ele>
        <time>2025-02-23T10:12:49.000Z</time>
        <extensions>
          <ns3:TrackPointExtension>
            <ns3:hr>163</ns3:hr>
          </ns3:TrackPointExtension>
        </extensions>
      </trkpt>
      <trkpt lat="24.48999599553644657135009765625" lon="118.10317276977002620697021484375">
        <ele>6.400000095367431640625</ele>
        <time>2025-02-23T10:12:50.000Z</time>
        <extensions>
          <ns3:TrackPointExtension>
            <ns3:hr>163</ns3:hr>
          </ns3:TrackPointExtension>
        </extensions>
      </trkpt>
      <trkpt lat="24.48998786509037017822265625" lon="118.10314544476568698883056640625">
        <ele>6.400000095367431640625</ele>
        <time>2025-02-23T10:12:51.000Z</time>
        <extensions>
          <ns3:TrackPointExtension>
            <ns3:hr>163</ns3:hr>
          </ns3:TrackPointExtension>
        </extensions>
      </trkpt>
      <trkpt lat="24.48997906409204006195068359375" lon="118.10311853885650634765625">
        <ele>6.400000095367431640625</ele>
        <time>2025-02-23T10:12:52.000Z</time>
        <extensions>
          <ns3:TrackPointExtension>
            <ns3:hr>163</ns3:hr>
          </ns3:TrackPointExtension>
        </extensions>
      </trkpt>
      <trkpt lat="24.48996984399855136871337890625" lon="118.10309163294732570648193359375">
        <ele>6.599999904632568359375</ele>
        <time>2025-02-23T10:12:53.000Z</time>
        <extensions>
          <ns3:TrackPointExtension>
            <ns3:hr>163</ns3:hr>
          </ns3:TrackPointExtension>
        </extensions>
      </trkpt>
      <trkpt lat="24.4899602048099040985107421875" lon="118.10306422412395477294921875">
        <ele>6.599999904632568359375</ele>
        <time>2025-02-23T10:12:54.000Z</time>
        <extensions>
          <ns3:TrackPointExtension>
            <ns3:hr>164</ns3:hr>
          </ns3:TrackPointExtension>
        </extensions>
      </trkpt>
      <trkpt lat="24.489949978888034820556640625" lon="118.10303648002445697784423828125">
        <ele>6.599999904632568359375</ele>
        <time>2025-02-23T10:12:55.000Z</time>
        <extensions>
          <ns3:TrackPointExtension>
            <ns3:hr>164</ns3:hr>
          </ns3:TrackPointExtension>
        </extensions>
      </trkpt>
      <trkpt lat="24.489938579499721527099609375" lon="118.10300915502011775970458984375">
        <ele>6.80000019073486328125</ele>
        <time>2025-02-23T10:12:56.000Z</time>
        <extensions>
          <ns3:TrackPointExtension>
            <ns3:hr>164</ns3:hr>
          </ns3:TrackPointExtension>
        </extensions>
      </trkpt>
      <trkpt lat="24.48992592282593250274658203125" lon="118.1029829196631908416748046875">
        <ele>6.80000019073486328125</ele>
        <time>2025-02-23T10:12:57.000Z</time>
        <extensions>
          <ns3:TrackPointExtension>
            <ns3:hr>164</ns3:hr>
          </ns3:TrackPointExtension>
        </extensions>
      </trkpt>
      <trkpt lat="24.48991217650473117828369140625" lon="118.1029574386775493621826171875">
        <ele>6.80000019073486328125</ele>
        <time>2025-02-23T10:12:58.000Z</time>
        <extensions>
          <ns3:TrackPointExtension>
            <ns3:hr>164</ns3:hr>
          </ns3:TrackPointExtension>
        </extensions>
      </trkpt>
      <trkpt lat="24.48989792726933956146240234375" lon="118.1029319576919078826904296875">
        <ele>6.80000019073486328125</ele>
        <time>2025-02-23T10:12:59.000Z</time>
        <extensions>
          <ns3:TrackPointExtension>
            <ns3:hr>164</ns3:hr>
          </ns3:TrackPointExtension>
        </extensions>
      </trkpt>
      <trkpt lat="24.48988401331007480621337890625" lon="118.10290597379207611083984375">
        <ele>6.80000019073486328125</ele>
        <time>2025-02-23T10:13:00.000Z</time>
        <extensions>
          <ns3:TrackPointExtension>
            <ns3:hr>164</ns3:hr>
          </ns3:TrackPointExtension>
        </extensions>
      </trkpt>
      <trkpt lat="24.4898706860840320587158203125" lon="118.102879822254180908203125">
        <ele>7</ele>
        <time>2025-02-23T10:13:01.000Z</time>
        <extensions>
          <ns3:TrackPointExtension>
            <ns3:hr>164</ns3:hr>
          </ns3:TrackPointExtension>
        </extensions>
      </trkpt>
      <trkpt lat="24.4898569397628307342529296875" lon="118.1028541736304759979248046875">
        <ele>7</ele>
        <time>2025-02-23T10:13:02.000Z</time>
        <extensions>
          <ns3:TrackPointExtension>
            <ns3:hr>164</ns3:hr>
          </ns3:TrackPointExtension>
        </extensions>
      </trkpt>
      <trkpt lat="24.48984243907034397125244140625" lon="118.10282911173999309539794921875">
        <ele>7</ele>
        <time>2025-02-23T10:13:03.000Z</time>
        <extensions>
          <ns3:TrackPointExtension>
            <ns3:hr>165</ns3:hr>
          </ns3:TrackPointExtension>
        </extensions>
      </trkpt>
      <trkpt lat="24.48982785455882549285888671875" lon="118.1028042174875736236572265625">
        <ele>7</ele>
        <time>2025-02-23T10:13:04.000Z</time>
        <extensions>
          <ns3:TrackPointExtension>
            <ns3:hr>165</ns3:hr>
          </ns3:TrackPointExtension>
        </extensions>
      </trkpt>
      <trkpt lat="24.48981360532343387603759765625" lon="118.10277898795902729034423828125">
        <ele>7</ele>
        <time>2025-02-23T10:13:05.000Z</time>
        <extensions>
          <ns3:TrackPointExtension>
            <ns3:hr>165</ns3:hr>
          </ns3:TrackPointExtension>
        </extensions>
      </trkpt>
      <trkpt lat="24.4897996075451374053955078125" lon="118.1027532555162906646728515625">
        <ele>7.19999980926513671875</ele>
        <time>2025-02-23T10:13:06.000Z</time>
        <extensions>
          <ns3:TrackPointExtension>
            <ns3:hr>165</ns3:hr>
          </ns3:TrackPointExtension>
        </extensions>
      </trkpt>
      <trkpt lat="24.48978510685265064239501953125" lon="118.10272769071161746978759765625">
        <ele>7.19999980926513671875</ele>
        <time>2025-02-23T10:13:07.000Z</time>
        <extensions>
          <ns3:TrackPointExtension>
            <ns3:hr>165</ns3:hr>
          </ns3:TrackPointExtension>
        </extensions>
      </trkpt>
      <trkpt lat="24.48977035470306873321533203125" lon="118.10270321555435657501220703125">
        <ele>7.19999980926513671875</ele>
        <time>2025-02-23T10:13:08.000Z</time>
        <extensions>
          <ns3:TrackPointExtension>
            <ns3:hr>165</ns3:hr>
          </ns3:TrackPointExtension>
        </extensions>
      </trkpt>
      <trkpt lat="24.48975476436316967010498046875" lon="118.1026794947683811187744140625">
        <ele>7.19999980926513671875</ele>
        <time>2025-02-23T10:13:09.000Z</time>
        <extensions>
          <ns3:TrackPointExtension>
            <ns3:hr>165</ns3:hr>
          </ns3:TrackPointExtension>
        </extensions>
      </trkpt>
      <trkpt lat="24.48973783291876316070556640625" lon="118.10265560634434223175048828125">
        <ele>7.400000095367431640625</ele>
        <time>2025-02-23T10:13:10.000Z</time>
        <extensions>
          <ns3:TrackPointExtension>
            <ns3:hr>165</ns3:hr>
          </ns3:TrackPointExtension>
        </extensions>
      </trkpt>
      <trkpt lat="24.4897198118269443511962890625" lon="118.10263163410127162933349609375">
        <ele>7.400000095367431640625</ele>
        <time>2025-02-23T10:13:11.000Z</time>
        <extensions>
          <ns3:TrackPointExtension>
            <ns3:hr>165</ns3:hr>
          </ns3:TrackPointExtension>
        </extensions>
      </trkpt>
      <trkpt lat="24.48970128782093524932861328125" lon="118.1026080809533596038818359375">
        <ele>7.400000095367431640625</ele>
        <time>2025-02-23T10:13:12.000Z</time>
        <extensions>
          <ns3:TrackPointExtension>
            <ns3:hr>164</ns3:hr>
          </ns3:TrackPointExtension>
        </extensions>
      </trkpt>
      <trkpt lat="24.4896825961768627166748046875" lon="118.1025849469006061553955078125">
        <ele>7.599999904632568359375</ele>
        <time>2025-02-23T10:13:13.000Z</time>
        <extensions>
          <ns3:TrackPointExtension>
            <ns3:hr>164</ns3:hr>
          </ns3:TrackPointExtension>
        </extensions>
      </trkpt>
      <trkpt lat="24.489664323627948760986328125" lon="118.1025624834001064300537109375">
        <ele>7.599999904632568359375</ele>
        <time>2025-02-23T10:13:14.000Z</time>
        <extensions>
          <ns3:TrackPointExtension>
            <ns3:hr>164</ns3:hr>
          </ns3:TrackPointExtension>
        </extensions>
      </trkpt>
      <trkpt lat="24.48964579962193965911865234375" lon="118.1025410257279872894287109375">
        <ele>7.599999904632568359375</ele>
        <time>2025-02-23T10:13:15.000Z</time>
        <extensions>
          <ns3:TrackPointExtension>
            <ns3:hr>164</ns3:hr>
          </ns3:TrackPointExtension>
        </extensions>
      </trkpt>
      <trkpt lat="24.48962601833045482635498046875" lon="118.10252099297940731048583984375">
        <ele>7.599999904632568359375</ele>
        <time>2025-02-23T10:13:16.000Z</time>
        <extensions>
          <ns3:TrackPointExtension>
            <ns3:hr>164</ns3:hr>
          </ns3:TrackPointExtension>
        </extensions>
      </trkpt>
      <trkpt lat="24.48960472829639911651611328125" lon="118.10250230133533477783203125">
        <ele>7.599999904632568359375</ele>
        <time>2025-02-23T10:13:17.000Z</time>
        <extensions>
          <ns3:TrackPointExtension>
            <ns3:hr>164</ns3:hr>
          </ns3:TrackPointExtension>
        </extensions>
      </trkpt>
      <trkpt lat="24.4895823486149311065673828125" lon="118.10248478315770626068115234375">
        <ele>7.599999904632568359375</ele>
        <time>2025-02-23T10:13:18.000Z</time>
        <extensions>
          <ns3:TrackPointExtension>
            <ns3:hr>164</ns3:hr>
          </ns3:TrackPointExtension>
        </extensions>
      </trkpt>
      <trkpt lat="24.48955963365733623504638671875" lon="118.102467767894268035888671875">
        <ele>7.599999904632568359375</ele>
        <time>2025-02-23T10:13:19.000Z</time>
        <extensions>
          <ns3:TrackPointExtension>
            <ns3:hr>164</ns3:hr>
          </ns3:TrackPointExtension>
        </extensions>
      </trkpt>
      <trkpt lat="24.48953700251877307891845703125" lon="118.102451004087924957275390625">
        <ele>7.80000019073486328125</ele>
        <time>2025-02-23T10:13:20.000Z</time>
        <extensions>
          <ns3:TrackPointExtension>
            <ns3:hr>164</ns3:hr>
          </ns3:TrackPointExtension>
        </extensions>
      </trkpt>
      <trkpt lat="24.4895142875611782073974609375" lon="118.102434240281581878662109375">
        <ele>7.80000019073486328125</ele>
        <time>2025-02-23T10:13:21.000Z</time>
        <extensions>
          <ns3:TrackPointExtension>
            <ns3:hr>164</ns3:hr>
          </ns3:TrackPointExtension>
        </extensions>
      </trkpt>
      <trkpt lat="24.4894918240606784820556640625" lon="118.10241772793233394622802734375">
        <ele>7.80000019073486328125</ele>
        <time>2025-02-23T10:13:22.000Z</time>
        <extensions>
          <ns3:TrackPointExtension>
            <ns3:hr>164</ns3:hr>
          </ns3:TrackPointExtension>
        </extensions>
      </trkpt>
      <trkpt lat="24.48946961201727390289306640625" lon="118.102401383221149444580078125">
        <ele>7.80000019073486328125</ele>
        <time>2025-02-23T10:13:23.000Z</time>
        <extensions>
          <ns3:TrackPointExtension>
            <ns3:hr>164</ns3:hr>
          </ns3:TrackPointExtension>
        </extensions>
      </trkpt>
      <trkpt lat="24.489447735249996185302734375" lon="118.10238562524318695068359375">
        <ele>7.80000019073486328125</ele>
        <time>2025-02-23T10:13:24.000Z</time>
        <extensions>
          <ns3:TrackPointExtension>
            <ns3:hr>164</ns3:hr>
          </ns3:TrackPointExtension>
        </extensions>
      </trkpt>
      <trkpt lat="24.48942602612078189849853515625" lon="118.1023707054555416107177734375">
        <ele>7.80000019073486328125</ele>
        <time>2025-02-23T10:13:25.000Z</time>
        <extensions>
          <ns3:TrackPointExtension>
            <ns3:hr>164</ns3:hr>
          </ns3:TrackPointExtension>
        </extensions>
      </trkpt>
      <trkpt lat="24.48940423317253589630126953125" lon="118.10235679149627685546875">
        <ele>7.80000019073486328125</ele>
        <time>2025-02-23T10:13:26.000Z</time>
        <extensions>
          <ns3:TrackPointExtension>
            <ns3:hr>164</ns3:hr>
          </ns3:TrackPointExtension>
        </extensions>
      </trkpt>
      <trkpt lat="24.48938210494816303253173828125" lon="118.102343380451202392578125">
        <ele>7.80000019073486328125</ele>
        <time>2025-02-23T10:13:27.000Z</time>
        <extensions>
          <ns3:TrackPointExtension>
            <ns3:hr>165</ns3:hr>
          </ns3:TrackPointExtension>
        </extensions>
      </trkpt>
      <trkpt lat="24.48935913853347301483154296875" lon="118.10233055613934993743896484375">
        <ele>8</ele>
        <time>2025-02-23T10:13:28.000Z</time>
        <extensions>
          <ns3:TrackPointExtension>
            <ns3:hr>165</ns3:hr>
          </ns3:TrackPointExtension>
        </extensions>
      </trkpt>
      <trkpt lat="24.489335753023624420166015625" lon="118.10231815092265605926513671875">
        <ele>8</ele>
        <time>2025-02-23T10:13:29.000Z</time>
        <extensions>
          <ns3:TrackPointExtension>
            <ns3:hr>165</ns3:hr>
          </ns3:TrackPointExtension>
        </extensions>
      </trkpt>
      <trkpt lat="24.489312283694744110107421875" lon="118.1023063324391841888427734375">
        <ele>8</ele>
        <time>2025-02-23T10:13:30.000Z</time>
        <extensions>
          <ns3:TrackPointExtension>
            <ns3:hr>165</ns3:hr>
          </ns3:TrackPointExtension>
        </extensions>
      </trkpt>
      <trkpt lat="24.4892886467278003692626953125" lon="118.10229484923183917999267578125">
        <ele>8</ele>
        <time>2025-02-23T10:13:31.000Z</time>
        <extensions>
          <ns3:TrackPointExtension>
            <ns3:hr>165</ns3:hr>
          </ns3:TrackPointExtension>
        </extensions>
      </trkpt>
      <trkpt lat="24.4892643392086029052734375" lon="118.10228428803384304046630859375">
        <ele>8.19999980926513671875</ele>
        <time>2025-02-23T10:13:32.000Z</time>
        <extensions>
          <ns3:TrackPointExtension>
            <ns3:hr>165</ns3:hr>
          </ns3:TrackPointExtension>
        </extensions>
      </trkpt>
      <trkpt lat="24.48923952877521514892578125" lon="118.10227389447391033172607421875">
        <ele>8.19999980926513671875</ele>
        <time>2025-02-23T10:13:33.000Z</time>
        <extensions>
          <ns3:TrackPointExtension>
            <ns3:hr>165</ns3:hr>
          </ns3:TrackPointExtension>
        </extensions>
      </trkpt>
      <trkpt lat="24.489214383065700531005859375" lon="118.102263249456882476806640625">
        <ele>8.3999996185302734375</ele>
        <time>2025-02-23T10:13:34.000Z</time>
        <extensions>
          <ns3:TrackPointExtension>
            <ns3:hr>164</ns3:hr>
          </ns3:TrackPointExtension>
        </extensions>
      </trkpt>
      <trkpt lat="24.4891892373561859130859375" lon="118.10225243680179119110107421875">
        <ele>8.6000003814697265625</ele>
        <time>2025-02-23T10:13:35.000Z</time>
        <extensions>
          <ns3:TrackPointExtension>
            <ns3:hr>164</ns3:hr>
          </ns3:TrackPointExtension>
        </extensions>
      </trkpt>
      <trkpt lat="24.48916442692279815673828125" lon="118.10224187560379505157470703125">
        <ele>8.6000003814697265625</ele>
        <time>2025-02-23T10:13:36.000Z</time>
        <extensions>
          <ns3:TrackPointExtension>
            <ns3:hr>164</ns3:hr>
          </ns3:TrackPointExtension>
        </extensions>
      </trkpt>
      <trkpt lat="24.4891394488513469696044921875" lon="118.10223198495805263519287109375">
        <ele>8.80000019073486328125</ele>
        <time>2025-02-23T10:13:37.000Z</time>
        <extensions>
          <ns3:TrackPointExtension>
            <ns3:hr>164</ns3:hr>
          </ns3:TrackPointExtension>
        </extensions>
      </trkpt>
      <trkpt lat="24.4891139678657054901123046875" lon="118.1022228486835956573486328125">
        <ele>8.80000019073486328125</ele>
        <time>2025-02-23T10:13:38.000Z</time>
        <extensions>
          <ns3:TrackPointExtension>
            <ns3:hr>164</ns3:hr>
          </ns3:TrackPointExtension>
        </extensions>
      </trkpt>
      <trkpt lat="24.48908865451812744140625" lon="118.1022144667804241180419921875">
        <ele>9</ele>
        <time>2025-02-23T10:13:39.000Z</time>
        <extensions>
          <ns3:TrackPointExtension>
            <ns3:hr>164</ns3:hr>
          </ns3:TrackPointExtension>
        </extensions>
      </trkpt>
      <trkpt lat="24.48906342498958110809326171875" lon="118.1022067554295063018798828125">
        <ele>9</ele>
        <time>2025-02-23T10:13:40.000Z</time>
        <extensions>
          <ns3:TrackPointExtension>
            <ns3:hr>164</ns3:hr>
          </ns3:TrackPointExtension>
        </extensions>
      </trkpt>
      <trkpt lat="24.4890378601849079132080078125" lon="118.10219946317374706268310546875">
        <ele>9.19999980926513671875</ele>
        <time>2025-02-23T10:13:41.000Z</time>
        <extensions>
          <ns3:TrackPointExtension>
            <ns3:hr>164</ns3:hr>
          </ns3:TrackPointExtension>
        </extensions>
      </trkpt>
      <trkpt lat="24.489011876285076141357421875" lon="118.102192841470241546630859375">
        <ele>9.3999996185302734375</ele>
        <time>2025-02-23T10:13:42.000Z</time>
        <extensions>
          <ns3:TrackPointExtension>
            <ns3:hr>165</ns3:hr>
          </ns3:TrackPointExtension>
        </extensions>
      </trkpt>
      <trkpt lat="24.48898564092814922332763671875" lon="118.102187812328338623046875">
        <ele>9.6000003814697265625</ele>
        <time>2025-02-23T10:13:43.000Z</time>
        <extensions>
          <ns3:TrackPointExtension>
            <ns3:hr>165</ns3:hr>
          </ns3:TrackPointExtension>
        </extensions>
      </trkpt>
      <trkpt lat="24.48895932175219058990478515625" lon="118.10218454338610172271728515625">
        <ele>9.6000003814697265625</ele>
        <time>2025-02-23T10:13:44.000Z</time>
        <extensions>
          <ns3:TrackPointExtension>
            <ns3:hr>165</ns3:hr>
          </ns3:TrackPointExtension>
        </extensions>
      </trkpt>
      <trkpt lat="24.4889329187572002410888671875" lon="118.10218320228159427642822265625">
        <ele>9.80000019073486328125</ele>
        <time>2025-02-23T10:13:45.000Z</time>
        <extensions>
          <ns3:TrackPointExtension>
            <ns3:hr>165</ns3:hr>
          </ns3:TrackPointExtension>
        </extensions>
      </trkpt>
      <trkpt lat="24.48890668340027332305908203125" lon="118.10218353755772113800048828125">
        <ele>10</ele>
        <time>2025-02-23T10:13:46.000Z</time>
        <extensions>
          <ns3:TrackPointExtension>
            <ns3:hr>165</ns3:hr>
          </ns3:TrackPointExtension>
        </extensions>
      </trkpt>
      <trkpt lat="24.4888802804052829742431640625" lon="118.102184794843196868896484375">
        <ele>10.19999980926513671875</ele>
        <time>2025-02-23T10:13:47.000Z</time>
        <extensions>
          <ns3:TrackPointExtension>
            <ns3:hr>165</ns3:hr>
          </ns3:TrackPointExtension>
        </extensions>
      </trkpt>
      <trkpt lat="24.48885337449610233306884765625" lon="118.10218655504286289215087890625">
        <ele>10.19999980926513671875</ele>
        <time>2025-02-23T10:13:48.000Z</time>
        <extensions>
          <ns3:TrackPointExtension>
            <ns3:hr>165</ns3:hr>
          </ns3:TrackPointExtension>
        </extensions>
      </trkpt>
      <trkpt lat="24.48882604949176311492919921875" lon="118.10218890197575092315673828125">
        <ele>10.3999996185302734375</ele>
        <time>2025-02-23T10:13:49.000Z</time>
        <extensions>
          <ns3:TrackPointExtension>
            <ns3:hr>165</ns3:hr>
          </ns3:TrackPointExtension>
        </extensions>
      </trkpt>
      <trkpt lat="24.48879855684936046600341796875" lon="118.1021918356418609619140625">
        <ele>10.3999996185302734375</ele>
        <time>2025-02-23T10:13:50.000Z</time>
        <extensions>
          <ns3:TrackPointExtension>
            <ns3:hr>165</ns3:hr>
          </ns3:TrackPointExtension>
        </extensions>
      </trkpt>
      <trkpt lat="24.48877123184502124786376953125" lon="118.10219493694603443145751953125">
        <ele>10.6000003814697265625</ele>
        <time>2025-02-23T10:13:51.000Z</time>
        <extensions>
          <ns3:TrackPointExtension>
            <ns3:hr>165</ns3:hr>
          </ns3:TrackPointExtension>
        </extensions>
      </trkpt>
      <trkpt lat="24.48874424211680889129638671875" lon="118.10219812206923961639404296875">
        <ele>10.6000003814697265625</ele>
        <time>2025-02-23T10:13:52.000Z</time>
        <extensions>
          <ns3:TrackPointExtension>
            <ns3:hr>165</ns3:hr>
          </ns3:TrackPointExtension>
        </extensions>
      </trkpt>
      <trkpt lat="24.4887176714837551116943359375" lon="118.10220231302082538604736328125">
        <ele>10.80000019073486328125</ele>
        <time>2025-02-23T10:13:53.000Z</time>
        <extensions>
          <ns3:TrackPointExtension>
            <ns3:hr>165</ns3:hr>
          </ns3:TrackPointExtension>
        </extensions>
      </trkpt>
      <trkpt lat="24.48869076557457447052001953125" lon="118.1022084318101406097412109375">
        <ele>10.6000003814697265625</ele>
        <time>2025-02-23T10:13:54.000Z</time>
        <extensions>
          <ns3:TrackPointExtension>
            <ns3:hr>165</ns3:hr>
          </ns3:TrackPointExtension>
        </extensions>
      </trkpt>
      <trkpt lat="24.488663189113140106201171875" lon="118.10221706517040729522705078125">
        <ele>10.6000003814697265625</ele>
        <time>2025-02-23T10:13:55.000Z</time>
        <extensions>
          <ns3:TrackPointExtension>
            <ns3:hr>165</ns3:hr>
          </ns3:TrackPointExtension>
        </extensions>
      </trkpt>
      <trkpt lat="24.48863527737557888031005859375" lon="118.10222712345421314239501953125">
        <ele>10.6000003814697265625</ele>
        <time>2025-02-23T10:13:56.000Z</time>
        <extensions>
          <ns3:TrackPointExtension>
            <ns3:hr>165</ns3:hr>
          </ns3:TrackPointExtension>
        </extensions>
      </trkpt>
      <trkpt lat="24.4886073656380176544189453125" lon="118.102237768471240997314453125">
        <ele>10.3999996185302734375</ele>
        <time>2025-02-23T10:13:57.000Z</time>
        <extensions>
          <ns3:TrackPointExtension>
            <ns3:hr>165</ns3:hr>
          </ns3:TrackPointExtension>
        </extensions>
      </trkpt>
      <trkpt lat="24.48857978917658329010009765625" lon="118.10224883258342742919921875">
        <ele>10.3999996185302734375</ele>
        <time>2025-02-23T10:13:58.000Z</time>
        <extensions>
          <ns3:TrackPointExtension>
            <ns3:hr>165</ns3:hr>
          </ns3:TrackPointExtension>
        </extensions>
      </trkpt>
      <trkpt lat="24.48855263181030750274658203125" lon="118.10226065106689929962158203125">
        <ele>10.3999996185302734375</ele>
        <time>2025-02-23T10:13:59.000Z</time>
        <extensions>
          <ns3:TrackPointExtension>
            <ns3:hr>165</ns3:hr>
          </ns3:TrackPointExtension>
        </extensions>
      </trkpt>
      <trkpt lat="24.4885262288153171539306640625" lon="118.10227322392165660858154296875">
        <ele>10.19999980926513671875</ele>
        <time>2025-02-23T10:14:00.000Z</time>
        <extensions>
          <ns3:TrackPointExtension>
            <ns3:hr>165</ns3:hr>
          </ns3:TrackPointExtension>
        </extensions>
      </trkpt>
      <trkpt lat="24.4885004125535488128662109375" lon="118.10228629969060420989990234375">
        <ele>10.19999980926513671875</ele>
        <time>2025-02-23T10:14:01.000Z</time>
        <extensions>
          <ns3:TrackPointExtension>
            <ns3:hr>165</ns3:hr>
          </ns3:TrackPointExtension>
        </extensions>
      </trkpt>
      <trkpt lat="24.48847484774887561798095703125" lon="118.10229979455471038818359375">
        <ele>10.19999980926513671875</ele>
        <time>2025-02-23T10:14:02.000Z</time>
        <extensions>
          <ns3:TrackPointExtension>
            <ns3:hr>165</ns3:hr>
          </ns3:TrackPointExtension>
        </extensions>
      </trkpt>
      <trkpt lat="24.48844903148710727691650390625" lon="118.10231345705687999725341796875">
        <ele>10.19999980926513671875</ele>
        <time>2025-02-23T10:14:03.000Z</time>
        <extensions>
          <ns3:TrackPointExtension>
            <ns3:hr>165</ns3:hr>
          </ns3:TrackPointExtension>
        </extensions>
      </trkpt>
      <trkpt lat="24.48842346668243408203125" lon="118.10232737101614475250244140625">
        <ele>10.19999980926513671875</ele>
        <time>2025-02-23T10:14:04.000Z</time>
        <extensions>
          <ns3:TrackPointExtension>
            <ns3:hr>165</ns3:hr>
          </ns3:TrackPointExtension>
        </extensions>
      </trkpt>
      <trkpt lat="24.4883984886109828948974609375" lon="118.10234128497540950775146484375">
        <ele>10.19999980926513671875</ele>
        <time>2025-02-23T10:14:05.000Z</time>
        <extensions>
          <ns3:TrackPointExtension>
            <ns3:hr>165</ns3:hr>
          </ns3:TrackPointExtension>
        </extensions>
      </trkpt>
      <trkpt lat="24.4883738458156585693359375" lon="118.1023549474775791168212890625">
        <ele>10.3999996185302734375</ele>
        <time>2025-02-23T10:14:06.000Z</time>
        <extensions>
          <ns3:TrackPointExtension>
            <ns3:hr>165</ns3:hr>
          </ns3:TrackPointExtension>
        </extensions>
      </trkpt>
      <trkpt lat="24.48834928683936595916748046875" lon="118.1023683585226535797119140625">
        <ele>10.3999996185302734375</ele>
        <time>2025-02-23T10:14:07.000Z</time>
        <extensions>
          <ns3:TrackPointExtension>
            <ns3:hr>165</ns3:hr>
          </ns3:TrackPointExtension>
        </extensions>
      </trkpt>
      <trkpt lat="24.488324224948883056640625" lon="118.10238185338675975799560546875">
        <ele>10.3999996185302734375</ele>
        <time>2025-02-23T10:14:08.000Z</time>
        <extensions>
          <ns3:TrackPointExtension>
            <ns3:hr>165</ns3:hr>
          </ns3:TrackPointExtension>
        </extensions>
      </trkpt>
      <trkpt lat="24.4882985763251781463623046875" lon="118.102396018803119659423828125">
        <ele>10.3999996185302734375</ele>
        <time>2025-02-23T10:14:09.000Z</time>
        <extensions>
          <ns3:TrackPointExtension>
            <ns3:hr>165</ns3:hr>
          </ns3:TrackPointExtension>
        </extensions>
      </trkpt>
      <trkpt lat="24.48827284388244152069091796875" lon="118.10241102240979671478271484375">
        <ele>10.3999996185302734375</ele>
        <time>2025-02-23T10:14:10.000Z</time>
        <extensions>
          <ns3:TrackPointExtension>
            <ns3:hr>165</ns3:hr>
          </ns3:TrackPointExtension>
        </extensions>
      </trkpt>
      <trkpt lat="24.4882476143538951873779296875" lon="118.1024266965687274932861328125">
        <ele>10.19999980926513671875</ele>
        <time>2025-02-23T10:14:11.000Z</time>
        <extensions>
          <ns3:TrackPointExtension>
            <ns3:hr>165</ns3:hr>
          </ns3:TrackPointExtension>
        </extensions>
      </trkpt>
      <trkpt lat="24.48822297155857086181640625" lon="118.10244287364184856414794921875">
        <ele>10.19999980926513671875</ele>
        <time>2025-02-23T10:14:12.000Z</time>
        <extensions>
          <ns3:TrackPointExtension>
            <ns3:hr>165</ns3:hr>
          </ns3:TrackPointExtension>
        </extensions>
      </trkpt>
      <trkpt lat="24.4881986640393733978271484375" lon="118.1024595536291599273681640625">
        <ele>10.19999980926513671875</ele>
        <time>2025-02-23T10:14:13.000Z</time>
        <extensions>
          <ns3:TrackPointExtension>
            <ns3:hr>165</ns3:hr>
          </ns3:TrackPointExtension>
        </extensions>
      </trkpt>
      <trkpt lat="24.4881755299866199493408203125" lon="118.10247690416872501373291015625">
        <ele>10</ele>
        <time>2025-02-23T10:14:14.000Z</time>
        <extensions>
          <ns3:TrackPointExtension>
            <ns3:hr>165</ns3:hr>
          </ns3:TrackPointExtension>
        </extensions>
      </trkpt>
      <trkpt lat="24.48815432377159595489501953125" lon="118.1024950928986072540283203125">
        <ele>9.80000019073486328125</ele>
        <time>2025-02-23T10:14:15.000Z</time>
        <extensions>
          <ns3:TrackPointExtension>
            <ns3:hr>165</ns3:hr>
          </ns3:TrackPointExtension>
        </extensions>
      </trkpt>
      <trkpt lat="24.4881339557468891143798828125" lon="118.102514035999774932861328125">
        <ele>9.6000003814697265625</ele>
        <time>2025-02-23T10:14:16.000Z</time>
        <extensions>
          <ns3:TrackPointExtension>
            <ns3:hr>165</ns3:hr>
          </ns3:TrackPointExtension>
        </extensions>
      </trkpt>
      <trkpt lat="24.4881136715412139892578125" lon="118.1025336496531963348388671875">
        <ele>9.19999980926513671875</ele>
        <time>2025-02-23T10:14:17.000Z</time>
        <extensions>
          <ns3:TrackPointExtension>
            <ns3:hr>165</ns3:hr>
          </ns3:TrackPointExtension>
        </extensions>
      </trkpt>
      <trkpt lat="24.48809313587844371795654296875" lon="118.1025537662208080291748046875">
        <ele>9</ele>
        <time>2025-02-23T10:14:18.000Z</time>
        <extensions>
          <ns3:TrackPointExtension>
            <ns3:hr>165</ns3:hr>
          </ns3:TrackPointExtension>
        </extensions>
      </trkpt>
      <trkpt lat="24.48807251639664173126220703125" lon="118.1025742180645465850830078125">
        <ele>8.3999996185302734375</ele>
        <time>2025-02-23T10:14:19.000Z</time>
        <extensions>
          <ns3:TrackPointExtension>
            <ns3:hr>165</ns3:hr>
          </ns3:TrackPointExtension>
        </extensions>
      </trkpt>
      <trkpt lat="24.48805273510515689849853515625" lon="118.10259475372731685638427734375">
        <ele>8</ele>
        <time>2025-02-23T10:14:20.000Z</time>
        <extensions>
          <ns3:TrackPointExtension>
            <ns3:hr>165</ns3:hr>
          </ns3:TrackPointExtension>
        </extensions>
      </trkpt>
      <trkpt lat="24.48803387582302093505859375" lon="118.10261495411396026611328125">
        <ele>7.599999904632568359375</ele>
        <time>2025-02-23T10:14:21.000Z</time>
        <extensions>
          <ns3:TrackPointExtension>
            <ns3:hr>165</ns3:hr>
          </ns3:TrackPointExtension>
        </extensions>
      </trkpt>
      <trkpt lat="24.48801484890282154083251953125" lon="118.10263532213866710662841796875">
        <ele>7.19999980926513671875</ele>
        <time>2025-02-23T10:14:22.000Z</time>
        <extensions>
          <ns3:TrackPointExtension>
            <ns3:hr>165</ns3:hr>
          </ns3:TrackPointExtension>
        </extensions>
      </trkpt>
      <trkpt lat="24.4879956543445587158203125" lon="118.10265610925853252410888671875">
        <ele>6.80000019073486328125</ele>
        <time>2025-02-23T10:14:23.000Z</time>
        <extensions>
          <ns3:TrackPointExtension>
            <ns3:hr>165</ns3:hr>
          </ns3:TrackPointExtension>
        </extensions>
      </trkpt>
      <trkpt lat="24.4879767112433910369873046875" lon="118.10267739929258823394775390625">
        <ele>6.599999904632568359375</ele>
        <time>2025-02-23T10:14:24.000Z</time>
        <extensions>
          <ns3:TrackPointExtension>
            <ns3:hr>165</ns3:hr>
          </ns3:TrackPointExtension>
        </extensions>
      </trkpt>
      <trkpt lat="24.48795785196125507354736328125" lon="118.10269935987889766693115234375">
        <ele>6.400000095367431640625</ele>
        <time>2025-02-23T10:14:25.000Z</time>
        <extensions>
          <ns3:TrackPointExtension>
            <ns3:hr>165</ns3:hr>
          </ns3:TrackPointExtension>
        </extensions>
      </trkpt>
      <trkpt lat="24.4879394955933094024658203125" lon="118.10272215865552425384521484375">
        <ele>6.400000095367431640625</ele>
        <time>2025-02-23T10:14:26.000Z</time>
        <extensions>
          <ns3:TrackPointExtension>
            <ns3:hr>165</ns3:hr>
          </ns3:TrackPointExtension>
        </extensions>
      </trkpt>
      <trkpt lat="24.48792180977761745452880859375" lon="118.1027452088892459869384765625">
        <ele>6.19999980926513671875</ele>
        <time>2025-02-23T10:14:27.000Z</time>
        <extensions>
          <ns3:TrackPointExtension>
            <ns3:hr>165</ns3:hr>
          </ns3:TrackPointExtension>
        </extensions>
      </trkpt>
      <trkpt lat="24.48790521360933780670166015625" lon="118.1027690134942531585693359375">
        <ele>6.19999980926513671875</ele>
        <time>2025-02-23T10:14:28.000Z</time>
        <extensions>
          <ns3:TrackPointExtension>
            <ns3:hr>165</ns3:hr>
          </ns3:TrackPointExtension>
        </extensions>
      </trkpt>
      <trkpt lat="24.4878895394504070281982421875" lon="118.10279390774667263031005859375">
        <ele>6</ele>
        <time>2025-02-23T10:14:29.000Z</time>
        <extensions>
          <ns3:TrackPointExtension>
            <ns3:hr>165</ns3:hr>
          </ns3:TrackPointExtension>
        </extensions>
      </trkpt>
      <trkpt lat="24.487874619662761688232421875" lon="118.102819807827472686767578125">
        <ele>5.80000019073486328125</ele>
        <time>2025-02-23T10:14:30.000Z</time>
        <extensions>
          <ns3:TrackPointExtension>
            <ns3:hr>165</ns3:hr>
          </ns3:TrackPointExtension>
        </extensions>
      </trkpt>
      <trkpt lat="24.487860538065433502197265625" lon="118.10284621082246303558349609375">
        <ele>6</ele>
        <time>2025-02-23T10:14:31.000Z</time>
        <extensions>
          <ns3:TrackPointExtension>
            <ns3:hr>165</ns3:hr>
          </ns3:TrackPointExtension>
        </extensions>
      </trkpt>
      <trkpt lat="24.4878469593822956085205078125" lon="118.1028722785413265228271484375">
        <ele>6</ele>
        <time>2025-02-23T10:14:32.000Z</time>
        <extensions>
          <ns3:TrackPointExtension>
            <ns3:hr>165</ns3:hr>
          </ns3:TrackPointExtension>
        </extensions>
      </trkpt>
      <trkpt lat="24.48783296160399913787841796875" lon="118.1028977595269680023193359375">
        <ele>6.19999980926513671875</ele>
        <time>2025-02-23T10:14:33.000Z</time>
        <extensions>
          <ns3:TrackPointExtension>
            <ns3:hr>165</ns3:hr>
          </ns3:TrackPointExtension>
        </extensions>
      </trkpt>
      <trkpt lat="24.487818293273448944091796875" lon="118.1029225699603557586669921875">
        <ele>6.19999980926513671875</ele>
        <time>2025-02-23T10:14:34.000Z</time>
        <extensions>
          <ns3:TrackPointExtension>
            <ns3:hr>165</ns3:hr>
          </ns3:TrackPointExtension>
        </extensions>
      </trkpt>
      <trkpt lat="24.48780362494289875030517578125" lon="118.1029477156698703765869140625">
        <ele>6.19999980926513671875</ele>
        <time>2025-02-23T10:14:35.000Z</time>
        <extensions>
          <ns3:TrackPointExtension>
            <ns3:hr>166</ns3:hr>
          </ns3:TrackPointExtension>
        </extensions>
      </trkpt>
      <trkpt lat="24.487790130078792572021484375" lon="118.10297378338873386383056640625">
        <ele>6.400000095367431640625</ele>
        <time>2025-02-23T10:14:36.000Z</time>
        <extensions>
          <ns3:TrackPointExtension>
            <ns3:hr>166</ns3:hr>
          </ns3:TrackPointExtension>
        </extensions>
      </trkpt>
      <trkpt lat="24.4877782277762889862060546875" lon="118.10300119221210479736328125">
        <ele>6.400000095367431640625</ele>
        <time>2025-02-23T10:14:37.000Z</time>
        <extensions>
          <ns3:TrackPointExtension>
            <ns3:hr>166</ns3:hr>
          </ns3:TrackPointExtension>
        </extensions>
      </trkpt>
      <trkpt lat="24.48776808567345142364501953125" lon="118.1030291877686977386474609375">
        <ele>6.80000019073486328125</ele>
        <time>2025-02-23T10:14:38.000Z</time>
        <extensions>
          <ns3:TrackPointExtension>
            <ns3:hr>166</ns3:hr>
          </ns3:TrackPointExtension>
        </extensions>
      </trkpt>
      <trkpt lat="24.4877596199512481689453125" lon="118.10305777005851268768310546875">
        <ele>7</ele>
        <time>2025-02-23T10:14:39.000Z</time>
        <extensions>
          <ns3:TrackPointExtension>
            <ns3:hr>166</ns3:hr>
          </ns3:TrackPointExtension>
        </extensions>
      </trkpt>
      <trkpt lat="24.48775249533355236053466796875" lon="118.10308702290058135986328125">
        <ele>7.400000095367431640625</ele>
        <time>2025-02-23T10:14:40.000Z</time>
        <extensions>
          <ns3:TrackPointExtension>
            <ns3:hr>166</ns3:hr>
          </ns3:TrackPointExtension>
        </extensions>
      </trkpt>
      <trkpt lat="24.4877463765442371368408203125" lon="118.10311652719974517822265625">
        <ele>7.599999904632568359375</ele>
        <time>2025-02-23T10:14:41.000Z</time>
        <extensions>
          <ns3:TrackPointExtension>
            <ns3:hr>166</ns3:hr>
          </ns3:TrackPointExtension>
        </extensions>
      </trkpt>
      <trkpt lat="24.4877416826784610748291015625" lon="118.10314561240375041961669921875">
        <ele>8.19999980926513671875</ele>
        <time>2025-02-23T10:14:42.000Z</time>
        <extensions>
          <ns3:TrackPointExtension>
            <ns3:hr>165</ns3:hr>
          </ns3:TrackPointExtension>
        </extensions>
      </trkpt>
      <trkpt lat="24.48773824609816074371337890625" lon="118.10317444615066051483154296875">
        <ele>8.80000019073486328125</ele>
        <time>2025-02-23T10:14:43.000Z</time>
        <extensions>
          <ns3:TrackPointExtension>
            <ns3:hr>165</ns3:hr>
          </ns3:TrackPointExtension>
        </extensions>
      </trkpt>
      <trkpt lat="24.4877353124320507049560546875" lon="118.1032035313546657562255859375">
        <ele>9.19999980926513671875</ele>
        <time>2025-02-23T10:14:44.000Z</time>
        <extensions>
          <ns3:TrackPointExtension>
            <ns3:hr>165</ns3:hr>
          </ns3:TrackPointExtension>
        </extensions>
      </trkpt>
      <trkpt lat="24.48773271404206752777099609375" lon="118.10323311947286128997802734375">
        <ele>9.80000019073486328125</ele>
        <time>2025-02-23T10:14:45.000Z</time>
        <extensions>
          <ns3:TrackPointExtension>
            <ns3:hr>165</ns3:hr>
          </ns3:TrackPointExtension>
        </extensions>
      </trkpt>
      <trkpt lat="24.48772986419498920440673828125" lon="118.10326262377202510833740234375">
        <ele>10.19999980926513671875</ele>
        <time>2025-02-23T10:14:46.000Z</time>
        <extensions>
          <ns3:TrackPointExtension>
            <ns3:hr>165</ns3:hr>
          </ns3:TrackPointExtension>
        </extensions>
      </trkpt>
      <trkpt lat="24.48772667907178401947021484375" lon="118.10329162515699863433837890625">
        <ele>10.6000003814697265625</ele>
        <time>2025-02-23T10:14:47.000Z</time>
        <extensions>
          <ns3:TrackPointExtension>
            <ns3:hr>165</ns3:hr>
          </ns3:TrackPointExtension>
        </extensions>
      </trkpt>
      <trkpt lat="24.48772349394857883453369140625" lon="118.1033210456371307373046875">
        <ele>11</ele>
        <time>2025-02-23T10:14:48.000Z</time>
        <extensions>
          <ns3:TrackPointExtension>
            <ns3:hr>166</ns3:hr>
          </ns3:TrackPointExtension>
        </extensions>
      </trkpt>
      <trkpt lat="24.48772114701569080352783203125" lon="118.10335113666951656341552734375">
        <ele>11.3999996185302734375</ele>
        <time>2025-02-23T10:14:49.000Z</time>
        <extensions>
          <ns3:TrackPointExtension>
            <ns3:hr>166</ns3:hr>
          </ns3:TrackPointExtension>
        </extensions>
      </trkpt>
      <trkpt lat="24.48772005736827850341796875" lon="118.1033818982541561126708984375">
        <ele>11.80000019073486328125</ele>
        <time>2025-02-23T10:14:50.000Z</time>
        <extensions>
          <ns3:TrackPointExtension>
            <ns3:hr>166</ns3:hr>
          </ns3:TrackPointExtension>
        </extensions>
      </trkpt>
      <trkpt lat="24.4877198897302150726318359375" lon="118.1034127436578273773193359375">
        <ele>11.6000003814697265625</ele>
        <time>2025-02-23T10:14:51.000Z</time>
        <extensions>
          <ns3:TrackPointExtension>
            <ns3:hr>166</ns3:hr>
          </ns3:TrackPointExtension>
        </extensions>
      </trkpt>
      <trkpt lat="24.4877202250063419342041015625" lon="118.10344350524246692657470703125">
        <ele>11.6000003814697265625</ele>
        <time>2025-02-23T10:14:52.000Z</time>
        <extensions>
          <ns3:TrackPointExtension>
            <ns3:hr>166</ns3:hr>
          </ns3:TrackPointExtension>
        </extensions>
      </trkpt>
      <trkpt lat="24.4877205602824687957763671875" lon="118.1034744344651699066162109375">
        <ele>11.3999996185302734375</ele>
        <time>2025-02-23T10:14:53.000Z</time>
        <extensions>
          <ns3:TrackPointExtension>
            <ns3:hr>166</ns3:hr>
          </ns3:TrackPointExtension>
        </extensions>
      </trkpt>
      <trkpt lat="24.48772047646343708038330078125" lon="118.10350536368787288665771484375">
        <ele>11.3999996185302734375</ele>
        <time>2025-02-23T10:14:54.000Z</time>
        <extensions>
          <ns3:TrackPointExtension>
            <ns3:hr>166</ns3:hr>
          </ns3:TrackPointExtension>
        </extensions>
      </trkpt>
      <trkpt lat="24.4877195544540882110595703125" lon="118.10353570617735385894775390625">
        <ele>11.19999980926513671875</ele>
        <time>2025-02-23T10:14:55.000Z</time>
        <extensions>
          <ns3:TrackPointExtension>
            <ns3:hr>166</ns3:hr>
          </ns3:TrackPointExtension>
        </extensions>
      </trkpt>
      <trkpt lat="24.48771762661635875701904296875" lon="118.1035656295716762542724609375">
        <ele>11.19999980926513671875</ele>
        <time>2025-02-23T10:14:56.000Z</time>
        <extensions>
          <ns3:TrackPointExtension>
            <ns3:hr>166</ns3:hr>
          </ns3:TrackPointExtension>
        </extensions>
      </trkpt>
      <trkpt lat="24.487715028226375579833984375" lon="118.10359588824212551116943359375">
        <ele>11</ele>
        <time>2025-02-23T10:14:57.000Z</time>
        <extensions>
          <ns3:TrackPointExtension>
            <ns3:hr>166</ns3:hr>
          </ns3:TrackPointExtension>
        </extensions>
      </trkpt>
      <trkpt lat="24.48771226219832897186279296875" lon="118.103626482188701629638671875">
        <ele>10.80000019073486328125</ele>
        <time>2025-02-23T10:14:58.000Z</time>
        <extensions>
          <ns3:TrackPointExtension>
            <ns3:hr>166</ns3:hr>
          </ns3:TrackPointExtension>
        </extensions>
      </trkpt>
      <trkpt lat="24.48770991526544094085693359375" lon="118.10365699231624603271484375">
        <ele>10.80000019073486328125</ele>
        <time>2025-02-23T10:14:59.000Z</time>
        <extensions>
          <ns3:TrackPointExtension>
            <ns3:hr>166</ns3:hr>
          </ns3:TrackPointExtension>
        </extensions>
      </trkpt>
      <trkpt lat="24.48770807124674320220947265625" lon="118.10368716716766357421875">
        <ele>10.3999996185302734375</ele>
        <time>2025-02-23T10:15:00.000Z</time>
        <extensions>
          <ns3:TrackPointExtension>
            <ns3:hr>166</ns3:hr>
          </ns3:TrackPointExtension>
        </extensions>
      </trkpt>
      <trkpt lat="24.487707316875457763671875" lon="118.1037171743810176849365234375">
        <ele>9.80000019073486328125</ele>
        <time>2025-02-23T10:15:01.000Z</time>
        <extensions>
          <ns3:TrackPointExtension>
            <ns3:hr>167</ns3:hr>
          </ns3:TrackPointExtension>
        </extensions>
      </trkpt>
      <trkpt lat="24.48770790360867977142333984375" lon="118.1037475168704986572265625">
        <ele>9.3999996185302734375</ele>
        <time>2025-02-23T10:15:02.000Z</time>
        <extensions>
          <ns3:TrackPointExtension>
            <ns3:hr>167</ns3:hr>
          </ns3:TrackPointExtension>
        </extensions>
      </trkpt>
      <trkpt lat="24.48770957998931407928466796875" lon="118.10377769172191619873046875">
        <ele>9.19999980926513671875</ele>
        <time>2025-02-23T10:15:03.000Z</time>
        <extensions>
          <ns3:TrackPointExtension>
            <ns3:hr>167</ns3:hr>
          </ns3:TrackPointExtension>
        </extensions>
      </trkpt>
      <trkpt lat="24.4877121783792972564697265625" lon="118.1038070283830165863037109375">
        <ele>9</ele>
        <time>2025-02-23T10:15:04.000Z</time>
        <extensions>
          <ns3:TrackPointExtension>
            <ns3:hr>167</ns3:hr>
          </ns3:TrackPointExtension>
        </extensions>
      </trkpt>
      <trkpt lat="24.48771561495959758758544921875" lon="118.1038355268537998199462890625">
        <ele>8.80000019073486328125</ele>
        <time>2025-02-23T10:15:05.000Z</time>
        <extensions>
          <ns3:TrackPointExtension>
            <ns3:hr>166</ns3:hr>
          </ns3:TrackPointExtension>
        </extensions>
      </trkpt>
      <trkpt lat="24.48771980591118335723876953125" lon="118.10386410914361476898193359375">
        <ele>8.6000003814697265625</ele>
        <time>2025-02-23T10:15:06.000Z</time>
        <extensions>
          <ns3:TrackPointExtension>
            <ns3:hr>166</ns3:hr>
          </ns3:TrackPointExtension>
        </extensions>
      </trkpt>
      <trkpt lat="24.4877247512340545654296875" lon="118.10389378108084201812744140625">
        <ele>8.3999996185302734375</ele>
        <time>2025-02-23T10:15:07.000Z</time>
        <extensions>
          <ns3:TrackPointExtension>
            <ns3:hr>166</ns3:hr>
          </ns3:TrackPointExtension>
        </extensions>
      </trkpt>
      <trkpt lat="24.48773087002336978912353515625" lon="118.1039247103035449981689453125">
        <ele>8.19999980926513671875</ele>
        <time>2025-02-23T10:15:08.000Z</time>
        <extensions>
          <ns3:TrackPointExtension>
            <ns3:hr>166</ns3:hr>
          </ns3:TrackPointExtension>
        </extensions>
      </trkpt>
      <trkpt lat="24.48773824609816074371337890625" lon="118.10395597480237483978271484375">
        <ele>7.80000019073486328125</ele>
        <time>2025-02-23T10:15:09.000Z</time>
        <extensions>
          <ns3:TrackPointExtension>
            <ns3:hr>166</ns3:hr>
          </ns3:TrackPointExtension>
        </extensions>
      </trkpt>
      <trkpt lat="24.48774662800133228302001953125" lon="118.10398698784410953521728515625">
        <ele>7.599999904632568359375</ele>
        <time>2025-02-23T10:15:10.000Z</time>
        <extensions>
          <ns3:TrackPointExtension>
            <ns3:hr>166</ns3:hr>
          </ns3:TrackPointExtension>
        </extensions>
      </trkpt>
      <trkpt lat="24.48775534518063068389892578125" lon="118.10401749797165393829345703125">
        <ele>7.400000095367431640625</ele>
        <time>2025-02-23T10:15:11.000Z</time>
        <extensions>
          <ns3:TrackPointExtension>
            <ns3:hr>166</ns3:hr>
          </ns3:TrackPointExtension>
        </extensions>
      </trkpt>
      <trkpt lat="24.48776406235992908477783203125" lon="118.1040477566421031951904296875">
        <ele>7.19999980926513671875</ele>
        <time>2025-02-23T10:15:12.000Z</time>
        <extensions>
          <ns3:TrackPointExtension>
            <ns3:hr>166</ns3:hr>
          </ns3:TrackPointExtension>
        </extensions>
      </trkpt>
      <trkpt lat="24.48777294717729091644287109375" lon="118.10407801531255245208740234375">
        <ele>7</ele>
        <time>2025-02-23T10:15:13.000Z</time>
        <extensions>
          <ns3:TrackPointExtension>
            <ns3:hr>166</ns3:hr>
          </ns3:TrackPointExtension>
        </extensions>
      </trkpt>
      <trkpt lat="24.4877825863659381866455078125" lon="118.10410802252590656280517578125">
        <ele>6.80000019073486328125</ele>
        <time>2025-02-23T10:15:14.000Z</time>
        <extensions>
          <ns3:TrackPointExtension>
            <ns3:hr>166</ns3:hr>
          </ns3:TrackPointExtension>
        </extensions>
      </trkpt>
      <trkpt lat="24.48779323138296604156494140625" lon="118.1041372753679752349853515625">
        <ele>6.599999904632568359375</ele>
        <time>2025-02-23T10:15:15.000Z</time>
        <extensions>
          <ns3:TrackPointExtension>
            <ns3:hr>166</ns3:hr>
          </ns3:TrackPointExtension>
        </extensions>
      </trkpt>
      <trkpt lat="24.487804211676120758056640625" lon="118.10416552238166332244873046875">
        <ele>6.400000095367431640625</ele>
        <time>2025-02-23T10:15:16.000Z</time>
        <extensions>
          <ns3:TrackPointExtension>
            <ns3:hr>167</ns3:hr>
          </ns3:TrackPointExtension>
        </extensions>
      </trkpt>
      <trkpt lat="24.48781485669314861297607421875" lon="118.10419335030019283294677734375">
        <ele>6.19999980926513671875</ele>
        <time>2025-02-23T10:15:17.000Z</time>
        <extensions>
          <ns3:TrackPointExtension>
            <ns3:hr>167</ns3:hr>
          </ns3:TrackPointExtension>
        </extensions>
      </trkpt>
      <trkpt lat="24.487825334072113037109375" lon="118.10422159731388092041015625">
        <ele>6</ele>
        <time>2025-02-23T10:15:18.000Z</time>
        <extensions>
          <ns3:TrackPointExtension>
            <ns3:hr>167</ns3:hr>
          </ns3:TrackPointExtension>
        </extensions>
      </trkpt>
      <trkpt lat="24.4878372363746166229248046875" lon="118.1042502634227275848388671875">
        <ele>6</ele>
        <time>2025-02-23T10:15:19.000Z</time>
        <extensions>
          <ns3:TrackPointExtension>
            <ns3:hr>167</ns3:hr>
          </ns3:TrackPointExtension>
        </extensions>
      </trkpt>
      <trkpt lat="24.487852156162261962890625" lon="118.104278258979320526123046875">
        <ele>6</ele>
        <time>2025-02-23T10:15:20.000Z</time>
        <extensions>
          <ns3:TrackPointExtension>
            <ns3:hr>167</ns3:hr>
          </ns3:TrackPointExtension>
        </extensions>
      </trkpt>
      <trkpt lat="24.4878694228827953338623046875" lon="118.1043049134314060211181640625">
        <ele>6</ele>
        <time>2025-02-23T10:15:21.000Z</time>
        <extensions>
          <ns3:TrackPointExtension>
            <ns3:hr>167</ns3:hr>
          </ns3:TrackPointExtension>
        </extensions>
      </trkpt>
      <trkpt lat="24.4878881983458995819091796875" lon="118.10432964004576206207275390625">
        <ele>6</ele>
        <time>2025-02-23T10:15:22.000Z</time>
        <extensions>
          <ns3:TrackPointExtension>
            <ns3:hr>167</ns3:hr>
          </ns3:TrackPointExtension>
        </extensions>
      </trkpt>
      <trkpt lat="24.4879073090851306915283203125" lon="118.104352690279483795166015625">
        <ele>6</ele>
        <time>2025-02-23T10:15:23.000Z</time>
        <extensions>
          <ns3:TrackPointExtension>
            <ns3:hr>167</ns3:hr>
          </ns3:TrackPointExtension>
        </extensions>
      </trkpt>
      <trkpt lat="24.487926922738552093505859375" lon="118.10437456704676151275634765625">
        <ele>6</ele>
        <time>2025-02-23T10:15:24.000Z</time>
        <extensions>
          <ns3:TrackPointExtension>
            <ns3:hr>167</ns3:hr>
          </ns3:TrackPointExtension>
        </extensions>
      </trkpt>
      <trkpt lat="24.48794729076325893402099609375" lon="118.104395605623722076416015625">
        <ele>6</ele>
        <time>2025-02-23T10:15:25.000Z</time>
        <extensions>
          <ns3:TrackPointExtension>
            <ns3:hr>167</ns3:hr>
          </ns3:TrackPointExtension>
        </extensions>
      </trkpt>
      <trkpt lat="24.4879686646163463592529296875" lon="118.10441630892455577850341796875">
        <ele>6</ele>
        <time>2025-02-23T10:15:26.000Z</time>
        <extensions>
          <ns3:TrackPointExtension>
            <ns3:hr>167</ns3:hr>
          </ns3:TrackPointExtension>
        </extensions>
      </trkpt>
      <trkpt lat="24.4879907928407192230224609375" lon="118.10443751513957977294921875">
        <ele>6</ele>
        <time>2025-02-23T10:15:27.000Z</time>
        <extensions>
          <ns3:TrackPointExtension>
            <ns3:hr>167</ns3:hr>
          </ns3:TrackPointExtension>
        </extensions>
      </trkpt>
      <trkpt lat="24.48801317252218723297119140625" lon="118.10446031391620635986328125">
        <ele>6</ele>
        <time>2025-02-23T10:15:28.000Z</time>
        <extensions>
          <ns3:TrackPointExtension>
            <ns3:hr>167</ns3:hr>
          </ns3:TrackPointExtension>
        </extensions>
      </trkpt>
      <trkpt lat="24.48803530074656009674072265625" lon="118.104483447968959808349609375">
        <ele>6</ele>
        <time>2025-02-23T10:15:29.000Z</time>
        <extensions>
          <ns3:TrackPointExtension>
            <ns3:hr>167</ns3:hr>
          </ns3:TrackPointExtension>
        </extensions>
      </trkpt>
      <trkpt lat="24.48805667459964752197265625" lon="118.104505240917205810546875">
        <ele>6.19999980926513671875</ele>
        <time>2025-02-23T10:15:30.000Z</time>
        <extensions>
          <ns3:TrackPointExtension>
            <ns3:hr>167</ns3:hr>
          </ns3:TrackPointExtension>
        </extensions>
      </trkpt>
      <trkpt lat="24.4880776293575763702392578125" lon="118.10452644713222980499267578125">
        <ele>6.400000095367431640625</ele>
        <time>2025-02-23T10:15:31.000Z</time>
        <extensions>
          <ns3:TrackPointExtension>
            <ns3:hr>167</ns3:hr>
          </ns3:TrackPointExtension>
        </extensions>
      </trkpt>
      <trkpt lat="24.48809833265841007232666015625" lon="118.104548156261444091796875">
        <ele>6.599999904632568359375</ele>
        <time>2025-02-23T10:15:32.000Z</time>
        <extensions>
          <ns3:TrackPointExtension>
            <ns3:hr>167</ns3:hr>
          </ns3:TrackPointExtension>
        </extensions>
      </trkpt>
      <trkpt lat="24.48811895214021205902099609375" lon="118.10457003302872180938720703125">
        <ele>6.80000019073486328125</ele>
        <time>2025-02-23T10:15:33.000Z</time>
        <extensions>
          <ns3:TrackPointExtension>
            <ns3:hr>167</ns3:hr>
          </ns3:TrackPointExtension>
        </extensions>
      </trkpt>
      <trkpt lat="24.48814007453620433807373046875" lon="118.1045915745198726654052734375">
        <ele>7</ele>
        <time>2025-02-23T10:15:34.000Z</time>
        <extensions>
          <ns3:TrackPointExtension>
            <ns3:hr>167</ns3:hr>
          </ns3:TrackPointExtension>
        </extensions>
      </trkpt>
      <trkpt lat="24.48816203512251377105712890625" lon="118.10461278073489665985107421875">
        <ele>7.19999980926513671875</ele>
        <time>2025-02-23T10:15:35.000Z</time>
        <extensions>
          <ns3:TrackPointExtension>
            <ns3:hr>167</ns3:hr>
          </ns3:TrackPointExtension>
        </extensions>
      </trkpt>
      <trkpt lat="24.48818433098495006561279296875" lon="118.10463340021669864654541015625">
        <ele>7.19999980926513671875</ele>
        <time>2025-02-23T10:15:36.000Z</time>
        <extensions>
          <ns3:TrackPointExtension>
            <ns3:hr>167</ns3:hr>
          </ns3:TrackPointExtension>
        </extensions>
      </trkpt>
      <trkpt lat="24.48820679448544979095458984375" lon="118.10465301387012004852294921875">
        <ele>7.19999980926513671875</ele>
        <time>2025-02-23T10:15:37.000Z</time>
        <extensions>
          <ns3:TrackPointExtension>
            <ns3:hr>167</ns3:hr>
          </ns3:TrackPointExtension>
        </extensions>
      </trkpt>
      <trkpt lat="24.48822959326207637786865234375" lon="118.1046713702380657196044921875">
        <ele>7</ele>
        <time>2025-02-23T10:15:38.000Z</time>
        <extensions>
          <ns3:TrackPointExtension>
            <ns3:hr>167</ns3:hr>
          </ns3:TrackPointExtension>
        </extensions>
      </trkpt>
      <trkpt lat="24.48825289495289325714111328125" lon="118.10468872077763080596923828125">
        <ele>6.80000019073486328125</ele>
        <time>2025-02-23T10:15:39.000Z</time>
        <extensions>
          <ns3:TrackPointExtension>
            <ns3:hr>167</ns3:hr>
          </ns3:TrackPointExtension>
        </extensions>
      </trkpt>
      <trkpt lat="24.4882767833769321441650390625" lon="118.10470514930784702301025390625">
        <ele>6.599999904632568359375</ele>
        <time>2025-02-23T10:15:40.000Z</time>
        <extensions>
          <ns3:TrackPointExtension>
            <ns3:hr>167</ns3:hr>
          </ns3:TrackPointExtension>
        </extensions>
      </trkpt>
      <trkpt lat="24.48830117471516132354736328125" lon="118.1047209911048412322998046875">
        <ele>6.599999904632568359375</ele>
        <time>2025-02-23T10:15:41.000Z</time>
        <extensions>
          <ns3:TrackPointExtension>
            <ns3:hr>167</ns3:hr>
          </ns3:TrackPointExtension>
        </extensions>
      </trkpt>
      <trkpt lat="24.48832623660564422607421875" lon="118.10473649762570858001708984375">
        <ele>6.400000095367431640625</ele>
        <time>2025-02-23T10:15:42.000Z</time>
        <extensions>
          <ns3:TrackPointExtension>
            <ns3:hr>167</ns3:hr>
          </ns3:TrackPointExtension>
        </extensions>
      </trkpt>
      <trkpt lat="24.48835196904838085174560546875" lon="118.1047518365085124969482421875">
        <ele>6.19999980926513671875</ele>
        <time>2025-02-23T10:15:43.000Z</time>
        <extensions>
          <ns3:TrackPointExtension>
            <ns3:hr>167</ns3:hr>
          </ns3:TrackPointExtension>
        </extensions>
      </trkpt>
      <trkpt lat="24.48837778531014919281005859375" lon="118.1047665886580944061279296875">
        <ele>5.80000019073486328125</ele>
        <time>2025-02-23T10:15:44.000Z</time>
        <extensions>
          <ns3:TrackPointExtension>
            <ns3:hr>167</ns3:hr>
          </ns3:TrackPointExtension>
        </extensions>
      </trkpt>
      <trkpt lat="24.48840309865772724151611328125" lon="118.1047803349792957305908203125">
        <ele>5.80000019073486328125</ele>
        <time>2025-02-23T10:15:45.000Z</time>
        <extensions>
          <ns3:TrackPointExtension>
            <ns3:hr>167</ns3:hr>
          </ns3:TrackPointExtension>
        </extensions>
      </trkpt>
      <trkpt lat="24.488427825272083282470703125" lon="118.1047934107482433319091796875">
        <ele>5.599999904632568359375</ele>
        <time>2025-02-23T10:15:46.000Z</time>
        <extensions>
          <ns3:TrackPointExtension>
            <ns3:hr>167</ns3:hr>
          </ns3:TrackPointExtension>
        </extensions>
      </trkpt>
      <trkpt lat="24.48845255188643932342529296875" lon="118.10480589978396892547607421875">
        <ele>5.400000095367431640625</ele>
        <time>2025-02-23T10:15:47.000Z</time>
        <extensions>
          <ns3:TrackPointExtension>
            <ns3:hr>167</ns3:hr>
          </ns3:TrackPointExtension>
        </extensions>
      </trkpt>
      <trkpt lat="24.48847736231982707977294921875" lon="118.1048175506293773651123046875">
        <ele>5.19999980926513671875</ele>
        <time>2025-02-23T10:15:48.000Z</time>
        <extensions>
          <ns3:TrackPointExtension>
            <ns3:hr>167</ns3:hr>
          </ns3:TrackPointExtension>
        </extensions>
      </trkpt>
      <trkpt lat="24.48850250802934169769287109375" lon="118.1048279441893100738525390625">
        <ele>5</ele>
        <time>2025-02-23T10:15:49.000Z</time>
        <extensions>
          <ns3:TrackPointExtension>
            <ns3:hr>167</ns3:hr>
          </ns3:TrackPointExtension>
        </extensions>
      </trkpt>
      <trkpt lat="24.48852815665304660797119140625" lon="118.10483724810183048248291015625">
        <ele>5</ele>
        <time>2025-02-23T10:15:50.000Z</time>
        <extensions>
          <ns3:TrackPointExtension>
            <ns3:hr>167</ns3:hr>
          </ns3:TrackPointExtension>
        </extensions>
      </trkpt>
      <trkpt lat="24.48855464346706867218017578125" lon="118.10484529472887516021728515625">
        <ele>5</ele>
        <time>2025-02-23T10:15:51.000Z</time>
        <extensions>
          <ns3:TrackPointExtension>
            <ns3:hr>168</ns3:hr>
          </ns3:TrackPointExtension>
        </extensions>
      </trkpt>
      <trkpt lat="24.4885818846523761749267578125" lon="118.10485191643238067626953125">
        <ele>5</ele>
        <time>2025-02-23T10:15:52.000Z</time>
        <extensions>
          <ns3:TrackPointExtension>
            <ns3:hr>168</ns3:hr>
          </ns3:TrackPointExtension>
        </extensions>
      </trkpt>
      <trkpt lat="24.4886090420186519622802734375" lon="118.1048577837646007537841796875">
        <ele>5</ele>
        <time>2025-02-23T10:15:53.000Z</time>
        <extensions>
          <ns3:TrackPointExtension>
            <ns3:hr>168</ns3:hr>
          </ns3:TrackPointExtension>
        </extensions>
      </trkpt>
      <trkpt lat="24.4886361993849277496337890625" lon="118.10486356727778911590576171875">
        <ele>5</ele>
        <time>2025-02-23T10:15:54.000Z</time>
        <extensions>
          <ns3:TrackPointExtension>
            <ns3:hr>168</ns3:hr>
          </ns3:TrackPointExtension>
        </extensions>
      </trkpt>
      <trkpt lat="24.4886636920273303985595703125" lon="118.10486935079097747802734375">
        <ele>5</ele>
        <time>2025-02-23T10:15:55.000Z</time>
        <extensions>
          <ns3:TrackPointExtension>
            <ns3:hr>168</ns3:hr>
          </ns3:TrackPointExtension>
        </extensions>
      </trkpt>
      <trkpt lat="24.4886911846697330474853515625" lon="118.1048748828470706939697265625">
        <ele>5</ele>
        <time>2025-02-23T10:15:56.000Z</time>
        <extensions>
          <ns3:TrackPointExtension>
            <ns3:hr>168</ns3:hr>
          </ns3:TrackPointExtension>
        </extensions>
      </trkpt>
      <trkpt lat="24.48871909640729427337646484375" lon="118.1048792414367198944091796875">
        <ele>5</ele>
        <time>2025-02-23T10:15:57.000Z</time>
        <extensions>
          <ns3:TrackPointExtension>
            <ns3:hr>168</ns3:hr>
          </ns3:TrackPointExtension>
        </extensions>
      </trkpt>
      <trkpt lat="24.4887466728687286376953125" lon="118.1048819236457347869873046875">
        <ele>5</ele>
        <time>2025-02-23T10:15:58.000Z</time>
        <extensions>
          <ns3:TrackPointExtension>
            <ns3:hr>167</ns3:hr>
          </ns3:TrackPointExtension>
        </extensions>
      </trkpt>
      <trkpt lat="24.48877357877790927886962890625" lon="118.10488334856927394866943359375">
        <ele>4.80000019073486328125</ele>
        <time>2025-02-23T10:15:59.000Z</time>
        <extensions>
          <ns3:TrackPointExtension>
            <ns3:hr>167</ns3:hr>
          </ns3:TrackPointExtension>
        </extensions>
      </trkpt>
      <trkpt lat="24.48880056850612163543701171875" lon="118.104884438216686248779296875">
        <ele>4.80000019073486328125</ele>
        <time>2025-02-23T10:16:00.000Z</time>
        <extensions>
          <ns3:TrackPointExtension>
            <ns3:hr>167</ns3:hr>
          </ns3:TrackPointExtension>
        </extensions>
      </trkpt>
      <trkpt lat="24.48882772587239742279052734375" lon="118.10488552786409854888916015625">
        <ele>4.599999904632568359375</ele>
        <time>2025-02-23T10:16:01.000Z</time>
        <extensions>
          <ns3:TrackPointExtension>
            <ns3:hr>167</ns3:hr>
          </ns3:TrackPointExtension>
        </extensions>
      </trkpt>
      <trkpt lat="24.48885463178157806396484375" lon="118.10488703660666942596435546875">
        <ele>4.599999904632568359375</ele>
        <time>2025-02-23T10:16:02.000Z</time>
        <extensions>
          <ns3:TrackPointExtension>
            <ns3:hr>167</ns3:hr>
          </ns3:TrackPointExtension>
        </extensions>
      </trkpt>
      <trkpt lat="24.48888187296688556671142578125" lon="118.10488955117762088775634765625">
        <ele>4.80000019073486328125</ele>
        <time>2025-02-23T10:16:03.000Z</time>
        <extensions>
          <ns3:TrackPointExtension>
            <ns3:hr>167</ns3:hr>
          </ns3:TrackPointExtension>
        </extensions>
      </trkpt>
      <trkpt lat="24.48890936560928821563720703125" lon="118.10489214956760406494140625">
        <ele>4.80000019073486328125</ele>
        <time>2025-02-23T10:16:04.000Z</time>
        <extensions>
          <ns3:TrackPointExtension>
            <ns3:hr>167</ns3:hr>
          </ns3:TrackPointExtension>
        </extensions>
      </trkpt>
      <trkpt lat="24.488936774432659149169921875" lon="118.10489340685307979583740234375">
        <ele>5</ele>
        <time>2025-02-23T10:16:05.000Z</time>
        <extensions>
          <ns3:TrackPointExtension>
            <ns3:hr>167</ns3:hr>
          </ns3:TrackPointExtension>
        </extensions>
      </trkpt>
      <trkpt lat="24.488964267075061798095703125" lon="118.1048933230340480804443359375">
        <ele>5</ele>
        <time>2025-02-23T10:16:06.000Z</time>
        <extensions>
          <ns3:TrackPointExtension>
            <ns3:hr>167</ns3:hr>
          </ns3:TrackPointExtension>
        </extensions>
      </trkpt>
      <trkpt lat="24.4889919273555278778076171875" lon="118.10489273630082607269287109375">
        <ele>5.19999980926513671875</ele>
        <time>2025-02-23T10:16:07.000Z</time>
        <extensions>
          <ns3:TrackPointExtension>
            <ns3:hr>167</ns3:hr>
          </ns3:TrackPointExtension>
        </extensions>
      </trkpt>
      <trkpt lat="24.4890197552740573883056640625" lon="118.1048923172056674957275390625">
        <ele>5</ele>
        <time>2025-02-23T10:16:08.000Z</time>
        <extensions>
          <ns3:TrackPointExtension>
            <ns3:hr>167</ns3:hr>
          </ns3:TrackPointExtension>
        </extensions>
      </trkpt>
      <trkpt lat="24.48904775083065032958984375" lon="118.1048919819295406341552734375">
        <ele>4.599999904632568359375</ele>
        <time>2025-02-23T10:16:09.000Z</time>
        <extensions>
          <ns3:TrackPointExtension>
            <ns3:hr>167</ns3:hr>
          </ns3:TrackPointExtension>
        </extensions>
      </trkpt>
      <trkpt lat="24.48907549493014812469482421875" lon="118.10489089228212833404541015625">
        <ele>4.400000095367431640625</ele>
        <time>2025-02-23T10:16:10.000Z</time>
        <extensions>
          <ns3:TrackPointExtension>
            <ns3:hr>167</ns3:hr>
          </ns3:TrackPointExtension>
        </extensions>
      </trkpt>
      <trkpt lat="24.48910265229642391204833984375" lon="118.10488753952085971832275390625">
        <ele>4</ele>
        <time>2025-02-23T10:16:11.000Z</time>
        <extensions>
          <ns3:TrackPointExtension>
            <ns3:hr>167</ns3:hr>
          </ns3:TrackPointExtension>
        </extensions>
      </trkpt>
      <trkpt lat="24.4891290552914142608642578125" lon="118.1048812530934810638427734375">
        <ele>4</ele>
        <time>2025-02-23T10:16:12.000Z</time>
        <extensions>
          <ns3:TrackPointExtension>
            <ns3:hr>167</ns3:hr>
          </ns3:TrackPointExtension>
        </extensions>
      </trkpt>
      <trkpt lat="24.4891552068293094635009765625" lon="118.10487278737127780914306640625">
        <ele>4</ele>
        <time>2025-02-23T10:16:13.000Z</time>
        <extensions>
          <ns3:TrackPointExtension>
            <ns3:hr>167</ns3:hr>
          </ns3:TrackPointExtension>
        </extensions>
      </trkpt>
      <trkpt lat="24.4891816936433315277099609375" lon="118.1048634834587574005126953125">
        <ele>4</ele>
        <time>2025-02-23T10:16:14.000Z</time>
        <extensions>
          <ns3:TrackPointExtension>
            <ns3:hr>167</ns3:hr>
          </ns3:TrackPointExtension>
        </extensions>
      </trkpt>
      <trkpt lat="24.4892081804573535919189453125" lon="118.10485434718430042266845703125">
        <ele>4</ele>
        <time>2025-02-23T10:16:15.000Z</time>
        <extensions>
          <ns3:TrackPointExtension>
            <ns3:hr>167</ns3:hr>
          </ns3:TrackPointExtension>
        </extensions>
      </trkpt>
      <trkpt lat="24.48923416435718536376953125" lon="118.1048450432717800140380859375">
        <ele>4.19999980926513671875</ele>
        <time>2025-02-23T10:16:16.000Z</time>
        <extensions>
          <ns3:TrackPointExtension>
            <ns3:hr>167</ns3:hr>
          </ns3:TrackPointExtension>
        </extensions>
      </trkpt>
      <trkpt lat="24.4892598129808902740478515625" lon="118.10483506880700588226318359375">
        <ele>4.19999980926513671875</ele>
        <time>2025-02-23T10:16:17.000Z</time>
        <extensions>
          <ns3:TrackPointExtension>
            <ns3:hr>167</ns3:hr>
          </ns3:TrackPointExtension>
        </extensions>
      </trkpt>
      <trkpt lat="24.489285461604595184326171875" lon="118.10482467524707317352294921875">
        <ele>4.19999980926513671875</ele>
        <time>2025-02-23T10:16:18.000Z</time>
        <extensions>
          <ns3:TrackPointExtension>
            <ns3:hr>167</ns3:hr>
          </ns3:TrackPointExtension>
        </extensions>
      </trkpt>
      <trkpt lat="24.48931119404733180999755859375" lon="118.10481461696326732635498046875">
        <ele>4.19999980926513671875</ele>
        <time>2025-02-23T10:16:19.000Z</time>
        <extensions>
          <ns3:TrackPointExtension>
            <ns3:hr>167</ns3:hr>
          </ns3:TrackPointExtension>
        </extensions>
      </trkpt>
      <trkpt lat="24.4893372617661952972412109375" lon="118.1048044748604297637939453125">
        <ele>4.19999980926513671875</ele>
        <time>2025-02-23T10:16:20.000Z</time>
        <extensions>
          <ns3:TrackPointExtension>
            <ns3:hr>167</ns3:hr>
          </ns3:TrackPointExtension>
        </extensions>
      </trkpt>
      <trkpt lat="24.4893637485802173614501953125" lon="118.10479416511952877044677734375">
        <ele>4</ele>
        <time>2025-02-23T10:16:21.000Z</time>
        <extensions>
          <ns3:TrackPointExtension>
            <ns3:hr>167</ns3:hr>
          </ns3:TrackPointExtension>
        </extensions>
      </trkpt>
      <trkpt lat="24.48939048685133457183837890625" lon="118.1047836877405643463134765625">
        <ele>3.7999999523162841796875</ele>
        <time>2025-02-23T10:16:22.000Z</time>
        <extensions>
          <ns3:TrackPointExtension>
            <ns3:hr>167</ns3:hr>
          </ns3:TrackPointExtension>
        </extensions>
      </trkpt>
      <trkpt lat="24.489417560398578643798828125" lon="118.10477237217128276824951171875">
        <ele>3.599999904632568359375</ele>
        <time>2025-02-23T10:16:23.000Z</time>
        <extensions>
          <ns3:TrackPointExtension>
            <ns3:hr>168</ns3:hr>
          </ns3:TrackPointExtension>
        </extensions>
      </trkpt>
      <trkpt lat="24.48944396339356899261474609375" lon="118.10475929640233516693115234375">
        <ele>3.400000095367431640625</ele>
        <time>2025-02-23T10:16:24.000Z</time>
        <extensions>
          <ns3:TrackPointExtension>
            <ns3:hr>168</ns3:hr>
          </ns3:TrackPointExtension>
        </extensions>
      </trkpt>
      <trkpt lat="24.48946894146502017974853515625" lon="118.104744292795658111572265625">
        <ele>3.400000095367431640625</ele>
        <time>2025-02-23T10:16:25.000Z</time>
        <extensions>
          <ns3:TrackPointExtension>
            <ns3:hr>168</ns3:hr>
          </ns3:TrackPointExtension>
        </extensions>
      </trkpt>
      <trkpt lat="24.4894928298890590667724609375" lon="118.104728199541568756103515625">
        <ele>3.400000095367431640625</ele>
        <time>2025-02-23T10:16:26.000Z</time>
        <extensions>
          <ns3:TrackPointExtension>
            <ns3:hr>168</ns3:hr>
          </ns3:TrackPointExtension>
        </extensions>
      </trkpt>
      <trkpt lat="24.48951588012278079986572265625" lon="118.10471118427813053131103515625">
        <ele>3.2000000476837158203125</ele>
        <time>2025-02-23T10:16:27.000Z</time>
        <extensions>
          <ns3:TrackPointExtension>
            <ns3:hr>168</ns3:hr>
          </ns3:TrackPointExtension>
        </extensions>
      </trkpt>
      <trkpt lat="24.4895384274423122406005859375" lon="118.10469291172921657562255859375">
        <ele>3.2000000476837158203125</ele>
        <time>2025-02-23T10:16:28.000Z</time>
        <extensions>
          <ns3:TrackPointExtension>
            <ns3:hr>168</ns3:hr>
          </ns3:TrackPointExtension>
        </extensions>
      </trkpt>
      <trkpt lat="24.489560388028621673583984375" lon="118.1046733818948268890380859375">
        <ele>3</ele>
        <time>2025-02-23T10:16:29.000Z</time>
        <extensions>
          <ns3:TrackPointExtension>
            <ns3:hr>168</ns3:hr>
          </ns3:TrackPointExtension>
        </extensions>
      </trkpt>
      <trkpt lat="24.48958209715783596038818359375" lon="118.10465334914624691009521484375">
        <ele>3.2000000476837158203125</ele>
        <time>2025-02-23T10:16:30.000Z</time>
        <extensions>
          <ns3:TrackPointExtension>
            <ns3:hr>168</ns3:hr>
          </ns3:TrackPointExtension>
        </extensions>
      </trkpt>
      <trkpt lat="24.48960321955382823944091796875" lon="118.10463306494057178497314453125">
        <ele>3.400000095367431640625</ele>
        <time>2025-02-23T10:16:31.000Z</time>
        <extensions>
          <ns3:TrackPointExtension>
            <ns3:hr>168</ns3:hr>
          </ns3:TrackPointExtension>
        </extensions>
      </trkpt>
      <trkpt lat="24.48962350375950336456298828125" lon="118.1046123616397380828857421875">
        <ele>3.400000095367431640625</ele>
        <time>2025-02-23T10:16:32.000Z</time>
        <extensions>
          <ns3:TrackPointExtension>
            <ns3:hr>168</ns3:hr>
          </ns3:TrackPointExtension>
        </extensions>
      </trkpt>
      <trkpt lat="24.48964345268905162811279296875" lon="118.10459098778665065765380859375">
        <ele>3.599999904632568359375</ele>
        <time>2025-02-23T10:16:33.000Z</time>
        <extensions>
          <ns3:TrackPointExtension>
            <ns3:hr>167</ns3:hr>
          </ns3:TrackPointExtension>
        </extensions>
      </trkpt>
      <trkpt lat="24.48966331779956817626953125" lon="118.10456885956227779388427734375">
        <ele>3.7999999523162841796875</ele>
        <time>2025-02-23T10:16:34.000Z</time>
        <extensions>
          <ns3:TrackPointExtension>
            <ns3:hr>167</ns3:hr>
          </ns3:TrackPointExtension>
        </extensions>
      </trkpt>
      <trkpt lat="24.4896829314529895782470703125" lon="118.10454606078565120697021484375">
        <ele>4</ele>
        <time>2025-02-23T10:16:35.000Z</time>
        <extensions>
          <ns3:TrackPointExtension>
            <ns3:hr>167</ns3:hr>
          </ns3:TrackPointExtension>
        </extensions>
      </trkpt>
      <trkpt lat="24.48970195837318897247314453125" lon="118.10452292673289775848388671875">
        <ele>4.19999980926513671875</ele>
        <time>2025-02-23T10:16:36.000Z</time>
        <extensions>
          <ns3:TrackPointExtension>
            <ns3:hr>167</ns3:hr>
          </ns3:TrackPointExtension>
        </extensions>
      </trkpt>
      <trkpt lat="24.4897201471030712127685546875" lon="118.10449979268014430999755859375">
        <ele>4.400000095367431640625</ele>
        <time>2025-02-23T10:16:37.000Z</time>
        <extensions>
          <ns3:TrackPointExtension>
            <ns3:hr>167</ns3:hr>
          </ns3:TrackPointExtension>
        </extensions>
      </trkpt>
      <trkpt lat="24.48973749764263629913330078125" lon="118.1044765748083591461181640625">
        <ele>4.599999904632568359375</ele>
        <time>2025-02-23T10:16:38.000Z</time>
        <extensions>
          <ns3:TrackPointExtension>
            <ns3:hr>167</ns3:hr>
          </ns3:TrackPointExtension>
        </extensions>
      </trkpt>
      <trkpt lat="24.489754177629947662353515625" lon="118.1044527702033519744873046875">
        <ele>4.80000019073486328125</ele>
        <time>2025-02-23T10:16:39.000Z</time>
        <extensions>
          <ns3:TrackPointExtension>
            <ns3:hr>167</ns3:hr>
          </ns3:TrackPointExtension>
        </extensions>
      </trkpt>
      <trkpt lat="24.48977035470306873321533203125" lon="118.10442821122705936431884765625">
        <ele>5</ele>
        <time>2025-02-23T10:16:40.000Z</time>
        <extensions>
          <ns3:TrackPointExtension>
            <ns3:hr>167</ns3:hr>
          </ns3:TrackPointExtension>
        </extensions>
      </trkpt>
      <trkpt lat="24.48978669941425323486328125" lon="118.1044028140604496002197265625">
        <ele>5</ele>
        <time>2025-02-23T10:16:41.000Z</time>
        <extensions>
          <ns3:TrackPointExtension>
            <ns3:hr>167</ns3:hr>
          </ns3:TrackPointExtension>
        </extensions>
      </trkpt>
      <trkpt lat="24.48980321176350116729736328125" lon="118.1043766625225543975830078125">
        <ele>5</ele>
        <time>2025-02-23T10:16:42.000Z</time>
        <extensions>
          <ns3:TrackPointExtension>
            <ns3:hr>168</ns3:hr>
          </ns3:TrackPointExtension>
        </extensions>
      </trkpt>
      <trkpt lat="24.48981980793178081512451171875" lon="118.10435009188950061798095703125">
        <ele>5.19999980926513671875</ele>
        <time>2025-02-23T10:16:43.000Z</time>
        <extensions>
          <ns3:TrackPointExtension>
            <ns3:hr>168</ns3:hr>
          </ns3:TrackPointExtension>
        </extensions>
      </trkpt>
      <trkpt lat="24.48983606882393360137939453125" lon="118.1043233536183834075927734375">
        <ele>5.19999980926513671875</ele>
        <time>2025-02-23T10:16:44.000Z</time>
        <extensions>
          <ns3:TrackPointExtension>
            <ns3:hr>168</ns3:hr>
          </ns3:TrackPointExtension>
        </extensions>
      </trkpt>
      <trkpt lat="24.48985165916383266448974609375" lon="118.10429661534726619720458984375">
        <ele>5.400000095367431640625</ele>
        <time>2025-02-23T10:16:45.000Z</time>
        <extensions>
          <ns3:TrackPointExtension>
            <ns3:hr>168</ns3:hr>
          </ns3:TrackPointExtension>
        </extensions>
      </trkpt>
      <trkpt lat="24.48986641131341457366943359375" lon="118.1042700447142124176025390625">
        <ele>5.599999904632568359375</ele>
        <time>2025-02-23T10:16:46.000Z</time>
        <extensions>
          <ns3:TrackPointExtension>
            <ns3:hr>168</ns3:hr>
          </ns3:TrackPointExtension>
        </extensions>
      </trkpt>
      <trkpt lat="24.48988032527267932891845703125" lon="118.1042442284524440765380859375">
        <ele>5.599999904632568359375</ele>
        <time>2025-02-23T10:16:47.000Z</time>
        <extensions>
          <ns3:TrackPointExtension>
            <ns3:hr>168</ns3:hr>
          </ns3:TrackPointExtension>
        </extensions>
      </trkpt>
      <trkpt lat="24.48989340104162693023681640625" lon="118.10421832837164402008056640625">
        <ele>5.80000019073486328125</ele>
        <time>2025-02-23T10:16:48.000Z</time>
        <extensions>
          <ns3:TrackPointExtension>
            <ns3:hr>167</ns3:hr>
          </ns3:TrackPointExtension>
        </extensions>
      </trkpt>
      <trkpt lat="24.4899058900773525238037109375" lon="118.10419167391955852508544921875">
        <ele>5.80000019073486328125</ele>
        <time>2025-02-23T10:16:49.000Z</time>
        <extensions>
          <ns3:TrackPointExtension>
            <ns3:hr>167</ns3:hr>
          </ns3:TrackPointExtension>
        </extensions>
      </trkpt>
      <trkpt lat="24.48991812765598297119140625" lon="118.10416392982006072998046875">
        <ele>5.599999904632568359375</ele>
        <time>2025-02-23T10:16:50.000Z</time>
        <extensions>
          <ns3:TrackPointExtension>
            <ns3:hr>167</ns3:hr>
          </ns3:TrackPointExtension>
        </extensions>
      </trkpt>
      <trkpt lat="24.48992994613945484161376953125" lon="118.10413585044443607330322265625">
        <ele>5.599999904632568359375</ele>
        <time>2025-02-23T10:16:51.000Z</time>
        <extensions>
          <ns3:TrackPointExtension>
            <ns3:hr>167</ns3:hr>
          </ns3:TrackPointExtension>
        </extensions>
      </trkpt>
      <trkpt lat="24.48994159698486328125" lon="118.10410785488784313201904296875">
        <ele>5.599999904632568359375</ele>
        <time>2025-02-23T10:16:52.000Z</time>
        <extensions>
          <ns3:TrackPointExtension>
            <ns3:hr>167</ns3:hr>
          </ns3:TrackPointExtension>
        </extensions>
      </trkpt>
      <trkpt lat="24.4899528287351131439208984375" lon="118.10407985933125019073486328125">
        <ele>5.599999904632568359375</ele>
        <time>2025-02-23T10:16:53.000Z</time>
        <extensions>
          <ns3:TrackPointExtension>
            <ns3:hr>167</ns3:hr>
          </ns3:TrackPointExtension>
        </extensions>
      </trkpt>
      <trkpt lat="24.48996347375214099884033203125" lon="118.1040514446794986724853515625">
        <ele>5.599999904632568359375</ele>
        <time>2025-02-23T10:16:54.000Z</time>
        <extensions>
          <ns3:TrackPointExtension>
            <ns3:hr>167</ns3:hr>
          </ns3:TrackPointExtension>
        </extensions>
      </trkpt>
      <trkpt lat="24.48997311294078826904296875" lon="118.1040226109325885772705078125">
        <ele>5.599999904632568359375</ele>
        <time>2025-02-23T10:16:55.000Z</time>
        <extensions>
          <ns3:TrackPointExtension>
            <ns3:hr>167</ns3:hr>
          </ns3:TrackPointExtension>
        </extensions>
      </trkpt>
      <trkpt lat="24.489981494843959808349609375" lon="118.1039937771856784820556640625">
        <ele>5.400000095367431640625</ele>
        <time>2025-02-23T10:16:56.000Z</time>
        <extensions>
          <ns3:TrackPointExtension>
            <ns3:hr>166</ns3:hr>
          </ns3:TrackPointExtension>
        </extensions>
      </trkpt>
      <trkpt lat="24.4899897091090679168701171875" lon="118.10396519489586353302001953125">
        <ele>5.400000095367431640625</ele>
        <time>2025-02-23T10:16:57.000Z</time>
        <extensions>
          <ns3:TrackPointExtension>
            <ns3:hr>166</ns3:hr>
          </ns3:TrackPointExtension>
        </extensions>
      </trkpt>
      <trkpt lat="24.48999800719320774078369140625" lon="118.1039364449679851531982421875">
        <ele>5.400000095367431640625</ele>
        <time>2025-02-23T10:16:58.000Z</time>
        <extensions>
          <ns3:TrackPointExtension>
            <ns3:hr>167</ns3:hr>
          </ns3:TrackPointExtension>
        </extensions>
      </trkpt>
      <trkpt lat="24.49000622145831584930419921875" lon="118.1039069406688213348388671875">
        <ele>5.19999980926513671875</ele>
        <time>2025-02-23T10:16:59.000Z</time>
        <extensions>
          <ns3:TrackPointExtension>
            <ns3:hr>167</ns3:hr>
          </ns3:TrackPointExtension>
        </extensions>
      </trkpt>
      <trkpt lat="24.49001410044729709625244140625" lon="118.10387684963643550872802734375">
        <ele>5.19999980926513671875</ele>
        <time>2025-02-23T10:17:00.000Z</time>
        <extensions>
          <ns3:TrackPointExtension>
            <ns3:hr>167</ns3:hr>
          </ns3:TrackPointExtension>
        </extensions>
      </trkpt>
      <trkpt lat="24.49002181179821491241455078125" lon="118.10384650714695453643798828125">
        <ele>5</ele>
        <time>2025-02-23T10:17:01.000Z</time>
        <extensions>
          <ns3:TrackPointExtension>
            <ns3:hr>167</ns3:hr>
          </ns3:TrackPointExtension>
        </extensions>
      </trkpt>
      <trkpt lat="24.49002918787300586700439453125" lon="118.103816248476505279541015625">
        <ele>5</ele>
        <time>2025-02-23T10:17:02.000Z</time>
        <extensions>
          <ns3:TrackPointExtension>
            <ns3:hr>167</ns3:hr>
          </ns3:TrackPointExtension>
        </extensions>
      </trkpt>
      <trkpt lat="24.4900359772145748138427734375" lon="118.10378615744411945343017578125">
        <ele>5</ele>
        <time>2025-02-23T10:17:03.000Z</time>
        <extensions>
          <ns3:TrackPointExtension>
            <ns3:hr>167</ns3:hr>
          </ns3:TrackPointExtension>
        </extensions>
      </trkpt>
      <trkpt lat="24.490041844546794891357421875" lon="118.1037564016878604888916015625">
        <ele>5</ele>
        <time>2025-02-23T10:17:04.000Z</time>
        <extensions>
          <ns3:TrackPointExtension>
            <ns3:hr>166</ns3:hr>
          </ns3:TrackPointExtension>
        </extensions>
      </trkpt>
      <trkpt lat="24.490046538412570953369140625" lon="118.10372714884579181671142578125">
        <ele>5</ele>
        <time>2025-02-23T10:17:05.000Z</time>
        <extensions>
          <ns3:TrackPointExtension>
            <ns3:hr>166</ns3:hr>
          </ns3:TrackPointExtension>
        </extensions>
      </trkpt>
      <trkpt lat="24.49004980735480785369873046875" lon="118.10369856655597686767578125">
        <ele>5</ele>
        <time>2025-02-23T10:17:06.000Z</time>
        <extensions>
          <ns3:TrackPointExtension>
            <ns3:hr>166</ns3:hr>
          </ns3:TrackPointExtension>
        </extensions>
      </trkpt>
      <trkpt lat="24.49005181901156902313232421875" lon="118.10366981662809848785400390625">
        <ele>5</ele>
        <time>2025-02-23T10:17:07.000Z</time>
        <extensions>
          <ns3:TrackPointExtension>
            <ns3:hr>166</ns3:hr>
          </ns3:TrackPointExtension>
        </extensions>
      </trkpt>
      <trkpt lat="24.49005299247801303863525390625" lon="118.103640563786029815673828125">
        <ele>5</ele>
        <time>2025-02-23T10:17:08.000Z</time>
        <extensions>
          <ns3:TrackPointExtension>
            <ns3:hr>166</ns3:hr>
          </ns3:TrackPointExtension>
        </extensions>
      </trkpt>
      <trkpt lat="24.49005357921123504638671875" lon="118.10361047275364398956298828125">
        <ele>5</ele>
        <time>2025-02-23T10:17:09.000Z</time>
        <extensions>
          <ns3:TrackPointExtension>
            <ns3:hr>166</ns3:hr>
          </ns3:TrackPointExtension>
        </extensions>
      </trkpt>
      <trkpt lat="24.49005332775413990020751953125" lon="118.1035800464451313018798828125">
        <ele>5</ele>
        <time>2025-02-23T10:17:10.000Z</time>
        <extensions>
          <ns3:TrackPointExtension>
            <ns3:hr>166</ns3:hr>
          </ns3:TrackPointExtension>
        </extensions>
      </trkpt>
      <trkpt lat="24.4900524057447910308837890625" lon="118.103550039231777191162109375">
        <ele>5.19999980926513671875</ele>
        <time>2025-02-23T10:17:11.000Z</time>
        <extensions>
          <ns3:TrackPointExtension>
            <ns3:hr>166</ns3:hr>
          </ns3:TrackPointExtension>
        </extensions>
      </trkpt>
      <trkpt lat="24.49005114845931529998779296875" lon="118.103520870208740234375">
        <ele>5.19999980926513671875</ele>
        <time>2025-02-23T10:17:12.000Z</time>
        <extensions>
          <ns3:TrackPointExtension>
            <ns3:hr>166</ns3:hr>
          </ns3:TrackPointExtension>
        </extensions>
      </trkpt>
      <trkpt lat="24.490049891173839569091796875" lon="118.10349212028086185455322265625">
        <ele>5.400000095367431640625</ele>
        <time>2025-02-23T10:17:13.000Z</time>
        <extensions>
          <ns3:TrackPointExtension>
            <ns3:hr>166</ns3:hr>
          </ns3:TrackPointExtension>
        </extensions>
      </trkpt>
      <trkpt lat="24.490048885345458984375" lon="118.10346362181007862091064453125">
        <ele>5.400000095367431640625</ele>
        <time>2025-02-23T10:17:14.000Z</time>
        <extensions>
          <ns3:TrackPointExtension>
            <ns3:hr>166</ns3:hr>
          </ns3:TrackPointExtension>
        </extensions>
      </trkpt>
      <trkpt lat="24.4900475442409515380859375" lon="118.10343512333929538726806640625">
        <ele>5.599999904632568359375</ele>
        <time>2025-02-23T10:17:15.000Z</time>
        <extensions>
          <ns3:TrackPointExtension>
            <ns3:hr>166</ns3:hr>
          </ns3:TrackPointExtension>
        </extensions>
      </trkpt>
      <trkpt lat="24.49004561640322208404541015625" lon="118.10340595431625843048095703125">
        <ele>5.599999904632568359375</ele>
        <time>2025-02-23T10:17:16.000Z</time>
        <extensions>
          <ns3:TrackPointExtension>
            <ns3:hr>166</ns3:hr>
          </ns3:TrackPointExtension>
        </extensions>
      </trkpt>
      <trkpt lat="24.49004276655614376068115234375" lon="118.103376366198062896728515625">
        <ele>5.80000019073486328125</ele>
        <time>2025-02-23T10:17:17.000Z</time>
        <extensions>
          <ns3:TrackPointExtension>
            <ns3:hr>167</ns3:hr>
          </ns3:TrackPointExtension>
        </extensions>
      </trkpt>
      <trkpt lat="24.4900393299758434295654296875" lon="118.10334677807986736297607421875">
        <ele>5.80000019073486328125</ele>
        <time>2025-02-23T10:17:18.000Z</time>
        <extensions>
          <ns3:TrackPointExtension>
            <ns3:hr>167</ns3:hr>
          </ns3:TrackPointExtension>
        </extensions>
      </trkpt>
      <trkpt lat="24.4900353066623210906982421875" lon="118.1033170223236083984375">
        <ele>6</ele>
        <time>2025-02-23T10:17:19.000Z</time>
        <extensions>
          <ns3:TrackPointExtension>
            <ns3:hr>167</ns3:hr>
          </ns3:TrackPointExtension>
        </extensions>
      </trkpt>
      <trkpt lat="24.49003086425364017486572265625" lon="118.1032873503863811492919921875">
        <ele>6</ele>
        <time>2025-02-23T10:17:20.000Z</time>
        <extensions>
          <ns3:TrackPointExtension>
            <ns3:hr>167</ns3:hr>
          </ns3:TrackPointExtension>
        </extensions>
      </trkpt>
      <trkpt lat="24.4900252483785152435302734375" lon="118.10325843282043933868408203125">
        <ele>6.19999980926513671875</ele>
        <time>2025-02-23T10:17:21.000Z</time>
        <extensions>
          <ns3:TrackPointExtension>
            <ns3:hr>167</ns3:hr>
          </ns3:TrackPointExtension>
        </extensions>
      </trkpt>
      <trkpt lat="24.49001829139888286590576171875" lon="118.10323043726384639739990234375">
        <ele>6.19999980926513671875</ele>
        <time>2025-02-23T10:17:22.000Z</time>
        <extensions>
          <ns3:TrackPointExtension>
            <ns3:hr>167</ns3:hr>
          </ns3:TrackPointExtension>
        </extensions>
      </trkpt>
      <trkpt lat="24.4900111667811870574951171875" lon="118.10320244170725345611572265625">
        <ele>6.19999980926513671875</ele>
        <time>2025-02-23T10:17:23.000Z</time>
        <extensions>
          <ns3:TrackPointExtension>
            <ns3:hr>167</ns3:hr>
          </ns3:TrackPointExtension>
        </extensions>
      </trkpt>
      <trkpt lat="24.4900044612586498260498046875" lon="118.103173859417438507080078125">
        <ele>6.400000095367431640625</ele>
        <time>2025-02-23T10:17:24.000Z</time>
        <extensions>
          <ns3:TrackPointExtension>
            <ns3:hr>167</ns3:hr>
          </ns3:TrackPointExtension>
        </extensions>
      </trkpt>
      <trkpt lat="24.48999716900289058685302734375" lon="118.10314527712762355804443359375">
        <ele>6.400000095367431640625</ele>
        <time>2025-02-23T10:17:25.000Z</time>
        <extensions>
          <ns3:TrackPointExtension>
            <ns3:hr>167</ns3:hr>
          </ns3:TrackPointExtension>
        </extensions>
      </trkpt>
      <trkpt lat="24.48998845182359218597412109375" lon="118.10311694629490375518798828125">
        <ele>6.599999904632568359375</ele>
        <time>2025-02-23T10:17:26.000Z</time>
        <extensions>
          <ns3:TrackPointExtension>
            <ns3:hr>166</ns3:hr>
          </ns3:TrackPointExtension>
        </extensions>
      </trkpt>
      <trkpt lat="24.48997847735881805419921875" lon="118.10308878310024738311767578125">
        <ele>6.599999904632568359375</ele>
        <time>2025-02-23T10:17:27.000Z</time>
        <extensions>
          <ns3:TrackPointExtension>
            <ns3:hr>166</ns3:hr>
          </ns3:TrackPointExtension>
        </extensions>
      </trkpt>
      <trkpt lat="24.48996799997985363006591796875" lon="118.10306112281978130340576171875">
        <ele>6.599999904632568359375</ele>
        <time>2025-02-23T10:17:28.000Z</time>
        <extensions>
          <ns3:TrackPointExtension>
            <ns3:hr>166</ns3:hr>
          </ns3:TrackPointExtension>
        </extensions>
      </trkpt>
      <trkpt lat="24.48995743878185749053955078125" lon="118.10303396545350551605224609375">
        <ele>6.599999904632568359375</ele>
        <time>2025-02-23T10:17:29.000Z</time>
        <extensions>
          <ns3:TrackPointExtension>
            <ns3:hr>166</ns3:hr>
          </ns3:TrackPointExtension>
        </extensions>
      </trkpt>
      <trkpt lat="24.48994654230773448944091796875" lon="118.1030067242681980133056640625">
        <ele>6.80000019073486328125</ele>
        <time>2025-02-23T10:17:30.000Z</time>
        <extensions>
          <ns3:TrackPointExtension>
            <ns3:hr>166</ns3:hr>
          </ns3:TrackPointExtension>
        </extensions>
      </trkpt>
      <trkpt lat="24.4899347238242626190185546875" lon="118.10297948308289051055908203125">
        <ele>6.80000019073486328125</ele>
        <time>2025-02-23T10:17:31.000Z</time>
        <extensions>
          <ns3:TrackPointExtension>
            <ns3:hr>166</ns3:hr>
          </ns3:TrackPointExtension>
        </extensions>
      </trkpt>
      <trkpt lat="24.48992156423628330230712890625" lon="118.1029524095356464385986328125">
        <ele>6.80000019073486328125</ele>
        <time>2025-02-23T10:17:32.000Z</time>
        <extensions>
          <ns3:TrackPointExtension>
            <ns3:hr>166</ns3:hr>
          </ns3:TrackPointExtension>
        </extensions>
      </trkpt>
      <trkpt lat="24.48990748263895511627197265625" lon="118.10292617417871952056884765625">
        <ele>7</ele>
        <time>2025-02-23T10:17:33.000Z</time>
        <extensions>
          <ns3:TrackPointExtension>
            <ns3:hr>166</ns3:hr>
          </ns3:TrackPointExtension>
        </extensions>
      </trkpt>
      <trkpt lat="24.489892981946468353271484375" lon="118.10290052555501461029052734375">
        <ele>7</ele>
        <time>2025-02-23T10:17:34.000Z</time>
        <extensions>
          <ns3:TrackPointExtension>
            <ns3:hr>166</ns3:hr>
          </ns3:TrackPointExtension>
        </extensions>
      </trkpt>
      <trkpt lat="24.4898783974349498748779296875" lon="118.10287504456937313079833984375">
        <ele>7</ele>
        <time>2025-02-23T10:17:35.000Z</time>
        <extensions>
          <ns3:TrackPointExtension>
            <ns3:hr>166</ns3:hr>
          </ns3:TrackPointExtension>
        </extensions>
      </trkpt>
      <trkpt lat="24.48986372910439968109130859375" lon="118.10284922830760478973388671875">
        <ele>7</ele>
        <time>2025-02-23T10:17:36.000Z</time>
        <extensions>
          <ns3:TrackPointExtension>
            <ns3:hr>166</ns3:hr>
          </ns3:TrackPointExtension>
        </extensions>
      </trkpt>
      <trkpt lat="24.4898488931357860565185546875" lon="118.1028234958648681640625">
        <ele>7</ele>
        <time>2025-02-23T10:17:37.000Z</time>
        <extensions>
          <ns3:TrackPointExtension>
            <ns3:hr>166</ns3:hr>
          </ns3:TrackPointExtension>
        </extensions>
      </trkpt>
      <trkpt lat="24.4898338057100772857666015625" lon="118.10279776342213153839111328125">
        <ele>7</ele>
        <time>2025-02-23T10:17:38.000Z</time>
        <extensions>
          <ns3:TrackPointExtension>
            <ns3:hr>166</ns3:hr>
          </ns3:TrackPointExtension>
        </extensions>
      </trkpt>
      <trkpt lat="24.48981829918920993804931640625" lon="118.10277194716036319732666015625">
        <ele>7</ele>
        <time>2025-02-23T10:17:39.000Z</time>
        <extensions>
          <ns3:TrackPointExtension>
            <ns3:hr>166</ns3:hr>
          </ns3:TrackPointExtension>
        </extensions>
      </trkpt>
      <trkpt lat="24.4898019544780254364013671875" lon="118.10274596326053142547607421875">
        <ele>7.19999980926513671875</ele>
        <time>2025-02-23T10:17:40.000Z</time>
        <extensions>
          <ns3:TrackPointExtension>
            <ns3:hr>166</ns3:hr>
          </ns3:TrackPointExtension>
        </extensions>
      </trkpt>
      <trkpt lat="24.48978426866233348846435546875" lon="118.10272064991295337677001953125">
        <ele>7.19999980926513671875</ele>
        <time>2025-02-23T10:17:41.000Z</time>
        <extensions>
          <ns3:TrackPointExtension>
            <ns3:hr>166</ns3:hr>
          </ns3:TrackPointExtension>
        </extensions>
      </trkpt>
      <trkpt lat="24.48976599611341953277587890625" lon="118.10269667766988277435302734375">
        <ele>7.19999980926513671875</ele>
        <time>2025-02-23T10:17:42.000Z</time>
        <extensions>
          <ns3:TrackPointExtension>
            <ns3:hr>166</ns3:hr>
          </ns3:TrackPointExtension>
        </extensions>
      </trkpt>
      <trkpt lat="24.48974789120256900787353515625" lon="118.10267354361712932586669921875">
        <ele>7.400000095367431640625</ele>
        <time>2025-02-23T10:17:43.000Z</time>
        <extensions>
          <ns3:TrackPointExtension>
            <ns3:hr>166</ns3:hr>
          </ns3:TrackPointExtension>
        </extensions>
      </trkpt>
      <trkpt lat="24.48972978629171848297119140625" lon="118.102650158107280731201171875">
        <ele>7.400000095367431640625</ele>
        <time>2025-02-23T10:17:44.000Z</time>
        <extensions>
          <ns3:TrackPointExtension>
            <ns3:hr>166</ns3:hr>
          </ns3:TrackPointExtension>
        </extensions>
      </trkpt>
      <trkpt lat="24.48971101082861423492431640625" lon="118.10262576676905155181884765625">
        <ele>7.400000095367431640625</ele>
        <time>2025-02-23T10:17:45.000Z</time>
        <extensions>
          <ns3:TrackPointExtension>
            <ns3:hr>166</ns3:hr>
          </ns3:TrackPointExtension>
        </extensions>
      </trkpt>
      <trkpt lat="24.48969122953712940216064453125" lon="118.1026013754308223724365234375">
        <ele>7.599999904632568359375</ele>
        <time>2025-02-23T10:17:46.000Z</time>
        <extensions>
          <ns3:TrackPointExtension>
            <ns3:hr>167</ns3:hr>
          </ns3:TrackPointExtension>
        </extensions>
      </trkpt>
      <trkpt lat="24.48967061005532741546630859375" lon="118.10257832519710063934326171875">
        <ele>7.599999904632568359375</ele>
        <time>2025-02-23T10:17:47.000Z</time>
        <extensions>
          <ns3:TrackPointExtension>
            <ns3:hr>167</ns3:hr>
          </ns3:TrackPointExtension>
        </extensions>
      </trkpt>
      <trkpt lat="24.48964948765933513641357421875" lon="118.10255653224885463714599609375">
        <ele>7.599999904632568359375</ele>
        <time>2025-02-23T10:17:48.000Z</time>
        <extensions>
          <ns3:TrackPointExtension>
            <ns3:hr>167</ns3:hr>
          </ns3:TrackPointExtension>
        </extensions>
      </trkpt>
      <trkpt lat="24.48962844908237457275390625" lon="118.10253557749092578887939453125">
        <ele>7.599999904632568359375</ele>
        <time>2025-02-23T10:17:49.000Z</time>
        <extensions>
          <ns3:TrackPointExtension>
            <ns3:hr>167</ns3:hr>
          </ns3:TrackPointExtension>
        </extensions>
      </trkpt>
      <trkpt lat="24.48960690759122371673583984375" lon="118.10251495800912380218505859375">
        <ele>7.599999904632568359375</ele>
        <time>2025-02-23T10:17:50.000Z</time>
        <extensions>
          <ns3:TrackPointExtension>
            <ns3:hr>167</ns3:hr>
          </ns3:TrackPointExtension>
        </extensions>
      </trkpt>
      <trkpt lat="24.48958427645266056060791015625" lon="118.1024950928986072540283203125">
        <ele>7.80000019073486328125</ele>
        <time>2025-02-23T10:17:51.000Z</time>
        <extensions>
          <ns3:TrackPointExtension>
            <ns3:hr>166</ns3:hr>
          </ns3:TrackPointExtension>
        </extensions>
      </trkpt>
      <trkpt lat="24.489560388028621673583984375" lon="118.1024763174355030059814453125">
        <ele>7.80000019073486328125</ele>
        <time>2025-02-23T10:17:52.000Z</time>
        <extensions>
          <ns3:TrackPointExtension>
            <ns3:hr>166</ns3:hr>
          </ns3:TrackPointExtension>
        </extensions>
      </trkpt>
      <trkpt lat="24.4895354099571704864501953125" lon="118.10245846398174762725830078125">
        <ele>7.80000019073486328125</ele>
        <time>2025-02-23T10:17:53.000Z</time>
        <extensions>
          <ns3:TrackPointExtension>
            <ns3:hr>166</ns3:hr>
          </ns3:TrackPointExtension>
        </extensions>
      </trkpt>
      <trkpt lat="24.489510767161846160888671875" lon="118.102441616356372833251953125">
        <ele>7.80000019073486328125</ele>
        <time>2025-02-23T10:17:54.000Z</time>
        <extensions>
          <ns3:TrackPointExtension>
            <ns3:hr>166</ns3:hr>
          </ns3:TrackPointExtension>
        </extensions>
      </trkpt>
      <trkpt lat="24.48948654346168041229248046875" lon="118.10242527164518833160400390625">
        <ele>7.80000019073486328125</ele>
        <time>2025-02-23T10:17:55.000Z</time>
        <extensions>
          <ns3:TrackPointExtension>
            <ns3:hr>166</ns3:hr>
          </ns3:TrackPointExtension>
        </extensions>
      </trkpt>
      <trkpt lat="24.48946173302829265594482421875" lon="118.1024089269340038299560546875">
        <ele>7.80000019073486328125</ele>
        <time>2025-02-23T10:17:56.000Z</time>
        <extensions>
          <ns3:TrackPointExtension>
            <ns3:hr>166</ns3:hr>
          </ns3:TrackPointExtension>
        </extensions>
      </trkpt>
      <trkpt lat="24.4894360005855560302734375" lon="118.10239224694669246673583984375">
        <ele>7.80000019073486328125</ele>
        <time>2025-02-23T10:17:57.000Z</time>
        <extensions>
          <ns3:TrackPointExtension>
            <ns3:hr>166</ns3:hr>
          </ns3:TrackPointExtension>
        </extensions>
      </trkpt>
      <trkpt lat="24.48940993286669254302978515625" lon="118.10237581841647624969482421875">
        <ele>8</ele>
        <time>2025-02-23T10:17:58.000Z</time>
        <extensions>
          <ns3:TrackPointExtension>
            <ns3:hr>166</ns3:hr>
          </ns3:TrackPointExtension>
        </extensions>
      </trkpt>
      <trkpt lat="24.48938411660492420196533203125" lon="118.10236022807657718658447265625">
        <ele>8</ele>
        <time>2025-02-23T10:17:59.000Z</time>
        <extensions>
          <ns3:TrackPointExtension>
            <ns3:hr>166</ns3:hr>
          </ns3:TrackPointExtension>
        </extensions>
      </trkpt>
      <trkpt lat="24.48935813270509243011474609375" lon="118.10234564356505870819091796875">
        <ele>8</ele>
        <time>2025-02-23T10:18:00.000Z</time>
        <extensions>
          <ns3:TrackPointExtension>
            <ns3:hr>166</ns3:hr>
          </ns3:TrackPointExtension>
        </extensions>
      </trkpt>
      <trkpt lat="24.48933147825300693511962890625" lon="118.1023314781486988067626953125">
        <ele>8</ele>
        <time>2025-02-23T10:18:01.000Z</time>
        <extensions>
          <ns3:TrackPointExtension>
            <ns3:hr>166</ns3:hr>
          </ns3:TrackPointExtension>
        </extensions>
      </trkpt>
      <trkpt lat="24.48930499143898487091064453125" lon="118.10231764800846576690673828125">
        <ele>8</ele>
        <time>2025-02-23T10:18:02.000Z</time>
        <extensions>
          <ns3:TrackPointExtension>
            <ns3:hr>166</ns3:hr>
          </ns3:TrackPointExtension>
        </extensions>
      </trkpt>
      <trkpt lat="24.48927833698689937591552734375" lon="118.10230381786823272705078125">
        <ele>8.19999980926513671875</ele>
        <time>2025-02-23T10:18:03.000Z</time>
        <extensions>
          <ns3:TrackPointExtension>
            <ns3:hr>166</ns3:hr>
          </ns3:TrackPointExtension>
        </extensions>
      </trkpt>
      <trkpt lat="24.489251933991909027099609375" lon="118.10229116119444370269775390625">
        <ele>8.19999980926513671875</ele>
        <time>2025-02-23T10:18:04.000Z</time>
        <extensions>
          <ns3:TrackPointExtension>
            <ns3:hr>167</ns3:hr>
          </ns3:TrackPointExtension>
        </extensions>
      </trkpt>
      <trkpt lat="24.489225782454013824462890625" lon="118.10227992944419384002685546875">
        <ele>8.3999996185302734375</ele>
        <time>2025-02-23T10:18:05.000Z</time>
        <extensions>
          <ns3:TrackPointExtension>
            <ns3:hr>167</ns3:hr>
          </ns3:TrackPointExtension>
        </extensions>
      </trkpt>
      <trkpt lat="24.4891997985541820526123046875" lon="118.10226970352232456207275390625">
        <ele>8.6000003814697265625</ele>
        <time>2025-02-23T10:18:06.000Z</time>
        <extensions>
          <ns3:TrackPointExtension>
            <ns3:hr>167</ns3:hr>
          </ns3:TrackPointExtension>
        </extensions>
      </trkpt>
      <trkpt lat="24.4891739822924137115478515625" lon="118.10226031579077243804931640625">
        <ele>8.6000003814697265625</ele>
        <time>2025-02-23T10:18:07.000Z</time>
        <extensions>
          <ns3:TrackPointExtension>
            <ns3:hr>167</ns3:hr>
          </ns3:TrackPointExtension>
        </extensions>
      </trkpt>
      <trkpt lat="24.48914824984967708587646484375" lon="118.10225109569728374481201171875">
        <ele>8.80000019073486328125</ele>
        <time>2025-02-23T10:18:08.000Z</time>
        <extensions>
          <ns3:TrackPointExtension>
            <ns3:hr>167</ns3:hr>
          </ns3:TrackPointExtension>
        </extensions>
      </trkpt>
      <trkpt lat="24.4891223497688770294189453125" lon="118.10224170796573162078857421875">
        <ele>9</ele>
        <time>2025-02-23T10:18:09.000Z</time>
        <extensions>
          <ns3:TrackPointExtension>
            <ns3:hr>167</ns3:hr>
          </ns3:TrackPointExtension>
        </extensions>
      </trkpt>
      <trkpt lat="24.4890958629548549652099609375" lon="118.1022322364151477813720703125">
        <ele>9</ele>
        <time>2025-02-23T10:18:10.000Z</time>
        <extensions>
          <ns3:TrackPointExtension>
            <ns3:hr>167</ns3:hr>
          </ns3:TrackPointExtension>
        </extensions>
      </trkpt>
      <trkpt lat="24.48906920850276947021484375" lon="118.102223686873912811279296875">
        <ele>9.19999980926513671875</ele>
        <time>2025-02-23T10:18:11.000Z</time>
        <extensions>
          <ns3:TrackPointExtension>
            <ns3:hr>167</ns3:hr>
          </ns3:TrackPointExtension>
        </extensions>
      </trkpt>
      <trkpt lat="24.489042721688747406005859375" lon="118.1022168137133121490478515625">
        <ele>9.3999996185302734375</ele>
        <time>2025-02-23T10:18:12.000Z</time>
        <extensions>
          <ns3:TrackPointExtension>
            <ns3:hr>167</ns3:hr>
          </ns3:TrackPointExtension>
        </extensions>
      </trkpt>
      <trkpt lat="24.48901615105569362640380859375" lon="118.1022117845714092254638671875">
        <ele>9.3999996185302734375</ele>
        <time>2025-02-23T10:18:13.000Z</time>
        <extensions>
          <ns3:TrackPointExtension>
            <ns3:hr>167</ns3:hr>
          </ns3:TrackPointExtension>
        </extensions>
      </trkpt>
      <trkpt lat="24.488989077508449554443359375" lon="118.1022080965340137481689453125">
        <ele>9.6000003814697265625</ele>
        <time>2025-02-23T10:18:14.000Z</time>
        <extensions>
          <ns3:TrackPointExtension>
            <ns3:hr>167</ns3:hr>
          </ns3:TrackPointExtension>
        </extensions>
      </trkpt>
      <trkpt lat="24.48896150104701519012451171875" lon="118.10220583342015743255615234375">
        <ele>9.80000019073486328125</ele>
        <time>2025-02-23T10:18:15.000Z</time>
        <extensions>
          <ns3:TrackPointExtension>
            <ns3:hr>167</ns3:hr>
          </ns3:TrackPointExtension>
        </extensions>
      </trkpt>
      <trkpt lat="24.488933421671390533447265625" lon="118.10220482759177684783935546875">
        <ele>10</ele>
        <time>2025-02-23T10:18:16.000Z</time>
        <extensions>
          <ns3:TrackPointExtension>
            <ns3:hr>167</ns3:hr>
          </ns3:TrackPointExtension>
        </extensions>
      </trkpt>
      <trkpt lat="24.48890483938157558441162109375" lon="118.1022050790488719940185546875">
        <ele>10.19999980926513671875</ele>
        <time>2025-02-23T10:18:17.000Z</time>
        <extensions>
          <ns3:TrackPointExtension>
            <ns3:hr>167</ns3:hr>
          </ns3:TrackPointExtension>
        </extensions>
      </trkpt>
      <trkpt lat="24.4888762570917606353759765625" lon="118.10220616869628429412841796875">
        <ele>10.19999980926513671875</ele>
        <time>2025-02-23T10:18:18.000Z</time>
        <extensions>
          <ns3:TrackPointExtension>
            <ns3:hr>167</ns3:hr>
          </ns3:TrackPointExtension>
        </extensions>
      </trkpt>
      <trkpt lat="24.48884792625904083251953125" lon="118.10220767743885517120361328125">
        <ele>10.3999996185302734375</ele>
        <time>2025-02-23T10:18:19.000Z</time>
        <extensions>
          <ns3:TrackPointExtension>
            <ns3:hr>167</ns3:hr>
          </ns3:TrackPointExtension>
        </extensions>
      </trkpt>
      <trkpt lat="24.48881967924535274505615234375" lon="118.1022094376385211944580078125">
        <ele>10.3999996185302734375</ele>
        <time>2025-02-23T10:18:20.000Z</time>
        <extensions>
          <ns3:TrackPointExtension>
            <ns3:hr>167</ns3:hr>
          </ns3:TrackPointExtension>
        </extensions>
      </trkpt>
      <trkpt lat="24.48879067786037921905517578125" lon="118.102211616933345794677734375">
        <ele>10.6000003814697265625</ele>
        <time>2025-02-23T10:18:21.000Z</time>
        <extensions>
          <ns3:TrackPointExtension>
            <ns3:hr>167</ns3:hr>
          </ns3:TrackPointExtension>
        </extensions>
      </trkpt>
      <trkpt lat="24.48876150883734226226806640625" lon="118.102214299142360687255859375">
        <ele>10.6000003814697265625</ele>
        <time>2025-02-23T10:18:22.000Z</time>
        <extensions>
          <ns3:TrackPointExtension>
            <ns3:hr>167</ns3:hr>
          </ns3:TrackPointExtension>
        </extensions>
      </trkpt>
      <trkpt lat="24.488732926547527313232421875" lon="118.10221790336072444915771484375">
        <ele>10.80000019073486328125</ele>
        <time>2025-02-23T10:18:23.000Z</time>
        <extensions>
          <ns3:TrackPointExtension>
            <ns3:hr>167</ns3:hr>
          </ns3:TrackPointExtension>
        </extensions>
      </trkpt>
      <trkpt lat="24.488704763352870941162109375" lon="118.1022226810455322265625">
        <ele>10.80000019073486328125</ele>
        <time>2025-02-23T10:18:24.000Z</time>
        <extensions>
          <ns3:TrackPointExtension>
            <ns3:hr>167</ns3:hr>
          </ns3:TrackPointExtension>
        </extensions>
      </trkpt>
      <trkpt lat="24.48867668397724628448486328125" lon="118.10222846455872058868408203125">
        <ele>10.6000003814697265625</ele>
        <time>2025-02-23T10:18:25.000Z</time>
        <extensions>
          <ns3:TrackPointExtension>
            <ns3:hr>167</ns3:hr>
          </ns3:TrackPointExtension>
        </extensions>
      </trkpt>
      <trkpt lat="24.48864852078258991241455078125" lon="118.10223567299544811248779296875">
        <ele>10.6000003814697265625</ele>
        <time>2025-02-23T10:18:26.000Z</time>
        <extensions>
          <ns3:TrackPointExtension>
            <ns3:hr>167</ns3:hr>
          </ns3:TrackPointExtension>
        </extensions>
      </trkpt>
      <trkpt lat="24.48862002231180667877197265625" lon="118.10224439017474651336669921875">
        <ele>10.6000003814697265625</ele>
        <time>2025-02-23T10:18:27.000Z</time>
        <extensions>
          <ns3:TrackPointExtension>
            <ns3:hr>167</ns3:hr>
          </ns3:TrackPointExtension>
        </extensions>
      </trkpt>
      <trkpt lat="24.48859152384102344512939453125" lon="118.1022548675537109375">
        <ele>10.3999996185302734375</ele>
        <time>2025-02-23T10:18:28.000Z</time>
        <extensions>
          <ns3:TrackPointExtension>
            <ns3:hr>167</ns3:hr>
          </ns3:TrackPointExtension>
        </extensions>
      </trkpt>
      <trkpt lat="24.4885634444653987884521484375" lon="118.10226601548492908477783203125">
        <ele>10.3999996185302734375</ele>
        <time>2025-02-23T10:18:29.000Z</time>
        <extensions>
          <ns3:TrackPointExtension>
            <ns3:hr>167</ns3:hr>
          </ns3:TrackPointExtension>
        </extensions>
      </trkpt>
      <trkpt lat="24.4885359518229961395263671875" lon="118.10227741487324237823486328125">
        <ele>10.3999996185302734375</ele>
        <time>2025-02-23T10:18:30.000Z</time>
        <extensions>
          <ns3:TrackPointExtension>
            <ns3:hr>167</ns3:hr>
          </ns3:TrackPointExtension>
        </extensions>
      </trkpt>
      <trkpt lat="24.48850921355187892913818359375" lon="118.102289400994777679443359375">
        <ele>10.19999980926513671875</ele>
        <time>2025-02-23T10:18:31.000Z</time>
        <extensions>
          <ns3:TrackPointExtension>
            <ns3:hr>167</ns3:hr>
          </ns3:TrackPointExtension>
        </extensions>
      </trkpt>
      <trkpt lat="24.48848339729011058807373046875" lon="118.10230239294469356536865234375">
        <ele>10.19999980926513671875</ele>
        <time>2025-02-23T10:18:32.000Z</time>
        <extensions>
          <ns3:TrackPointExtension>
            <ns3:hr>167</ns3:hr>
          </ns3:TrackPointExtension>
        </extensions>
      </trkpt>
      <trkpt lat="24.488458000123500823974609375" lon="118.1023167259991168975830078125">
        <ele>10.19999980926513671875</ele>
        <time>2025-02-23T10:18:33.000Z</time>
        <extensions>
          <ns3:TrackPointExtension>
            <ns3:hr>167</ns3:hr>
          </ns3:TrackPointExtension>
        </extensions>
      </trkpt>
      <trkpt lat="24.488432519137859344482421875" lon="118.1023321487009525299072265625">
        <ele>10.19999980926513671875</ele>
        <time>2025-02-23T10:18:34.000Z</time>
        <extensions>
          <ns3:TrackPointExtension>
            <ns3:hr>167</ns3:hr>
          </ns3:TrackPointExtension>
        </extensions>
      </trkpt>
      <trkpt lat="24.48840695433318614959716796875" lon="118.1023479066789150238037109375">
        <ele>10.19999980926513671875</ele>
        <time>2025-02-23T10:18:35.000Z</time>
        <extensions>
          <ns3:TrackPointExtension>
            <ns3:hr>167</ns3:hr>
          </ns3:TrackPointExtension>
        </extensions>
      </trkpt>
      <trkpt lat="24.48838164098560810089111328125" lon="118.1023629941046237945556640625">
        <ele>10.3999996185302734375</ele>
        <time>2025-02-23T10:18:36.000Z</time>
        <extensions>
          <ns3:TrackPointExtension>
            <ns3:hr>167</ns3:hr>
          </ns3:TrackPointExtension>
        </extensions>
      </trkpt>
      <trkpt lat="24.488356076180934906005859375" lon="118.10237732715904712677001953125">
        <ele>10.3999996185302734375</ele>
        <time>2025-02-23T10:18:37.000Z</time>
        <extensions>
          <ns3:TrackPointExtension>
            <ns3:hr>167</ns3:hr>
          </ns3:TrackPointExtension>
        </extensions>
      </trkpt>
      <trkpt lat="24.4883300922811031341552734375" lon="118.10239157639443874359130859375">
        <ele>10.3999996185302734375</ele>
        <time>2025-02-23T10:18:38.000Z</time>
        <extensions>
          <ns3:TrackPointExtension>
            <ns3:hr>167</ns3:hr>
          </ns3:TrackPointExtension>
        </extensions>
      </trkpt>
      <trkpt lat="24.48830385692417621612548828125" lon="118.1024062447249889373779296875">
        <ele>10.3999996185302734375</ele>
        <time>2025-02-23T10:18:39.000Z</time>
        <extensions>
          <ns3:TrackPointExtension>
            <ns3:hr>167</ns3:hr>
          </ns3:TrackPointExtension>
        </extensions>
      </trkpt>
      <trkpt lat="24.48827795684337615966796875" lon="118.102421499788761138916015625">
        <ele>10.3999996185302734375</ele>
        <time>2025-02-23T10:18:40.000Z</time>
        <extensions>
          <ns3:TrackPointExtension>
            <ns3:hr>167</ns3:hr>
          </ns3:TrackPointExtension>
        </extensions>
      </trkpt>
      <trkpt lat="24.48825323022902011871337890625" lon="118.1024377606809139251708984375">
        <ele>10.3999996185302734375</ele>
        <time>2025-02-23T10:18:41.000Z</time>
        <extensions>
          <ns3:TrackPointExtension>
            <ns3:hr>167</ns3:hr>
          </ns3:TrackPointExtension>
        </extensions>
      </trkpt>
      <trkpt lat="24.488229341804981231689453125" lon="118.102454356849193572998046875">
        <ele>10.19999980926513671875</ele>
        <time>2025-02-23T10:18:42.000Z</time>
        <extensions>
          <ns3:TrackPointExtension>
            <ns3:hr>167</ns3:hr>
          </ns3:TrackPointExtension>
        </extensions>
      </trkpt>
      <trkpt lat="24.48820612393319606781005859375" lon="118.1024709530174732208251953125">
        <ele>10.19999980926513671875</ele>
        <time>2025-02-23T10:18:43.000Z</time>
        <extensions>
          <ns3:TrackPointExtension>
            <ns3:hr>167</ns3:hr>
          </ns3:TrackPointExtension>
        </extensions>
      </trkpt>
      <trkpt lat="24.4881834089756011962890625" lon="118.10248763300478458404541015625">
        <ele>10</ele>
        <time>2025-02-23T10:18:44.000Z</time>
        <extensions>
          <ns3:TrackPointExtension>
            <ns3:hr>167</ns3:hr>
          </ns3:TrackPointExtension>
        </extensions>
      </trkpt>
      <trkpt lat="24.48816102929413318634033203125" lon="118.10250489972531795501708984375">
        <ele>10</ele>
        <time>2025-02-23T10:18:45.000Z</time>
        <extensions>
          <ns3:TrackPointExtension>
            <ns3:hr>167</ns3:hr>
          </ns3:TrackPointExtension>
        </extensions>
      </trkpt>
      <trkpt lat="24.4881389848887920379638671875" lon="118.10252250172197818756103515625">
        <ele>9.6000003814697265625</ele>
        <time>2025-02-23T10:18:46.000Z</time>
        <extensions>
          <ns3:TrackPointExtension>
            <ns3:hr>167</ns3:hr>
          </ns3:TrackPointExtension>
        </extensions>
      </trkpt>
      <trkpt lat="24.48811727575957775115966796875" lon="118.1025410257279872894287109375">
        <ele>9.19999980926513671875</ele>
        <time>2025-02-23T10:18:47.000Z</time>
        <extensions>
          <ns3:TrackPointExtension>
            <ns3:hr>167</ns3:hr>
          </ns3:TrackPointExtension>
        </extensions>
      </trkpt>
      <trkpt lat="24.488095901906490325927734375" lon="118.102560974657535552978515625">
        <ele>8.80000019073486328125</ele>
        <time>2025-02-23T10:18:48.000Z</time>
        <extensions>
          <ns3:TrackPointExtension>
            <ns3:hr>167</ns3:hr>
          </ns3:TrackPointExtension>
        </extensions>
      </trkpt>
      <trkpt lat="24.48807519860565662384033203125" lon="118.10258234851062297821044921875">
        <ele>8.3999996185302734375</ele>
        <time>2025-02-23T10:18:49.000Z</time>
        <extensions>
          <ns3:TrackPointExtension>
            <ns3:hr>166</ns3:hr>
          </ns3:TrackPointExtension>
        </extensions>
      </trkpt>
      <trkpt lat="24.48805508203804492950439453125" lon="118.10260414145886898040771484375">
        <ele>8</ele>
        <time>2025-02-23T10:18:50.000Z</time>
        <extensions>
          <ns3:TrackPointExtension>
            <ns3:hr>166</ns3:hr>
          </ns3:TrackPointExtension>
        </extensions>
      </trkpt>
      <trkpt lat="24.48803546838462352752685546875" lon="118.1026258505880832672119140625">
        <ele>7.599999904632568359375</ele>
        <time>2025-02-23T10:18:51.000Z</time>
        <extensions>
          <ns3:TrackPointExtension>
            <ns3:hr>166</ns3:hr>
          </ns3:TrackPointExtension>
        </extensions>
      </trkpt>
      <trkpt lat="24.4880162738263607025146484375" lon="118.10264772735536098480224609375">
        <ele>7.19999980926513671875</ele>
        <time>2025-02-23T10:18:52.000Z</time>
        <extensions>
          <ns3:TrackPointExtension>
            <ns3:hr>166</ns3:hr>
          </ns3:TrackPointExtension>
        </extensions>
      </trkpt>
      <trkpt lat="24.48799724690616130828857421875" lon="118.102669604122638702392578125">
        <ele>6.80000019073486328125</ele>
        <time>2025-02-23T10:18:53.000Z</time>
        <extensions>
          <ns3:TrackPointExtension>
            <ns3:hr>168</ns3:hr>
          </ns3:TrackPointExtension>
        </extensions>
      </trkpt>
      <trkpt lat="24.487978555262088775634765625" lon="118.10269139707088470458984375">
        <ele>6.599999904632568359375</ele>
        <time>2025-02-23T10:18:54.000Z</time>
        <extensions>
          <ns3:TrackPointExtension>
            <ns3:hr>168</ns3:hr>
          </ns3:TrackPointExtension>
        </extensions>
      </trkpt>
      <trkpt lat="24.48796011507511138916015625" lon="118.10271360911428928375244140625">
        <ele>6.599999904632568359375</ele>
        <time>2025-02-23T10:18:55.000Z</time>
        <extensions>
          <ns3:TrackPointExtension>
            <ns3:hr>168</ns3:hr>
          </ns3:TrackPointExtension>
        </extensions>
      </trkpt>
      <trkpt lat="24.4879418425261974334716796875" lon="118.1027368269860744476318359375">
        <ele>6.400000095367431640625</ele>
        <time>2025-02-23T10:18:56.000Z</time>
        <extensions>
          <ns3:TrackPointExtension>
            <ns3:hr>168</ns3:hr>
          </ns3:TrackPointExtension>
        </extensions>
      </trkpt>
      <trkpt lat="24.48792398907244205474853515625" lon="118.10276088304817676544189453125">
        <ele>6.19999980926513671875</ele>
        <time>2025-02-23T10:18:57.000Z</time>
        <extensions>
          <ns3:TrackPointExtension>
            <ns3:hr>168</ns3:hr>
          </ns3:TrackPointExtension>
        </extensions>
      </trkpt>
      <trkpt lat="24.487906806170940399169921875" lon="118.10278535820543766021728515625">
        <ele>6.19999980926513671875</ele>
        <time>2025-02-23T10:18:58.000Z</time>
        <extensions>
          <ns3:TrackPointExtension>
            <ns3:hr>168</ns3:hr>
          </ns3:TrackPointExtension>
        </extensions>
      </trkpt>
      <trkpt lat="24.48789012618362903594970703125" lon="118.1028099171817302703857421875">
        <ele>6</ele>
        <time>2025-02-23T10:18:59.000Z</time>
        <extensions>
          <ns3:TrackPointExtension>
            <ns3:hr>168</ns3:hr>
          </ns3:TrackPointExtension>
        </extensions>
      </trkpt>
      <trkpt lat="24.487873949110507965087890625" lon="118.10283447615802288055419921875">
        <ele>6</ele>
        <time>2025-02-23T10:19:00.000Z</time>
        <extensions>
          <ns3:TrackPointExtension>
            <ns3:hr>168</ns3:hr>
          </ns3:TrackPointExtension>
        </extensions>
      </trkpt>
      <trkpt lat="24.4878583587706089019775390625" lon="118.1028588674962520599365234375">
        <ele>6</ele>
        <time>2025-02-23T10:19:01.000Z</time>
        <extensions>
          <ns3:TrackPointExtension>
            <ns3:hr>168</ns3:hr>
          </ns3:TrackPointExtension>
        </extensions>
      </trkpt>
      <trkpt lat="24.48784343898296356201171875" lon="118.10288317501544952392578125">
        <ele>6</ele>
        <time>2025-02-23T10:19:02.000Z</time>
        <extensions>
          <ns3:TrackPointExtension>
            <ns3:hr>168</ns3:hr>
          </ns3:TrackPointExtension>
        </extensions>
      </trkpt>
      <trkpt lat="24.4878291897475719451904296875" lon="118.1029078178107738494873046875">
        <ele>6.19999980926513671875</ele>
        <time>2025-02-23T10:19:03.000Z</time>
        <extensions>
          <ns3:TrackPointExtension>
            <ns3:hr>167</ns3:hr>
          </ns3:TrackPointExtension>
        </extensions>
      </trkpt>
      <trkpt lat="24.48781535960733890533447265625" lon="118.10293321497738361358642578125">
        <ele>6.19999980926513671875</ele>
        <time>2025-02-23T10:19:04.000Z</time>
        <extensions>
          <ns3:TrackPointExtension>
            <ns3:hr>167</ns3:hr>
          </ns3:TrackPointExtension>
        </extensions>
      </trkpt>
      <trkpt lat="24.4878023676574230194091796875" lon="118.1029594503343105316162109375">
        <ele>6.400000095367431640625</ele>
        <time>2025-02-23T10:19:05.000Z</time>
        <extensions>
          <ns3:TrackPointExtension>
            <ns3:hr>167</ns3:hr>
          </ns3:TrackPointExtension>
        </extensions>
      </trkpt>
      <trkpt lat="24.4877913035452365875244140625" lon="118.1029869429767131805419921875">
        <ele>6.400000095367431640625</ele>
        <time>2025-02-23T10:19:06.000Z</time>
        <extensions>
          <ns3:TrackPointExtension>
            <ns3:hr>167</ns3:hr>
          </ns3:TrackPointExtension>
        </extensions>
      </trkpt>
      <trkpt lat="24.487782083451747894287109375" lon="118.1030154414474964141845703125">
        <ele>6.599999904632568359375</ele>
        <time>2025-02-23T10:19:07.000Z</time>
        <extensions>
          <ns3:TrackPointExtension>
            <ns3:hr>167</ns3:hr>
          </ns3:TrackPointExtension>
        </extensions>
      </trkpt>
      <trkpt lat="24.4877745397388935089111328125" lon="118.10304410755634307861328125">
        <ele>7</ele>
        <time>2025-02-23T10:19:08.000Z</time>
        <extensions>
          <ns3:TrackPointExtension>
            <ns3:hr>167</ns3:hr>
          </ns3:TrackPointExtension>
        </extensions>
      </trkpt>
      <trkpt lat="24.48776808567345142364501953125" lon="118.10307268984615802764892578125">
        <ele>7.19999980926513671875</ele>
        <time>2025-02-23T10:19:09.000Z</time>
        <extensions>
          <ns3:TrackPointExtension>
            <ns3:hr>167</ns3:hr>
          </ns3:TrackPointExtension>
        </extensions>
      </trkpt>
      <trkpt lat="24.4877623021602630615234375" lon="118.103101439774036407470703125">
        <ele>7.599999904632568359375</ele>
        <time>2025-02-23T10:19:10.000Z</time>
        <extensions>
          <ns3:TrackPointExtension>
            <ns3:hr>167</ns3:hr>
          </ns3:TrackPointExtension>
        </extensions>
      </trkpt>
      <trkpt lat="24.4877569377422332763671875" lon="118.10313035733997821807861328125">
        <ele>8</ele>
        <time>2025-02-23T10:19:11.000Z</time>
        <extensions>
          <ns3:TrackPointExtension>
            <ns3:hr>167</ns3:hr>
          </ns3:TrackPointExtension>
        </extensions>
      </trkpt>
      <trkpt lat="24.48775216005742549896240234375" lon="118.1031596101820468902587890625">
        <ele>8.3999996185302734375</ele>
        <time>2025-02-23T10:19:12.000Z</time>
        <extensions>
          <ns3:TrackPointExtension>
            <ns3:hr>167</ns3:hr>
          </ns3:TrackPointExtension>
        </extensions>
      </trkpt>
      <trkpt lat="24.48774813674390316009521484375" lon="118.1031891144812107086181640625">
        <ele>9</ele>
        <time>2025-02-23T10:19:13.000Z</time>
        <extensions>
          <ns3:TrackPointExtension>
            <ns3:hr>167</ns3:hr>
          </ns3:TrackPointExtension>
        </extensions>
      </trkpt>
      <trkpt lat="24.48774495162069797515869140625" lon="118.10321845114231109619140625">
        <ele>9.6000003814697265625</ele>
        <time>2025-02-23T10:19:14.000Z</time>
        <extensions>
          <ns3:TrackPointExtension>
            <ns3:hr>167</ns3:hr>
          </ns3:TrackPointExtension>
        </extensions>
      </trkpt>
      <trkpt lat="24.48774226941168308258056640625" lon="118.10324736870825290679931640625">
        <ele>10</ele>
        <time>2025-02-23T10:19:15.000Z</time>
        <extensions>
          <ns3:TrackPointExtension>
            <ns3:hr>167</ns3:hr>
          </ns3:TrackPointExtension>
        </extensions>
      </trkpt>
      <trkpt lat="24.48773958720266819000244140625" lon="118.1032759509980678558349609375">
        <ele>10.3999996185302734375</ele>
        <time>2025-02-23T10:19:16.000Z</time>
        <extensions>
          <ns3:TrackPointExtension>
            <ns3:hr>167</ns3:hr>
          </ns3:TrackPointExtension>
        </extensions>
      </trkpt>
      <trkpt lat="24.48773682117462158203125" lon="118.1033047847449779510498046875">
        <ele>10.80000019073486328125</ele>
        <time>2025-02-23T10:19:17.000Z</time>
        <extensions>
          <ns3:TrackPointExtension>
            <ns3:hr>167</ns3:hr>
          </ns3:TrackPointExtension>
        </extensions>
      </trkpt>
      <trkpt lat="24.4877346418797969818115234375" lon="118.10333454050123691558837890625">
        <ele>11.19999980926513671875</ele>
        <time>2025-02-23T10:19:18.000Z</time>
        <extensions>
          <ns3:TrackPointExtension>
            <ns3:hr>167</ns3:hr>
          </ns3:TrackPointExtension>
        </extensions>
      </trkpt>
      <trkpt lat="24.48773338459432125091552734375" lon="118.10336505062878131866455078125">
        <ele>11.6000003814697265625</ele>
        <time>2025-02-23T10:19:19.000Z</time>
        <extensions>
          <ns3:TrackPointExtension>
            <ns3:hr>167</ns3:hr>
          </ns3:TrackPointExtension>
        </extensions>
      </trkpt>
      <trkpt lat="24.48773321695625782012939453125" lon="118.10339547693729400634765625">
        <ele>11.80000019073486328125</ele>
        <time>2025-02-23T10:19:20.000Z</time>
        <extensions>
          <ns3:TrackPointExtension>
            <ns3:hr>167</ns3:hr>
          </ns3:TrackPointExtension>
        </extensions>
      </trkpt>
      <trkpt lat="24.48773346841335296630859375" lon="118.10342506505548954010009765625">
        <ele>11.80000019073486328125</ele>
        <time>2025-02-23T10:19:21.000Z</time>
        <extensions>
          <ns3:TrackPointExtension>
            <ns3:hr>167</ns3:hr>
          </ns3:TrackPointExtension>
        </extensions>
      </trkpt>
      <trkpt lat="24.487733803689479827880859375" lon="118.10345406644046306610107421875">
        <ele>11.6000003814697265625</ele>
        <time>2025-02-23T10:19:22.000Z</time>
        <extensions>
          <ns3:TrackPointExtension>
            <ns3:hr>167</ns3:hr>
          </ns3:TrackPointExtension>
        </extensions>
      </trkpt>
      <trkpt lat="24.48773388750851154327392578125" lon="118.1034828163683414459228515625">
        <ele>11.6000003814697265625</ele>
        <time>2025-02-23T10:19:23.000Z</time>
        <extensions>
          <ns3:TrackPointExtension>
            <ns3:hr>167</ns3:hr>
          </ns3:TrackPointExtension>
        </extensions>
      </trkpt>
      <trkpt lat="24.4877333007752895355224609375" lon="118.10351156629621982574462890625">
        <ele>11.3999996185302734375</ele>
        <time>2025-02-23T10:19:24.000Z</time>
        <extensions>
          <ns3:TrackPointExtension>
            <ns3:hr>167</ns3:hr>
          </ns3:TrackPointExtension>
        </extensions>
      </trkpt>
      <trkpt lat="24.4877319596707820892333984375" lon="118.10354056768119335174560546875">
        <ele>11.3999996185302734375</ele>
        <time>2025-02-23T10:19:25.000Z</time>
        <extensions>
          <ns3:TrackPointExtension>
            <ns3:hr>167</ns3:hr>
          </ns3:TrackPointExtension>
        </extensions>
      </trkpt>
      <trkpt lat="24.4877299480140209197998046875" lon="118.1035703234374523162841796875">
        <ele>11.19999980926513671875</ele>
        <time>2025-02-23T10:19:26.000Z</time>
        <extensions>
          <ns3:TrackPointExtension>
            <ns3:hr>167</ns3:hr>
          </ns3:TrackPointExtension>
        </extensions>
      </trkpt>
      <trkpt lat="24.48772768490016460418701171875" lon="118.10360058210790157318115234375">
        <ele>11</ele>
        <time>2025-02-23T10:19:27.000Z</time>
        <extensions>
          <ns3:TrackPointExtension>
            <ns3:hr>167</ns3:hr>
          </ns3:TrackPointExtension>
        </extensions>
      </trkpt>
      <trkpt lat="24.48772600851953029632568359375" lon="118.103630840778350830078125">
        <ele>11</ele>
        <time>2025-02-23T10:19:28.000Z</time>
        <extensions>
          <ns3:TrackPointExtension>
            <ns3:hr>167</ns3:hr>
          </ns3:TrackPointExtension>
        </extensions>
      </trkpt>
      <trkpt lat="24.48772500269114971160888671875" lon="118.1036605127155780792236328125">
        <ele>10.80000019073486328125</ele>
        <time>2025-02-23T10:19:29.000Z</time>
        <extensions>
          <ns3:TrackPointExtension>
            <ns3:hr>167</ns3:hr>
          </ns3:TrackPointExtension>
        </extensions>
      </trkpt>
      <trkpt lat="24.48772399686276912689208984375" lon="118.103689514100551605224609375">
        <ele>10.3999996185302734375</ele>
        <time>2025-02-23T10:19:30.000Z</time>
        <extensions>
          <ns3:TrackPointExtension>
            <ns3:hr>167</ns3:hr>
          </ns3:TrackPointExtension>
        </extensions>
      </trkpt>
      <trkpt lat="24.48772366158664226531982421875" lon="118.1037185154855251312255859375">
        <ele>10</ele>
        <time>2025-02-23T10:19:31.000Z</time>
        <extensions>
          <ns3:TrackPointExtension>
            <ns3:hr>167</ns3:hr>
          </ns3:TrackPointExtension>
        </extensions>
      </trkpt>
      <trkpt lat="24.487724415957927703857421875" lon="118.10374760068953037261962890625">
        <ele>9.6000003814697265625</ele>
        <time>2025-02-23T10:19:32.000Z</time>
        <extensions>
          <ns3:TrackPointExtension>
            <ns3:hr>168</ns3:hr>
          </ns3:TrackPointExtension>
        </extensions>
      </trkpt>
      <trkpt lat="24.48772634379565715789794921875" lon="118.10377693735063076019287109375">
        <ele>9.19999980926513671875</ele>
        <time>2025-02-23T10:19:33.000Z</time>
        <extensions>
          <ns3:TrackPointExtension>
            <ns3:hr>168</ns3:hr>
          </ns3:TrackPointExtension>
        </extensions>
      </trkpt>
      <trkpt lat="24.487729109823703765869140625" lon="118.1038066931068897247314453125">
        <ele>9</ele>
        <time>2025-02-23T10:19:34.000Z</time>
        <extensions>
          <ns3:TrackPointExtension>
            <ns3:hr>168</ns3:hr>
          </ns3:TrackPointExtension>
        </extensions>
      </trkpt>
      <trkpt lat="24.487732462584972381591796875" lon="118.10383670032024383544921875">
        <ele>8.80000019073486328125</ele>
        <time>2025-02-23T10:19:35.000Z</time>
        <extensions>
          <ns3:TrackPointExtension>
            <ns3:hr>168</ns3:hr>
          </ns3:TrackPointExtension>
        </extensions>
      </trkpt>
      <trkpt lat="24.48773615062236785888671875" lon="118.103866539895534515380859375">
        <ele>8.6000003814697265625</ele>
        <time>2025-02-23T10:19:36.000Z</time>
        <extensions>
          <ns3:TrackPointExtension>
            <ns3:hr>167</ns3:hr>
          </ns3:TrackPointExtension>
        </extensions>
      </trkpt>
      <trkpt lat="24.48773992247879505157470703125" lon="118.10389596037566661834716796875">
        <ele>8.3999996185302734375</ele>
        <time>2025-02-23T10:19:37.000Z</time>
        <extensions>
          <ns3:TrackPointExtension>
            <ns3:hr>167</ns3:hr>
          </ns3:TrackPointExtension>
        </extensions>
      </trkpt>
      <trkpt lat="24.48774344287812709808349609375" lon="118.10392521321773529052734375">
        <ele>8.19999980926513671875</ele>
        <time>2025-02-23T10:19:38.000Z</time>
        <extensions>
          <ns3:TrackPointExtension>
            <ns3:hr>167</ns3:hr>
          </ns3:TrackPointExtension>
        </extensions>
      </trkpt>
      <trkpt lat="24.48774713091552257537841796875" lon="118.1039542146027088165283203125">
        <ele>7.80000019073486328125</ele>
        <time>2025-02-23T10:19:39.000Z</time>
        <extensions>
          <ns3:TrackPointExtension>
            <ns3:hr>167</ns3:hr>
          </ns3:TrackPointExtension>
        </extensions>
      </trkpt>
      <trkpt lat="24.48775132186710834503173828125" lon="118.10398262925446033477783203125">
        <ele>7.599999904632568359375</ele>
        <time>2025-02-23T10:19:40.000Z</time>
        <extensions>
          <ns3:TrackPointExtension>
            <ns3:hr>166</ns3:hr>
          </ns3:TrackPointExtension>
        </extensions>
      </trkpt>
      <trkpt lat="24.48775685392320156097412109375" lon="118.1040103733539581298828125">
        <ele>7.400000095367431640625</ele>
        <time>2025-02-23T10:19:41.000Z</time>
        <extensions>
          <ns3:TrackPointExtension>
            <ns3:hr>166</ns3:hr>
          </ns3:TrackPointExtension>
        </extensions>
      </trkpt>
      <trkpt lat="24.4877648167312145233154296875" lon="118.10403811745345592498779296875">
        <ele>7.19999980926513671875</ele>
        <time>2025-02-23T10:19:42.000Z</time>
        <extensions>
          <ns3:TrackPointExtension>
            <ns3:hr>166</ns3:hr>
          </ns3:TrackPointExtension>
        </extensions>
      </trkpt>
      <trkpt lat="24.48777479119598865509033203125" lon="118.10406611301004886627197265625">
        <ele>7</ele>
        <time>2025-02-23T10:19:43.000Z</time>
        <extensions>
          <ns3:TrackPointExtension>
            <ns3:hr>166</ns3:hr>
          </ns3:TrackPointExtension>
        </extensions>
      </trkpt>
      <trkpt lat="24.487786106765270233154296875" lon="118.1040940247476100921630859375">
        <ele>6.80000019073486328125</ele>
        <time>2025-02-23T10:19:44.000Z</time>
        <extensions>
          <ns3:TrackPointExtension>
            <ns3:hr>166</ns3:hr>
          </ns3:TrackPointExtension>
        </extensions>
      </trkpt>
      <trkpt lat="24.48779775761067867279052734375" lon="118.1041215173900127410888671875">
        <ele>6.599999904632568359375</ele>
        <time>2025-02-23T10:19:45.000Z</time>
        <extensions>
          <ns3:TrackPointExtension>
            <ns3:hr>166</ns3:hr>
          </ns3:TrackPointExtension>
        </extensions>
      </trkpt>
      <trkpt lat="24.48780982755124568939208984375" lon="118.10414850711822509765625">
        <ele>6.400000095367431640625</ele>
        <time>2025-02-23T10:19:46.000Z</time>
        <extensions>
          <ns3:TrackPointExtension>
            <ns3:hr>166</ns3:hr>
          </ns3:TrackPointExtension>
        </extensions>
      </trkpt>
      <trkpt lat="24.48782265186309814453125" lon="118.104174993932247161865234375">
        <ele>6.400000095367431640625</ele>
        <time>2025-02-23T10:19:47.000Z</time>
        <extensions>
          <ns3:TrackPointExtension>
            <ns3:hr>166</ns3:hr>
          </ns3:TrackPointExtension>
        </extensions>
      </trkpt>
      <trkpt lat="24.48783581145107746124267578125" lon="118.10420139692723751068115234375">
        <ele>6.19999980926513671875</ele>
        <time>2025-02-23T10:19:48.000Z</time>
        <extensions>
          <ns3:TrackPointExtension>
            <ns3:hr>166</ns3:hr>
          </ns3:TrackPointExtension>
        </extensions>
      </trkpt>
      <trkpt lat="24.48784880340099334716796875" lon="118.1042271293699741363525390625">
        <ele>6</ele>
        <time>2025-02-23T10:19:49.000Z</time>
        <extensions>
          <ns3:TrackPointExtension>
            <ns3:hr>166</ns3:hr>
          </ns3:TrackPointExtension>
        </extensions>
      </trkpt>
      <trkpt lat="24.48786196298897266387939453125" lon="118.104252107441425323486328125">
        <ele>6</ele>
        <time>2025-02-23T10:19:50.000Z</time>
        <extensions>
          <ns3:TrackPointExtension>
            <ns3:hr>166</ns3:hr>
          </ns3:TrackPointExtension>
        </extensions>
      </trkpt>
      <trkpt lat="24.4878757931292057037353515625" lon="118.1042777560651302337646484375">
        <ele>6</ele>
        <time>2025-02-23T10:19:51.000Z</time>
        <extensions>
          <ns3:TrackPointExtension>
            <ns3:hr>166</ns3:hr>
          </ns3:TrackPointExtension>
        </extensions>
      </trkpt>
      <trkpt lat="24.4878908805549144744873046875" lon="118.10430365614593029022216796875">
        <ele>6</ele>
        <time>2025-02-23T10:19:52.000Z</time>
        <extensions>
          <ns3:TrackPointExtension>
            <ns3:hr>166</ns3:hr>
          </ns3:TrackPointExtension>
        </extensions>
      </trkpt>
      <trkpt lat="24.48790722526609897613525390625" lon="118.10432896949350833892822265625">
        <ele>6</ele>
        <time>2025-02-23T10:19:53.000Z</time>
        <extensions>
          <ns3:TrackPointExtension>
            <ns3:hr>166</ns3:hr>
          </ns3:TrackPointExtension>
        </extensions>
      </trkpt>
      <trkpt lat="24.48792432434856891632080078125" lon="118.10435277409851551055908203125">
        <ele>6</ele>
        <time>2025-02-23T10:19:54.000Z</time>
        <extensions>
          <ns3:TrackPointExtension>
            <ns3:hr>165</ns3:hr>
          </ns3:TrackPointExtension>
        </extensions>
      </trkpt>
      <trkpt lat="24.48794242925941944122314453125" lon="118.10437448322772979736328125">
        <ele>6</ele>
        <time>2025-02-23T10:19:55.000Z</time>
        <extensions>
          <ns3:TrackPointExtension>
            <ns3:hr>165</ns3:hr>
          </ns3:TrackPointExtension>
        </extensions>
      </trkpt>
      <trkpt lat="24.487961791455745697021484375" lon="118.1043940968811511993408203125">
        <ele>6</ele>
        <time>2025-02-23T10:19:56.000Z</time>
        <extensions>
          <ns3:TrackPointExtension>
            <ns3:hr>165</ns3:hr>
          </ns3:TrackPointExtension>
        </extensions>
      </trkpt>
      <trkpt lat="24.4879822432994842529296875" lon="118.1044127047061920166015625">
        <ele>6</ele>
        <time>2025-02-23T10:19:57.000Z</time>
        <extensions>
          <ns3:TrackPointExtension>
            <ns3:hr>165</ns3:hr>
          </ns3:TrackPointExtension>
        </extensions>
      </trkpt>
      <trkpt lat="24.4880031980574131011962890625" lon="118.10443189926445484161376953125">
        <ele>6</ele>
        <time>2025-02-23T10:19:58.000Z</time>
        <extensions>
          <ns3:TrackPointExtension>
            <ns3:hr>165</ns3:hr>
          </ns3:TrackPointExtension>
        </extensions>
      </trkpt>
      <trkpt lat="24.48802356608211994171142578125" lon="118.10445218347012996673583984375">
        <ele>6</ele>
        <time>2025-02-23T10:19:59.000Z</time>
        <extensions>
          <ns3:TrackPointExtension>
            <ns3:hr>163</ns3:hr>
          </ns3:TrackPointExtension>
        </extensions>
      </trkpt>
      <trkpt lat="24.488042928278446197509765625" lon="118.10447297058999538421630859375">
        <ele>6</ele>
        <time>2025-02-23T10:20:00.000Z</time>
        <extensions>
          <ns3:TrackPointExtension>
            <ns3:hr>163</ns3:hr>
          </ns3:TrackPointExtension>
        </extensions>
      </trkpt>
      <trkpt lat="24.488061703741550445556640625" lon="118.10449375770986080169677734375">
        <ele>6</ele>
        <time>2025-02-23T10:20:01.000Z</time>
        <extensions>
          <ns3:TrackPointExtension>
            <ns3:hr>163</ns3:hr>
          </ns3:TrackPointExtension>
        </extensions>
      </trkpt>
      <trkpt lat="24.488080479204654693603515625" lon="118.104514293372631072998046875">
        <ele>6.19999980926513671875</ele>
        <time>2025-02-23T10:20:02.000Z</time>
        <extensions>
          <ns3:TrackPointExtension>
            <ns3:hr>163</ns3:hr>
          </ns3:TrackPointExtension>
        </extensions>
      </trkpt>
      <trkpt lat="24.48809933848679065704345703125" lon="118.10453474521636962890625">
        <ele>6.400000095367431640625</ele>
        <time>2025-02-23T10:20:03.000Z</time>
        <extensions>
          <ns3:TrackPointExtension>
            <ns3:hr>163</ns3:hr>
          </ns3:TrackPointExtension>
        </extensions>
      </trkpt>
      <trkpt lat="24.48811828158795833587646484375" lon="118.1045550294220447540283203125">
        <ele>6.599999904632568359375</ele>
        <time>2025-02-23T10:20:04.000Z</time>
        <extensions>
          <ns3:TrackPointExtension>
            <ns3:hr>163</ns3:hr>
          </ns3:TrackPointExtension>
        </extensions>
      </trkpt>
      <trkpt lat="24.48813772760331630706787109375" lon="118.10457472689449787139892578125">
        <ele>6.80000019073486328125</ele>
        <time>2025-02-23T10:20:05.000Z</time>
        <extensions>
          <ns3:TrackPointExtension>
            <ns3:hr>163</ns3:hr>
          </ns3:TrackPointExtension>
        </extensions>
      </trkpt>
      <trkpt lat="24.488157927989959716796875" lon="118.10459366999566555023193359375">
        <ele>7</ele>
        <time>2025-02-23T10:20:06.000Z</time>
        <extensions>
          <ns3:TrackPointExtension>
            <ns3:hr>163</ns3:hr>
          </ns3:TrackPointExtension>
        </extensions>
      </trkpt>
      <trkpt lat="24.48817871510982513427734375" lon="118.10461244545876979827880859375">
        <ele>7</ele>
        <time>2025-02-23T10:20:07.000Z</time>
        <extensions>
          <ns3:TrackPointExtension>
            <ns3:hr>163</ns3:hr>
          </ns3:TrackPointExtension>
        </extensions>
      </trkpt>
      <trkpt lat="24.48819958604872226715087890625" lon="118.104630969464778900146484375">
        <ele>7</ele>
        <time>2025-02-23T10:20:08.000Z</time>
        <extensions>
          <ns3:TrackPointExtension>
            <ns3:hr>163</ns3:hr>
          </ns3:TrackPointExtension>
        </extensions>
      </trkpt>
      <trkpt lat="24.4882207922637462615966796875" lon="118.1046487390995025634765625">
        <ele>6.80000019073486328125</ele>
        <time>2025-02-23T10:20:09.000Z</time>
        <extensions>
          <ns3:TrackPointExtension>
            <ns3:hr>163</ns3:hr>
          </ns3:TrackPointExtension>
        </extensions>
      </trkpt>
      <trkpt lat="24.4882425852119922637939453125" lon="118.10466558672487735748291015625">
        <ele>6.80000019073486328125</ele>
        <time>2025-02-23T10:20:10.000Z</time>
        <extensions>
          <ns3:TrackPointExtension>
            <ns3:hr>163</ns3:hr>
          </ns3:TrackPointExtension>
        </extensions>
      </trkpt>
      <trkpt lat="24.4882650487124919891357421875" lon="118.10468159615993499755859375">
        <ele>6.599999904632568359375</ele>
        <time>2025-02-23T10:20:11.000Z</time>
        <extensions>
          <ns3:TrackPointExtension>
            <ns3:hr>163</ns3:hr>
          </ns3:TrackPointExtension>
        </extensions>
      </trkpt>
      <trkpt lat="24.4882878474891185760498046875" lon="118.10469676740467548370361328125">
        <ele>6.400000095367431640625</ele>
        <time>2025-02-23T10:20:12.000Z</time>
        <extensions>
          <ns3:TrackPointExtension>
            <ns3:hr>163</ns3:hr>
          </ns3:TrackPointExtension>
        </extensions>
      </trkpt>
      <trkpt lat="24.48831073008477687835693359375" lon="118.104711435735225677490234375">
        <ele>6.19999980926513671875</ele>
        <time>2025-02-23T10:20:13.000Z</time>
        <extensions>
          <ns3:TrackPointExtension>
            <ns3:hr>163</ns3:hr>
          </ns3:TrackPointExtension>
        </extensions>
      </trkpt>
      <trkpt lat="24.48833369649946689605712890625" lon="118.104726187884807586669921875">
        <ele>6</ele>
        <time>2025-02-23T10:20:14.000Z</time>
        <extensions>
          <ns3:TrackPointExtension>
            <ns3:hr>163</ns3:hr>
          </ns3:TrackPointExtension>
        </extensions>
      </trkpt>
      <trkpt lat="24.4883565790951251983642578125" lon="118.10474060475826263427734375">
        <ele>6</ele>
        <time>2025-02-23T10:20:15.000Z</time>
        <extensions>
          <ns3:TrackPointExtension>
            <ns3:hr>163</ns3:hr>
          </ns3:TrackPointExtension>
        </extensions>
      </trkpt>
      <trkpt lat="24.4883793778717517852783203125" lon="118.104754351079463958740234375">
        <ele>5.80000019073486328125</ele>
        <time>2025-02-23T10:20:16.000Z</time>
        <extensions>
          <ns3:TrackPointExtension>
            <ns3:hr>163</ns3:hr>
          </ns3:TrackPointExtension>
        </extensions>
      </trkpt>
      <trkpt lat="24.48840242810547351837158203125" lon="118.1047675944864749908447265625">
        <ele>5.599999904632568359375</ele>
        <time>2025-02-23T10:20:17.000Z</time>
        <extensions>
          <ns3:TrackPointExtension>
            <ns3:hr>163</ns3:hr>
          </ns3:TrackPointExtension>
        </extensions>
      </trkpt>
      <trkpt lat="24.48842547833919525146484375" lon="118.104780502617359161376953125">
        <ele>5.400000095367431640625</ele>
        <time>2025-02-23T10:20:18.000Z</time>
        <extensions>
          <ns3:TrackPointExtension>
            <ns3:hr>163</ns3:hr>
          </ns3:TrackPointExtension>
        </extensions>
      </trkpt>
      <trkpt lat="24.48844852857291698455810546875" lon="118.10479332692921161651611328125">
        <ele>5.19999980926513671875</ele>
        <time>2025-02-23T10:20:19.000Z</time>
        <extensions>
          <ns3:TrackPointExtension>
            <ns3:hr>164</ns3:hr>
          </ns3:TrackPointExtension>
        </extensions>
      </trkpt>
      <trkpt lat="24.4884705729782581329345703125" lon="118.1048061512410640716552734375">
        <ele>5.19999980926513671875</ele>
        <time>2025-02-23T10:20:20.000Z</time>
        <extensions>
          <ns3:TrackPointExtension>
            <ns3:hr>164</ns3:hr>
          </ns3:TrackPointExtension>
        </extensions>
      </trkpt>
      <trkpt lat="24.48849211446940898895263671875" lon="118.1048182211816310882568359375">
        <ele>5</ele>
        <time>2025-02-23T10:20:21.000Z</time>
        <extensions>
          <ns3:TrackPointExtension>
            <ns3:hr>164</ns3:hr>
          </ns3:TrackPointExtension>
        </extensions>
      </trkpt>
      <trkpt lat="24.48851474560797214508056640625" lon="118.10482819564640522003173828125">
        <ele>5</ele>
        <time>2025-02-23T10:20:22.000Z</time>
        <extensions>
          <ns3:TrackPointExtension>
            <ns3:hr>164</ns3:hr>
          </ns3:TrackPointExtension>
        </extensions>
      </trkpt>
      <trkpt lat="24.48853771202266216278076171875" lon="118.1048366613686084747314453125">
        <ele>5</ele>
        <time>2025-02-23T10:20:23.000Z</time>
        <extensions>
          <ns3:TrackPointExtension>
            <ns3:hr>164</ns3:hr>
          </ns3:TrackPointExtension>
        </extensions>
      </trkpt>
      <trkpt lat="24.48856034316122531890869140625" lon="118.10484479181468486785888671875">
        <ele>5</ele>
        <time>2025-02-23T10:20:24.000Z</time>
        <extensions>
          <ns3:TrackPointExtension>
            <ns3:hr>164</ns3:hr>
          </ns3:TrackPointExtension>
        </extensions>
      </trkpt>
      <trkpt lat="24.488581381738185882568359375" lon="118.10485300607979297637939453125">
        <ele>5</ele>
        <time>2025-02-23T10:20:25.000Z</time>
        <extensions>
          <ns3:TrackPointExtension>
            <ns3:hr>164</ns3:hr>
          </ns3:TrackPointExtension>
        </extensions>
      </trkpt>
      <trkpt lat="24.48859923519194126129150390625" lon="118.10485996305942535400390625">
        <ele>5</ele>
        <time>2025-02-23T10:20:26.000Z</time>
        <extensions>
          <ns3:TrackPointExtension>
            <ns3:hr>164</ns3:hr>
          </ns3:TrackPointExtension>
        </extensions>
      </trkpt>
      <trkpt lat="24.48861063458025455474853515625" lon="118.10486407019197940826416015625">
        <ele>5</ele>
        <time>2025-02-23T10:20:27.000Z</time>
        <extensions>
          <ns3:TrackPointExtension>
            <ns3:hr>164</ns3:hr>
          </ns3:TrackPointExtension>
        </extensions>
      </trkpt>
      <trkpt lat="24.48861599899828433990478515625" lon="118.1048658303916454315185546875">
        <ele>5</ele>
        <time>2025-02-23T10:20:28.000Z</time>
        <extensions>
          <ns3:TrackPointExtension>
            <ns3:hr>164</ns3:hr>
          </ns3:TrackPointExtension>
        </extensions>
      </trkpt>
      <trkpt lat="24.488619603216648101806640625" lon="118.1048671714961528778076171875">
        <ele>5</ele>
        <time>2025-02-23T10:20:29.000Z</time>
        <extensions>
          <ns3:TrackPointExtension>
            <ns3:hr>164</ns3:hr>
          </ns3:TrackPointExtension>
        </extensions>
      </trkpt>
      <trkpt lat="24.48862404562532901763916015625" lon="118.1048695184290409088134765625">
        <ele>5</ele>
        <time>2025-02-23T10:20:30.000Z</time>
        <extensions>
          <ns3:TrackPointExtension>
            <ns3:hr>164</ns3:hr>
          </ns3:TrackPointExtension>
        </extensions>
      </trkpt>
      <trkpt lat="24.48863008059561252593994140625" lon="118.10487329028546810150146484375">
        <ele>5</ele>
        <time>2025-02-23T10:20:31.000Z</time>
        <extensions>
          <ns3:TrackPointExtension>
            <ns3:hr>159</ns3:hr>
          </ns3:TrackPointExtension>
        </extensions>
      </trkpt>
      <trkpt lat="24.48863695375621318817138671875" lon="118.1048779003322124481201171875">
        <ele>5</ele>
        <time>2025-02-23T10:20:32.000Z</time>
        <extensions>
          <ns3:TrackPointExtension>
            <ns3:hr>159</ns3:hr>
          </ns3:TrackPointExtension>
        </extensions>
      </trkpt>
      <trkpt lat="24.4886432401835918426513671875" lon="118.10488150455057621002197265625">
        <ele>5</ele>
        <time>2025-02-23T10:20:33.000Z</time>
        <extensions>
          <ns3:TrackPointExtension>
            <ns3:hr>159</ns3:hr>
          </ns3:TrackPointExtension>
        </extensions>
      </trkpt>
      <trkpt lat="24.48864919133484363555908203125" lon="118.10488334856927394866943359375">
        <ele>5</ele>
        <time>2025-02-23T10:20:34.000Z</time>
        <extensions>
          <ns3:TrackPointExtension>
            <ns3:hr>159</ns3:hr>
          </ns3:TrackPointExtension>
        </extensions>
      </trkpt>
      <trkpt lat="24.48865673504769802093505859375" lon="118.1048847734928131103515625">
        <ele>5</ele>
        <time>2025-02-23T10:20:35.000Z</time>
        <extensions>
          <ns3:TrackPointExtension>
            <ns3:hr>159</ns3:hr>
          </ns3:TrackPointExtension>
        </extensions>
      </trkpt>
      <trkpt lat="24.4886663742363452911376953125" lon="118.104886449873447418212890625">
        <ele>5</ele>
        <time>2025-02-23T10:20:36.000Z</time>
        <extensions>
          <ns3:TrackPointExtension>
            <ns3:hr>159</ns3:hr>
          </ns3:TrackPointExtension>
        </extensions>
      </trkpt>
      <trkpt lat="24.48867668397724628448486328125" lon="118.104887790977954864501953125">
        <ele>5</ele>
        <time>2025-02-23T10:20:37.000Z</time>
        <extensions>
          <ns3:TrackPointExtension>
            <ns3:hr>158</ns3:hr>
          </ns3:TrackPointExtension>
        </extensions>
      </trkpt>
      <trkpt lat="24.48868565261363983154296875" lon="118.1048886291682720184326171875">
        <ele>5</ele>
        <time>2025-02-23T10:20:38.000Z</time>
        <extensions>
          <ns3:TrackPointExtension>
            <ns3:hr>146</ns3:hr>
          </ns3:TrackPointExtension>
        </extensions>
      </trkpt>
      <trkpt lat="24.48869311250746250152587890625" lon="118.10488955117762088775634765625">
        <ele>5</ele>
        <time>2025-02-23T10:20:39.000Z</time>
        <extensions>
          <ns3:TrackPointExtension>
            <ns3:hr>146</ns3:hr>
          </ns3:TrackPointExtension>
        </extensions>
      </trkpt>
      <trkpt lat="24.48870040476322174072265625" lon="118.1048913113772869110107421875">
        <ele>5</ele>
        <time>2025-02-23T10:20:40.000Z</time>
        <extensions>
          <ns3:TrackPointExtension>
            <ns3:hr>146</ns3:hr>
          </ns3:TrackPointExtension>
        </extensions>
      </trkpt>
      <trkpt lat="24.4887079484760761260986328125" lon="118.10489374212920665740966796875">
        <ele>5</ele>
        <time>2025-02-23T10:20:41.000Z</time>
        <extensions>
          <ns3:TrackPointExtension>
            <ns3:hr>146</ns3:hr>
          </ns3:TrackPointExtension>
        </extensions>
      </trkpt>
      <trkpt lat="24.48871540836989879608154296875" lon="118.104895837604999542236328125">
        <ele>5</ele>
        <time>2025-02-23T10:20:42.000Z</time>
        <extensions>
          <ns3:TrackPointExtension>
            <ns3:hr>146</ns3:hr>
          </ns3:TrackPointExtension>
        </extensions>
      </trkpt>
      <trkpt lat="24.48872328735888004302978515625" lon="118.10489675961434841156005859375">
        <ele>5</ele>
        <time>2025-02-23T10:20:43.000Z</time>
        <extensions>
          <ns3:TrackPointExtension>
            <ns3:hr>146</ns3:hr>
          </ns3:TrackPointExtension>
        </extensions>
      </trkpt>
      <trkpt lat="24.48873133398592472076416015625" lon="118.1048970110714435577392578125">
        <ele>5</ele>
        <time>2025-02-23T10:20:44.000Z</time>
        <extensions>
          <ns3:TrackPointExtension>
            <ns3:hr>146</ns3:hr>
          </ns3:TrackPointExtension>
        </extensions>
      </trkpt>
      <trkpt lat="24.48873954825103282928466796875" lon="118.10489726252853870391845703125">
        <ele>5</ele>
        <time>2025-02-23T10:20:45.000Z</time>
        <extensions>
          <ns3:TrackPointExtension>
            <ns3:hr>146</ns3:hr>
          </ns3:TrackPointExtension>
        </extensions>
      </trkpt>
      <trkpt lat="24.48874809779226779937744140625" lon="118.10489759780466556549072265625">
        <ele>5</ele>
        <time>2025-02-23T10:20:46.000Z</time>
        <extensions>
          <ns3:TrackPointExtension>
            <ns3:hr>146</ns3:hr>
          </ns3:TrackPointExtension>
        </extensions>
      </trkpt>
      <trkpt lat="24.488756395876407623291015625" lon="118.104897178709506988525390625">
        <ele>4.80000019073486328125</ele>
        <time>2025-02-23T10:20:47.000Z</time>
        <extensions>
          <ns3:TrackPointExtension>
            <ns3:hr>142</ns3:hr>
          </ns3:TrackPointExtension>
        </extensions>
      </trkpt>
      <trkpt lat="24.4887642748653888702392578125" lon="118.1048960052430629730224609375">
        <ele>4.80000019073486328125</ele>
        <time>2025-02-23T10:20:48.000Z</time>
        <extensions>
          <ns3:TrackPointExtension>
            <ns3:hr>142</ns3:hr>
          </ns3:TrackPointExtension>
        </extensions>
      </trkpt>
      <trkpt lat="24.4887723214924335479736328125" lon="118.10489441268146038055419921875">
        <ele>4.80000019073486328125</ele>
        <time>2025-02-23T10:20:49.000Z</time>
        <extensions>
          <ns3:TrackPointExtension>
            <ns3:hr>142</ns3:hr>
          </ns3:TrackPointExtension>
        </extensions>
      </trkpt>
      <trkpt lat="24.488780200481414794921875" lon="118.10489390976727008819580078125">
        <ele>4.80000019073486328125</ele>
        <time>2025-02-23T10:20:50.000Z</time>
        <extensions>
          <ns3:TrackPointExtension>
            <ns3:hr>142</ns3:hr>
          </ns3:TrackPointExtension>
        </extensions>
      </trkpt>
      <trkpt lat="24.48878682218492031097412109375" lon="118.1048946641385555267333984375">
        <ele>4.80000019073486328125</ele>
        <time>2025-02-23T10:20:51.000Z</time>
        <extensions>
          <ns3:TrackPointExtension>
            <ns3:hr>142</ns3:hr>
          </ns3:TrackPointExtension>
        </extensions>
      </trkpt>
      <trkpt lat="24.48879386298358440399169921875" lon="118.1048956699669361114501953125">
        <ele>4.80000019073486328125</ele>
        <time>2025-02-23T10:20:52.000Z</time>
        <extensions>
          <ns3:TrackPointExtension>
            <ns3:hr>142</ns3:hr>
          </ns3:TrackPointExtension>
        </extensions>
      </trkpt>
      <trkpt lat="24.48880325071513652801513671875" lon="118.10489592142403125762939453125">
        <ele>4.80000019073486328125</ele>
        <time>2025-02-23T10:20:53.000Z</time>
        <extensions>
          <ns3:TrackPointExtension>
            <ns3:hr>142</ns3:hr>
          </ns3:TrackPointExtension>
        </extensions>
      </trkpt>
      <trkpt lat="24.488814733922481536865234375" lon="118.1048955023288726806640625">
        <ele>4.599999904632568359375</ele>
        <time>2025-02-23T10:20:54.000Z</time>
        <extensions>
          <ns3:TrackPointExtension>
            <ns3:hr>142</ns3:hr>
          </ns3:TrackPointExtension>
        </extensions>
      </trkpt>
      <trkpt lat="24.48882621712982654571533203125" lon="118.1048956699669361114501953125">
        <ele>4.599999904632568359375</ele>
        <time>2025-02-23T10:20:55.000Z</time>
        <extensions>
          <ns3:TrackPointExtension>
            <ns3:hr>142</ns3:hr>
          </ns3:TrackPointExtension>
        </extensions>
      </trkpt>
      <trkpt lat="24.48883526958525180816650390625" lon="118.10489642433822154998779296875">
        <ele>4.599999904632568359375</ele>
        <time>2025-02-23T10:20:56.000Z</time>
        <extensions>
          <ns3:TrackPointExtension>
            <ns3:hr>142</ns3:hr>
          </ns3:TrackPointExtension>
        </extensions>
      </trkpt>
      <trkpt lat="24.48884214274585247039794921875" lon="118.10489726252853870391845703125">
        <ele>4.599999904632568359375</ele>
        <time>2025-02-23T10:20:57.000Z</time>
        <extensions>
          <ns3:TrackPointExtension>
            <ns3:hr>142</ns3:hr>
          </ns3:TrackPointExtension>
        </extensions>
      </trkpt>
      <trkpt lat="24.48884868063032627105712890625" lon="118.10489810071885585784912109375">
        <ele>4.599999904632568359375</ele>
        <time>2025-02-23T10:20:58.000Z</time>
        <extensions>
          <ns3:TrackPointExtension>
            <ns3:hr>142</ns3:hr>
          </ns3:TrackPointExtension>
        </extensions>
      </trkpt>
      <trkpt lat="24.48885588906705379486083984375" lon="118.10489877127110958099365234375">
        <ele>4.599999904632568359375</ele>
        <time>2025-02-23T10:20:59.000Z</time>
        <extensions>
          <ns3:TrackPointExtension>
            <ns3:hr>142</ns3:hr>
          </ns3:TrackPointExtension>
        </extensions>
      </trkpt>
      <trkpt lat="24.4888638518750667572021484375" lon="118.1048990227282047271728515625">
        <ele>4.599999904632568359375</ele>
        <time>2025-02-23T10:21:00.000Z</time>
        <extensions>
          <ns3:TrackPointExtension>
            <ns3:hr>140</ns3:hr>
          </ns3:TrackPointExtension>
        </extensions>
      </trkpt>
      <trkpt lat="24.488872401416301727294921875" lon="118.10489860363304615020751953125">
        <ele>4.599999904632568359375</ele>
        <time>2025-02-23T10:21:01.000Z</time>
        <extensions>
          <ns3:TrackPointExtension>
            <ns3:hr>140</ns3:hr>
          </ns3:TrackPointExtension>
        </extensions>
      </trkpt>
      <trkpt lat="24.48888187296688556671142578125" lon="118.10489743016660213470458984375">
        <ele>4.599999904632568359375</ele>
        <time>2025-02-23T10:21:02.000Z</time>
        <extensions>
          <ns3:TrackPointExtension>
            <ns3:hr>140</ns3:hr>
          </ns3:TrackPointExtension>
        </extensions>
      </trkpt>
      <trkpt lat="24.48889193125069141387939453125" lon="118.104895837604999542236328125">
        <ele>4.80000019073486328125</ele>
        <time>2025-02-23T10:21:03.000Z</time>
        <extensions>
          <ns3:TrackPointExtension>
            <ns3:hr>136</ns3:hr>
          </ns3:TrackPointExtension>
        </extensions>
      </trkpt>
      <trkpt lat="24.48890148662030696868896484375" lon="118.10489491559565067291259765625">
        <ele>4.80000019073486328125</ele>
        <time>2025-02-23T10:21:04.000Z</time>
        <extensions>
          <ns3:TrackPointExtension>
            <ns3:hr>136</ns3:hr>
          </ns3:TrackPointExtension>
        </extensions>
      </trkpt>
      <trkpt lat="24.4889104552567005157470703125" lon="118.10489525087177753448486328125">
        <ele>4.80000019073486328125</ele>
        <time>2025-02-23T10:21:05.000Z</time>
        <extensions>
          <ns3:TrackPointExtension>
            <ns3:hr>136</ns3:hr>
          </ns3:TrackPointExtension>
        </extensions>
      </trkpt>
      <trkpt lat="24.48891908861696720123291015625" lon="118.10489659197628498077392578125">
        <ele>4.80000019073486328125</ele>
        <time>2025-02-23T10:21:06.000Z</time>
        <extensions>
          <ns3:TrackPointExtension>
            <ns3:hr>136</ns3:hr>
          </ns3:TrackPointExtension>
        </extensions>
      </trkpt>
      <trkpt lat="24.4889278896152973175048828125" lon="118.1048981845378875732421875">
        <ele>4.80000019073486328125</ele>
        <time>2025-02-23T10:21:07.000Z</time>
        <extensions>
          <ns3:TrackPointExtension>
            <ns3:hr>136</ns3:hr>
          </ns3:TrackPointExtension>
        </extensions>
      </trkpt>
      <trkpt lat="24.48893769644200801849365234375" lon="118.10489944182336330413818359375">
        <ele>4.80000019073486328125</ele>
        <time>2025-02-23T10:21:08.000Z</time>
        <extensions>
          <ns3:TrackPointExtension>
            <ns3:hr>136</ns3:hr>
          </ns3:TrackPointExtension>
        </extensions>
      </trkpt>
      <trkpt lat="24.48894775472581386566162109375" lon="118.1049000285565853118896484375">
        <ele>4.80000019073486328125</ele>
        <time>2025-02-23T10:21:09.000Z</time>
        <extensions>
          <ns3:TrackPointExtension>
            <ns3:hr>136</ns3:hr>
          </ns3:TrackPointExtension>
        </extensions>
      </trkpt>
      <trkpt lat="24.48895680718123912811279296875" lon="118.1049003638327121734619140625">
        <ele>5</ele>
        <time>2025-02-23T10:21:10.000Z</time>
        <extensions>
          <ns3:TrackPointExtension>
            <ns3:hr>136</ns3:hr>
          </ns3:TrackPointExtension>
        </extensions>
      </trkpt>
      <trkpt lat="24.48896468617022037506103515625" lon="118.10490095056593418121337890625">
        <ele>5</ele>
        <time>2025-02-23T10:21:11.000Z</time>
        <extensions>
          <ns3:TrackPointExtension>
            <ns3:hr>134</ns3:hr>
          </ns3:TrackPointExtension>
        </extensions>
      </trkpt>
      <trkpt lat="24.48897206224501132965087890625" lon="118.10490162111818790435791015625">
        <ele>5</ele>
        <time>2025-02-23T10:21:12.000Z</time>
        <extensions>
          <ns3:TrackPointExtension>
            <ns3:hr>134</ns3:hr>
          </ns3:TrackPointExtension>
        </extensions>
      </trkpt>
      <trkpt lat="24.488979689776897430419921875" lon="118.1049020402133464813232421875">
        <ele>5</ele>
        <time>2025-02-23T10:21:13.000Z</time>
        <extensions>
          <ns3:TrackPointExtension>
            <ns3:hr>134</ns3:hr>
          </ns3:TrackPointExtension>
        </extensions>
      </trkpt>
      <trkpt lat="24.4889872334897518157958984375" lon="118.104902207851409912109375">
        <ele>5</ele>
        <time>2025-02-23T10:21:14.000Z</time>
        <extensions>
          <ns3:TrackPointExtension>
            <ns3:hr>131</ns3:hr>
          </ns3:TrackPointExtension>
        </extensions>
      </trkpt>
      <trkpt lat="24.4889942742884159088134765625" lon="118.104902543127536773681640625">
        <ele>5</ele>
        <time>2025-02-23T10:21:15.000Z</time>
        <extensions>
          <ns3:TrackPointExtension>
            <ns3:hr>131</ns3:hr>
          </ns3:TrackPointExtension>
        </extensions>
      </trkpt>
      <trkpt lat="24.489001147449016571044921875" lon="118.1049027107656002044677734375">
        <ele>5</ele>
        <time>2025-02-23T10:21:16.000Z</time>
        <extensions>
          <ns3:TrackPointExtension>
            <ns3:hr>131</ns3:hr>
          </ns3:TrackPointExtension>
        </extensions>
      </trkpt>
      <trkpt lat="24.4890081882476806640625" lon="118.104902543127536773681640625">
        <ele>5</ele>
        <time>2025-02-23T10:21:17.000Z</time>
        <extensions>
          <ns3:TrackPointExtension>
            <ns3:hr>131</ns3:hr>
          </ns3:TrackPointExtension>
        </extensions>
      </trkpt>
      <trkpt lat="24.4890150614082813262939453125" lon="118.10490229167044162750244140625">
        <ele>5</ele>
        <time>2025-02-23T10:21:18.000Z</time>
        <extensions>
          <ns3:TrackPointExtension>
            <ns3:hr>126</ns3:hr>
          </ns3:TrackPointExtension>
        </extensions>
      </trkpt>
      <trkpt lat="24.48902151547372341156005859375" lon="118.1049020402133464813232421875">
        <ele>4.80000019073486328125</ele>
        <time>2025-02-23T10:21:19.000Z</time>
        <extensions>
          <ns3:TrackPointExtension>
            <ns3:hr>126</ns3:hr>
          </ns3:TrackPointExtension>
        </extensions>
      </trkpt>
      <trkpt lat="24.48902822099626064300537109375" lon="118.10490153729915618896484375">
        <ele>4.80000019073486328125</ele>
        <time>2025-02-23T10:21:20.000Z</time>
        <extensions>
          <ns3:TrackPointExtension>
            <ns3:hr>126</ns3:hr>
          </ns3:TrackPointExtension>
        </extensions>
      </trkpt>
      <trkpt lat="24.48903559707105159759521484375" lon="118.1049006991088390350341796875">
        <ele>4.80000019073486328125</ele>
        <time>2025-02-23T10:21:21.000Z</time>
        <extensions>
          <ns3:TrackPointExtension>
            <ns3:hr>126</ns3:hr>
          </ns3:TrackPointExtension>
        </extensions>
      </trkpt>
      <trkpt lat="24.48904381133615970611572265625" lon="118.10489952564239501953125">
        <ele>4.599999904632568359375</ele>
        <time>2025-02-23T10:21:22.000Z</time>
        <extensions>
          <ns3:TrackPointExtension>
            <ns3:hr>126</ns3:hr>
          </ns3:TrackPointExtension>
        </extensions>
      </trkpt>
      <trkpt lat="24.48905185796320438385009765625" lon="118.10489843599498271942138671875">
        <ele>4.599999904632568359375</ele>
        <time>2025-02-23T10:21:23.000Z</time>
        <extensions>
          <ns3:TrackPointExtension>
            <ns3:hr>126</ns3:hr>
          </ns3:TrackPointExtension>
        </extensions>
      </trkpt>
      <trkpt lat="24.489059485495090484619140625" lon="118.10489751398563385009765625">
        <ele>4.400000095367431640625</ele>
        <time>2025-02-23T10:21:24.000Z</time>
        <extensions>
          <ns3:TrackPointExtension>
            <ns3:hr>126</ns3:hr>
          </ns3:TrackPointExtension>
        </extensions>
      </trkpt>
      <trkpt lat="24.48906728066504001617431640625" lon="118.10489659197628498077392578125">
        <ele>4.400000095367431640625</ele>
        <time>2025-02-23T10:21:25.000Z</time>
        <extensions>
          <ns3:TrackPointExtension>
            <ns3:hr>126</ns3:hr>
          </ns3:TrackPointExtension>
        </extensions>
      </trkpt>
      <trkpt lat="24.48907515965402126312255859375" lon="118.10489508323371410369873046875">
        <ele>4.400000095367431640625</ele>
        <time>2025-02-23T10:21:26.000Z</time>
        <extensions>
          <ns3:TrackPointExtension>
            <ns3:hr>124</ns3:hr>
          </ns3:TrackPointExtension>
        </extensions>
      </trkpt>
      <trkpt lat="24.48908303864300251007080078125" lon="118.1048928201198577880859375">
        <ele>4.19999980926513671875</ele>
        <time>2025-02-23T10:21:27.000Z</time>
        <extensions>
          <ns3:TrackPointExtension>
            <ns3:hr>124</ns3:hr>
          </ns3:TrackPointExtension>
        </extensions>
      </trkpt>
      <trkpt lat="24.489091001451015472412109375" lon="118.1048901379108428955078125">
        <ele>4.19999980926513671875</ele>
        <time>2025-02-23T10:21:28.000Z</time>
        <extensions>
          <ns3:TrackPointExtension>
            <ns3:hr>124</ns3:hr>
          </ns3:TrackPointExtension>
        </extensions>
      </trkpt>
      <trkpt lat="24.48909896425902843475341796875" lon="118.1048874557018280029296875">
        <ele>4.19999980926513671875</ele>
        <time>2025-02-23T10:21:29.000Z</time>
        <extensions>
          <ns3:TrackPointExtension>
            <ns3:hr>124</ns3:hr>
          </ns3:TrackPointExtension>
        </extensions>
      </trkpt>
      <trkpt lat="24.48910717852413654327392578125" lon="118.10488452203571796417236328125">
        <ele>4</ele>
        <time>2025-02-23T10:21:30.000Z</time>
        <extensions>
          <ns3:TrackPointExtension>
            <ns3:hr>125</ns3:hr>
          </ns3:TrackPointExtension>
        </extensions>
      </trkpt>
      <trkpt lat="24.48911623097956180572509765625" lon="118.10488150455057621002197265625">
        <ele>4</ele>
        <time>2025-02-23T10:21:31.000Z</time>
        <extensions>
          <ns3:TrackPointExtension>
            <ns3:hr>125</ns3:hr>
          </ns3:TrackPointExtension>
        </extensions>
      </trkpt>
      <trkpt lat="24.4891263730823993682861328125" lon="118.10487831942737102508544921875">
        <ele>4</ele>
        <time>2025-02-23T10:21:32.000Z</time>
        <extensions>
          <ns3:TrackPointExtension>
            <ns3:hr>125</ns3:hr>
          </ns3:TrackPointExtension>
        </extensions>
      </trkpt>
      <trkpt lat="24.4891364313662052154541015625" lon="118.1048752181231975555419921875">
        <ele>4</ele>
        <time>2025-02-23T10:21:33.000Z</time>
        <extensions>
          <ns3:TrackPointExtension>
            <ns3:hr>125</ns3:hr>
          </ns3:TrackPointExtension>
        </extensions>
      </trkpt>
      <trkpt lat="24.48914489708840847015380859375" lon="118.104872368276119232177734375">
        <ele>4</ele>
        <time>2025-02-23T10:21:34.000Z</time>
        <extensions>
          <ns3:TrackPointExtension>
            <ns3:hr>125</ns3:hr>
          </ns3:TrackPointExtension>
        </extensions>
      </trkpt>
      <trkpt lat="24.4891521893441677093505859375" lon="118.10486993752419948577880859375">
        <ele>4</ele>
        <time>2025-02-23T10:21:35.000Z</time>
        <extensions>
          <ns3:TrackPointExtension>
            <ns3:hr>125</ns3:hr>
          </ns3:TrackPointExtension>
        </extensions>
      </trkpt>
      <trkpt lat="24.48915948159992694854736328125" lon="118.10486800968647003173828125">
        <ele>4</ele>
        <time>2025-02-23T10:21:36.000Z</time>
        <extensions>
          <ns3:TrackPointExtension>
            <ns3:hr>125</ns3:hr>
          </ns3:TrackPointExtension>
        </extensions>
      </trkpt>
      <trkpt lat="24.48916702531278133392333984375" lon="118.10486666858196258544921875">
        <ele>4</ele>
        <time>2025-02-23T10:21:37.000Z</time>
        <extensions>
          <ns3:TrackPointExtension>
            <ns3:hr>125</ns3:hr>
          </ns3:TrackPointExtension>
        </extensions>
      </trkpt>
      <trkpt lat="24.4891749881207942962646484375" lon="118.104865662753582000732421875">
        <ele>4</ele>
        <time>2025-02-23T10:21:38.000Z</time>
        <extensions>
          <ns3:TrackPointExtension>
            <ns3:hr>121</ns3:hr>
          </ns3:TrackPointExtension>
        </extensions>
      </trkpt>
      <trkpt lat="24.4891833700239658355712890625" lon="118.10486490838229656219482421875">
        <ele>4</ele>
        <time>2025-02-23T10:21:39.000Z</time>
        <extensions>
          <ns3:TrackPointExtension>
            <ns3:hr>121</ns3:hr>
          </ns3:TrackPointExtension>
        </extensions>
      </trkpt>
      <trkpt lat="24.4891919195652008056640625" lon="118.10486423783004283905029296875">
        <ele>4</ele>
        <time>2025-02-23T10:21:40.000Z</time>
        <extensions>
          <ns3:TrackPointExtension>
            <ns3:hr>121</ns3:hr>
          </ns3:TrackPointExtension>
        </extensions>
      </trkpt>
      <trkpt lat="24.48920038528740406036376953125" lon="118.10486323200166225433349609375">
        <ele>4</ele>
        <time>2025-02-23T10:21:41.000Z</time>
        <extensions>
          <ns3:TrackPointExtension>
            <ns3:hr>121</ns3:hr>
          </ns3:TrackPointExtension>
        </extensions>
      </trkpt>
      <trkpt lat="24.48920893482863903045654296875" lon="118.1048614718019962310791015625">
        <ele>4</ele>
        <time>2025-02-23T10:21:42.000Z</time>
        <extensions>
          <ns3:TrackPointExtension>
            <ns3:hr>121</ns3:hr>
          </ns3:TrackPointExtension>
        </extensions>
      </trkpt>
      <trkpt lat="24.48921781964600086212158203125" lon="118.10485920868813991546630859375">
        <ele>4</ele>
        <time>2025-02-23T10:21:43.000Z</time>
        <extensions>
          <ns3:TrackPointExtension>
            <ns3:hr>121</ns3:hr>
          </ns3:TrackPointExtension>
        </extensions>
      </trkpt>
      <trkpt lat="24.48922754265367984771728515625" lon="118.10485669411718845367431640625">
        <ele>4</ele>
        <time>2025-02-23T10:21:44.000Z</time>
        <extensions>
          <ns3:TrackPointExtension>
            <ns3:hr>121</ns3:hr>
          </ns3:TrackPointExtension>
        </extensions>
      </trkpt>
      <trkpt lat="24.4892370142042636871337890625" lon="118.104854263365268707275390625">
        <ele>4</ele>
        <time>2025-02-23T10:21:45.000Z</time>
        <extensions>
          <ns3:TrackPointExtension>
            <ns3:hr>121</ns3:hr>
          </ns3:TrackPointExtension>
        </extensions>
      </trkpt>
      <trkpt lat="24.48924564756453037261962890625" lon="118.10485191643238067626953125">
        <ele>4</ele>
        <time>2025-02-23T10:21:46.000Z</time>
        <extensions>
          <ns3:TrackPointExtension>
            <ns3:hr>121</ns3:hr>
          </ns3:TrackPointExtension>
        </extensions>
      </trkpt>
      <trkpt lat="24.4892536103725433349609375" lon="118.1048494018614292144775390625">
        <ele>4</ele>
        <time>2025-02-23T10:21:47.000Z</time>
        <extensions>
          <ns3:TrackPointExtension>
            <ns3:hr>120</ns3:hr>
          </ns3:TrackPointExtension>
        </extensions>
      </trkpt>
      <trkpt lat="24.48926090262830257415771484375" lon="118.1048472225666046142578125">
        <ele>4</ele>
        <time>2025-02-23T10:21:48.000Z</time>
        <extensions>
          <ns3:TrackPointExtension>
            <ns3:hr>120</ns3:hr>
          </ns3:TrackPointExtension>
        </extensions>
      </trkpt>
      <trkpt lat="24.48926794342696666717529296875" lon="118.10484546236693859100341796875">
        <ele>4</ele>
        <time>2025-02-23T10:21:49.000Z</time>
        <extensions>
          <ns3:TrackPointExtension>
            <ns3:hr>120</ns3:hr>
          </ns3:TrackPointExtension>
        </extensions>
      </trkpt>
      <trkpt lat="24.48927515186369419097900390625" lon="118.10484361834824085235595703125">
        <ele>4</ele>
        <time>2025-02-23T10:21:50.000Z</time>
        <extensions>
          <ns3:TrackPointExtension>
            <ns3:hr>120</ns3:hr>
          </ns3:TrackPointExtension>
        </extensions>
      </trkpt>
      <trkpt lat="24.489282779395580291748046875" lon="118.10484127141535282135009765625">
        <ele>4</ele>
        <time>2025-02-23T10:21:51.000Z</time>
        <extensions>
          <ns3:TrackPointExtension>
            <ns3:hr>120</ns3:hr>
          </ns3:TrackPointExtension>
        </extensions>
      </trkpt>
      <trkpt lat="24.48929074220359325408935546875" lon="118.10483875684440135955810546875">
        <ele>4</ele>
        <time>2025-02-23T10:21:52.000Z</time>
        <extensions>
          <ns3:TrackPointExtension>
            <ns3:hr>119</ns3:hr>
          </ns3:TrackPointExtension>
        </extensions>
      </trkpt>
      <trkpt lat="24.48929845355451107025146484375" lon="118.1048366613686084747314453125">
        <ele>4</ele>
        <time>2025-02-23T10:21:53.000Z</time>
        <extensions>
          <ns3:TrackPointExtension>
            <ns3:hr>119</ns3:hr>
          </ns3:TrackPointExtension>
        </extensions>
      </trkpt>
      <trkpt lat="24.4893060810863971710205078125" lon="118.10483456589281558990478515625">
        <ele>4</ele>
        <time>2025-02-23T10:21:54.000Z</time>
        <extensions>
          <ns3:TrackPointExtension>
            <ns3:hr>119</ns3:hr>
          </ns3:TrackPointExtension>
        </extensions>
      </trkpt>
      <trkpt lat="24.48931404389441013336181640625" lon="118.10483179986476898193359375">
        <ele>4</ele>
        <time>2025-02-23T10:21:55.000Z</time>
        <extensions>
          <ns3:TrackPointExtension>
            <ns3:hr>119</ns3:hr>
          </ns3:TrackPointExtension>
        </extensions>
      </trkpt>
      <trkpt lat="24.489322341978549957275390625" lon="118.10482819564640522003173828125">
        <ele>4</ele>
        <time>2025-02-23T10:21:56.000Z</time>
        <extensions>
          <ns3:TrackPointExtension>
            <ns3:hr>119</ns3:hr>
          </ns3:TrackPointExtension>
        </extensions>
      </trkpt>
      <trkpt lat="24.48932996951043605804443359375" lon="118.1048245914280414581298828125">
        <ele>4</ele>
        <time>2025-02-23T10:21:57.000Z</time>
        <extensions>
          <ns3:TrackPointExtension>
            <ns3:hr>119</ns3:hr>
          </ns3:TrackPointExtension>
        </extensions>
      </trkpt>
      <trkpt lat="24.48933742940425872802734375" lon="118.1048209033906459808349609375">
        <ele>4</ele>
        <time>2025-02-23T10:21:58.000Z</time>
        <extensions>
          <ns3:TrackPointExtension>
            <ns3:hr>119</ns3:hr>
          </ns3:TrackPointExtension>
        </extensions>
      </trkpt>
      <trkpt lat="24.48934572748839855194091796875" lon="118.104816712439060211181640625">
        <ele>4</ele>
        <time>2025-02-23T10:21:59.000Z</time>
        <extensions>
          <ns3:TrackPointExtension>
            <ns3:hr>119</ns3:hr>
          </ns3:TrackPointExtension>
        </extensions>
      </trkpt>
      <trkpt lat="24.4893550314009189605712890625" lon="118.10481176711618900299072265625">
        <ele>3.7999999523162841796875</ele>
        <time>2025-02-23T10:22:00.000Z</time>
        <extensions>
          <ns3:TrackPointExtension>
            <ns3:hr>119</ns3:hr>
          </ns3:TrackPointExtension>
        </extensions>
      </trkpt>
      <trkpt lat="24.48936450295150279998779296875" lon="118.1048069894313812255859375">
        <ele>3.7999999523162841796875</ele>
        <time>2025-02-23T10:22:01.000Z</time>
        <extensions>
          <ns3:TrackPointExtension>
            <ns3:hr>119</ns3:hr>
          </ns3:TrackPointExtension>
        </extensions>
      </trkpt>
      <trkpt lat="24.4893728010356426239013671875" lon="118.10480321757495403289794921875">
        <ele>3.7999999523162841796875</ele>
        <time>2025-02-23T10:22:02.000Z</time>
        <extensions>
          <ns3:TrackPointExtension>
            <ns3:hr>119</ns3:hr>
          </ns3:TrackPointExtension>
        </extensions>
      </trkpt>
      <trkpt lat="24.4893796741962432861328125" lon="118.1048007868230342864990234375">
        <ele>3.7999999523162841796875</ele>
        <time>2025-02-23T10:22:03.000Z</time>
        <extensions>
          <ns3:TrackPointExtension>
            <ns3:hr>119</ns3:hr>
          </ns3:TrackPointExtension>
        </extensions>
      </trkpt>
      <trkpt lat="24.48938646353781223297119140625" lon="118.10479835607111454010009765625">
        <ele>3.599999904632568359375</ele>
        <time>2025-02-23T10:22:04.000Z</time>
        <extensions>
          <ns3:TrackPointExtension>
            <ns3:hr>117</ns3:hr>
          </ns3:TrackPointExtension>
        </extensions>
      </trkpt>
      <trkpt lat="24.4893935881555080413818359375" lon="118.10479550622403621673583984375">
        <ele>3.599999904632568359375</ele>
        <time>2025-02-23T10:22:05.000Z</time>
        <extensions>
          <ns3:TrackPointExtension>
            <ns3:hr>117</ns3:hr>
          </ns3:TrackPointExtension>
        </extensions>
      </trkpt>
      <trkpt lat="24.48940071277320384979248046875" lon="118.1047924049198627471923828125">
        <ele>3.599999904632568359375</ele>
        <time>2025-02-23T10:22:06.000Z</time>
        <extensions>
          <ns3:TrackPointExtension>
            <ns3:hr>117</ns3:hr>
          </ns3:TrackPointExtension>
        </extensions>
      </trkpt>
      <trkpt lat="24.48940775357186794281005859375" lon="118.10478880070149898529052734375">
        <ele>3.400000095367431640625</ele>
        <time>2025-02-23T10:22:07.000Z</time>
        <extensions>
          <ns3:TrackPointExtension>
            <ns3:hr>117</ns3:hr>
          </ns3:TrackPointExtension>
        </extensions>
      </trkpt>
      <trkpt lat="24.489415548741817474365234375" lon="118.104783855378627777099609375">
        <ele>3.400000095367431640625</ele>
        <time>2025-02-23T10:22:08.000Z</time>
        <extensions>
          <ns3:TrackPointExtension>
            <ns3:hr>117</ns3:hr>
          </ns3:TrackPointExtension>
        </extensions>
      </trkpt>
      <trkpt lat="24.48942384682595729827880859375" lon="118.10477815568447113037109375">
        <ele>3.400000095367431640625</ele>
        <time>2025-02-23T10:22:09.000Z</time>
        <extensions>
          <ns3:TrackPointExtension>
            <ns3:hr>117</ns3:hr>
          </ns3:TrackPointExtension>
        </extensions>
      </trkpt>
      <trkpt lat="24.489431641995906829833984375" lon="118.10477279126644134521484375">
        <ele>3.400000095367431640625</ele>
        <time>2025-02-23T10:22:10.000Z</time>
        <extensions>
          <ns3:TrackPointExtension>
            <ns3:hr>117</ns3:hr>
          </ns3:TrackPointExtension>
        </extensions>
      </trkpt>
      <trkpt lat="24.48943893425166606903076171875" lon="118.104768097400665283203125">
        <ele>3.400000095367431640625</ele>
        <time>2025-02-23T10:22:11.000Z</time>
        <extensions>
          <ns3:TrackPointExtension>
            <ns3:hr>117</ns3:hr>
          </ns3:TrackPointExtension>
        </extensions>
      </trkpt>
      <trkpt lat="24.48944605886936187744140625" lon="118.1047635711729526519775390625">
        <ele>3.400000095367431640625</ele>
        <time>2025-02-23T10:22:12.000Z</time>
        <extensions>
          <ns3:TrackPointExtension>
            <ns3:hr>117</ns3:hr>
          </ns3:TrackPointExtension>
        </extensions>
      </trkpt>
      <trkpt lat="24.4894536025822162628173828125" lon="118.1047587096691131591796875">
        <ele>3.400000095367431640625</ele>
        <time>2025-02-23T10:22:13.000Z</time>
        <extensions>
          <ns3:TrackPointExtension>
            <ns3:hr>117</ns3:hr>
          </ns3:TrackPointExtension>
        </extensions>
      </trkpt>
      <trkpt lat="24.48946173302829265594482421875" lon="118.1047535128891468048095703125">
        <ele>3.400000095367431640625</ele>
        <time>2025-02-23T10:22:14.000Z</time>
        <extensions>
          <ns3:TrackPointExtension>
            <ns3:hr>117</ns3:hr>
          </ns3:TrackPointExtension>
        </extensions>
      </trkpt>
      <trkpt lat="24.48946994729340076446533203125" lon="118.1047488190233707427978515625">
        <ele>3.2000000476837158203125</ele>
        <time>2025-02-23T10:22:15.000Z</time>
        <extensions>
          <ns3:TrackPointExtension>
            <ns3:hr>116</ns3:hr>
          </ns3:TrackPointExtension>
        </extensions>
      </trkpt>
      <trkpt lat="24.48947749100625514984130859375" lon="118.104744292795658111572265625">
        <ele>3.2000000476837158203125</ele>
        <time>2025-02-23T10:22:16.000Z</time>
        <extensions>
          <ns3:TrackPointExtension>
            <ns3:hr>116</ns3:hr>
          </ns3:TrackPointExtension>
        </extensions>
      </trkpt>
      <trkpt lat="24.48948453180491924285888671875" lon="118.10473951511085033416748046875">
        <ele>3.2000000476837158203125</ele>
        <time>2025-02-23T10:22:17.000Z</time>
        <extensions>
          <ns3:TrackPointExtension>
            <ns3:hr>116</ns3:hr>
          </ns3:TrackPointExtension>
        </extensions>
      </trkpt>
      <trkpt lat="24.489491991698741912841796875" lon="118.10473415069282054901123046875">
        <ele>3.2000000476837158203125</ele>
        <time>2025-02-23T10:22:18.000Z</time>
        <extensions>
          <ns3:TrackPointExtension>
            <ns3:hr>116</ns3:hr>
          </ns3:TrackPointExtension>
        </extensions>
      </trkpt>
      <trkpt lat="24.48950079269707202911376953125" lon="118.10472786426544189453125">
        <ele>3.2000000476837158203125</ele>
        <time>2025-02-23T10:22:19.000Z</time>
        <extensions>
          <ns3:TrackPointExtension>
            <ns3:hr>115</ns3:hr>
          </ns3:TrackPointExtension>
        </extensions>
      </trkpt>
      <trkpt lat="24.48951001279056072235107421875" lon="118.1047211587429046630859375">
        <ele>3.2000000476837158203125</ele>
        <time>2025-02-23T10:22:20.000Z</time>
        <extensions>
          <ns3:TrackPointExtension>
            <ns3:hr>115</ns3:hr>
          </ns3:TrackPointExtension>
        </extensions>
      </trkpt>
      <trkpt lat="24.48951772414147853851318359375" lon="118.104715459048748016357421875">
        <ele>3.2000000476837158203125</ele>
        <time>2025-02-23T10:22:21.000Z</time>
        <extensions>
          <ns3:TrackPointExtension>
            <ns3:hr>115</ns3:hr>
          </ns3:TrackPointExtension>
        </extensions>
      </trkpt>
      <trkpt lat="24.489524178206920623779296875" lon="118.10471110045909881591796875">
        <ele>3.2000000476837158203125</ele>
        <time>2025-02-23T10:22:22.000Z</time>
        <extensions>
          <ns3:TrackPointExtension>
            <ns3:hr>115</ns3:hr>
          </ns3:TrackPointExtension>
        </extensions>
      </trkpt>
      <trkpt lat="24.489530883729457855224609375" lon="118.10470699332654476165771484375">
        <ele>3</ele>
        <time>2025-02-23T10:22:23.000Z</time>
        <extensions>
          <ns3:TrackPointExtension>
            <ns3:hr>115</ns3:hr>
          </ns3:TrackPointExtension>
        </extensions>
      </trkpt>
      <trkpt lat="24.48953834362328052520751953125" lon="118.10470179654657840728759765625">
        <ele>3</ele>
        <time>2025-02-23T10:22:24.000Z</time>
        <extensions>
          <ns3:TrackPointExtension>
            <ns3:hr>115</ns3:hr>
          </ns3:TrackPointExtension>
        </extensions>
      </trkpt>
      <trkpt lat="24.48954605497419834136962890625" lon="118.10469567775726318359375">
        <ele>3</ele>
        <time>2025-02-23T10:22:25.000Z</time>
        <extensions>
          <ns3:TrackPointExtension>
            <ns3:hr>113</ns3:hr>
          </ns3:TrackPointExtension>
        </extensions>
      </trkpt>
      <trkpt lat="24.48955326341092586517333984375" lon="118.104689978063106536865234375">
        <ele>3</ele>
        <time>2025-02-23T10:22:26.000Z</time>
        <extensions>
          <ns3:TrackPointExtension>
            <ns3:hr>113</ns3:hr>
          </ns3:TrackPointExtension>
        </extensions>
      </trkpt>
      <trkpt lat="24.48956013657152652740478515625" lon="118.10468503274023532867431640625">
        <ele>3</ele>
        <time>2025-02-23T10:22:27.000Z</time>
        <extensions>
          <ns3:TrackPointExtension>
            <ns3:hr>113</ns3:hr>
          </ns3:TrackPointExtension>
        </extensions>
      </trkpt>
      <trkpt lat="24.48956734500825405120849609375" lon="118.10468017123639583587646484375">
        <ele>3</ele>
        <time>2025-02-23T10:22:28.000Z</time>
        <extensions>
          <ns3:TrackPointExtension>
            <ns3:hr>113</ns3:hr>
          </ns3:TrackPointExtension>
        </extensions>
      </trkpt>
      <trkpt lat="24.4895746372640132904052734375" lon="118.1046750582754611968994140625">
        <ele>3</ele>
        <time>2025-02-23T10:22:29.000Z</time>
        <extensions>
          <ns3:TrackPointExtension>
            <ns3:hr>113</ns3:hr>
          </ns3:TrackPointExtension>
        </extensions>
      </trkpt>
      <trkpt lat="24.48958159424364566802978515625" lon="118.10467011295258998870849609375">
        <ele>3</ele>
        <time>2025-02-23T10:22:30.000Z</time>
        <extensions>
          <ns3:TrackPointExtension>
            <ns3:hr>113</ns3:hr>
          </ns3:TrackPointExtension>
        </extensions>
      </trkpt>
      <trkpt lat="24.48958813212811946868896484375" lon="118.1046649999916553497314453125">
        <ele>3</ele>
        <time>2025-02-23T10:22:31.000Z</time>
        <extensions>
          <ns3:TrackPointExtension>
            <ns3:hr>113</ns3:hr>
          </ns3:TrackPointExtension>
        </extensions>
      </trkpt>
      <trkpt lat="24.489594586193561553955078125" lon="118.10466005466878414154052734375">
        <ele>3</ele>
        <time>2025-02-23T10:22:32.000Z</time>
        <extensions>
          <ns3:TrackPointExtension>
            <ns3:hr>113</ns3:hr>
          </ns3:TrackPointExtension>
        </extensions>
      </trkpt>
      <trkpt lat="24.4896007888019084930419921875" lon="118.1046559475362300872802734375">
        <ele>3.2000000476837158203125</ele>
        <time>2025-02-23T10:22:33.000Z</time>
        <extensions>
          <ns3:TrackPointExtension>
            <ns3:hr>111</ns3:hr>
          </ns3:TrackPointExtension>
        </extensions>
      </trkpt>
      <trkpt lat="24.48960707522928714752197265625" lon="118.1046519242227077484130859375">
        <ele>3.2000000476837158203125</ele>
        <time>2025-02-23T10:22:34.000Z</time>
        <extensions>
          <ns3:TrackPointExtension>
            <ns3:hr>111</ns3:hr>
          </ns3:TrackPointExtension>
        </extensions>
      </trkpt>
      <trkpt lat="24.48961369693279266357421875" lon="118.10464697889983654022216796875">
        <ele>3.2000000476837158203125</ele>
        <time>2025-02-23T10:22:35.000Z</time>
        <extensions>
          <ns3:TrackPointExtension>
            <ns3:hr>111</ns3:hr>
          </ns3:TrackPointExtension>
        </extensions>
      </trkpt>
      <trkpt lat="24.48962031863629817962646484375" lon="118.10464094392955303192138671875">
        <ele>3.2000000476837158203125</ele>
        <time>2025-02-23T10:22:36.000Z</time>
        <extensions>
          <ns3:TrackPointExtension>
            <ns3:hr>111</ns3:hr>
          </ns3:TrackPointExtension>
        </extensions>
      </trkpt>
      <trkpt lat="24.4896266050636768341064453125" lon="118.1046344898641109466552734375">
        <ele>3.2000000476837158203125</ele>
        <time>2025-02-23T10:22:37.000Z</time>
        <extensions>
          <ns3:TrackPointExtension>
            <ns3:hr>111</ns3:hr>
          </ns3:TrackPointExtension>
        </extensions>
      </trkpt>
      <trkpt lat="24.48963247239589691162109375" lon="118.104628287255764007568359375">
        <ele>3.2000000476837158203125</ele>
        <time>2025-02-23T10:22:38.000Z</time>
        <extensions>
          <ns3:TrackPointExtension>
            <ns3:hr>111</ns3:hr>
          </ns3:TrackPointExtension>
        </extensions>
      </trkpt>
      <trkpt lat="24.4896383397281169891357421875" lon="118.10462216846644878387451171875">
        <ele>3.400000095367431640625</ele>
        <time>2025-02-23T10:22:39.000Z</time>
        <extensions>
          <ns3:TrackPointExtension>
            <ns3:hr>111</ns3:hr>
          </ns3:TrackPointExtension>
        </extensions>
      </trkpt>
      <trkpt lat="24.48964445851743221282958984375" lon="118.1046157144010066986083984375">
        <ele>3.400000095367431640625</ele>
        <time>2025-02-23T10:22:40.000Z</time>
        <extensions>
          <ns3:TrackPointExtension>
            <ns3:hr>111</ns3:hr>
          </ns3:TrackPointExtension>
        </extensions>
      </trkpt>
      <trkpt lat="24.48965082876384258270263671875" lon="118.10460942797362804412841796875">
        <ele>3.400000095367431640625</ele>
        <time>2025-02-23T10:22:41.000Z</time>
        <extensions>
          <ns3:TrackPointExtension>
            <ns3:hr>111</ns3:hr>
          </ns3:TrackPointExtension>
        </extensions>
      </trkpt>
      <trkpt lat="24.48965736664831638336181640625" lon="118.104603476822376251220703125">
        <ele>3.400000095367431640625</ele>
        <time>2025-02-23T10:22:42.000Z</time>
        <extensions>
          <ns3:TrackPointExtension>
            <ns3:hr>111</ns3:hr>
          </ns3:TrackPointExtension>
        </extensions>
      </trkpt>
      <trkpt lat="24.48966423980891704559326171875" lon="118.1045972742140293121337890625">
        <ele>3.599999904632568359375</ele>
        <time>2025-02-23T10:22:43.000Z</time>
        <extensions>
          <ns3:TrackPointExtension>
            <ns3:hr>111</ns3:hr>
          </ns3:TrackPointExtension>
        </extensions>
      </trkpt>
      <trkpt lat="24.48967111296951770782470703125" lon="118.10459082014858722686767578125">
        <ele>3.599999904632568359375</ele>
        <time>2025-02-23T10:22:44.000Z</time>
        <extensions>
          <ns3:TrackPointExtension>
            <ns3:hr>111</ns3:hr>
          </ns3:TrackPointExtension>
        </extensions>
      </trkpt>
      <trkpt lat="24.4896775670349597930908203125" lon="118.1045841984450817108154296875">
        <ele>3.599999904632568359375</ele>
        <time>2025-02-23T10:22:45.000Z</time>
        <extensions>
          <ns3:TrackPointExtension>
            <ns3:hr>111</ns3:hr>
          </ns3:TrackPointExtension>
        </extensions>
      </trkpt>
      <trkpt lat="24.48968402110040187835693359375" lon="118.10457690618932247161865234375">
        <ele>3.599999904632568359375</ele>
        <time>2025-02-23T10:22:46.000Z</time>
        <extensions>
          <ns3:TrackPointExtension>
            <ns3:hr>111</ns3:hr>
          </ns3:TrackPointExtension>
        </extensions>
      </trkpt>
      <trkpt lat="24.48969139717519283294677734375" lon="118.10456869192421436309814453125">
        <ele>3.7999999523162841796875</ele>
        <time>2025-02-23T10:22:47.000Z</time>
        <extensions>
          <ns3:TrackPointExtension>
            <ns3:hr>111</ns3:hr>
          </ns3:TrackPointExtension>
        </extensions>
      </trkpt>
      <trkpt lat="24.4896993599832057952880859375" lon="118.10455997474491596221923828125">
        <ele>3.7999999523162841796875</ele>
        <time>2025-02-23T10:22:48.000Z</time>
        <extensions>
          <ns3:TrackPointExtension>
            <ns3:hr>111</ns3:hr>
          </ns3:TrackPointExtension>
        </extensions>
      </trkpt>
      <trkpt lat="24.48970698751509189605712890625" lon="118.1045516766607761383056640625">
        <ele>3.7999999523162841796875</ele>
        <time>2025-02-23T10:22:49.000Z</time>
        <extensions>
          <ns3:TrackPointExtension>
            <ns3:hr>111</ns3:hr>
          </ns3:TrackPointExtension>
        </extensions>
      </trkpt>
      <trkpt lat="24.48971419595181941986083984375" lon="118.10454438440501689910888671875">
        <ele>4</ele>
        <time>2025-02-23T10:22:50.000Z</time>
        <extensions>
          <ns3:TrackPointExtension>
            <ns3:hr>111</ns3:hr>
          </ns3:TrackPointExtension>
        </extensions>
      </trkpt>
      <trkpt lat="24.4897214882075786590576171875" lon="118.104537427425384521484375">
        <ele>4</ele>
        <time>2025-02-23T10:22:51.000Z</time>
        <extensions>
          <ns3:TrackPointExtension>
            <ns3:hr>111</ns3:hr>
          </ns3:TrackPointExtension>
        </extensions>
      </trkpt>
      <trkpt lat="24.48972894810140132904052734375" lon="118.1045302189886569976806640625">
        <ele>4</ele>
        <time>2025-02-23T10:22:52.000Z</time>
        <extensions>
          <ns3:TrackPointExtension>
            <ns3:hr>112</ns3:hr>
          </ns3:TrackPointExtension>
        </extensions>
      </trkpt>
      <trkpt lat="24.48973707854747772216796875" lon="118.1045225076377391815185546875">
        <ele>4</ele>
        <time>2025-02-23T10:22:53.000Z</time>
        <extensions>
          <ns3:TrackPointExtension>
            <ns3:hr>112</ns3:hr>
          </ns3:TrackPointExtension>
        </extensions>
      </trkpt>
      <trkpt lat="24.4897452928125858306884765625" lon="118.10451454482972621917724609375">
        <ele>4.19999980926513671875</ele>
        <time>2025-02-23T10:22:54.000Z</time>
        <extensions>
          <ns3:TrackPointExtension>
            <ns3:hr>112</ns3:hr>
          </ns3:TrackPointExtension>
        </extensions>
      </trkpt>
      <trkpt lat="24.4897525012493133544921875" lon="118.10450683347880840301513671875">
        <ele>4.19999980926513671875</ele>
        <time>2025-02-23T10:22:55.000Z</time>
        <extensions>
          <ns3:TrackPointExtension>
            <ns3:hr>112</ns3:hr>
          </ns3:TrackPointExtension>
        </extensions>
      </trkpt>
      <trkpt lat="24.48975878767669200897216796875" lon="118.10449928976595401763916015625">
        <ele>4.19999980926513671875</ele>
        <time>2025-02-23T10:22:56.000Z</time>
        <extensions>
          <ns3:TrackPointExtension>
            <ns3:hr>111</ns3:hr>
          </ns3:TrackPointExtension>
        </extensions>
      </trkpt>
      <trkpt lat="24.4897647388279438018798828125" lon="118.1044919975101947784423828125">
        <ele>4.19999980926513671875</ele>
        <time>2025-02-23T10:22:57.000Z</time>
        <extensions>
          <ns3:TrackPointExtension>
            <ns3:hr>111</ns3:hr>
          </ns3:TrackPointExtension>
        </extensions>
      </trkpt>
      <trkpt lat="24.48977052234113216400146484375" lon="118.1044851243495941162109375">
        <ele>4.400000095367431640625</ele>
        <time>2025-02-23T10:22:58.000Z</time>
        <extensions>
          <ns3:TrackPointExtension>
            <ns3:hr>111</ns3:hr>
          </ns3:TrackPointExtension>
        </extensions>
      </trkpt>
      <trkpt lat="24.4897768087685108184814453125" lon="118.104478083550930023193359375">
        <ele>4.400000095367431640625</ele>
        <time>2025-02-23T10:22:59.000Z</time>
        <extensions>
          <ns3:TrackPointExtension>
            <ns3:hr>111</ns3:hr>
          </ns3:TrackPointExtension>
        </extensions>
      </trkpt>
      <trkpt lat="24.489783681929111480712890625" lon="118.10447112657129764556884765625">
        <ele>4.400000095367431640625</ele>
        <time>2025-02-23T10:23:00.000Z</time>
        <extensions>
          <ns3:TrackPointExtension>
            <ns3:hr>111</ns3:hr>
          </ns3:TrackPointExtension>
        </extensions>
      </trkpt>
      <trkpt lat="24.489790387451648712158203125" lon="118.104464672505855560302734375">
        <ele>4.400000095367431640625</ele>
        <time>2025-02-23T10:23:01.000Z</time>
        <extensions>
          <ns3:TrackPointExtension>
            <ns3:hr>111</ns3:hr>
          </ns3:TrackPointExtension>
        </extensions>
      </trkpt>
      <trkpt lat="24.489796422421932220458984375" lon="118.10445821844041347503662109375">
        <ele>4.599999904632568359375</ele>
        <time>2025-02-23T10:23:02.000Z</time>
        <extensions>
          <ns3:TrackPointExtension>
            <ns3:hr>112</ns3:hr>
          </ns3:TrackPointExtension>
        </extensions>
      </trkpt>
      <trkpt lat="24.48980254121124744415283203125" lon="118.10445084236562252044677734375">
        <ele>4.599999904632568359375</ele>
        <time>2025-02-23T10:23:03.000Z</time>
        <extensions>
          <ns3:TrackPointExtension>
            <ns3:hr>112</ns3:hr>
          </ns3:TrackPointExtension>
        </extensions>
      </trkpt>
      <trkpt lat="24.48980891145765781402587890625" lon="118.10444246046245098114013671875">
        <ele>4.599999904632568359375</ele>
        <time>2025-02-23T10:23:04.000Z</time>
        <extensions>
          <ns3:TrackPointExtension>
            <ns3:hr>112</ns3:hr>
          </ns3:TrackPointExtension>
        </extensions>
      </trkpt>
      <trkpt lat="24.4898150302469730377197265625" lon="118.104433827102184295654296875">
        <ele>4.599999904632568359375</ele>
        <time>2025-02-23T10:23:05.000Z</time>
        <extensions>
          <ns3:TrackPointExtension>
            <ns3:hr>112</ns3:hr>
          </ns3:TrackPointExtension>
        </extensions>
      </trkpt>
      <trkpt lat="24.48982022702693939208984375" lon="118.1044256128370761871337890625">
        <ele>4.599999904632568359375</ele>
        <time>2025-02-23T10:23:06.000Z</time>
        <extensions>
          <ns3:TrackPointExtension>
            <ns3:hr>112</ns3:hr>
          </ns3:TrackPointExtension>
        </extensions>
      </trkpt>
      <trkpt lat="24.48982517234981060028076171875" lon="118.10441731475293636322021484375">
        <ele>4.599999904632568359375</ele>
        <time>2025-02-23T10:23:07.000Z</time>
        <extensions>
          <ns3:TrackPointExtension>
            <ns3:hr>113</ns3:hr>
          </ns3:TrackPointExtension>
        </extensions>
      </trkpt>
      <trkpt lat="24.48983036912977695465087890625" lon="118.1044085137546062469482421875">
        <ele>4.599999904632568359375</ele>
        <time>2025-02-23T10:23:08.000Z</time>
        <extensions>
          <ns3:TrackPointExtension>
            <ns3:hr>113</ns3:hr>
          </ns3:TrackPointExtension>
        </extensions>
      </trkpt>
      <trkpt lat="24.4898354820907115936279296875" lon="118.1043997965753078460693359375">
        <ele>4.599999904632568359375</ele>
        <time>2025-02-23T10:23:09.000Z</time>
        <extensions>
          <ns3:TrackPointExtension>
            <ns3:hr>113</ns3:hr>
          </ns3:TrackPointExtension>
        </extensions>
      </trkpt>
      <trkpt lat="24.4898405112326145172119140625" lon="118.10439166612923145294189453125">
        <ele>4.80000019073486328125</ele>
        <time>2025-02-23T10:23:10.000Z</time>
        <extensions>
          <ns3:TrackPointExtension>
            <ns3:hr>113</ns3:hr>
          </ns3:TrackPointExtension>
        </extensions>
      </trkpt>
      <trkpt lat="24.48984562419354915618896484375" lon="118.1043837033212184906005859375">
        <ele>4.80000019073486328125</ele>
        <time>2025-02-23T10:23:11.000Z</time>
        <extensions>
          <ns3:TrackPointExtension>
            <ns3:hr>113</ns3:hr>
          </ns3:TrackPointExtension>
        </extensions>
      </trkpt>
      <trkpt lat="24.489850737154483795166015625" lon="118.10437582433223724365234375">
        <ele>4.80000019073486328125</ele>
        <time>2025-02-23T10:23:12.000Z</time>
        <extensions>
          <ns3:TrackPointExtension>
            <ns3:hr>113</ns3:hr>
          </ns3:TrackPointExtension>
        </extensions>
      </trkpt>
      <trkpt lat="24.48985601775348186492919921875" lon="118.10436786152422428131103515625">
        <ele>4.80000019073486328125</ele>
        <time>2025-02-23T10:23:13.000Z</time>
        <extensions>
          <ns3:TrackPointExtension>
            <ns3:hr>113</ns3:hr>
          </ns3:TrackPointExtension>
        </extensions>
      </trkpt>
      <trkpt lat="24.4898612983524799346923828125" lon="118.1043595634400844573974609375">
        <ele>4.80000019073486328125</ele>
        <time>2025-02-23T10:23:14.000Z</time>
        <extensions>
          <ns3:TrackPointExtension>
            <ns3:hr>113</ns3:hr>
          </ns3:TrackPointExtension>
        </extensions>
      </trkpt>
      <trkpt lat="24.48986641131341457366943359375" lon="118.10435143299400806427001953125">
        <ele>5</ele>
        <time>2025-02-23T10:23:15.000Z</time>
        <extensions>
          <ns3:TrackPointExtension>
            <ns3:hr>112</ns3:hr>
          </ns3:TrackPointExtension>
        </extensions>
      </trkpt>
      <trkpt lat="24.48987160809338092803955078125" lon="118.10434338636696338653564453125">
        <ele>5</ele>
        <time>2025-02-23T10:23:16.000Z</time>
        <extensions>
          <ns3:TrackPointExtension>
            <ns3:hr>112</ns3:hr>
          </ns3:TrackPointExtension>
        </extensions>
      </trkpt>
      <trkpt lat="24.48987646959722042083740234375" lon="118.10433533973991870880126953125">
        <ele>5</ele>
        <time>2025-02-23T10:23:17.000Z</time>
        <extensions>
          <ns3:TrackPointExtension>
            <ns3:hr>112</ns3:hr>
          </ns3:TrackPointExtension>
        </extensions>
      </trkpt>
      <trkpt lat="24.48988116346299648284912109375" lon="118.1043268740177154541015625">
        <ele>5</ele>
        <time>2025-02-23T10:23:18.000Z</time>
        <extensions>
          <ns3:TrackPointExtension>
            <ns3:hr>112</ns3:hr>
          </ns3:TrackPointExtension>
        </extensions>
      </trkpt>
      <trkpt lat="24.4898857735097408294677734375" lon="118.10431790538132190704345703125">
        <ele>5</ele>
        <time>2025-02-23T10:23:19.000Z</time>
        <extensions>
          <ns3:TrackPointExtension>
            <ns3:hr>112</ns3:hr>
          </ns3:TrackPointExtension>
        </extensions>
      </trkpt>
      <trkpt lat="24.48989021591842174530029296875" lon="118.10430918820202350616455078125">
        <ele>5.19999980926513671875</ele>
        <time>2025-02-23T10:23:20.000Z</time>
        <extensions>
          <ns3:TrackPointExtension>
            <ns3:hr>112</ns3:hr>
          </ns3:TrackPointExtension>
        </extensions>
      </trkpt>
      <trkpt lat="24.48989440687000751495361328125" lon="118.10430097393691539764404296875">
        <ele>5.19999980926513671875</ele>
        <time>2025-02-23T10:23:21.000Z</time>
        <extensions>
          <ns3:TrackPointExtension>
            <ns3:hr>112</ns3:hr>
          </ns3:TrackPointExtension>
        </extensions>
      </trkpt>
      <trkpt lat="24.4898988492786884307861328125" lon="118.10429292730987071990966796875">
        <ele>5.19999980926513671875</ele>
        <time>2025-02-23T10:23:22.000Z</time>
        <extensions>
          <ns3:TrackPointExtension>
            <ns3:hr>112</ns3:hr>
          </ns3:TrackPointExtension>
        </extensions>
      </trkpt>
      <trkpt lat="24.48990404605865478515625" lon="118.1042844615876674652099609375">
        <ele>5.19999980926513671875</ele>
        <time>2025-02-23T10:23:23.000Z</time>
        <extensions>
          <ns3:TrackPointExtension>
            <ns3:hr>112</ns3:hr>
          </ns3:TrackPointExtension>
        </extensions>
      </trkpt>
      <trkpt lat="24.48990915901958942413330078125" lon="118.1042760796844959259033203125">
        <ele>5.400000095367431640625</ele>
        <time>2025-02-23T10:23:24.000Z</time>
        <extensions>
          <ns3:TrackPointExtension>
            <ns3:hr>112</ns3:hr>
          </ns3:TrackPointExtension>
        </extensions>
      </trkpt>
      <trkpt lat="24.489913769066333770751953125" lon="118.10426811687648296356201171875">
        <ele>5.400000095367431640625</ele>
        <time>2025-02-23T10:23:25.000Z</time>
        <extensions>
          <ns3:TrackPointExtension>
            <ns3:hr>112</ns3:hr>
          </ns3:TrackPointExtension>
        </extensions>
      </trkpt>
      <trkpt lat="24.48991804383695125579833984375" lon="118.104260154068470001220703125">
        <ele>5.400000095367431640625</ele>
        <time>2025-02-23T10:23:26.000Z</time>
        <extensions>
          <ns3:TrackPointExtension>
            <ns3:hr>111</ns3:hr>
          </ns3:TrackPointExtension>
        </extensions>
      </trkpt>
      <trkpt lat="24.4899226538836956024169921875" lon="118.1042516045272350311279296875">
        <ele>5.400000095367431640625</ele>
        <time>2025-02-23T10:23:27.000Z</time>
        <extensions>
          <ns3:TrackPointExtension>
            <ns3:hr>111</ns3:hr>
          </ns3:TrackPointExtension>
        </extensions>
      </trkpt>
      <trkpt lat="24.4899276830255985260009765625" lon="118.1042425520718097686767578125">
        <ele>5.400000095367431640625</ele>
        <time>2025-02-23T10:23:28.000Z</time>
        <extensions>
          <ns3:TrackPointExtension>
            <ns3:hr>111</ns3:hr>
          </ns3:TrackPointExtension>
        </extensions>
      </trkpt>
      <trkpt lat="24.48993246071040630340576171875" lon="118.10423341579735279083251953125">
        <ele>5.599999904632568359375</ele>
        <time>2025-02-23T10:23:29.000Z</time>
        <extensions>
          <ns3:TrackPointExtension>
            <ns3:hr>111</ns3:hr>
          </ns3:TrackPointExtension>
        </extensions>
      </trkpt>
      <trkpt lat="24.48993648402392864227294921875" lon="118.10422453097999095916748046875">
        <ele>5.599999904632568359375</ele>
        <time>2025-02-23T10:23:30.000Z</time>
        <extensions>
          <ns3:TrackPointExtension>
            <ns3:hr>111</ns3:hr>
          </ns3:TrackPointExtension>
        </extensions>
      </trkpt>
      <trkpt lat="24.4899402558803558349609375" lon="118.10421547852456569671630859375">
        <ele>5.599999904632568359375</ele>
        <time>2025-02-23T10:23:31.000Z</time>
        <extensions>
          <ns3:TrackPointExtension>
            <ns3:hr>111</ns3:hr>
          </ns3:TrackPointExtension>
        </extensions>
      </trkpt>
      <trkpt lat="24.48994386009871959686279296875" lon="118.10420625843107700347900390625">
        <ele>5.599999904632568359375</ele>
        <time>2025-02-23T10:23:32.000Z</time>
        <extensions>
          <ns3:TrackPointExtension>
            <ns3:hr>111</ns3:hr>
          </ns3:TrackPointExtension>
        </extensions>
      </trkpt>
      <trkpt lat="24.48994704522192478179931640625" lon="118.10419720597565174102783203125">
        <ele>5.599999904632568359375</ele>
        <time>2025-02-23T10:23:33.000Z</time>
        <extensions>
          <ns3:TrackPointExtension>
            <ns3:hr>111</ns3:hr>
          </ns3:TrackPointExtension>
        </extensions>
      </trkpt>
      <trkpt lat="24.48995031416416168212890625" lon="118.1041875667870044708251953125">
        <ele>5.599999904632568359375</ele>
        <time>2025-02-23T10:23:34.000Z</time>
        <extensions>
          <ns3:TrackPointExtension>
            <ns3:hr>111</ns3:hr>
          </ns3:TrackPointExtension>
        </extensions>
      </trkpt>
      <trkpt lat="24.48995391838252544403076171875" lon="118.10417775996029376983642578125">
        <ele>5.599999904632568359375</ele>
        <time>2025-02-23T10:23:35.000Z</time>
        <extensions>
          <ns3:TrackPointExtension>
            <ns3:hr>111</ns3:hr>
          </ns3:TrackPointExtension>
        </extensions>
      </trkpt>
      <trkpt lat="24.48995727114379405975341796875" lon="118.104168958961963653564453125">
        <ele>5.599999904632568359375</ele>
        <time>2025-02-23T10:23:36.000Z</time>
        <extensions>
          <ns3:TrackPointExtension>
            <ns3:hr>111</ns3:hr>
          </ns3:TrackPointExtension>
        </extensions>
      </trkpt>
      <trkpt lat="24.4899608753621578216552734375" lon="118.1041604094207286834716796875">
        <ele>5.599999904632568359375</ele>
        <time>2025-02-23T10:23:37.000Z</time>
        <extensions>
          <ns3:TrackPointExtension>
            <ns3:hr>111</ns3:hr>
          </ns3:TrackPointExtension>
        </extensions>
      </trkpt>
      <trkpt lat="24.48996481485664844512939453125" lon="118.10415093787014484405517578125">
        <ele>5.599999904632568359375</ele>
        <time>2025-02-23T10:23:38.000Z</time>
        <extensions>
          <ns3:TrackPointExtension>
            <ns3:hr>111</ns3:hr>
          </ns3:TrackPointExtension>
        </extensions>
      </trkpt>
      <trkpt lat="24.48996900580823421478271484375" lon="118.10414113104343414306640625">
        <ele>5.599999904632568359375</ele>
        <time>2025-02-23T10:23:39.000Z</time>
        <extensions>
          <ns3:TrackPointExtension>
            <ns3:hr>111</ns3:hr>
          </ns3:TrackPointExtension>
        </extensions>
      </trkpt>
      <trkpt lat="24.489973448216915130615234375" lon="118.10413149185478687286376953125">
        <ele>5.400000095367431640625</ele>
        <time>2025-02-23T10:23:40.000Z</time>
        <extensions>
          <ns3:TrackPointExtension>
            <ns3:hr>111</ns3:hr>
          </ns3:TrackPointExtension>
        </extensions>
      </trkpt>
      <trkpt lat="24.48997805826365947723388671875" lon="118.10412235558032989501953125">
        <ele>5.400000095367431640625</ele>
        <time>2025-02-23T10:23:41.000Z</time>
        <extensions>
          <ns3:TrackPointExtension>
            <ns3:hr>111</ns3:hr>
          </ns3:TrackPointExtension>
        </extensions>
      </trkpt>
      <trkpt lat="24.48998250067234039306640625" lon="118.10411338694393634796142578125">
        <ele>5.400000095367431640625</ele>
        <time>2025-02-23T10:23:42.000Z</time>
        <extensions>
          <ns3:TrackPointExtension>
            <ns3:hr>111</ns3:hr>
          </ns3:TrackPointExtension>
        </extensions>
      </trkpt>
      <trkpt lat="24.48998694308102130889892578125" lon="118.10410349629819393157958984375">
        <ele>5.400000095367431640625</ele>
        <time>2025-02-23T10:23:43.000Z</time>
        <extensions>
          <ns3:TrackPointExtension>
            <ns3:hr>111</ns3:hr>
          </ns3:TrackPointExtension>
        </extensions>
      </trkpt>
      <trkpt lat="24.48999130167067050933837890625" lon="118.10409310273826122283935546875">
        <ele>5.400000095367431640625</ele>
        <time>2025-02-23T10:23:44.000Z</time>
        <extensions>
          <ns3:TrackPointExtension>
            <ns3:hr>111</ns3:hr>
          </ns3:TrackPointExtension>
        </extensions>
      </trkpt>
      <trkpt lat="24.48999532498419284820556640625" lon="118.104083128273487091064453125">
        <ele>5.400000095367431640625</ele>
        <time>2025-02-23T10:23:45.000Z</time>
        <extensions>
          <ns3:TrackPointExtension>
            <ns3:hr>109</ns3:hr>
          </ns3:TrackPointExtension>
        </extensions>
      </trkpt>
      <trkpt lat="24.4899990968406200408935546875" lon="118.10407382436096668243408203125">
        <ele>5.400000095367431640625</ele>
        <time>2025-02-23T10:23:46.000Z</time>
        <extensions>
          <ns3:TrackPointExtension>
            <ns3:hr>109</ns3:hr>
          </ns3:TrackPointExtension>
        </extensions>
      </trkpt>
      <trkpt lat="24.490002952516078948974609375" lon="118.10406468808650970458984375">
        <ele>5.400000095367431640625</ele>
        <time>2025-02-23T10:23:47.000Z</time>
        <extensions>
          <ns3:TrackPointExtension>
            <ns3:hr>109</ns3:hr>
          </ns3:TrackPointExtension>
        </extensions>
      </trkpt>
      <trkpt lat="24.49000705964863300323486328125" lon="118.10405488125979900360107421875">
        <ele>5.400000095367431640625</ele>
        <time>2025-02-23T10:23:48.000Z</time>
        <extensions>
          <ns3:TrackPointExtension>
            <ns3:hr>109</ns3:hr>
          </ns3:TrackPointExtension>
        </extensions>
      </trkpt>
      <trkpt lat="24.4900111667811870574951171875" lon="118.10404448769986629486083984375">
        <ele>5.400000095367431640625</ele>
        <time>2025-02-23T10:23:49.000Z</time>
        <extensions>
          <ns3:TrackPointExtension>
            <ns3:hr>109</ns3:hr>
          </ns3:TrackPointExtension>
        </extensions>
      </trkpt>
      <trkpt lat="24.4900145195424556732177734375" lon="118.1040345132350921630859375">
        <ele>5.400000095367431640625</ele>
        <time>2025-02-23T10:23:50.000Z</time>
        <extensions>
          <ns3:TrackPointExtension>
            <ns3:hr>109</ns3:hr>
          </ns3:TrackPointExtension>
        </extensions>
      </trkpt>
      <trkpt lat="24.49001745320856571197509765625" lon="118.1040252931416034698486328125">
        <ele>5.400000095367431640625</ele>
        <time>2025-02-23T10:23:51.000Z</time>
        <extensions>
          <ns3:TrackPointExtension>
            <ns3:hr>110</ns3:hr>
          </ns3:TrackPointExtension>
        </extensions>
      </trkpt>
      <trkpt lat="24.49002080596983432769775390625" lon="118.10401665978133678436279296875">
        <ele>5.400000095367431640625</ele>
        <time>2025-02-23T10:23:52.000Z</time>
        <extensions>
          <ns3:TrackPointExtension>
            <ns3:hr>110</ns3:hr>
          </ns3:TrackPointExtension>
        </extensions>
      </trkpt>
      <trkpt lat="24.4900245778262615203857421875" lon="118.1040076911449432373046875">
        <ele>5.400000095367431640625</ele>
        <time>2025-02-23T10:23:53.000Z</time>
        <extensions>
          <ns3:TrackPointExtension>
            <ns3:hr>110</ns3:hr>
          </ns3:TrackPointExtension>
        </extensions>
      </trkpt>
      <trkpt lat="24.49002851732075214385986328125" lon="118.1039978004992008209228515625">
        <ele>5.400000095367431640625</ele>
        <time>2025-02-23T10:23:54.000Z</time>
        <extensions>
          <ns3:TrackPointExtension>
            <ns3:hr>111</ns3:hr>
          </ns3:TrackPointExtension>
        </extensions>
      </trkpt>
      <trkpt lat="24.4900322891771793365478515625" lon="118.10398732312023639678955078125">
        <ele>5.19999980926513671875</ele>
        <time>2025-02-23T10:23:55.000Z</time>
        <extensions>
          <ns3:TrackPointExtension>
            <ns3:hr>111</ns3:hr>
          </ns3:TrackPointExtension>
        </extensions>
      </trkpt>
      <trkpt lat="24.490035474300384521484375" lon="118.10397684574127197265625">
        <ele>5.19999980926513671875</ele>
        <time>2025-02-23T10:23:56.000Z</time>
        <extensions>
          <ns3:TrackPointExtension>
            <ns3:hr>111</ns3:hr>
          </ns3:TrackPointExtension>
        </extensions>
      </trkpt>
      <trkpt lat="24.49003824032843112945556640625" lon="118.1039674580097198486328125">
        <ele>5.19999980926513671875</ele>
        <time>2025-02-23T10:23:57.000Z</time>
        <extensions>
          <ns3:TrackPointExtension>
            <ns3:hr>111</ns3:hr>
          </ns3:TrackPointExtension>
        </extensions>
      </trkpt>
      <trkpt lat="24.4900410063564777374267578125" lon="118.10395874083042144775390625">
        <ele>5.19999980926513671875</ele>
        <time>2025-02-23T10:23:58.000Z</time>
        <extensions>
          <ns3:TrackPointExtension>
            <ns3:hr>111</ns3:hr>
          </ns3:TrackPointExtension>
        </extensions>
      </trkpt>
      <trkpt lat="24.4900436885654926300048828125" lon="118.103949688374996185302734375">
        <ele>5.19999980926513671875</ele>
        <time>2025-02-23T10:23:59.000Z</time>
        <extensions>
          <ns3:TrackPointExtension>
            <ns3:hr>111</ns3:hr>
          </ns3:TrackPointExtension>
        </extensions>
      </trkpt>
      <trkpt lat="24.4900460354983806610107421875" lon="118.10394004918634891510009765625">
        <ele>5.19999980926513671875</ele>
        <time>2025-02-23T10:24:00.000Z</time>
        <extensions>
          <ns3:TrackPointExtension>
            <ns3:hr>111</ns3:hr>
          </ns3:TrackPointExtension>
        </extensions>
      </trkpt>
      <trkpt lat="24.49004779569804668426513671875" lon="118.10393032617866992950439453125">
        <ele>5.19999980926513671875</ele>
        <time>2025-02-23T10:24:01.000Z</time>
        <extensions>
          <ns3:TrackPointExtension>
            <ns3:hr>111</ns3:hr>
          </ns3:TrackPointExtension>
        </extensions>
      </trkpt>
      <trkpt lat="24.49004880152642726898193359375" lon="118.10392077080905437469482421875">
        <ele>5.19999980926513671875</ele>
        <time>2025-02-23T10:24:02.000Z</time>
        <extensions>
          <ns3:TrackPointExtension>
            <ns3:hr>111</ns3:hr>
          </ns3:TrackPointExtension>
        </extensions>
      </trkpt>
      <trkpt lat="24.4900493882596492767333984375" lon="118.1039112992584705352783203125">
        <ele>5.19999980926513671875</ele>
        <time>2025-02-23T10:24:03.000Z</time>
        <extensions>
          <ns3:TrackPointExtension>
            <ns3:hr>111</ns3:hr>
          </ns3:TrackPointExtension>
        </extensions>
      </trkpt>
      <trkpt lat="24.49004980735480785369873046875" lon="118.1039015762507915496826171875">
        <ele>5</ele>
        <time>2025-02-23T10:24:04.000Z</time>
        <extensions>
          <ns3:TrackPointExtension>
            <ns3:hr>111</ns3:hr>
          </ns3:TrackPointExtension>
        </extensions>
      </trkpt>
      <trkpt lat="24.49005064554512500762939453125" lon="118.10389143414795398712158203125">
        <ele>5</ele>
        <time>2025-02-23T10:24:05.000Z</time>
        <extensions>
          <ns3:TrackPointExtension>
            <ns3:hr>111</ns3:hr>
          </ns3:TrackPointExtension>
        </extensions>
      </trkpt>
      <trkpt lat="24.4900520704686641693115234375" lon="118.103880621492862701416015625">
        <ele>5</ele>
        <time>2025-02-23T10:24:06.000Z</time>
        <extensions>
          <ns3:TrackPointExtension>
            <ns3:hr>111</ns3:hr>
          </ns3:TrackPointExtension>
        </extensions>
      </trkpt>
      <trkpt lat="24.4900540821254253387451171875" lon="118.10386955738067626953125">
        <ele>5</ele>
        <time>2025-02-23T10:24:07.000Z</time>
        <extensions>
          <ns3:TrackPointExtension>
            <ns3:hr>111</ns3:hr>
          </ns3:TrackPointExtension>
        </extensions>
      </trkpt>
      <trkpt lat="24.490056596696376800537109375" lon="118.10385882854461669921875">
        <ele>5</ele>
        <time>2025-02-23T10:24:08.000Z</time>
        <extensions>
          <ns3:TrackPointExtension>
            <ns3:hr>109</ns3:hr>
          </ns3:TrackPointExtension>
        </extensions>
      </trkpt>
      <trkpt lat="24.490059278905391693115234375" lon="118.10384801588952541351318359375">
        <ele>5</ele>
        <time>2025-02-23T10:24:09.000Z</time>
        <extensions>
          <ns3:TrackPointExtension>
            <ns3:hr>109</ns3:hr>
          </ns3:TrackPointExtension>
        </extensions>
      </trkpt>
      <trkpt lat="24.49006254784762859344482421875" lon="118.1038368679583072662353515625">
        <ele>5</ele>
        <time>2025-02-23T10:24:10.000Z</time>
        <extensions>
          <ns3:TrackPointExtension>
            <ns3:hr>109</ns3:hr>
          </ns3:TrackPointExtension>
        </extensions>
      </trkpt>
      <trkpt lat="24.490065984427928924560546875" lon="118.1038261391222476959228515625">
        <ele>5</ele>
        <time>2025-02-23T10:24:11.000Z</time>
        <extensions>
          <ns3:TrackPointExtension>
            <ns3:hr>109</ns3:hr>
          </ns3:TrackPointExtension>
        </extensions>
      </trkpt>
      <trkpt lat="24.4900688342750072479248046875" lon="118.10381666757166385650634765625">
        <ele>5</ele>
        <time>2025-02-23T10:24:12.000Z</time>
        <extensions>
          <ns3:TrackPointExtension>
            <ns3:hr>109</ns3:hr>
          </ns3:TrackPointExtension>
        </extensions>
      </trkpt>
      <trkpt lat="24.49007109738886356353759765625" lon="118.10380795039236545562744140625">
        <ele>5</ele>
        <time>2025-02-23T10:24:13.000Z</time>
        <extensions>
          <ns3:TrackPointExtension>
            <ns3:hr>109</ns3:hr>
          </ns3:TrackPointExtension>
        </extensions>
      </trkpt>
      <trkpt lat="24.49007327668368816375732421875" lon="118.103799484670162200927734375">
        <ele>5</ele>
        <time>2025-02-23T10:24:14.000Z</time>
        <extensions>
          <ns3:TrackPointExtension>
            <ns3:hr>109</ns3:hr>
          </ns3:TrackPointExtension>
        </extensions>
      </trkpt>
      <trkpt lat="24.490075372159481048583984375" lon="118.103790767490863800048828125">
        <ele>5</ele>
        <time>2025-02-23T10:24:15.000Z</time>
        <extensions>
          <ns3:TrackPointExtension>
            <ns3:hr>108</ns3:hr>
          </ns3:TrackPointExtension>
        </extensions>
      </trkpt>
      <trkpt lat="24.4900772161781787872314453125" lon="118.10378171503543853759765625">
        <ele>5</ele>
        <time>2025-02-23T10:24:16.000Z</time>
        <extensions>
          <ns3:TrackPointExtension>
            <ns3:hr>108</ns3:hr>
          </ns3:TrackPointExtension>
        </extensions>
      </trkpt>
      <trkpt lat="24.49007880873978137969970703125" lon="118.10377274639904499053955078125">
        <ele>5</ele>
        <time>2025-02-23T10:24:17.000Z</time>
        <extensions>
          <ns3:TrackPointExtension>
            <ns3:hr>108</ns3:hr>
          </ns3:TrackPointExtension>
        </extensions>
      </trkpt>
      <trkpt lat="24.49008048512041568756103515625" lon="118.10376428067684173583984375">
        <ele>5</ele>
        <time>2025-02-23T10:24:18.000Z</time>
        <extensions>
          <ns3:TrackPointExtension>
            <ns3:hr>108</ns3:hr>
          </ns3:TrackPointExtension>
        </extensions>
      </trkpt>
      <trkpt lat="24.4900822453200817108154296875" lon="118.10375564731657505035400390625">
        <ele>5</ele>
        <time>2025-02-23T10:24:19.000Z</time>
        <extensions>
          <ns3:TrackPointExtension>
            <ns3:hr>108</ns3:hr>
          </ns3:TrackPointExtension>
        </extensions>
      </trkpt>
      <trkpt lat="24.49008383788168430328369140625" lon="118.10374676249921321868896484375">
        <ele>5</ele>
        <time>2025-02-23T10:24:20.000Z</time>
        <extensions>
          <ns3:TrackPointExtension>
            <ns3:hr>108</ns3:hr>
          </ns3:TrackPointExtension>
        </extensions>
      </trkpt>
      <trkpt lat="24.4900852628052234649658203125" lon="118.10373821295797824859619140625">
        <ele>5</ele>
        <time>2025-02-23T10:24:21.000Z</time>
        <extensions>
          <ns3:TrackPointExtension>
            <ns3:hr>108</ns3:hr>
          </ns3:TrackPointExtension>
        </extensions>
      </trkpt>
      <trkpt lat="24.49008652009069919586181640625" lon="118.1037299148738384246826171875">
        <ele>5</ele>
        <time>2025-02-23T10:24:22.000Z</time>
        <extensions>
          <ns3:TrackPointExtension>
            <ns3:hr>108</ns3:hr>
          </ns3:TrackPointExtension>
        </extensions>
      </trkpt>
      <trkpt lat="24.49008786119520664215087890625" lon="118.10372136533260345458984375">
        <ele>5</ele>
        <time>2025-02-23T10:24:23.000Z</time>
        <extensions>
          <ns3:TrackPointExtension>
            <ns3:hr>108</ns3:hr>
          </ns3:TrackPointExtension>
        </extensions>
      </trkpt>
      <trkpt lat="24.4900889508426189422607421875" lon="118.10371239669620990753173828125">
        <ele>5</ele>
        <time>2025-02-23T10:24:24.000Z</time>
        <extensions>
          <ns3:TrackPointExtension>
            <ns3:hr>108</ns3:hr>
          </ns3:TrackPointExtension>
        </extensions>
      </trkpt>
      <trkpt lat="24.4900899566709995269775390625" lon="118.10370334424078464508056640625">
        <ele>5</ele>
        <time>2025-02-23T10:24:25.000Z</time>
        <extensions>
          <ns3:TrackPointExtension>
            <ns3:hr>108</ns3:hr>
          </ns3:TrackPointExtension>
        </extensions>
      </trkpt>
      <trkpt lat="24.49009087868034839630126953125" lon="118.10369412414729595184326171875">
        <ele>5</ele>
        <time>2025-02-23T10:24:26.000Z</time>
        <extensions>
          <ns3:TrackPointExtension>
            <ns3:hr>108</ns3:hr>
          </ns3:TrackPointExtension>
        </extensions>
      </trkpt>
      <trkpt lat="24.4900916330516338348388671875" lon="118.10368456877768039703369140625">
        <ele>5</ele>
        <time>2025-02-23T10:24:27.000Z</time>
        <extensions>
          <ns3:TrackPointExtension>
            <ns3:hr>108</ns3:hr>
          </ns3:TrackPointExtension>
        </extensions>
      </trkpt>
      <trkpt lat="24.49009247124195098876953125" lon="118.103674761950969696044921875">
        <ele>5</ele>
        <time>2025-02-23T10:24:28.000Z</time>
        <extensions>
          <ns3:TrackPointExtension>
            <ns3:hr>108</ns3:hr>
          </ns3:TrackPointExtension>
        </extensions>
      </trkpt>
      <trkpt lat="24.490093477070331573486328125" lon="118.10366495512425899505615234375">
        <ele>5</ele>
        <time>2025-02-23T10:24:29.000Z</time>
        <extensions>
          <ns3:TrackPointExtension>
            <ns3:hr>108</ns3:hr>
          </ns3:TrackPointExtension>
        </extensions>
      </trkpt>
      <trkpt lat="24.49009473435580730438232421875" lon="118.1036548130214214324951171875">
        <ele>5</ele>
        <time>2025-02-23T10:24:30.000Z</time>
        <extensions>
          <ns3:TrackPointExtension>
            <ns3:hr>108</ns3:hr>
          </ns3:TrackPointExtension>
        </extensions>
      </trkpt>
      <trkpt lat="24.4900958240032196044921875" lon="118.10364433564245700836181640625">
        <ele>5</ele>
        <time>2025-02-23T10:24:31.000Z</time>
        <extensions>
          <ns3:TrackPointExtension>
            <ns3:hr>108</ns3:hr>
          </ns3:TrackPointExtension>
        </extensions>
      </trkpt>
      <trkpt lat="24.4900966621935367584228515625" lon="118.10363419353961944580078125">
        <ele>5</ele>
        <time>2025-02-23T10:24:32.000Z</time>
        <extensions>
          <ns3:TrackPointExtension>
            <ns3:hr>108</ns3:hr>
          </ns3:TrackPointExtension>
        </extensions>
      </trkpt>
      <trkpt lat="24.49009708128869533538818359375" lon="118.10362472198903560638427734375">
        <ele>5</ele>
        <time>2025-02-23T10:24:33.000Z</time>
        <extensions>
          <ns3:TrackPointExtension>
            <ns3:hr>108</ns3:hr>
          </ns3:TrackPointExtension>
        </extensions>
      </trkpt>
      <trkpt lat="24.49009741656482219696044921875" lon="118.10361583717167377471923828125">
        <ele>5.19999980926513671875</ele>
        <time>2025-02-23T10:24:34.000Z</time>
        <extensions>
          <ns3:TrackPointExtension>
            <ns3:hr>108</ns3:hr>
          </ns3:TrackPointExtension>
        </extensions>
      </trkpt>
      <trkpt lat="24.49009775184094905853271484375" lon="118.103607706725597381591796875">
        <ele>5.19999980926513671875</ele>
        <time>2025-02-23T10:24:35.000Z</time>
        <extensions>
          <ns3:TrackPointExtension>
            <ns3:hr>108</ns3:hr>
          </ns3:TrackPointExtension>
        </extensions>
      </trkpt>
    </trkseg>
  </trk>
</gpx>
