<gpx xmlns:ns3="http://www.garmin.com/xmlschemas/TrackPointExtension/v1" xmlns="http://www.topografix.com/GPX/1/1" xmlns:xsi="http://www.w3.org/2001/XMLSchema-instance" xmlns:ns2="http://www.garmin.com/xmlschemas/GpxExtensions/v3" creator="Garmin Connect" version="1.1" xsi:schemaLocation="http://www.topografix.com/GPX/1/1 http://www.topografix.com/GPX/11.xsd">
  <extensions>
<distance>10049.16</distance>
<average_hr>155.0</average_hr>
<average_speed>3.440999508779275</average_speed>
<start_time>2024-11-17T12:33:00+00:00</start_time>
<end_time>2024-11-17T13:21:40.419000+00:00</end_time>
<moving_time>2915.0</moving_time>
<elapsed_time>2920.419</elapsed_time>
</extensions>
<metadata>
    <link href="connect.garmin.com">
      <text>Garmin Connect</text>
    </link>
    <time>2024-11-17T12:33:00.000Z</time>
  </metadata>
  <trk>
    <name>厦门市 跑步</name>
    <type>running</type>
    <trkseg>
      <trkpt lat="24.48520950973033905029296875" lon="118.10838832519948482513427734375">
        <ele>6.400000095367431640625</ele>
        <time>2024-11-17T12:33:04.000Z</time>
        <extensions>
          <ns3:TrackPointExtension>
            <ns3:hr>101</ns3:hr>
          </ns3:TrackPointExtension>
        </extensions>
      </trkpt>
      <trkpt lat="24.4852249324321746826171875" lon="118.10839352197945117950439453125">
        <ele>6.400000095367431640625</ele>
        <time>2024-11-17T12:33:05.000Z</time>
        <extensions>
          <ns3:TrackPointExtension>
            <ns3:hr>101</ns3:hr>
          </ns3:TrackPointExtension>
        </extensions>
      </trkpt>
      <trkpt lat="24.4852437078952789306640625" lon="118.10839712619781494140625">
        <ele>6.400000095367431640625</ele>
        <time>2024-11-17T12:33:06.000Z</time>
        <extensions>
          <ns3:TrackPointExtension>
            <ns3:hr>101</ns3:hr>
          </ns3:TrackPointExtension>
        </extensions>
      </trkpt>
      <trkpt lat="24.4852639921009540557861328125" lon="118.108398802578449249267578125">
        <ele>6.599999904632568359375</ele>
        <time>2024-11-17T12:33:07.000Z</time>
        <extensions>
          <ns3:TrackPointExtension>
            <ns3:hr>101</ns3:hr>
          </ns3:TrackPointExtension>
        </extensions>
      </trkpt>
      <trkpt lat="24.48528570123016834259033203125" lon="118.108396120369434356689453125">
        <ele>6.599999904632568359375</ele>
        <time>2024-11-17T12:33:08.000Z</time>
        <extensions>
          <ns3:TrackPointExtension>
            <ns3:hr>101</ns3:hr>
          </ns3:TrackPointExtension>
        </extensions>
      </trkpt>
      <trkpt lat="24.48530967347323894500732421875" lon="118.1083885766565799713134765625">
        <ele>6.80000019073486328125</ele>
        <time>2024-11-17T12:33:09.000Z</time>
        <extensions>
          <ns3:TrackPointExtension>
            <ns3:hr>101</ns3:hr>
          </ns3:TrackPointExtension>
        </extensions>
      </trkpt>
      <trkpt lat="24.48533616028726100921630859375" lon="118.10837675817310810089111328125">
        <ele>6.80000019073486328125</ele>
        <time>2024-11-17T12:33:10.000Z</time>
        <extensions>
          <ns3:TrackPointExtension>
            <ns3:hr>101</ns3:hr>
          </ns3:TrackPointExtension>
        </extensions>
      </trkpt>
      <trkpt lat="24.485362730920314788818359375" lon="118.1083630956709384918212890625">
        <ele>7</ele>
        <time>2024-11-17T12:33:11.000Z</time>
        <extensions>
          <ns3:TrackPointExtension>
            <ns3:hr>101</ns3:hr>
          </ns3:TrackPointExtension>
        </extensions>
      </trkpt>
      <trkpt lat="24.48538896627724170684814453125" lon="118.10834893025457859039306640625">
        <ele>7.19999980926513671875</ele>
        <time>2024-11-17T12:33:12.000Z</time>
        <extensions>
          <ns3:TrackPointExtension>
            <ns3:hr>101</ns3:hr>
          </ns3:TrackPointExtension>
        </extensions>
      </trkpt>
      <trkpt lat="24.48541528545320034027099609375" lon="118.108334429562091827392578125">
        <ele>7.400000095367431640625</ele>
        <time>2024-11-17T12:33:13.000Z</time>
        <extensions>
          <ns3:TrackPointExtension>
            <ns3:hr>101</ns3:hr>
          </ns3:TrackPointExtension>
        </extensions>
      </trkpt>
      <trkpt lat="24.48544177226722240447998046875" lon="118.10832001268863677978515625">
        <ele>7.599999904632568359375</ele>
        <time>2024-11-17T12:33:15.000Z</time>
        <extensions>
          <ns3:TrackPointExtension>
            <ns3:hr>101</ns3:hr>
          </ns3:TrackPointExtension>
        </extensions>
      </trkpt>
      <trkpt lat="24.485468678176403045654296875" lon="118.10830752365291118621826171875">
        <ele>7.80000019073486328125</ele>
        <time>2024-11-17T12:33:16.000Z</time>
        <extensions>
          <ns3:TrackPointExtension>
            <ns3:hr>115</ns3:hr>
          </ns3:TrackPointExtension>
        </extensions>
      </trkpt>
      <trkpt lat="24.4854956679046154022216796875" lon="118.10829679481685161590576171875">
        <ele>8</ele>
        <time>2024-11-17T12:33:17.000Z</time>
        <extensions>
          <ns3:TrackPointExtension>
            <ns3:hr>115</ns3:hr>
          </ns3:TrackPointExtension>
        </extensions>
      </trkpt>
      <trkpt lat="24.4855228252708911895751953125" lon="118.1082858145236968994140625">
        <ele>8.19999980926513671875</ele>
        <time>2024-11-17T12:33:18.000Z</time>
        <extensions>
          <ns3:TrackPointExtension>
            <ns3:hr>115</ns3:hr>
          </ns3:TrackPointExtension>
        </extensions>
      </trkpt>
      <trkpt lat="24.4855499826371669769287109375" lon="118.1082735769450664520263671875">
        <ele>8.3999996185302734375</ele>
        <time>2024-11-17T12:33:19.000Z</time>
        <extensions>
          <ns3:TrackPointExtension>
            <ns3:hr>115</ns3:hr>
          </ns3:TrackPointExtension>
        </extensions>
      </trkpt>
      <trkpt lat="24.48557772673666477203369140625" lon="118.10826142318546772003173828125">
        <ele>8.3999996185302734375</ele>
        <time>2024-11-17T12:33:20.000Z</time>
        <extensions>
          <ns3:TrackPointExtension>
            <ns3:hr>115</ns3:hr>
          </ns3:TrackPointExtension>
        </extensions>
      </trkpt>
      <trkpt lat="24.4856058061122894287109375" lon="118.10825027525424957275390625">
        <ele>8.19999980926513671875</ele>
        <time>2024-11-17T12:33:21.000Z</time>
        <extensions>
          <ns3:TrackPointExtension>
            <ns3:hr>115</ns3:hr>
          </ns3:TrackPointExtension>
        </extensions>
      </trkpt>
      <trkpt lat="24.48563388548791408538818359375" lon="118.1082393787801265716552734375">
        <ele>8.19999980926513671875</ele>
        <time>2024-11-17T12:33:22.000Z</time>
        <extensions>
          <ns3:TrackPointExtension>
            <ns3:hr>115</ns3:hr>
          </ns3:TrackPointExtension>
        </extensions>
      </trkpt>
      <trkpt lat="24.48566204868257045745849609375" lon="118.108228482306003570556640625">
        <ele>8</ele>
        <time>2024-11-17T12:33:23.000Z</time>
        <extensions>
          <ns3:TrackPointExtension>
            <ns3:hr>119</ns3:hr>
          </ns3:TrackPointExtension>
        </extensions>
      </trkpt>
      <trkpt lat="24.4856904633343219757080078125" lon="118.1082175858318805694580078125">
        <ele>8</ele>
        <time>2024-11-17T12:33:24.000Z</time>
        <extensions>
          <ns3:TrackPointExtension>
            <ns3:hr>119</ns3:hr>
          </ns3:TrackPointExtension>
        </extensions>
      </trkpt>
      <trkpt lat="24.48571904562413692474365234375" lon="118.1082068569958209991455078125">
        <ele>7.80000019073486328125</ele>
        <time>2024-11-17T12:33:25.000Z</time>
        <extensions>
          <ns3:TrackPointExtension>
            <ns3:hr>119</ns3:hr>
          </ns3:TrackPointExtension>
        </extensions>
      </trkpt>
      <trkpt lat="24.48574804700911045074462890625" lon="118.1081967987120151519775390625">
        <ele>7.80000019073486328125</ele>
        <time>2024-11-17T12:33:26.000Z</time>
        <extensions>
          <ns3:TrackPointExtension>
            <ns3:hr>120</ns3:hr>
          </ns3:TrackPointExtension>
        </extensions>
      </trkpt>
      <trkpt lat="24.4857769645750522613525390625" lon="118.1081867404282093048095703125">
        <ele>7.599999904632568359375</ele>
        <time>2024-11-17T12:33:27.000Z</time>
        <extensions>
          <ns3:TrackPointExtension>
            <ns3:hr>120</ns3:hr>
          </ns3:TrackPointExtension>
        </extensions>
      </trkpt>
      <trkpt lat="24.4858051277697086334228515625" lon="118.1081758439540863037109375">
        <ele>7.599999904632568359375</ele>
        <time>2024-11-17T12:33:28.000Z</time>
        <extensions>
          <ns3:TrackPointExtension>
            <ns3:hr>120</ns3:hr>
          </ns3:TrackPointExtension>
        </extensions>
      </trkpt>
      <trkpt lat="24.48583320714533329010009765625" lon="118.1081656180322170257568359375">
        <ele>7.400000095367431640625</ele>
        <time>2024-11-17T12:33:29.000Z</time>
        <extensions>
          <ns3:TrackPointExtension>
            <ns3:hr>127</ns3:hr>
          </ns3:TrackPointExtension>
        </extensions>
      </trkpt>
      <trkpt lat="24.48586086742579936981201171875" lon="118.10815547592937946319580078125">
        <ele>7.400000095367431640625</ele>
        <time>2024-11-17T12:33:30.000Z</time>
        <extensions>
          <ns3:TrackPointExtension>
            <ns3:hr>127</ns3:hr>
          </ns3:TrackPointExtension>
        </extensions>
      </trkpt>
      <trkpt lat="24.48588810861110687255859375" lon="118.10814441181719303131103515625">
        <ele>7.19999980926513671875</ele>
        <time>2024-11-17T12:33:31.000Z</time>
        <extensions>
          <ns3:TrackPointExtension>
            <ns3:hr>127</ns3:hr>
          </ns3:TrackPointExtension>
        </extensions>
      </trkpt>
      <trkpt lat="24.4859150983393192291259765625" lon="118.1081327609717845916748046875">
        <ele>7.19999980926513671875</ele>
        <time>2024-11-17T12:33:32.000Z</time>
        <extensions>
          <ns3:TrackPointExtension>
            <ns3:hr>127</ns3:hr>
          </ns3:TrackPointExtension>
        </extensions>
      </trkpt>
      <trkpt lat="24.48594217188656330108642578125" lon="118.1081216968595981597900390625">
        <ele>7</ele>
        <time>2024-11-17T12:33:33.000Z</time>
        <extensions>
          <ns3:TrackPointExtension>
            <ns3:hr>127</ns3:hr>
          </ns3:TrackPointExtension>
        </extensions>
      </trkpt>
      <trkpt lat="24.48596932925283908843994140625" lon="118.10811205767095088958740234375">
        <ele>6.80000019073486328125</ele>
        <time>2024-11-17T12:33:34.000Z</time>
        <extensions>
          <ns3:TrackPointExtension>
            <ns3:hr>127</ns3:hr>
          </ns3:TrackPointExtension>
        </extensions>
      </trkpt>
      <trkpt lat="24.48599648661911487579345703125" lon="118.10810266993939876556396484375">
        <ele>6.400000095367431640625</ele>
        <time>2024-11-17T12:33:35.000Z</time>
        <extensions>
          <ns3:TrackPointExtension>
            <ns3:hr>127</ns3:hr>
          </ns3:TrackPointExtension>
        </extensions>
      </trkpt>
      <trkpt lat="24.4860237278044223785400390625" lon="118.1080931983888149261474609375">
        <ele>6.19999980926513671875</ele>
        <time>2024-11-17T12:33:36.000Z</time>
        <extensions>
          <ns3:TrackPointExtension>
            <ns3:hr>127</ns3:hr>
          </ns3:TrackPointExtension>
        </extensions>
      </trkpt>
      <trkpt lat="24.48605113662779331207275390625" lon="118.1080844812095165252685546875">
        <ele>5.80000019073486328125</ele>
        <time>2024-11-17T12:33:37.000Z</time>
        <extensions>
          <ns3:TrackPointExtension>
            <ns3:hr>131</ns3:hr>
          </ns3:TrackPointExtension>
        </extensions>
      </trkpt>
      <trkpt lat="24.4860783778131008148193359375" lon="118.1080757640302181243896484375">
        <ele>5.599999904632568359375</ele>
        <time>2024-11-17T12:33:38.000Z</time>
        <extensions>
          <ns3:TrackPointExtension>
            <ns3:hr>131</ns3:hr>
          </ns3:TrackPointExtension>
        </extensions>
      </trkpt>
      <trkpt lat="24.4861055351793766021728515625" lon="118.10806679539382457733154296875">
        <ele>5.19999980926513671875</ele>
        <time>2024-11-17T12:33:39.000Z</time>
        <extensions>
          <ns3:TrackPointExtension>
            <ns3:hr>131</ns3:hr>
          </ns3:TrackPointExtension>
        </extensions>
      </trkpt>
      <trkpt lat="24.4861330278217792510986328125" lon="118.10805807821452617645263671875">
        <ele>5</ele>
        <time>2024-11-17T12:33:40.000Z</time>
        <extensions>
          <ns3:TrackPointExtension>
            <ns3:hr>131</ns3:hr>
          </ns3:TrackPointExtension>
        </extensions>
      </trkpt>
      <trkpt lat="24.48616127483546733856201171875" lon="118.108049444854259490966796875">
        <ele>4.599999904632568359375</ele>
        <time>2024-11-17T12:33:41.000Z</time>
        <extensions>
          <ns3:TrackPointExtension>
            <ns3:hr>131</ns3:hr>
          </ns3:TrackPointExtension>
        </extensions>
      </trkpt>
      <trkpt lat="24.4861903600394725799560546875" lon="118.1080408953130245208740234375">
        <ele>4.400000095367431640625</ele>
        <time>2024-11-17T12:33:42.000Z</time>
        <extensions>
          <ns3:TrackPointExtension>
            <ns3:hr>131</ns3:hr>
          </ns3:TrackPointExtension>
        </extensions>
      </trkpt>
      <trkpt lat="24.48621894232928752899169921875" lon="118.10803242959082126617431640625">
        <ele>4</ele>
        <time>2024-11-17T12:33:43.000Z</time>
        <extensions>
          <ns3:TrackPointExtension>
            <ns3:hr>133</ns3:hr>
          </ns3:TrackPointExtension>
        </extensions>
      </trkpt>
      <trkpt lat="24.48624551296234130859375" lon="118.10802404768764972686767578125">
        <ele>3.7999999523162841796875</ele>
        <time>2024-11-17T12:33:44.000Z</time>
        <extensions>
          <ns3:TrackPointExtension>
            <ns3:hr>133</ns3:hr>
          </ns3:TrackPointExtension>
        </extensions>
      </trkpt>
      <trkpt lat="24.486270658671855926513671875" lon="118.1080149114131927490234375">
        <ele>3.400000095367431640625</ele>
        <time>2024-11-17T12:33:45.000Z</time>
        <extensions>
          <ns3:TrackPointExtension>
            <ns3:hr>133</ns3:hr>
          </ns3:TrackPointExtension>
        </extensions>
      </trkpt>
      <trkpt lat="24.4862966425716876983642578125" lon="118.10800485312938690185546875">
        <ele>3.2000000476837158203125</ele>
        <time>2024-11-17T12:33:46.000Z</time>
        <extensions>
          <ns3:TrackPointExtension>
            <ns3:hr>133</ns3:hr>
          </ns3:TrackPointExtension>
        </extensions>
      </trkpt>
      <trkpt lat="24.48632421903312206268310546875" lon="118.10799504630267620086669921875">
        <ele>3</ele>
        <time>2024-11-17T12:33:47.000Z</time>
        <extensions>
          <ns3:TrackPointExtension>
            <ns3:hr>133</ns3:hr>
          </ns3:TrackPointExtension>
        </extensions>
      </trkpt>
      <trkpt lat="24.4863522984087467193603515625" lon="118.10798515565693378448486328125">
        <ele>2.599999904632568359375</ele>
        <time>2024-11-17T12:33:48.000Z</time>
        <extensions>
          <ns3:TrackPointExtension>
            <ns3:hr>133</ns3:hr>
          </ns3:TrackPointExtension>
        </extensions>
      </trkpt>
      <trkpt lat="24.4863797910511493682861328125" lon="118.1079738400876522064208984375">
        <ele>2.2000000476837158203125</ele>
        <time>2024-11-17T12:33:49.000Z</time>
        <extensions>
          <ns3:TrackPointExtension>
            <ns3:hr>133</ns3:hr>
          </ns3:TrackPointExtension>
        </extensions>
      </trkpt>
      <trkpt lat="24.48640753515064716339111328125" lon="118.1079612672328948974609375">
        <ele>1.7999999523162841796875</ele>
        <time>2024-11-17T12:33:50.000Z</time>
        <extensions>
          <ns3:TrackPointExtension>
            <ns3:hr>133</ns3:hr>
          </ns3:TrackPointExtension>
        </extensions>
      </trkpt>
      <trkpt lat="24.48643603362143039703369140625" lon="118.10794827528297901153564453125">
        <ele>1.39999997615814208984375</ele>
        <time>2024-11-17T12:33:51.000Z</time>
        <extensions>
          <ns3:TrackPointExtension>
            <ns3:hr>133</ns3:hr>
          </ns3:TrackPointExtension>
        </extensions>
      </trkpt>
      <trkpt lat="24.486464448273181915283203125" lon="118.10793645679950714111328125">
        <ele>0.800000011920928955078125</ele>
        <time>2024-11-17T12:33:52.000Z</time>
        <extensions>
          <ns3:TrackPointExtension>
            <ns3:hr>133</ns3:hr>
          </ns3:TrackPointExtension>
        </extensions>
      </trkpt>
      <trkpt lat="24.48649101890623569488525390625" lon="118.1079258956015110015869140625">
        <ele>0.4000000059604644775390625</ele>
        <time>2024-11-17T12:33:53.000Z</time>
        <extensions>
          <ns3:TrackPointExtension>
            <ns3:hr>136</ns3:hr>
          </ns3:TrackPointExtension>
        </extensions>
      </trkpt>
      <trkpt lat="24.4865159131586551666259765625" lon="118.1079168431460857391357421875">
        <ele>0</ele>
        <time>2024-11-17T12:33:54.000Z</time>
        <extensions>
          <ns3:TrackPointExtension>
            <ns3:hr>137</ns3:hr>
          </ns3:TrackPointExtension>
        </extensions>
      </trkpt>
      <trkpt lat="24.48654080741107463836669921875" lon="118.1079121492803096771240234375">
        <ele>-0.800000011920928955078125</ele>
        <time>2024-11-17T12:33:55.000Z</time>
        <extensions>
          <ns3:TrackPointExtension>
            <ns3:hr>137</ns3:hr>
          </ns3:TrackPointExtension>
        </extensions>
      </trkpt>
      <trkpt lat="24.4865668751299381256103515625" lon="118.10791390947997570037841796875">
        <ele>-1.39999997615814208984375</ele>
        <time>2024-11-17T12:33:56.000Z</time>
        <extensions>
          <ns3:TrackPointExtension>
            <ns3:hr>137</ns3:hr>
          </ns3:TrackPointExtension>
        </extensions>
      </trkpt>
      <trkpt lat="24.48659344576299190521240234375" lon="118.107922375202178955078125">
        <ele>-2</ele>
        <time>2024-11-17T12:33:57.000Z</time>
        <extensions>
          <ns3:TrackPointExtension>
            <ns3:hr>137</ns3:hr>
          </ns3:TrackPointExtension>
        </extensions>
      </trkpt>
      <trkpt lat="24.48661859147250652313232421875" lon="118.10793855227530002593994140625">
        <ele>-2.7999999523162841796875</ele>
        <time>2024-11-17T12:33:58.000Z</time>
        <extensions>
          <ns3:TrackPointExtension>
            <ns3:hr>137</ns3:hr>
          </ns3:TrackPointExtension>
        </extensions>
      </trkpt>
      <trkpt lat="24.48664172552525997161865234375" lon="118.1079604290425777435302734375">
        <ele>-3.2000000476837158203125</ele>
        <time>2024-11-17T12:33:59.000Z</time>
        <extensions>
          <ns3:TrackPointExtension>
            <ns3:hr>137</ns3:hr>
          </ns3:TrackPointExtension>
        </extensions>
      </trkpt>
      <trkpt lat="24.48666402138769626617431640625" lon="118.107985742390155792236328125">
        <ele>-3.599999904632568359375</ele>
        <time>2024-11-17T12:34:00.000Z</time>
        <extensions>
          <ns3:TrackPointExtension>
            <ns3:hr>136</ns3:hr>
          </ns3:TrackPointExtension>
        </extensions>
      </trkpt>
      <trkpt lat="24.4866869039833545684814453125" lon="118.1080144084990024566650390625">
        <ele>-4</ele>
        <time>2024-11-17T12:34:01.000Z</time>
        <extensions>
          <ns3:TrackPointExtension>
            <ns3:hr>136</ns3:hr>
          </ns3:TrackPointExtension>
        </extensions>
      </trkpt>
      <trkpt lat="24.4867097027599811553955078125" lon="118.10804567299783229827880859375">
        <ele>-4.400000095367431640625</ele>
        <time>2024-11-17T12:34:02.000Z</time>
        <extensions>
          <ns3:TrackPointExtension>
            <ns3:hr>136</ns3:hr>
          </ns3:TrackPointExtension>
        </extensions>
      </trkpt>
      <trkpt lat="24.4867288134992122650146484375" lon="118.1080811284482479095458984375">
        <ele>-4.80000019073486328125</ele>
        <time>2024-11-17T12:34:03.000Z</time>
        <extensions>
          <ns3:TrackPointExtension>
            <ns3:hr>136</ns3:hr>
          </ns3:TrackPointExtension>
        </extensions>
      </trkpt>
      <trkpt lat="24.48674163781106472015380859375" lon="118.10812152922153472900390625">
        <ele>-4.80000019073486328125</ele>
        <time>2024-11-17T12:34:04.000Z</time>
        <extensions>
          <ns3:TrackPointExtension>
            <ns3:hr>136</ns3:hr>
          </ns3:TrackPointExtension>
        </extensions>
      </trkpt>
      <trkpt lat="24.4867499358952045440673828125" lon="118.10816519893705844879150390625">
        <ele>-4</ele>
        <time>2024-11-17T12:34:05.000Z</time>
        <extensions>
          <ns3:TrackPointExtension>
            <ns3:hr>136</ns3:hr>
          </ns3:TrackPointExtension>
        </extensions>
      </trkpt>
      <trkpt lat="24.4867566414177417755126953125" lon="118.108209036290645599365234375">
        <ele>-3.400000095367431640625</ele>
        <time>2024-11-17T12:34:06.000Z</time>
        <extensions>
          <ns3:TrackPointExtension>
            <ns3:hr>136</ns3:hr>
          </ns3:TrackPointExtension>
        </extensions>
      </trkpt>
      <trkpt lat="24.4867640174925327301025390625" lon="118.1082501076161861419677734375">
        <ele>-2.599999904632568359375</ele>
        <time>2024-11-17T12:34:07.000Z</time>
        <extensions>
          <ns3:TrackPointExtension>
            <ns3:hr>136</ns3:hr>
          </ns3:TrackPointExtension>
        </extensions>
      </trkpt>
      <trkpt lat="24.4867730699479579925537109375" lon="118.1082873232662677764892578125">
        <ele>-2</ele>
        <time>2024-11-17T12:34:08.000Z</time>
        <extensions>
          <ns3:TrackPointExtension>
            <ns3:hr>136</ns3:hr>
          </ns3:TrackPointExtension>
        </extensions>
      </trkpt>
      <trkpt lat="24.48678455315530300140380859375" lon="118.1083211861550807952880859375">
        <ele>-1.60000002384185791015625</ele>
        <time>2024-11-17T12:34:09.000Z</time>
        <extensions>
          <ns3:TrackPointExtension>
            <ns3:hr>136</ns3:hr>
          </ns3:TrackPointExtension>
        </extensions>
      </trkpt>
      <trkpt lat="24.4867978803813457489013671875" lon="118.1083537079393863677978515625">
        <ele>-1.39999997615814208984375</ele>
        <time>2024-11-17T12:34:10.000Z</time>
        <extensions>
          <ns3:TrackPointExtension>
            <ns3:hr>136</ns3:hr>
          </ns3:TrackPointExtension>
        </extensions>
      </trkpt>
      <trkpt lat="24.48681187815964221954345703125" lon="118.10838597826659679412841796875">
        <ele>-1.2000000476837158203125</ele>
        <time>2024-11-17T12:34:11.000Z</time>
        <extensions>
          <ns3:TrackPointExtension>
            <ns3:hr>136</ns3:hr>
          </ns3:TrackPointExtension>
        </extensions>
      </trkpt>
      <trkpt lat="24.48682562448084354400634765625" lon="118.1084180809557437896728515625">
        <ele>-1.2000000476837158203125</ele>
        <time>2024-11-17T12:34:12.000Z</time>
        <extensions>
          <ns3:TrackPointExtension>
            <ns3:hr>136</ns3:hr>
          </ns3:TrackPointExtension>
        </extensions>
      </trkpt>
      <trkpt lat="24.48683836497366428375244140625" lon="118.10844968073070049285888671875">
        <ele>-1.2000000476837158203125</ele>
        <time>2024-11-17T12:34:13.000Z</time>
        <extensions>
          <ns3:TrackPointExtension>
            <ns3:hr>137</ns3:hr>
          </ns3:TrackPointExtension>
        </extensions>
      </trkpt>
      <trkpt lat="24.48684942908585071563720703125" lon="118.108481280505657196044921875">
        <ele>-1.2000000476837158203125</ele>
        <time>2024-11-17T12:34:14.000Z</time>
        <extensions>
          <ns3:TrackPointExtension>
            <ns3:hr>137</ns3:hr>
          </ns3:TrackPointExtension>
        </extensions>
      </trkpt>
      <trkpt lat="24.4868592359125614166259765625" lon="118.1085132993757724761962890625">
        <ele>-1</ele>
        <time>2024-11-17T12:34:15.000Z</time>
        <extensions>
          <ns3:TrackPointExtension>
            <ns3:hr>137</ns3:hr>
          </ns3:TrackPointExtension>
        </extensions>
      </trkpt>
      <trkpt lat="24.48686803691089153289794921875" lon="118.1085461564362049102783203125">
        <ele>-0.60000002384185791015625</ele>
        <time>2024-11-17T12:34:16.000Z</time>
        <extensions>
          <ns3:TrackPointExtension>
            <ns3:hr>138</ns3:hr>
          </ns3:TrackPointExtension>
        </extensions>
      </trkpt>
      <trkpt lat="24.48687625117599964141845703125" lon="118.10857951641082763671875">
        <ele>-0.4000000059604644775390625</ele>
        <time>2024-11-17T12:34:17.000Z</time>
        <extensions>
          <ns3:TrackPointExtension>
            <ns3:hr>138</ns3:hr>
          </ns3:TrackPointExtension>
        </extensions>
      </trkpt>
      <trkpt lat="24.48688429780304431915283203125" lon="118.10861262492835521697998046875">
        <ele>-0.20000000298023223876953125</ele>
        <time>2024-11-17T12:34:18.000Z</time>
        <extensions>
          <ns3:TrackPointExtension>
            <ns3:hr>138</ns3:hr>
          </ns3:TrackPointExtension>
        </extensions>
      </trkpt>
      <trkpt lat="24.48689251206815242767333984375" lon="118.108644895255565643310546875">
        <ele>0.20000000298023223876953125</ele>
        <time>2024-11-17T12:34:19.000Z</time>
        <extensions>
          <ns3:TrackPointExtension>
            <ns3:hr>131</ns3:hr>
          </ns3:TrackPointExtension>
        </extensions>
      </trkpt>
      <trkpt lat="24.486900977790355682373046875" lon="118.1086765788495540618896484375">
        <ele>0.20000000298023223876953125</ele>
        <time>2024-11-17T12:34:20.000Z</time>
        <extensions>
          <ns3:TrackPointExtension>
            <ns3:hr>131</ns3:hr>
          </ns3:TrackPointExtension>
        </extensions>
      </trkpt>
      <trkpt lat="24.48690927587449550628662109375" lon="118.10870801098644733428955078125">
        <ele>0</ele>
        <time>2024-11-17T12:34:21.000Z</time>
        <extensions>
          <ns3:TrackPointExtension>
            <ns3:hr>131</ns3:hr>
          </ns3:TrackPointExtension>
        </extensions>
      </trkpt>
      <trkpt lat="24.4869175739586353302001953125" lon="118.10873952694237232208251953125">
        <ele>-0.20000000298023223876953125</ele>
        <time>2024-11-17T12:34:22.000Z</time>
        <extensions>
          <ns3:TrackPointExtension>
            <ns3:hr>131</ns3:hr>
          </ns3:TrackPointExtension>
        </extensions>
      </trkpt>
      <trkpt lat="24.486925788223743438720703125" lon="118.10877171345055103302001953125">
        <ele>-0.4000000059604644775390625</ele>
        <time>2024-11-17T12:34:23.000Z</time>
        <extensions>
          <ns3:TrackPointExtension>
            <ns3:hr>131</ns3:hr>
          </ns3:TrackPointExtension>
        </extensions>
      </trkpt>
      <trkpt lat="24.48693375103175640106201171875" lon="118.10880415141582489013671875">
        <ele>-0.60000002384185791015625</ele>
        <time>2024-11-17T12:34:24.000Z</time>
        <extensions>
          <ns3:TrackPointExtension>
            <ns3:hr>131</ns3:hr>
          </ns3:TrackPointExtension>
        </extensions>
      </trkpt>
      <trkpt lat="24.4869415462017059326171875" lon="118.10883633792400360107421875">
        <ele>-0.800000011920928955078125</ele>
        <time>2024-11-17T12:34:25.000Z</time>
        <extensions>
          <ns3:TrackPointExtension>
            <ns3:hr>131</ns3:hr>
          </ns3:TrackPointExtension>
        </extensions>
      </trkpt>
      <trkpt lat="24.48694950900971889495849609375" lon="118.10886793769896030426025390625">
        <ele>-1</ele>
        <time>2024-11-17T12:34:26.000Z</time>
        <extensions>
          <ns3:TrackPointExtension>
            <ns3:hr>131</ns3:hr>
          </ns3:TrackPointExtension>
        </extensions>
      </trkpt>
      <trkpt lat="24.4869574718177318572998046875" lon="118.10889911837875843048095703125">
        <ele>-1</ele>
        <time>2024-11-17T12:34:27.000Z</time>
        <extensions>
          <ns3:TrackPointExtension>
            <ns3:hr>140</ns3:hr>
          </ns3:TrackPointExtension>
        </extensions>
      </trkpt>
      <trkpt lat="24.486965350806713104248046875" lon="118.10893021523952484130859375">
        <ele>-1.2000000476837158203125</ele>
        <time>2024-11-17T12:34:28.000Z</time>
        <extensions>
          <ns3:TrackPointExtension>
            <ns3:hr>140</ns3:hr>
          </ns3:TrackPointExtension>
        </extensions>
      </trkpt>
      <trkpt lat="24.48697306215763092041015625" lon="118.10896114446222782135009765625">
        <ele>-1.2000000476837158203125</ele>
        <time>2024-11-17T12:34:29.000Z</time>
        <extensions>
          <ns3:TrackPointExtension>
            <ns3:hr>140</ns3:hr>
          </ns3:TrackPointExtension>
        </extensions>
      </trkpt>
      <trkpt lat="24.48698001913726329803466796875" lon="118.10899148695170879364013671875">
        <ele>-1</ele>
        <time>2024-11-17T12:34:30.000Z</time>
        <extensions>
          <ns3:TrackPointExtension>
            <ns3:hr>137</ns3:hr>
          </ns3:TrackPointExtension>
        </extensions>
      </trkpt>
      <trkpt lat="24.48698705993592739105224609375" lon="118.1090212427079677581787109375">
        <ele>-0.800000011920928955078125</ele>
        <time>2024-11-17T12:34:31.000Z</time>
        <extensions>
          <ns3:TrackPointExtension>
            <ns3:hr>137</ns3:hr>
          </ns3:TrackPointExtension>
        </extensions>
      </trkpt>
      <trkpt lat="24.486995525658130645751953125" lon="118.109050579369068145751953125">
        <ele>-0.800000011920928955078125</ele>
        <time>2024-11-17T12:34:32.000Z</time>
        <extensions>
          <ns3:TrackPointExtension>
            <ns3:hr>137</ns3:hr>
          </ns3:TrackPointExtension>
        </extensions>
      </trkpt>
      <trkpt lat="24.4870057515799999237060546875" lon="118.10907966457307338714599609375">
        <ele>-0.800000011920928955078125</ele>
        <time>2024-11-17T12:34:33.000Z</time>
        <extensions>
          <ns3:TrackPointExtension>
            <ns3:hr>137</ns3:hr>
          </ns3:TrackPointExtension>
        </extensions>
      </trkpt>
      <trkpt lat="24.48701689951121807098388671875" lon="118.1091084145009517669677734375">
        <ele>-1</ele>
        <time>2024-11-17T12:34:34.000Z</time>
        <extensions>
          <ns3:TrackPointExtension>
            <ns3:hr>137</ns3:hr>
          </ns3:TrackPointExtension>
        </extensions>
      </trkpt>
      <trkpt lat="24.48702804744243621826171875" lon="118.10913766734302043914794921875">
        <ele>-1</ele>
        <time>2024-11-17T12:34:35.000Z</time>
        <extensions>
          <ns3:TrackPointExtension>
            <ns3:hr>137</ns3:hr>
          </ns3:TrackPointExtension>
        </extensions>
      </trkpt>
      <trkpt lat="24.487037770450115203857421875" lon="118.10916767455637454986572265625">
        <ele>-1</ele>
        <time>2024-11-17T12:34:36.000Z</time>
        <extensions>
          <ns3:TrackPointExtension>
            <ns3:hr>137</ns3:hr>
          </ns3:TrackPointExtension>
        </extensions>
      </trkpt>
      <trkpt lat="24.48704606853425502777099609375" lon="118.1091982685029506683349609375">
        <ele>-0.800000011920928955078125</ele>
        <time>2024-11-17T12:34:37.000Z</time>
        <extensions>
          <ns3:TrackPointExtension>
            <ns3:hr>137</ns3:hr>
          </ns3:TrackPointExtension>
        </extensions>
      </trkpt>
      <trkpt lat="24.48705478571355342864990234375" lon="118.1092287786304950714111328125">
        <ele>-0.800000011920928955078125</ele>
        <time>2024-11-17T12:34:38.000Z</time>
        <extensions>
          <ns3:TrackPointExtension>
            <ns3:hr>139</ns3:hr>
          </ns3:TrackPointExtension>
        </extensions>
      </trkpt>
      <trkpt lat="24.4870649278163909912109375" lon="118.10925853438675403594970703125">
        <ele>-0.60000002384185791015625</ele>
        <time>2024-11-17T12:34:39.000Z</time>
        <extensions>
          <ns3:TrackPointExtension>
            <ns3:hr>139</ns3:hr>
          </ns3:TrackPointExtension>
        </extensions>
      </trkpt>
      <trkpt lat="24.4870756566524505615234375" lon="118.1092867814004421234130859375">
        <ele>-0.4000000059604644775390625</ele>
        <time>2024-11-17T12:34:40.000Z</time>
        <extensions>
          <ns3:TrackPointExtension>
            <ns3:hr>139</ns3:hr>
          </ns3:TrackPointExtension>
        </extensions>
      </trkpt>
      <trkpt lat="24.487086050212383270263671875" lon="118.10931452549993991851806640625">
        <ele>0</ele>
        <time>2024-11-17T12:34:41.000Z</time>
        <extensions>
          <ns3:TrackPointExtension>
            <ns3:hr>139</ns3:hr>
          </ns3:TrackPointExtension>
        </extensions>
      </trkpt>
      <trkpt lat="24.48709602467715740203857421875" lon="118.109342940151691436767578125">
        <ele>0.20000000298023223876953125</ele>
        <time>2024-11-17T12:34:42.000Z</time>
        <extensions>
          <ns3:TrackPointExtension>
            <ns3:hr>139</ns3:hr>
          </ns3:TrackPointExtension>
        </extensions>
      </trkpt>
      <trkpt lat="24.48710625059902667999267578125" lon="118.1093722768127918243408203125">
        <ele>0.60000002384185791015625</ele>
        <time>2024-11-17T12:34:43.000Z</time>
        <extensions>
          <ns3:TrackPointExtension>
            <ns3:hr>134</ns3:hr>
          </ns3:TrackPointExtension>
        </extensions>
      </trkpt>
      <trkpt lat="24.487116225063800811767578125" lon="118.10940152965486049652099609375">
        <ele>1</ele>
        <time>2024-11-17T12:34:44.000Z</time>
        <extensions>
          <ns3:TrackPointExtension>
            <ns3:hr>134</ns3:hr>
          </ns3:TrackPointExtension>
        </extensions>
      </trkpt>
      <trkpt lat="24.48712603189051151275634765625" lon="118.109430111944675445556640625">
        <ele>1.2000000476837158203125</ele>
        <time>2024-11-17T12:34:45.000Z</time>
        <extensions>
          <ns3:TrackPointExtension>
            <ns3:hr>134</ns3:hr>
          </ns3:TrackPointExtension>
        </extensions>
      </trkpt>
      <trkpt lat="24.48713600635528564453125" lon="118.1094581075012683868408203125">
        <ele>1.60000002384185791015625</ele>
        <time>2024-11-17T12:34:46.000Z</time>
        <extensions>
          <ns3:TrackPointExtension>
            <ns3:hr>134</ns3:hr>
          </ns3:TrackPointExtension>
        </extensions>
      </trkpt>
      <trkpt lat="24.48714606463909149169921875" lon="118.109486103057861328125">
        <ele>1.7999999523162841796875</ele>
        <time>2024-11-17T12:34:47.000Z</time>
        <extensions>
          <ns3:TrackPointExtension>
            <ns3:hr>141</ns3:hr>
          </ns3:TrackPointExtension>
        </extensions>
      </trkpt>
      <trkpt lat="24.48715553618967533111572265625" lon="118.10951502062380313873291015625">
        <ele>2</ele>
        <time>2024-11-17T12:34:48.000Z</time>
        <extensions>
          <ns3:TrackPointExtension>
            <ns3:hr>141</ns3:hr>
          </ns3:TrackPointExtension>
        </extensions>
      </trkpt>
      <trkpt lat="24.48716425336897373199462890625" lon="118.10954469256103038787841796875">
        <ele>2.400000095367431640625</ele>
        <time>2024-11-17T12:34:49.000Z</time>
        <extensions>
          <ns3:TrackPointExtension>
            <ns3:hr>141</ns3:hr>
          </ns3:TrackPointExtension>
        </extensions>
      </trkpt>
      <trkpt lat="24.487171880900859832763671875" lon="118.1095747835934162139892578125">
        <ele>2.599999904632568359375</ele>
        <time>2024-11-17T12:34:50.000Z</time>
        <extensions>
          <ns3:TrackPointExtension>
            <ns3:hr>141</ns3:hr>
          </ns3:TrackPointExtension>
        </extensions>
      </trkpt>
      <trkpt lat="24.48717816732823848724365234375" lon="118.10960520990192890167236328125">
        <ele>2.7999999523162841796875</ele>
        <time>2024-11-17T12:34:51.000Z</time>
        <extensions>
          <ns3:TrackPointExtension>
            <ns3:hr>141</ns3:hr>
          </ns3:TrackPointExtension>
        </extensions>
      </trkpt>
      <trkpt lat="24.48718897998332977294921875" lon="118.1096676550805568695068359375">
        <ele>3.2000000476837158203125</ele>
        <time>2024-11-17T12:34:52.000Z</time>
        <extensions>
          <ns3:TrackPointExtension>
            <ns3:hr>141</ns3:hr>
          </ns3:TrackPointExtension>
        </extensions>
      </trkpt>
      <trkpt lat="24.48719375766813755035400390625" lon="118.1096998415887355804443359375">
        <ele>3.400000095367431640625</ele>
        <time>2024-11-17T12:34:53.000Z</time>
        <extensions>
          <ns3:TrackPointExtension>
            <ns3:hr>141</ns3:hr>
          </ns3:TrackPointExtension>
        </extensions>
      </trkpt>
      <trkpt lat="24.48719962500035762786865234375" lon="118.10973177663981914520263671875">
        <ele>3.599999904632568359375</ele>
        <time>2024-11-17T12:34:54.000Z</time>
        <extensions>
          <ns3:TrackPointExtension>
            <ns3:hr>141</ns3:hr>
          </ns3:TrackPointExtension>
        </extensions>
      </trkpt>
      <trkpt lat="24.4872072525322437286376953125" lon="118.1097628735005855560302734375">
        <ele>3.7999999523162841796875</ele>
        <time>2024-11-17T12:34:55.000Z</time>
        <extensions>
          <ns3:TrackPointExtension>
            <ns3:hr>141</ns3:hr>
          </ns3:TrackPointExtension>
        </extensions>
      </trkpt>
      <trkpt lat="24.4872159697115421295166015625" lon="118.10979313217103481292724609375">
        <ele>4</ele>
        <time>2024-11-17T12:34:57.000Z</time>
        <extensions>
          <ns3:TrackPointExtension>
            <ns3:hr>136</ns3:hr>
          </ns3:TrackPointExtension>
        </extensions>
      </trkpt>
      <trkpt lat="24.4872246868908405303955078125" lon="118.10982330702245235443115234375">
        <ele>4.19999980926513671875</ele>
        <time>2024-11-17T12:34:58.000Z</time>
        <extensions>
          <ns3:TrackPointExtension>
            <ns3:hr>136</ns3:hr>
          </ns3:TrackPointExtension>
        </extensions>
      </trkpt>
      <trkpt lat="24.48723264969885349273681640625" lon="118.10985465534031391143798828125">
        <ele>4.19999980926513671875</ele>
        <time>2024-11-17T12:34:59.000Z</time>
        <extensions>
          <ns3:TrackPointExtension>
            <ns3:hr>136</ns3:hr>
          </ns3:TrackPointExtension>
        </extensions>
      </trkpt>
      <trkpt lat="24.4872394390404224395751953125" lon="118.10988667421042919158935546875">
        <ele>4.400000095367431640625</ele>
        <time>2024-11-17T12:35:00.000Z</time>
        <extensions>
          <ns3:TrackPointExtension>
            <ns3:hr>136</ns3:hr>
          </ns3:TrackPointExtension>
        </extensions>
      </trkpt>
      <trkpt lat="24.48724530637264251708984375" lon="118.10991852544248104095458984375">
        <ele>4.599999904632568359375</ele>
        <time>2024-11-17T12:35:01.000Z</time>
        <extensions>
          <ns3:TrackPointExtension>
            <ns3:hr>136</ns3:hr>
          </ns3:TrackPointExtension>
        </extensions>
      </trkpt>
      <trkpt lat="24.48725092224776744842529296875" lon="118.10994953848421573638916015625">
        <ele>4.599999904632568359375</ele>
        <time>2024-11-17T12:35:02.000Z</time>
        <extensions>
          <ns3:TrackPointExtension>
            <ns3:hr>140</ns3:hr>
          </ns3:TrackPointExtension>
        </extensions>
      </trkpt>
      <trkpt lat="24.48725729249417781829833984375" lon="118.1099796295166015625">
        <ele>4.80000019073486328125</ele>
        <time>2024-11-17T12:35:03.000Z</time>
        <extensions>
          <ns3:TrackPointExtension>
            <ns3:hr>140</ns3:hr>
          </ns3:TrackPointExtension>
        </extensions>
      </trkpt>
      <trkpt lat="24.48726483620703220367431640625" lon="118.110009469091892242431640625">
        <ele>4.80000019073486328125</ele>
        <time>2024-11-17T12:35:04.000Z</time>
        <extensions>
          <ns3:TrackPointExtension>
            <ns3:hr>140</ns3:hr>
          </ns3:TrackPointExtension>
        </extensions>
      </trkpt>
      <trkpt lat="24.487273134291172027587890625" lon="118.11003930866718292236328125">
        <ele>5</ele>
        <time>2024-11-17T12:35:05.000Z</time>
        <extensions>
          <ns3:TrackPointExtension>
            <ns3:hr>140</ns3:hr>
          </ns3:TrackPointExtension>
        </extensions>
      </trkpt>
      <trkpt lat="24.48728160001337528228759765625" lon="118.11006889678537845611572265625">
        <ele>5</ele>
        <time>2024-11-17T12:35:06.000Z</time>
        <extensions>
          <ns3:TrackPointExtension>
            <ns3:hr>140</ns3:hr>
          </ns3:TrackPointExtension>
        </extensions>
      </trkpt>
      <trkpt lat="24.48729082010686397552490234375" lon="118.1100968085229396820068359375">
        <ele>5</ele>
        <time>2024-11-17T12:35:07.000Z</time>
        <extensions>
          <ns3:TrackPointExtension>
            <ns3:hr>140</ns3:hr>
          </ns3:TrackPointExtension>
        </extensions>
      </trkpt>
      <trkpt lat="24.487301968038082122802734375" lon="118.11012203805148601531982421875">
        <ele>5</ele>
        <time>2024-11-17T12:35:08.000Z</time>
        <extensions>
          <ns3:TrackPointExtension>
            <ns3:hr>141</ns3:hr>
          </ns3:TrackPointExtension>
        </extensions>
      </trkpt>
      <trkpt lat="24.48731563054025173187255859375" lon="118.11014383099973201751708984375">
        <ele>5</ele>
        <time>2024-11-17T12:35:09.000Z</time>
        <extensions>
          <ns3:TrackPointExtension>
            <ns3:hr>141</ns3:hr>
          </ns3:TrackPointExtension>
        </extensions>
      </trkpt>
      <trkpt lat="24.487332142889499664306640625" lon="118.11016193591058254241943359375">
        <ele>5</ele>
        <time>2024-11-17T12:35:10.000Z</time>
        <extensions>
          <ns3:TrackPointExtension>
            <ns3:hr>141</ns3:hr>
          </ns3:TrackPointExtension>
        </extensions>
      </trkpt>
      <trkpt lat="24.487351588904857635498046875" lon="118.11017450876533985137939453125">
        <ele>5</ele>
        <time>2024-11-17T12:35:11.000Z</time>
        <extensions>
          <ns3:TrackPointExtension>
            <ns3:hr>140</ns3:hr>
          </ns3:TrackPointExtension>
        </extensions>
      </trkpt>
      <trkpt lat="24.48737245984375476837158203125" lon="118.11017752625048160552978515625">
        <ele>4.80000019073486328125</ele>
        <time>2024-11-17T12:35:12.000Z</time>
        <extensions>
          <ns3:TrackPointExtension>
            <ns3:hr>140</ns3:hr>
          </ns3:TrackPointExtension>
        </extensions>
      </trkpt>
      <trkpt lat="24.48739408515393733978271484375" lon="118.11017098836600780487060546875">
        <ele>4.80000019073486328125</ele>
        <time>2024-11-17T12:35:13.000Z</time>
        <extensions>
          <ns3:TrackPointExtension>
            <ns3:hr>140</ns3:hr>
          </ns3:TrackPointExtension>
        </extensions>
      </trkpt>
      <trkpt lat="24.4874161295592784881591796875" lon="118.110158331692218780517578125">
        <ele>4.80000019073486328125</ele>
        <time>2024-11-17T12:35:14.000Z</time>
        <extensions>
          <ns3:TrackPointExtension>
            <ns3:hr>140</ns3:hr>
          </ns3:TrackPointExtension>
        </extensions>
      </trkpt>
      <trkpt lat="24.48743842542171478271484375" lon="118.1101424060761928558349609375">
        <ele>4.599999904632568359375</ele>
        <time>2024-11-17T12:35:15.000Z</time>
        <extensions>
          <ns3:TrackPointExtension>
            <ns3:hr>142</ns3:hr>
          </ns3:TrackPointExtension>
        </extensions>
      </trkpt>
      <trkpt lat="24.4874610565602779388427734375" lon="118.11012522317469120025634765625">
        <ele>4.80000019073486328125</ele>
        <time>2024-11-17T12:35:16.000Z</time>
        <extensions>
          <ns3:TrackPointExtension>
            <ns3:hr>142</ns3:hr>
          </ns3:TrackPointExtension>
        </extensions>
      </trkpt>
      <trkpt lat="24.48748393915593624114990234375" lon="118.11010829173028469085693359375">
        <ele>4.80000019073486328125</ele>
        <time>2024-11-17T12:35:17.000Z</time>
        <extensions>
          <ns3:TrackPointExtension>
            <ns3:hr>142</ns3:hr>
          </ns3:TrackPointExtension>
        </extensions>
      </trkpt>
      <trkpt lat="24.4875069893896579742431640625" lon="118.11009228229522705078125">
        <ele>4.80000019073486328125</ele>
        <time>2024-11-17T12:35:18.000Z</time>
        <extensions>
          <ns3:TrackPointExtension>
            <ns3:hr>142</ns3:hr>
          </ns3:TrackPointExtension>
        </extensions>
      </trkpt>
      <trkpt lat="24.48753037489950656890869140625" lon="118.11007744632661342620849609375">
        <ele>5</ele>
        <time>2024-11-17T12:35:19.000Z</time>
        <extensions>
          <ns3:TrackPointExtension>
            <ns3:hr>142</ns3:hr>
          </ns3:TrackPointExtension>
        </extensions>
      </trkpt>
      <trkpt lat="24.4875545985996723175048828125" lon="118.11006386764347553253173828125">
        <ele>5</ele>
        <time>2024-11-17T12:35:20.000Z</time>
        <extensions>
          <ns3:TrackPointExtension>
            <ns3:hr>142</ns3:hr>
          </ns3:TrackPointExtension>
        </extensions>
      </trkpt>
      <trkpt lat="24.48757898993790149688720703125" lon="118.11005129478871822357177734375">
        <ele>5</ele>
        <time>2024-11-17T12:35:21.000Z</time>
        <extensions>
          <ns3:TrackPointExtension>
            <ns3:hr>142</ns3:hr>
          </ns3:TrackPointExtension>
        </extensions>
      </trkpt>
      <trkpt lat="24.48760338127613067626953125" lon="118.1100388057529926300048828125">
        <ele>5</ele>
        <time>2024-11-17T12:35:22.000Z</time>
        <extensions>
          <ns3:TrackPointExtension>
            <ns3:hr>143</ns3:hr>
          </ns3:TrackPointExtension>
        </extensions>
      </trkpt>
      <trkpt lat="24.48762752115726470947265625" lon="118.11002614907920360565185546875">
        <ele>5</ele>
        <time>2024-11-17T12:35:23.000Z</time>
        <extensions>
          <ns3:TrackPointExtension>
            <ns3:hr>143</ns3:hr>
          </ns3:TrackPointExtension>
        </extensions>
      </trkpt>
      <trkpt lat="24.48765157721936702728271484375" lon="118.11001273803412914276123046875">
        <ele>5</ele>
        <time>2024-11-17T12:35:24.000Z</time>
        <extensions>
          <ns3:TrackPointExtension>
            <ns3:hr>143</ns3:hr>
          </ns3:TrackPointExtension>
        </extensions>
      </trkpt>
      <trkpt lat="24.4876756332814693450927734375" lon="118.10999865643680095672607421875">
        <ele>5</ele>
        <time>2024-11-17T12:35:25.000Z</time>
        <extensions>
          <ns3:TrackPointExtension>
            <ns3:hr>143</ns3:hr>
          </ns3:TrackPointExtension>
        </extensions>
      </trkpt>
      <trkpt lat="24.48769968934357166290283203125" lon="118.10998373664915561676025390625">
        <ele>5</ele>
        <time>2024-11-17T12:35:26.000Z</time>
        <extensions>
          <ns3:TrackPointExtension>
            <ns3:hr>143</ns3:hr>
          </ns3:TrackPointExtension>
        </extensions>
      </trkpt>
      <trkpt lat="24.48772382922470569610595703125" lon="118.10996814630925655364990234375">
        <ele>5</ele>
        <time>2024-11-17T12:35:27.000Z</time>
        <extensions>
          <ns3:TrackPointExtension>
            <ns3:hr>143</ns3:hr>
          </ns3:TrackPointExtension>
        </extensions>
      </trkpt>
      <trkpt lat="24.487748555839061737060546875" lon="118.10995222069323062896728515625">
        <ele>4.80000019073486328125</ele>
        <time>2024-11-17T12:35:28.000Z</time>
        <extensions>
          <ns3:TrackPointExtension>
            <ns3:hr>143</ns3:hr>
          </ns3:TrackPointExtension>
        </extensions>
      </trkpt>
      <trkpt lat="24.48777395300567150115966796875" lon="118.109937049448490142822265625">
        <ele>4.80000019073486328125</ele>
        <time>2024-11-17T12:35:29.000Z</time>
        <extensions>
          <ns3:TrackPointExtension>
            <ns3:hr>143</ns3:hr>
          </ns3:TrackPointExtension>
        </extensions>
      </trkpt>
      <trkpt lat="24.4877996854484081268310546875" lon="118.10992305167019367218017578125">
        <ele>4.599999904632568359375</ele>
        <time>2024-11-17T12:35:30.000Z</time>
        <extensions>
          <ns3:TrackPointExtension>
            <ns3:hr>143</ns3:hr>
          </ns3:TrackPointExtension>
        </extensions>
      </trkpt>
      <trkpt lat="24.48785022832453250885009765625" lon="118.1098959781229496002197265625">
        <ele>3.7999999523162841796875</ele>
        <time>2024-11-17T12:35:31.000Z</time>
        <extensions>
          <ns3:TrackPointExtension>
            <ns3:hr>143</ns3:hr>
          </ns3:TrackPointExtension>
        </extensions>
      </trkpt>
      <trkpt lat="24.48787520639598369598388671875" lon="118.10988164506852626800537109375">
        <ele>3.599999904632568359375</ele>
        <time>2024-11-17T12:35:32.000Z</time>
        <extensions>
          <ns3:TrackPointExtension>
            <ns3:hr>143</ns3:hr>
          </ns3:TrackPointExtension>
        </extensions>
      </trkpt>
      <trkpt lat="24.48790018446743488311767578125" lon="118.10986697673797607421875">
        <ele>3.2000000476837158203125</ele>
        <time>2024-11-17T12:35:33.000Z</time>
        <extensions>
          <ns3:TrackPointExtension>
            <ns3:hr>144</ns3:hr>
          </ns3:TrackPointExtension>
        </extensions>
      </trkpt>
      <trkpt lat="24.4879259169101715087890625" lon="118.109852559864521026611328125">
        <ele>3.2000000476837158203125</ele>
        <time>2024-11-17T12:35:34.000Z</time>
        <extensions>
          <ns3:TrackPointExtension>
            <ns3:hr>144</ns3:hr>
          </ns3:TrackPointExtension>
        </extensions>
      </trkpt>
      <trkpt lat="24.4879522360861301422119140625" lon="118.1098388135433197021484375">
        <ele>3</ele>
        <time>2024-11-17T12:35:35.000Z</time>
        <extensions>
          <ns3:TrackPointExtension>
            <ns3:hr>146</ns3:hr>
          </ns3:TrackPointExtension>
        </extensions>
      </trkpt>
      <trkpt lat="24.4879790581762790679931640625" lon="118.10982531867921352386474609375">
        <ele>2.7999999523162841796875</ele>
        <time>2024-11-17T12:35:36.000Z</time>
        <extensions>
          <ns3:TrackPointExtension>
            <ns3:hr>146</ns3:hr>
          </ns3:TrackPointExtension>
        </extensions>
      </trkpt>
      <trkpt lat="24.48800546117126941680908203125" lon="118.10981140471994876861572265625">
        <ele>2.7999999523162841796875</ele>
        <time>2024-11-17T12:35:37.000Z</time>
        <extensions>
          <ns3:TrackPointExtension>
            <ns3:hr>146</ns3:hr>
          </ns3:TrackPointExtension>
        </extensions>
      </trkpt>
      <trkpt lat="24.48803127743303775787353515625" lon="118.1097964011132717132568359375">
        <ele>2.599999904632568359375</ele>
        <time>2024-11-17T12:35:38.000Z</time>
        <extensions>
          <ns3:TrackPointExtension>
            <ns3:hr>146</ns3:hr>
          </ns3:TrackPointExtension>
        </extensions>
      </trkpt>
      <trkpt lat="24.48805667459964752197265625" lon="118.1097809784114360809326171875">
        <ele>2.400000095367431640625</ele>
        <time>2024-11-17T12:35:39.000Z</time>
        <extensions>
          <ns3:TrackPointExtension>
            <ns3:hr>146</ns3:hr>
          </ns3:TrackPointExtension>
        </extensions>
      </trkpt>
      <trkpt lat="24.4880816526710987091064453125" lon="118.1097658909857273101806640625">
        <ele>2.400000095367431640625</ele>
        <time>2024-11-17T12:35:40.000Z</time>
        <extensions>
          <ns3:TrackPointExtension>
            <ns3:hr>146</ns3:hr>
          </ns3:TrackPointExtension>
        </extensions>
      </trkpt>
      <trkpt lat="24.48810637928545475006103515625" lon="118.10975122265517711639404296875">
        <ele>2.400000095367431640625</ele>
        <time>2024-11-17T12:35:41.000Z</time>
        <extensions>
          <ns3:TrackPointExtension>
            <ns3:hr>146</ns3:hr>
          </ns3:TrackPointExtension>
        </extensions>
      </trkpt>
      <trkpt lat="24.48813135735690593719482421875" lon="118.1097367219626903533935546875">
        <ele>2.400000095367431640625</ele>
        <time>2024-11-17T12:35:42.000Z</time>
        <extensions>
          <ns3:TrackPointExtension>
            <ns3:hr>146</ns3:hr>
          </ns3:TrackPointExtension>
        </extensions>
      </trkpt>
      <trkpt lat="24.4881570897996425628662109375" lon="118.10972205363214015960693359375">
        <ele>2.599999904632568359375</ele>
        <time>2024-11-17T12:35:43.000Z</time>
        <extensions>
          <ns3:TrackPointExtension>
            <ns3:hr>146</ns3:hr>
          </ns3:TrackPointExtension>
        </extensions>
      </trkpt>
      <trkpt lat="24.4881829060614109039306640625" lon="118.10970671474933624267578125">
        <ele>3</ele>
        <time>2024-11-17T12:35:44.000Z</time>
        <extensions>
          <ns3:TrackPointExtension>
            <ns3:hr>147</ns3:hr>
          </ns3:TrackPointExtension>
        </extensions>
      </trkpt>
      <trkpt lat="24.48820821940898895263671875" lon="118.10969104059040546417236328125">
        <ele>3.599999904632568359375</ele>
        <time>2024-11-17T12:35:45.000Z</time>
        <extensions>
          <ns3:TrackPointExtension>
            <ns3:hr>147</ns3:hr>
          </ns3:TrackPointExtension>
        </extensions>
      </trkpt>
      <trkpt lat="24.488233365118503570556640625" lon="118.10967528261244297027587890625">
        <ele>4</ele>
        <time>2024-11-17T12:35:46.000Z</time>
        <extensions>
          <ns3:TrackPointExtension>
            <ns3:hr>147</ns3:hr>
          </ns3:TrackPointExtension>
        </extensions>
      </trkpt>
      <trkpt lat="24.48825876228511333465576171875" lon="118.1096602790057659149169921875">
        <ele>4.599999904632568359375</ele>
        <time>2024-11-17T12:35:47.000Z</time>
        <extensions>
          <ns3:TrackPointExtension>
            <ns3:hr>147</ns3:hr>
          </ns3:TrackPointExtension>
        </extensions>
      </trkpt>
      <trkpt lat="24.48828457854688167572021484375" lon="118.10964695177972316741943359375">
        <ele>5</ele>
        <time>2024-11-17T12:35:48.000Z</time>
        <extensions>
          <ns3:TrackPointExtension>
            <ns3:hr>147</ns3:hr>
          </ns3:TrackPointExtension>
        </extensions>
      </trkpt>
      <trkpt lat="24.4883106462657451629638671875" lon="118.10963504947721958160400390625">
        <ele>5.599999904632568359375</ele>
        <time>2024-11-17T12:35:49.000Z</time>
        <extensions>
          <ns3:TrackPointExtension>
            <ns3:hr>147</ns3:hr>
          </ns3:TrackPointExtension>
        </extensions>
      </trkpt>
      <trkpt lat="24.4883367978036403656005859375" lon="118.1096240691840648651123046875">
        <ele>6</ele>
        <time>2024-11-17T12:35:50.000Z</time>
        <extensions>
          <ns3:TrackPointExtension>
            <ns3:hr>147</ns3:hr>
          </ns3:TrackPointExtension>
        </extensions>
      </trkpt>
      <trkpt lat="24.488362781703472137451171875" lon="118.10961409471929073333740234375">
        <ele>6.19999980926513671875</ele>
        <time>2024-11-17T12:35:51.000Z</time>
        <extensions>
          <ns3:TrackPointExtension>
            <ns3:hr>147</ns3:hr>
          </ns3:TrackPointExtension>
        </extensions>
      </trkpt>
      <trkpt lat="24.488388262689113616943359375" lon="118.1096042878925800323486328125">
        <ele>6.599999904632568359375</ele>
        <time>2024-11-17T12:35:52.000Z</time>
        <extensions>
          <ns3:TrackPointExtension>
            <ns3:hr>147</ns3:hr>
          </ns3:TrackPointExtension>
        </extensions>
      </trkpt>
      <trkpt lat="24.4884122349321842193603515625" lon="118.10959313996136188507080078125">
        <ele>7</ele>
        <time>2024-11-17T12:35:53.000Z</time>
        <extensions>
          <ns3:TrackPointExtension>
            <ns3:hr>148</ns3:hr>
          </ns3:TrackPointExtension>
        </extensions>
      </trkpt>
      <trkpt lat="24.48843344114720821380615234375" lon="118.10957930982112884521484375">
        <ele>7.19999980926513671875</ele>
        <time>2024-11-17T12:35:54.000Z</time>
        <extensions>
          <ns3:TrackPointExtension>
            <ns3:hr>148</ns3:hr>
          </ns3:TrackPointExtension>
        </extensions>
      </trkpt>
      <trkpt lat="24.4884502887725830078125" lon="118.10956346802413463592529296875">
        <ele>7.599999904632568359375</ele>
        <time>2024-11-17T12:35:55.000Z</time>
        <extensions>
          <ns3:TrackPointExtension>
            <ns3:hr>148</ns3:hr>
          </ns3:TrackPointExtension>
        </extensions>
      </trkpt>
      <trkpt lat="24.48846143670380115509033203125" lon="118.10954620130360126495361328125">
        <ele>7.80000019073486328125</ele>
        <time>2024-11-17T12:35:56.000Z</time>
        <extensions>
          <ns3:TrackPointExtension>
            <ns3:hr>148</ns3:hr>
          </ns3:TrackPointExtension>
        </extensions>
      </trkpt>
      <trkpt lat="24.48846705257892608642578125" lon="118.1095254980027675628662109375">
        <ele>8</ele>
        <time>2024-11-17T12:35:57.000Z</time>
        <extensions>
          <ns3:TrackPointExtension>
            <ns3:hr>148</ns3:hr>
          </ns3:TrackPointExtension>
        </extensions>
      </trkpt>
      <trkpt lat="24.4884685613214969635009765625" lon="118.10949959792196750640869140625">
        <ele>8.19999980926513671875</ele>
        <time>2024-11-17T12:35:58.000Z</time>
        <extensions>
          <ns3:TrackPointExtension>
            <ns3:hr>148</ns3:hr>
          </ns3:TrackPointExtension>
        </extensions>
      </trkpt>
      <trkpt lat="24.48846596293151378631591796875" lon="118.109470345079898834228515625">
        <ele>8.19999980926513671875</ele>
        <time>2024-11-17T12:35:59.000Z</time>
        <extensions>
          <ns3:TrackPointExtension>
            <ns3:hr>148</ns3:hr>
          </ns3:TrackPointExtension>
        </extensions>
      </trkpt>
      <trkpt lat="24.48845858685672283172607421875" lon="118.10944142751395702362060546875">
        <ele>8</ele>
        <time>2024-11-17T12:36:00.000Z</time>
        <extensions>
          <ns3:TrackPointExtension>
            <ns3:hr>148</ns3:hr>
          </ns3:TrackPointExtension>
        </extensions>
      </trkpt>
      <trkpt lat="24.48844785802066326141357421875" lon="118.10941326431930065155029296875">
        <ele>8</ele>
        <time>2024-11-17T12:36:01.000Z</time>
        <extensions>
          <ns3:TrackPointExtension>
            <ns3:hr>148</ns3:hr>
          </ns3:TrackPointExtension>
        </extensions>
      </trkpt>
      <trkpt lat="24.48843620717525482177734375" lon="118.1093856878578662872314453125">
        <ele>7.80000019073486328125</ele>
        <time>2024-11-17T12:36:02.000Z</time>
        <extensions>
          <ns3:TrackPointExtension>
            <ns3:hr>148</ns3:hr>
          </ns3:TrackPointExtension>
        </extensions>
      </trkpt>
      <trkpt lat="24.48842489160597324371337890625" lon="118.10935945250093936920166015625">
        <ele>7.80000019073486328125</ele>
        <time>2024-11-17T12:36:03.000Z</time>
        <extensions>
          <ns3:TrackPointExtension>
            <ns3:hr>148</ns3:hr>
          </ns3:TrackPointExtension>
        </extensions>
      </trkpt>
      <trkpt lat="24.4884149171411991119384765625" lon="118.10933397151529788970947265625">
        <ele>7.599999904632568359375</ele>
        <time>2024-11-17T12:36:04.000Z</time>
        <extensions>
          <ns3:TrackPointExtension>
            <ns3:hr>148</ns3:hr>
          </ns3:TrackPointExtension>
        </extensions>
      </trkpt>
      <trkpt lat="24.4884060323238372802734375" lon="118.10930840671062469482421875">
        <ele>7.599999904632568359375</ele>
        <time>2024-11-17T12:36:05.000Z</time>
        <extensions>
          <ns3:TrackPointExtension>
            <ns3:hr>148</ns3:hr>
          </ns3:TrackPointExtension>
        </extensions>
      </trkpt>
      <trkpt lat="24.4883981533348560333251953125" lon="118.10928183607757091522216796875">
        <ele>7.400000095367431640625</ele>
        <time>2024-11-17T12:36:06.000Z</time>
        <extensions>
          <ns3:TrackPointExtension>
            <ns3:hr>147</ns3:hr>
          </ns3:TrackPointExtension>
        </extensions>
      </trkpt>
      <trkpt lat="24.48839086107909679412841796875" lon="118.10925350524485111236572265625">
        <ele>7.400000095367431640625</ele>
        <time>2024-11-17T12:36:07.000Z</time>
        <extensions>
          <ns3:TrackPointExtension>
            <ns3:hr>147</ns3:hr>
          </ns3:TrackPointExtension>
        </extensions>
      </trkpt>
      <trkpt lat="24.48838331736624240875244140625" lon="118.10922433622181415557861328125">
        <ele>7.400000095367431640625</ele>
        <time>2024-11-17T12:36:08.000Z</time>
        <extensions>
          <ns3:TrackPointExtension>
            <ns3:hr>147</ns3:hr>
          </ns3:TrackPointExtension>
        </extensions>
      </trkpt>
      <trkpt lat="24.488375186920166015625" lon="118.10919499956071376800537109375">
        <ele>7.400000095367431640625</ele>
        <time>2024-11-17T12:36:09.000Z</time>
        <extensions>
          <ns3:TrackPointExtension>
            <ns3:hr>147</ns3:hr>
          </ns3:TrackPointExtension>
        </extensions>
      </trkpt>
      <trkpt lat="24.488367140293121337890625" lon="118.10916583053767681121826171875">
        <ele>7.400000095367431640625</ele>
        <time>2024-11-17T12:36:10.000Z</time>
        <extensions>
          <ns3:TrackPointExtension>
            <ns3:hr>147</ns3:hr>
          </ns3:TrackPointExtension>
        </extensions>
      </trkpt>
      <trkpt lat="24.48835968039929866790771484375" lon="118.10913699679076671600341796875">
        <ele>7.400000095367431640625</ele>
        <time>2024-11-17T12:36:11.000Z</time>
        <extensions>
          <ns3:TrackPointExtension>
            <ns3:hr>147</ns3:hr>
          </ns3:TrackPointExtension>
        </extensions>
      </trkpt>
      <trkpt lat="24.48835280723869800567626953125" lon="118.109108246862888336181640625">
        <ele>7.400000095367431640625</ele>
        <time>2024-11-17T12:36:12.000Z</time>
        <extensions>
          <ns3:TrackPointExtension>
            <ns3:hr>147</ns3:hr>
          </ns3:TrackPointExtension>
        </extensions>
      </trkpt>
      <trkpt lat="24.48834635317325592041015625" lon="118.10907882638275623321533203125">
        <ele>7.400000095367431640625</ele>
        <time>2024-11-17T12:36:13.000Z</time>
        <extensions>
          <ns3:TrackPointExtension>
            <ns3:hr>147</ns3:hr>
          </ns3:TrackPointExtension>
        </extensions>
      </trkpt>
      <trkpt lat="24.48833989910781383514404296875" lon="118.10904848389327526092529296875">
        <ele>7.400000095367431640625</ele>
        <time>2024-11-17T12:36:14.000Z</time>
        <extensions>
          <ns3:TrackPointExtension>
            <ns3:hr>146</ns3:hr>
          </ns3:TrackPointExtension>
        </extensions>
      </trkpt>
      <trkpt lat="24.48833319358527660369873046875" lon="118.109017722308635711669921875">
        <ele>7.599999904632568359375</ele>
        <time>2024-11-17T12:36:15.000Z</time>
        <extensions>
          <ns3:TrackPointExtension>
            <ns3:hr>146</ns3:hr>
          </ns3:TrackPointExtension>
        </extensions>
      </trkpt>
      <trkpt lat="24.48832564987242221832275390625" lon="118.1089873798191547393798828125">
        <ele>7.599999904632568359375</ele>
        <time>2024-11-17T12:36:16.000Z</time>
        <extensions>
          <ns3:TrackPointExtension>
            <ns3:hr>146</ns3:hr>
          </ns3:TrackPointExtension>
        </extensions>
      </trkpt>
      <trkpt lat="24.48831743560731410980224609375" lon="118.108956702053546905517578125">
        <ele>7.599999904632568359375</ele>
        <time>2024-11-17T12:36:17.000Z</time>
        <extensions>
          <ns3:TrackPointExtension>
            <ns3:hr>146</ns3:hr>
          </ns3:TrackPointExtension>
        </extensions>
      </trkpt>
      <trkpt lat="24.4883093051612377166748046875" lon="118.1089256890118122100830078125">
        <ele>7.80000019073486328125</ele>
        <time>2024-11-17T12:36:18.000Z</time>
        <extensions>
          <ns3:TrackPointExtension>
            <ns3:hr>146</ns3:hr>
          </ns3:TrackPointExtension>
        </extensions>
      </trkpt>
      <trkpt lat="24.48830201290547847747802734375" lon="118.10889509506523609161376953125">
        <ele>8</ele>
        <time>2024-11-17T12:36:19.000Z</time>
        <extensions>
          <ns3:TrackPointExtension>
            <ns3:hr>146</ns3:hr>
          </ns3:TrackPointExtension>
        </extensions>
      </trkpt>
      <trkpt lat="24.4882952235639095306396484375" lon="118.10886475257575511932373046875">
        <ele>8.19999980926513671875</ele>
        <time>2024-11-17T12:36:20.000Z</time>
        <extensions>
          <ns3:TrackPointExtension>
            <ns3:hr>146</ns3:hr>
          </ns3:TrackPointExtension>
        </extensions>
      </trkpt>
      <trkpt lat="24.488288350403308868408203125" lon="118.1088338233530521392822265625">
        <ele>8.3999996185302734375</ele>
        <time>2024-11-17T12:36:21.000Z</time>
        <extensions>
          <ns3:TrackPointExtension>
            <ns3:hr>146</ns3:hr>
          </ns3:TrackPointExtension>
        </extensions>
      </trkpt>
      <trkpt lat="24.488280974328517913818359375" lon="118.10880255885422229766845703125">
        <ele>8.80000019073486328125</ele>
        <time>2024-11-17T12:36:22.000Z</time>
        <extensions>
          <ns3:TrackPointExtension>
            <ns3:hr>144</ns3:hr>
          </ns3:TrackPointExtension>
        </extensions>
      </trkpt>
      <trkpt lat="24.48827259242534637451171875" lon="118.10877188108861446380615234375">
        <ele>9</ele>
        <time>2024-11-17T12:36:23.000Z</time>
        <extensions>
          <ns3:TrackPointExtension>
            <ns3:hr>144</ns3:hr>
          </ns3:TrackPointExtension>
        </extensions>
      </trkpt>
      <trkpt lat="24.488262869417667388916015625" lon="118.1087419576942920684814453125">
        <ele>9.19999980926513671875</ele>
        <time>2024-11-17T12:36:24.000Z</time>
        <extensions>
          <ns3:TrackPointExtension>
            <ns3:hr>144</ns3:hr>
          </ns3:TrackPointExtension>
        </extensions>
      </trkpt>
      <trkpt lat="24.4882519729435443878173828125" lon="118.10871295630931854248046875">
        <ele>9.3999996185302734375</ele>
        <time>2024-11-17T12:36:25.000Z</time>
        <extensions>
          <ns3:TrackPointExtension>
            <ns3:hr>144</ns3:hr>
          </ns3:TrackPointExtension>
        </extensions>
      </trkpt>
      <trkpt lat="24.48824116028845310211181640625" lon="118.108684122562408447265625">
        <ele>9.6000003814697265625</ele>
        <time>2024-11-17T12:36:26.000Z</time>
        <extensions>
          <ns3:TrackPointExtension>
            <ns3:hr>144</ns3:hr>
          </ns3:TrackPointExtension>
        </extensions>
      </trkpt>
      <trkpt lat="24.4882316887378692626953125" lon="118.1086544506251811981201171875">
        <ele>9.80000019073486328125</ele>
        <time>2024-11-17T12:36:27.000Z</time>
        <extensions>
          <ns3:TrackPointExtension>
            <ns3:hr>144</ns3:hr>
          </ns3:TrackPointExtension>
        </extensions>
      </trkpt>
      <trkpt lat="24.48822322301566600799560546875" lon="118.10862452723085880279541015625">
        <ele>9.80000019073486328125</ele>
        <time>2024-11-17T12:36:28.000Z</time>
        <extensions>
          <ns3:TrackPointExtension>
            <ns3:hr>144</ns3:hr>
          </ns3:TrackPointExtension>
        </extensions>
      </trkpt>
      <trkpt lat="24.4882150925695896148681640625" lon="118.10859485529363155364990234375">
        <ele>10</ele>
        <time>2024-11-17T12:36:29.000Z</time>
        <extensions>
          <ns3:TrackPointExtension>
            <ns3:hr>144</ns3:hr>
          </ns3:TrackPointExtension>
        </extensions>
      </trkpt>
      <trkpt lat="24.48820687830448150634765625" lon="118.10856551863253116607666015625">
        <ele>10.19999980926513671875</ele>
        <time>2024-11-17T12:36:30.000Z</time>
        <extensions>
          <ns3:TrackPointExtension>
            <ns3:hr>143</ns3:hr>
          </ns3:TrackPointExtension>
        </extensions>
      </trkpt>
      <trkpt lat="24.4881983287632465362548828125" lon="118.10853634960949420928955078125">
        <ele>10.19999980926513671875</ele>
        <time>2024-11-17T12:36:31.000Z</time>
        <extensions>
          <ns3:TrackPointExtension>
            <ns3:hr>143</ns3:hr>
          </ns3:TrackPointExtension>
        </extensions>
      </trkpt>
      <trkpt lat="24.488189108669757843017578125" lon="118.1085069291293621063232421875">
        <ele>10.3999996185302734375</ele>
        <time>2024-11-17T12:36:32.000Z</time>
        <extensions>
          <ns3:TrackPointExtension>
            <ns3:hr>143</ns3:hr>
          </ns3:TrackPointExtension>
        </extensions>
      </trkpt>
      <trkpt lat="24.488179385662078857421875" lon="118.1084767542779445648193359375">
        <ele>10.3999996185302734375</ele>
        <time>2024-11-17T12:36:33.000Z</time>
        <extensions>
          <ns3:TrackPointExtension>
            <ns3:hr>143</ns3:hr>
          </ns3:TrackPointExtension>
        </extensions>
      </trkpt>
      <trkpt lat="24.4881694950163364410400390625" lon="118.10844616033136844635009765625">
        <ele>10.6000003814697265625</ele>
        <time>2024-11-17T12:36:34.000Z</time>
        <extensions>
          <ns3:TrackPointExtension>
            <ns3:hr>143</ns3:hr>
          </ns3:TrackPointExtension>
        </extensions>
      </trkpt>
      <trkpt lat="24.4881592690944671630859375" lon="118.10841581784188747406005859375">
        <ele>10.6000003814697265625</ele>
        <time>2024-11-17T12:36:35.000Z</time>
        <extensions>
          <ns3:TrackPointExtension>
            <ns3:hr>143</ns3:hr>
          </ns3:TrackPointExtension>
        </extensions>
      </trkpt>
      <trkpt lat="24.4881483726203441619873046875" lon="118.10838564299046993255615234375">
        <ele>10.19999980926513671875</ele>
        <time>2024-11-17T12:36:36.000Z</time>
        <extensions>
          <ns3:TrackPointExtension>
            <ns3:hr>143</ns3:hr>
          </ns3:TrackPointExtension>
        </extensions>
      </trkpt>
      <trkpt lat="24.4881373085081577301025390625" lon="118.1083547137677669525146484375">
        <ele>9.3999996185302734375</ele>
        <time>2024-11-17T12:36:37.000Z</time>
        <extensions>
          <ns3:TrackPointExtension>
            <ns3:hr>144</ns3:hr>
          </ns3:TrackPointExtension>
        </extensions>
      </trkpt>
      <trkpt lat="24.488126747310161590576171875" lon="118.10832269489765167236328125">
        <ele>8.80000019073486328125</ele>
        <time>2024-11-17T12:36:38.000Z</time>
        <extensions>
          <ns3:TrackPointExtension>
            <ns3:hr>144</ns3:hr>
          </ns3:TrackPointExtension>
        </extensions>
      </trkpt>
      <trkpt lat="24.48811744339764118194580078125" lon="118.10829025693237781524658203125">
        <ele>8.19999980926513671875</ele>
        <time>2024-11-17T12:36:39.000Z</time>
        <extensions>
          <ns3:TrackPointExtension>
            <ns3:hr>144</ns3:hr>
          </ns3:TrackPointExtension>
        </extensions>
      </trkpt>
      <trkpt lat="24.48811006732285022735595703125" lon="118.1082578189671039581298828125">
        <ele>7.80000019073486328125</ele>
        <time>2024-11-17T12:36:40.000Z</time>
        <extensions>
          <ns3:TrackPointExtension>
            <ns3:hr>144</ns3:hr>
          </ns3:TrackPointExtension>
        </extensions>
      </trkpt>
      <trkpt lat="24.488104283809661865234375" lon="118.10822538100183010101318359375">
        <ele>7.599999904632568359375</ele>
        <time>2024-11-17T12:36:41.000Z</time>
        <extensions>
          <ns3:TrackPointExtension>
            <ns3:hr>144</ns3:hr>
          </ns3:TrackPointExtension>
        </extensions>
      </trkpt>
      <trkpt lat="24.4880987517535686492919921875" lon="118.108192272484302520751953125">
        <ele>7.19999980926513671875</ele>
        <time>2024-11-17T12:36:42.000Z</time>
        <extensions>
          <ns3:TrackPointExtension>
            <ns3:hr>144</ns3:hr>
          </ns3:TrackPointExtension>
        </extensions>
      </trkpt>
      <trkpt lat="24.48809263296425342559814453125" lon="118.10815882869064807891845703125">
        <ele>7</ele>
        <time>2024-11-17T12:36:43.000Z</time>
        <extensions>
          <ns3:TrackPointExtension>
            <ns3:hr>143</ns3:hr>
          </ns3:TrackPointExtension>
        </extensions>
      </trkpt>
      <trkpt lat="24.48808492161333560943603515625" lon="118.108126223087310791015625">
        <ele>6.400000095367431640625</ele>
        <time>2024-11-17T12:36:44.000Z</time>
        <extensions>
          <ns3:TrackPointExtension>
            <ns3:hr>143</ns3:hr>
          </ns3:TrackPointExtension>
        </extensions>
      </trkpt>
      <trkpt lat="24.4880761206150054931640625" lon="118.10809445567429065704345703125">
        <ele>6.19999980926513671875</ele>
        <time>2024-11-17T12:36:45.000Z</time>
        <extensions>
          <ns3:TrackPointExtension>
            <ns3:hr>143</ns3:hr>
          </ns3:TrackPointExtension>
        </extensions>
      </trkpt>
      <trkpt lat="24.48806731961667537689208984375" lon="118.1080630235373973846435546875">
        <ele>5.80000019073486328125</ele>
        <time>2024-11-17T12:36:46.000Z</time>
        <extensions>
          <ns3:TrackPointExtension>
            <ns3:hr>143</ns3:hr>
          </ns3:TrackPointExtension>
        </extensions>
      </trkpt>
      <trkpt lat="24.48805927298963069915771484375" lon="118.1080315075814723968505859375">
        <ele>5.599999904632568359375</ele>
        <time>2024-11-17T12:36:47.000Z</time>
        <extensions>
          <ns3:TrackPointExtension>
            <ns3:hr>144</ns3:hr>
          </ns3:TrackPointExtension>
        </extensions>
      </trkpt>
      <trkpt lat="24.48805239982903003692626953125" lon="118.10799990780651569366455078125">
        <ele>5.599999904632568359375</ele>
        <time>2024-11-17T12:36:48.000Z</time>
        <extensions>
          <ns3:TrackPointExtension>
            <ns3:hr>144</ns3:hr>
          </ns3:TrackPointExtension>
        </extensions>
      </trkpt>
      <trkpt lat="24.48804653249680995941162109375" lon="118.1079674698412418365478515625">
        <ele>5</ele>
        <time>2024-11-17T12:36:49.000Z</time>
        <extensions>
          <ns3:TrackPointExtension>
            <ns3:hr>144</ns3:hr>
          </ns3:TrackPointExtension>
        </extensions>
      </trkpt>
      <trkpt lat="24.4880407489836215972900390625" lon="118.10793511569499969482421875">
        <ele>4.400000095367431640625</ele>
        <time>2024-11-17T12:36:50.000Z</time>
        <extensions>
          <ns3:TrackPointExtension>
            <ns3:hr>144</ns3:hr>
          </ns3:TrackPointExtension>
        </extensions>
      </trkpt>
      <trkpt lat="24.488034546375274658203125" lon="118.10790359973907470703125">
        <ele>3.599999904632568359375</ele>
        <time>2024-11-17T12:36:51.000Z</time>
        <extensions>
          <ns3:TrackPointExtension>
            <ns3:hr>144</ns3:hr>
          </ns3:TrackPointExtension>
        </extensions>
      </trkpt>
      <trkpt lat="24.4880276732146739959716796875" lon="118.1078729219734668731689453125">
        <ele>3</ele>
        <time>2024-11-17T12:36:52.000Z</time>
        <extensions>
          <ns3:TrackPointExtension>
            <ns3:hr>144</ns3:hr>
          </ns3:TrackPointExtension>
        </extensions>
      </trkpt>
      <trkpt lat="24.4880199618637561798095703125" lon="118.10784249566495418548583984375">
        <ele>2.400000095367431640625</ele>
        <time>2024-11-17T12:36:53.000Z</time>
        <extensions>
          <ns3:TrackPointExtension>
            <ns3:hr>144</ns3:hr>
          </ns3:TrackPointExtension>
        </extensions>
      </trkpt>
      <trkpt lat="24.488011412322521209716796875" lon="118.1078122369945049285888671875">
        <ele>2.599999904632568359375</ele>
        <time>2024-11-17T12:36:54.000Z</time>
        <extensions>
          <ns3:TrackPointExtension>
            <ns3:hr>144</ns3:hr>
          </ns3:TrackPointExtension>
        </extensions>
      </trkpt>
      <trkpt lat="24.48800210841000080108642578125" lon="118.10778222978115081787109375">
        <ele>3</ele>
        <time>2024-11-17T12:36:55.000Z</time>
        <extensions>
          <ns3:TrackPointExtension>
            <ns3:hr>144</ns3:hr>
          </ns3:TrackPointExtension>
        </extensions>
      </trkpt>
      <trkpt lat="24.487992636859416961669921875" lon="118.10775230638682842254638671875">
        <ele>3.599999904632568359375</ele>
        <time>2024-11-17T12:36:56.000Z</time>
        <extensions>
          <ns3:TrackPointExtension>
            <ns3:hr>144</ns3:hr>
          </ns3:TrackPointExtension>
        </extensions>
      </trkpt>
      <trkpt lat="24.48798366822302341461181640625" lon="118.1077223829925060272216796875">
        <ele>4.19999980926513671875</ele>
        <time>2024-11-17T12:36:57.000Z</time>
        <extensions>
          <ns3:TrackPointExtension>
            <ns3:hr>144</ns3:hr>
          </ns3:TrackPointExtension>
        </extensions>
      </trkpt>
      <trkpt lat="24.4879753701388835906982421875" lon="118.107692040503025054931640625">
        <ele>4.80000019073486328125</ele>
        <time>2024-11-17T12:36:58.000Z</time>
        <extensions>
          <ns3:TrackPointExtension>
            <ns3:hr>144</ns3:hr>
          </ns3:TrackPointExtension>
        </extensions>
      </trkpt>
      <trkpt lat="24.4879673235118389129638671875" lon="118.1076608598232269287109375">
        <ele>5.400000095367431640625</ele>
        <time>2024-11-17T12:36:59.000Z</time>
        <extensions>
          <ns3:TrackPointExtension>
            <ns3:hr>144</ns3:hr>
          </ns3:TrackPointExtension>
        </extensions>
      </trkpt>
      <trkpt lat="24.48795936070382595062255859375" lon="118.1076288409531116485595703125">
        <ele>6</ele>
        <time>2024-11-17T12:37:00.000Z</time>
        <extensions>
          <ns3:TrackPointExtension>
            <ns3:hr>144</ns3:hr>
          </ns3:TrackPointExtension>
        </extensions>
      </trkpt>
      <trkpt lat="24.48795114643871784210205078125" lon="118.1075963191688060760498046875">
        <ele>6.400000095367431640625</ele>
        <time>2024-11-17T12:37:01.000Z</time>
        <extensions>
          <ns3:TrackPointExtension>
            <ns3:hr>144</ns3:hr>
          </ns3:TrackPointExtension>
        </extensions>
      </trkpt>
      <trkpt lat="24.48794268071651458740234375" lon="118.1075634621083736419677734375">
        <ele>6.599999904632568359375</ele>
        <time>2024-11-17T12:37:02.000Z</time>
        <extensions>
          <ns3:TrackPointExtension>
            <ns3:hr>144</ns3:hr>
          </ns3:TrackPointExtension>
        </extensions>
      </trkpt>
      <trkpt lat="24.4879337958991527557373046875" lon="118.107530437409877777099609375">
        <ele>7</ele>
        <time>2024-11-17T12:37:03.000Z</time>
        <extensions>
          <ns3:TrackPointExtension>
            <ns3:hr>144</ns3:hr>
          </ns3:TrackPointExtension>
        </extensions>
      </trkpt>
      <trkpt lat="24.4879247434437274932861328125" lon="118.1074970774352550506591796875">
        <ele>7.80000019073486328125</ele>
        <time>2024-11-17T12:37:04.000Z</time>
        <extensions>
          <ns3:TrackPointExtension>
            <ns3:hr>144</ns3:hr>
          </ns3:TrackPointExtension>
        </extensions>
      </trkpt>
      <trkpt lat="24.48791594244539737701416015625" lon="118.10746396891772747039794921875">
        <ele>8.6000003814697265625</ele>
        <time>2024-11-17T12:37:05.000Z</time>
        <extensions>
          <ns3:TrackPointExtension>
            <ns3:hr>144</ns3:hr>
          </ns3:TrackPointExtension>
        </extensions>
      </trkpt>
      <trkpt lat="24.48790756054222583770751953125" lon="118.10743178240954875946044921875">
        <ele>9.19999980926513671875</ele>
        <time>2024-11-17T12:37:06.000Z</time>
        <extensions>
          <ns3:TrackPointExtension>
            <ns3:hr>144</ns3:hr>
          </ns3:TrackPointExtension>
        </extensions>
      </trkpt>
      <trkpt lat="24.4878992624580860137939453125" lon="118.1074001826345920562744140625">
        <ele>10</ele>
        <time>2024-11-17T12:37:07.000Z</time>
        <extensions>
          <ns3:TrackPointExtension>
            <ns3:hr>144</ns3:hr>
          </ns3:TrackPointExtension>
        </extensions>
      </trkpt>
      <trkpt lat="24.48789062909781932830810546875" lon="118.1073686666786670684814453125">
        <ele>10.6000003814697265625</ele>
        <time>2024-11-17T12:37:08.000Z</time>
        <extensions>
          <ns3:TrackPointExtension>
            <ns3:hr>144</ns3:hr>
          </ns3:TrackPointExtension>
        </extensions>
      </trkpt>
      <trkpt lat="24.4878818280994892120361328125" lon="118.10733639635145664215087890625">
        <ele>11.6000003814697265625</ele>
        <time>2024-11-17T12:37:09.000Z</time>
        <extensions>
          <ns3:TrackPointExtension>
            <ns3:hr>144</ns3:hr>
          </ns3:TrackPointExtension>
        </extensions>
      </trkpt>
      <trkpt lat="24.48787319473922252655029296875" lon="118.10730404220521450042724609375">
        <ele>12.3999996185302734375</ele>
        <time>2024-11-17T12:37:10.000Z</time>
        <extensions>
          <ns3:TrackPointExtension>
            <ns3:hr>144</ns3:hr>
          </ns3:TrackPointExtension>
        </extensions>
      </trkpt>
      <trkpt lat="24.48786481283605098724365234375" lon="118.10727126896381378173828125">
        <ele>13.19999980926513671875</ele>
        <time>2024-11-17T12:37:11.000Z</time>
        <extensions>
          <ns3:TrackPointExtension>
            <ns3:hr>144</ns3:hr>
          </ns3:TrackPointExtension>
        </extensions>
      </trkpt>
      <trkpt lat="24.487856514751911163330078125" lon="118.1072379089891910552978515625">
        <ele>13.3999996185302734375</ele>
        <time>2024-11-17T12:37:12.000Z</time>
        <extensions>
          <ns3:TrackPointExtension>
            <ns3:hr>145</ns3:hr>
          </ns3:TrackPointExtension>
        </extensions>
      </trkpt>
      <trkpt lat="24.4878479652106761932373046875" lon="118.10720463283360004425048828125">
        <ele>13.6000003814697265625</ele>
        <time>2024-11-17T12:37:13.000Z</time>
        <extensions>
          <ns3:TrackPointExtension>
            <ns3:hr>145</ns3:hr>
          </ns3:TrackPointExtension>
        </extensions>
      </trkpt>
      <trkpt lat="24.48783933185040950775146484375" lon="118.10717211104929447174072265625">
        <ele>14</ele>
        <time>2024-11-17T12:37:14.000Z</time>
        <extensions>
          <ns3:TrackPointExtension>
            <ns3:hr>145</ns3:hr>
          </ns3:TrackPointExtension>
        </extensions>
      </trkpt>
      <trkpt lat="24.487830363214015960693359375" lon="118.1071400083601474761962890625">
        <ele>14.19999980926513671875</ele>
        <time>2024-11-17T12:37:15.000Z</time>
        <extensions>
          <ns3:TrackPointExtension>
            <ns3:hr>145</ns3:hr>
          </ns3:TrackPointExtension>
        </extensions>
      </trkpt>
      <trkpt lat="24.48782122693955898284912109375" lon="118.107107989490032196044921875">
        <ele>14.3999996185302734375</ele>
        <time>2024-11-17T12:37:16.000Z</time>
        <extensions>
          <ns3:TrackPointExtension>
            <ns3:hr>145</ns3:hr>
          </ns3:TrackPointExtension>
        </extensions>
      </trkpt>
      <trkpt lat="24.4878124259412288665771484375" lon="118.10707546770572662353515625">
        <ele>14.80000019073486328125</ele>
        <time>2024-11-17T12:37:17.000Z</time>
        <extensions>
          <ns3:TrackPointExtension>
            <ns3:hr>145</ns3:hr>
          </ns3:TrackPointExtension>
        </extensions>
      </trkpt>
      <trkpt lat="24.4878040440380573272705078125" lon="118.1070427782833576202392578125">
        <ele>15</ele>
        <time>2024-11-17T12:37:18.000Z</time>
        <extensions>
          <ns3:TrackPointExtension>
            <ns3:hr>145</ns3:hr>
          </ns3:TrackPointExtension>
        </extensions>
      </trkpt>
      <trkpt lat="24.4877956621348857879638671875" lon="118.107010424137115478515625">
        <ele>15.19999980926513671875</ele>
        <time>2024-11-17T12:37:19.000Z</time>
        <extensions>
          <ns3:TrackPointExtension>
            <ns3:hr>145</ns3:hr>
          </ns3:TrackPointExtension>
        </extensions>
      </trkpt>
      <trkpt lat="24.4877872802317142486572265625" lon="118.10697899200022220611572265625">
        <ele>15.19999980926513671875</ele>
        <time>2024-11-17T12:37:20.000Z</time>
        <extensions>
          <ns3:TrackPointExtension>
            <ns3:hr>145</ns3:hr>
          </ns3:TrackPointExtension>
        </extensions>
      </trkpt>
      <trkpt lat="24.48777881450951099395751953125" lon="118.10694806277751922607421875">
        <ele>14.80000019073486328125</ele>
        <time>2024-11-17T12:37:21.000Z</time>
        <extensions>
          <ns3:TrackPointExtension>
            <ns3:hr>148</ns3:hr>
          </ns3:TrackPointExtension>
        </extensions>
      </trkpt>
      <trkpt lat="24.487770013511180877685546875" lon="118.10691721737384796142578125">
        <ele>14.6000003814697265625</ele>
        <time>2024-11-17T12:37:22.000Z</time>
        <extensions>
          <ns3:TrackPointExtension>
            <ns3:hr>148</ns3:hr>
          </ns3:TrackPointExtension>
        </extensions>
      </trkpt>
      <trkpt lat="24.48776087723672389984130859375" lon="118.10688637197017669677734375">
        <ele>14.19999980926513671875</ele>
        <time>2024-11-17T12:37:23.000Z</time>
        <extensions>
          <ns3:TrackPointExtension>
            <ns3:hr>148</ns3:hr>
          </ns3:TrackPointExtension>
        </extensions>
      </trkpt>
      <trkpt lat="24.4877514056861400604248046875" lon="118.10685577802360057830810546875">
        <ele>14</ele>
        <time>2024-11-17T12:37:24.000Z</time>
        <extensions>
          <ns3:TrackPointExtension>
            <ns3:hr>148</ns3:hr>
          </ns3:TrackPointExtension>
        </extensions>
      </trkpt>
      <trkpt lat="24.487741179764270782470703125" lon="118.10682543553411960601806640625">
        <ele>13.80000019073486328125</ele>
        <time>2024-11-17T12:37:25.000Z</time>
        <extensions>
          <ns3:TrackPointExtension>
            <ns3:hr>148</ns3:hr>
          </ns3:TrackPointExtension>
        </extensions>
      </trkpt>
      <trkpt lat="24.4877306185662746429443359375" lon="118.10679542832076549530029296875">
        <ele>13.6000003814697265625</ele>
        <time>2024-11-17T12:37:26.000Z</time>
        <extensions>
          <ns3:TrackPointExtension>
            <ns3:hr>148</ns3:hr>
          </ns3:TrackPointExtension>
        </extensions>
      </trkpt>
      <trkpt lat="24.48772114701569080352783203125" lon="118.10676525346934795379638671875">
        <ele>13.3999996185302734375</ele>
        <time>2024-11-17T12:37:27.000Z</time>
        <extensions>
          <ns3:TrackPointExtension>
            <ns3:hr>148</ns3:hr>
          </ns3:TrackPointExtension>
        </extensions>
      </trkpt>
      <trkpt lat="24.48771310038864612579345703125" lon="118.10673474334180355072021484375">
        <ele>13.19999980926513671875</ele>
        <time>2024-11-17T12:37:28.000Z</time>
        <extensions>
          <ns3:TrackPointExtension>
            <ns3:hr>148</ns3:hr>
          </ns3:TrackPointExtension>
        </extensions>
      </trkpt>
      <trkpt lat="24.48770505376160144805908203125" lon="118.1067038141191005706787109375">
        <ele>12.80000019073486328125</ele>
        <time>2024-11-17T12:37:29.000Z</time>
        <extensions>
          <ns3:TrackPointExtension>
            <ns3:hr>148</ns3:hr>
          </ns3:TrackPointExtension>
        </extensions>
      </trkpt>
      <trkpt lat="24.48769633658230304718017578125" lon="118.106672130525112152099609375">
        <ele>12.3999996185302734375</ele>
        <time>2024-11-17T12:37:30.000Z</time>
        <extensions>
          <ns3:TrackPointExtension>
            <ns3:hr>148</ns3:hr>
          </ns3:TrackPointExtension>
        </extensions>
      </trkpt>
      <trkpt lat="24.4876872003078460693359375" lon="118.1066394411027431488037109375">
        <ele>12.19999980926513671875</ele>
        <time>2024-11-17T12:37:31.000Z</time>
        <extensions>
          <ns3:TrackPointExtension>
            <ns3:hr>148</ns3:hr>
          </ns3:TrackPointExtension>
        </extensions>
      </trkpt>
      <trkpt lat="24.4876779802143573760986328125" lon="118.1066062487661838531494140625">
        <ele>11.80000019073486328125</ele>
        <time>2024-11-17T12:37:32.000Z</time>
        <extensions>
          <ns3:TrackPointExtension>
            <ns3:hr>148</ns3:hr>
          </ns3:TrackPointExtension>
        </extensions>
      </trkpt>
      <trkpt lat="24.48766867630183696746826171875" lon="118.10657314024865627288818359375">
        <ele>11.3999996185302734375</ele>
        <time>2024-11-17T12:37:33.000Z</time>
        <extensions>
          <ns3:TrackPointExtension>
            <ns3:hr>148</ns3:hr>
          </ns3:TrackPointExtension>
        </extensions>
      </trkpt>
      <trkpt lat="24.48765979148447513580322265625" lon="118.10653994791209697723388671875">
        <ele>11</ele>
        <time>2024-11-17T12:37:34.000Z</time>
        <extensions>
          <ns3:TrackPointExtension>
            <ns3:hr>148</ns3:hr>
          </ns3:TrackPointExtension>
        </extensions>
      </trkpt>
      <trkpt lat="24.4876514934003353118896484375" lon="118.10650675557553768157958984375">
        <ele>10.6000003814697265625</ele>
        <time>2024-11-17T12:37:35.000Z</time>
        <extensions>
          <ns3:TrackPointExtension>
            <ns3:hr>148</ns3:hr>
          </ns3:TrackPointExtension>
        </extensions>
      </trkpt>
      <trkpt lat="24.48764361441135406494140625" lon="118.106473982334136962890625">
        <ele>10.3999996185302734375</ele>
        <time>2024-11-17T12:37:36.000Z</time>
        <extensions>
          <ns3:TrackPointExtension>
            <ns3:hr>148</ns3:hr>
          </ns3:TrackPointExtension>
        </extensions>
      </trkpt>
      <trkpt lat="24.48763598687946796417236328125" lon="118.106441460549831390380859375">
        <ele>10</ele>
        <time>2024-11-17T12:37:37.000Z</time>
        <extensions>
          <ns3:TrackPointExtension>
            <ns3:hr>148</ns3:hr>
          </ns3:TrackPointExtension>
        </extensions>
      </trkpt>
      <trkpt lat="24.48762844316661357879638671875" lon="118.10640893876552581787109375">
        <ele>9.80000019073486328125</ele>
        <time>2024-11-17T12:37:38.000Z</time>
        <extensions>
          <ns3:TrackPointExtension>
            <ns3:hr>148</ns3:hr>
          </ns3:TrackPointExtension>
        </extensions>
      </trkpt>
      <trkpt lat="24.487620480358600616455078125" lon="118.10637583024799823760986328125">
        <ele>9.80000019073486328125</ele>
        <time>2024-11-17T12:37:39.000Z</time>
        <extensions>
          <ns3:TrackPointExtension>
            <ns3:hr>148</ns3:hr>
          </ns3:TrackPointExtension>
        </extensions>
      </trkpt>
      <trkpt lat="24.48761142790317535400390625" lon="118.10634230263531208038330078125">
        <ele>9.6000003814697265625</ele>
        <time>2024-11-17T12:37:40.000Z</time>
        <extensions>
          <ns3:TrackPointExtension>
            <ns3:hr>148</ns3:hr>
          </ns3:TrackPointExtension>
        </extensions>
      </trkpt>
      <trkpt lat="24.48760111816227436065673828125" lon="118.10630944557487964630126953125">
        <ele>9.6000003814697265625</ele>
        <time>2024-11-17T12:37:41.000Z</time>
        <extensions>
          <ns3:TrackPointExtension>
            <ns3:hr>149</ns3:hr>
          </ns3:TrackPointExtension>
        </extensions>
      </trkpt>
      <trkpt lat="24.4875898025929927825927734375" lon="118.10627759434282779693603515625">
        <ele>9.3999996185302734375</ele>
        <time>2024-11-17T12:37:42.000Z</time>
        <extensions>
          <ns3:TrackPointExtension>
            <ns3:hr>149</ns3:hr>
          </ns3:TrackPointExtension>
        </extensions>
      </trkpt>
      <trkpt lat="24.48757831938564777374267578125" lon="118.106246329843997955322265625">
        <ele>9.19999980926513671875</ele>
        <time>2024-11-17T12:37:43.000Z</time>
        <extensions>
          <ns3:TrackPointExtension>
            <ns3:hr>149</ns3:hr>
          </ns3:TrackPointExtension>
        </extensions>
      </trkpt>
      <trkpt lat="24.4875670038163661956787109375" lon="118.10621506534516811370849609375">
        <ele>9.19999980926513671875</ele>
        <time>2024-11-17T12:37:44.000Z</time>
        <extensions>
          <ns3:TrackPointExtension>
            <ns3:hr>151</ns3:hr>
          </ns3:TrackPointExtension>
        </extensions>
      </trkpt>
      <trkpt lat="24.487556777894496917724609375" lon="118.1061834655702114105224609375">
        <ele>9</ele>
        <time>2024-11-17T12:37:45.000Z</time>
        <extensions>
          <ns3:TrackPointExtension>
            <ns3:hr>151</ns3:hr>
          </ns3:TrackPointExtension>
        </extensions>
      </trkpt>
      <trkpt lat="24.4875478930771350860595703125" lon="118.10615119524300098419189453125">
        <ele>9</ele>
        <time>2024-11-17T12:37:46.000Z</time>
        <extensions>
          <ns3:TrackPointExtension>
            <ns3:hr>151</ns3:hr>
          </ns3:TrackPointExtension>
        </extensions>
      </trkpt>
      <trkpt lat="24.4875395111739635467529296875" lon="118.1061187572777271270751953125">
        <ele>8.80000019073486328125</ele>
        <time>2024-11-17T12:37:47.000Z</time>
        <extensions>
          <ns3:TrackPointExtension>
            <ns3:hr>151</ns3:hr>
          </ns3:TrackPointExtension>
        </extensions>
      </trkpt>
      <trkpt lat="24.48753121308982372283935546875" lon="118.1060859002172946929931640625">
        <ele>8.80000019073486328125</ele>
        <time>2024-11-17T12:37:48.000Z</time>
        <extensions>
          <ns3:TrackPointExtension>
            <ns3:hr>151</ns3:hr>
          </ns3:TrackPointExtension>
        </extensions>
      </trkpt>
      <trkpt lat="24.4875227473676204681396484375" lon="118.1060530431568622589111328125">
        <ele>8.6000003814697265625</ele>
        <time>2024-11-17T12:37:49.000Z</time>
        <extensions>
          <ns3:TrackPointExtension>
            <ns3:hr>151</ns3:hr>
          </ns3:TrackPointExtension>
        </extensions>
      </trkpt>
      <trkpt lat="24.48751444928348064422607421875" lon="118.10602077282965183258056640625">
        <ele>8.3999996185302734375</ele>
        <time>2024-11-17T12:37:50.000Z</time>
        <extensions>
          <ns3:TrackPointExtension>
            <ns3:hr>151</ns3:hr>
          </ns3:TrackPointExtension>
        </extensions>
      </trkpt>
      <trkpt lat="24.48750573210418224334716796875" lon="118.10598875395953655242919921875">
        <ele>8.3999996185302734375</ele>
        <time>2024-11-17T12:37:51.000Z</time>
        <extensions>
          <ns3:TrackPointExtension>
            <ns3:hr>151</ns3:hr>
          </ns3:TrackPointExtension>
        </extensions>
      </trkpt>
      <trkpt lat="24.4874962605535984039306640625" lon="118.10595673508942127227783203125">
        <ele>8.19999980926513671875</ele>
        <time>2024-11-17T12:37:52.000Z</time>
        <extensions>
          <ns3:TrackPointExtension>
            <ns3:hr>151</ns3:hr>
          </ns3:TrackPointExtension>
        </extensions>
      </trkpt>
      <trkpt lat="24.48748595081269741058349609375" lon="118.10592488385736942291259765625">
        <ele>8.19999980926513671875</ele>
        <time>2024-11-17T12:37:53.000Z</time>
        <extensions>
          <ns3:TrackPointExtension>
            <ns3:hr>151</ns3:hr>
          </ns3:TrackPointExtension>
        </extensions>
      </trkpt>
      <trkpt lat="24.487475641071796417236328125" lon="118.1058931164443492889404296875">
        <ele>8</ele>
        <time>2024-11-17T12:37:54.000Z</time>
        <extensions>
          <ns3:TrackPointExtension>
            <ns3:hr>151</ns3:hr>
          </ns3:TrackPointExtension>
        </extensions>
      </trkpt>
      <trkpt lat="24.48746600188314914703369140625" lon="118.1058616004884243011474609375">
        <ele>7.80000019073486328125</ele>
        <time>2024-11-17T12:37:55.000Z</time>
        <extensions>
          <ns3:TrackPointExtension>
            <ns3:hr>151</ns3:hr>
          </ns3:TrackPointExtension>
        </extensions>
      </trkpt>
      <trkpt lat="24.48745661415159702301025390625" lon="118.10583000071346759796142578125">
        <ele>7.599999904632568359375</ele>
        <time>2024-11-17T12:37:56.000Z</time>
        <extensions>
          <ns3:TrackPointExtension>
            <ns3:hr>153</ns3:hr>
          </ns3:TrackPointExtension>
        </extensions>
      </trkpt>
      <trkpt lat="24.48744714260101318359375" lon="118.1057978980243206024169921875">
        <ele>7.400000095367431640625</ele>
        <time>2024-11-17T12:37:57.000Z</time>
        <extensions>
          <ns3:TrackPointExtension>
            <ns3:hr>153</ns3:hr>
          </ns3:TrackPointExtension>
        </extensions>
      </trkpt>
      <trkpt lat="24.4874385930597782135009765625" lon="118.10576529242098331451416015625">
        <ele>7.19999980926513671875</ele>
        <time>2024-11-17T12:37:58.000Z</time>
        <extensions>
          <ns3:TrackPointExtension>
            <ns3:hr>153</ns3:hr>
          </ns3:TrackPointExtension>
        </extensions>
      </trkpt>
      <trkpt lat="24.487432055175304412841796875" lon="118.1057328544557094573974609375">
        <ele>7</ele>
        <time>2024-11-17T12:37:59.000Z</time>
        <extensions>
          <ns3:TrackPointExtension>
            <ns3:hr>153</ns3:hr>
          </ns3:TrackPointExtension>
        </extensions>
      </trkpt>
      <trkpt lat="24.48742769658565521240234375" lon="118.10570091940462589263916015625">
        <ele>6.599999904632568359375</ele>
        <time>2024-11-17T12:38:00.000Z</time>
        <extensions>
          <ns3:TrackPointExtension>
            <ns3:hr>153</ns3:hr>
          </ns3:TrackPointExtension>
        </extensions>
      </trkpt>
      <trkpt lat="24.487426020205020904541015625" lon="118.1056698225438594818115234375">
        <ele>6.599999904632568359375</ele>
        <time>2024-11-17T12:38:01.000Z</time>
        <extensions>
          <ns3:TrackPointExtension>
            <ns3:hr>153</ns3:hr>
          </ns3:TrackPointExtension>
        </extensions>
      </trkpt>
      <trkpt lat="24.48742845095694065093994140625" lon="118.10563989914953708648681640625">
        <ele>6.400000095367431640625</ele>
        <time>2024-11-17T12:38:02.000Z</time>
        <extensions>
          <ns3:TrackPointExtension>
            <ns3:hr>153</ns3:hr>
          </ns3:TrackPointExtension>
        </extensions>
      </trkpt>
      <trkpt lat="24.4874365814030170440673828125" lon="118.10561207123100757598876953125">
        <ele>6.400000095367431640625</ele>
        <time>2024-11-17T12:38:03.000Z</time>
        <extensions>
          <ns3:TrackPointExtension>
            <ns3:hr>153</ns3:hr>
          </ns3:TrackPointExtension>
        </extensions>
      </trkpt>
      <trkpt lat="24.487451501190662384033203125" lon="118.10558893717825412750244140625">
        <ele>6.400000095367431640625</ele>
        <time>2024-11-17T12:38:04.000Z</time>
        <extensions>
          <ns3:TrackPointExtension>
            <ns3:hr>153</ns3:hr>
          </ns3:TrackPointExtension>
        </extensions>
      </trkpt>
      <trkpt lat="24.487471617758274078369140625" lon="118.10557217337191104888916015625">
        <ele>6.400000095367431640625</ele>
        <time>2024-11-17T12:38:05.000Z</time>
        <extensions>
          <ns3:TrackPointExtension>
            <ns3:hr>153</ns3:hr>
          </ns3:TrackPointExtension>
        </extensions>
      </trkpt>
      <trkpt lat="24.48749248869717121124267578125" lon="118.10556161217391490936279296875">
        <ele>6.400000095367431640625</ele>
        <time>2024-11-17T12:38:06.000Z</time>
        <extensions>
          <ns3:TrackPointExtension>
            <ns3:hr>153</ns3:hr>
          </ns3:TrackPointExtension>
        </extensions>
      </trkpt>
      <trkpt lat="24.4875103421509265899658203125" lon="118.10555574484169483184814453125">
        <ele>6.400000095367431640625</ele>
        <time>2024-11-17T12:38:07.000Z</time>
        <extensions>
          <ns3:TrackPointExtension>
            <ns3:hr>153</ns3:hr>
          </ns3:TrackPointExtension>
        </extensions>
      </trkpt>
      <trkpt lat="24.4875254295766353607177734375" lon="118.10555205680429935455322265625">
        <ele>6.400000095367431640625</ele>
        <time>2024-11-17T12:38:08.000Z</time>
        <extensions>
          <ns3:TrackPointExtension>
            <ns3:hr>154</ns3:hr>
          </ns3:TrackPointExtension>
        </extensions>
      </trkpt>
      <trkpt lat="24.48754009790718555450439453125" lon="118.10554903931915760040283203125">
        <ele>6.599999904632568359375</ele>
        <time>2024-11-17T12:38:09.000Z</time>
        <extensions>
          <ns3:TrackPointExtension>
            <ns3:hr>153</ns3:hr>
          </ns3:TrackPointExtension>
        </extensions>
      </trkpt>
      <trkpt lat="24.48755568824708461761474609375" lon="118.1055454351007938385009765625">
        <ele>6.599999904632568359375</ele>
        <time>2024-11-17T12:38:10.000Z</time>
        <extensions>
          <ns3:TrackPointExtension>
            <ns3:hr>153</ns3:hr>
          </ns3:TrackPointExtension>
        </extensions>
      </trkpt>
      <trkpt lat="24.4875716976821422576904296875" lon="118.105540573596954345703125">
        <ele>6.599999904632568359375</ele>
        <time>2024-11-17T12:38:11.000Z</time>
        <extensions>
          <ns3:TrackPointExtension>
            <ns3:hr>153</ns3:hr>
          </ns3:TrackPointExtension>
        </extensions>
      </trkpt>
      <trkpt lat="24.4875867851078510284423828125" lon="118.10553462244570255279541015625">
        <ele>6.400000095367431640625</ele>
        <time>2024-11-17T12:38:12.000Z</time>
        <extensions>
          <ns3:TrackPointExtension>
            <ns3:hr>153</ns3:hr>
          </ns3:TrackPointExtension>
        </extensions>
      </trkpt>
      <trkpt lat="24.48760111816227436065673828125" lon="118.1055259890854358673095703125">
        <ele>6.400000095367431640625</ele>
        <time>2024-11-17T12:38:13.000Z</time>
        <extensions>
          <ns3:TrackPointExtension>
            <ns3:hr>153</ns3:hr>
          </ns3:TrackPointExtension>
        </extensions>
      </trkpt>
      <trkpt lat="24.487615786492824554443359375" lon="118.105513416230678558349609375">
        <ele>6.400000095367431640625</ele>
        <time>2024-11-17T12:38:14.000Z</time>
        <extensions>
          <ns3:TrackPointExtension>
            <ns3:hr>147</ns3:hr>
          </ns3:TrackPointExtension>
        </extensions>
      </trkpt>
      <trkpt lat="24.487629868090152740478515625" lon="118.1054988317191600799560546875">
        <ele>6.400000095367431640625</ele>
        <time>2024-11-17T12:38:15.000Z</time>
        <extensions>
          <ns3:TrackPointExtension>
            <ns3:hr>147</ns3:hr>
          </ns3:TrackPointExtension>
        </extensions>
      </trkpt>
      <trkpt lat="24.48764202184975147247314453125" lon="118.1054857559502124786376953125">
        <ele>6.599999904632568359375</ele>
        <time>2024-11-17T12:38:16.000Z</time>
        <extensions>
          <ns3:TrackPointExtension>
            <ns3:hr>147</ns3:hr>
          </ns3:TrackPointExtension>
        </extensions>
      </trkpt>
      <trkpt lat="24.48765308596193790435791015625" lon="118.10547293163836002349853515625">
        <ele>6.599999904632568359375</ele>
        <time>2024-11-17T12:38:17.000Z</time>
        <extensions>
          <ns3:TrackPointExtension>
            <ns3:hr>147</ns3:hr>
          </ns3:TrackPointExtension>
        </extensions>
      </trkpt>
      <trkpt lat="24.4876638986170291900634765625" lon="118.105457760393619537353515625">
        <ele>6.599999904632568359375</ele>
        <time>2024-11-17T12:38:18.000Z</time>
        <extensions>
          <ns3:TrackPointExtension>
            <ns3:hr>147</ns3:hr>
          </ns3:TrackPointExtension>
        </extensions>
      </trkpt>
      <trkpt lat="24.48767404071986675262451171875" lon="118.1054413318634033203125">
        <ele>6.80000019073486328125</ele>
        <time>2024-11-17T12:38:19.000Z</time>
        <extensions>
          <ns3:TrackPointExtension>
            <ns3:hr>147</ns3:hr>
          </ns3:TrackPointExtension>
        </extensions>
      </trkpt>
      <trkpt lat="24.487686865031719207763671875" lon="118.10542012564837932586669921875">
        <ele>6.80000019073486328125</ele>
        <time>2024-11-17T12:38:20.000Z</time>
        <extensions>
          <ns3:TrackPointExtension>
            <ns3:hr>147</ns3:hr>
          </ns3:TrackPointExtension>
        </extensions>
      </trkpt>
      <trkpt lat="24.48770396411418914794921875" lon="118.1053935550153255462646484375">
        <ele>6.80000019073486328125</ele>
        <time>2024-11-17T12:38:21.000Z</time>
        <extensions>
          <ns3:TrackPointExtension>
            <ns3:hr>147</ns3:hr>
          </ns3:TrackPointExtension>
        </extensions>
      </trkpt>
      <trkpt lat="24.4877220690250396728515625" lon="118.10536933131515979766845703125">
        <ele>7.19999980926513671875</ele>
        <time>2024-11-17T12:38:22.000Z</time>
        <extensions>
          <ns3:TrackPointExtension>
            <ns3:hr>145</ns3:hr>
          </ns3:TrackPointExtension>
        </extensions>
      </trkpt>
      <trkpt lat="24.4877406768500804901123046875" lon="118.10535022057592868804931640625">
        <ele>7.400000095367431640625</ele>
        <time>2024-11-17T12:38:23.000Z</time>
        <extensions>
          <ns3:TrackPointExtension>
            <ns3:hr>145</ns3:hr>
          </ns3:TrackPointExtension>
        </extensions>
      </trkpt>
      <trkpt lat="24.4877596199512481689453125" lon="118.10533630661666393280029296875">
        <ele>7.599999904632568359375</ele>
        <time>2024-11-17T12:38:24.000Z</time>
        <extensions>
          <ns3:TrackPointExtension>
            <ns3:hr>145</ns3:hr>
          </ns3:TrackPointExtension>
        </extensions>
      </trkpt>
      <trkpt lat="24.48777847923338413238525390625" lon="118.10532825998961925506591796875">
        <ele>8</ele>
        <time>2024-11-17T12:38:25.000Z</time>
        <extensions>
          <ns3:TrackPointExtension>
            <ns3:hr>145</ns3:hr>
          </ns3:TrackPointExtension>
        </extensions>
      </trkpt>
      <trkpt lat="24.487796835601329803466796875" lon="118.1053254939615726470947265625">
        <ele>8.3999996185302734375</ele>
        <time>2024-11-17T12:38:26.000Z</time>
        <extensions>
          <ns3:TrackPointExtension>
            <ns3:hr>143</ns3:hr>
          </ns3:TrackPointExtension>
        </extensions>
      </trkpt>
      <trkpt lat="24.487813599407672882080078125" lon="118.10532541014254093170166015625">
        <ele>8.6000003814697265625</ele>
        <time>2024-11-17T12:38:27.000Z</time>
        <extensions>
          <ns3:TrackPointExtension>
            <ns3:hr>143</ns3:hr>
          </ns3:TrackPointExtension>
        </extensions>
      </trkpt>
      <trkpt lat="24.48782893829047679901123046875" lon="118.10532641597092151641845703125">
        <ele>8.80000019073486328125</ele>
        <time>2024-11-17T12:38:28.000Z</time>
        <extensions>
          <ns3:TrackPointExtension>
            <ns3:hr>143</ns3:hr>
          </ns3:TrackPointExtension>
        </extensions>
      </trkpt>
      <trkpt lat="24.48784570209681987762451171875" lon="118.10532624833285808563232421875">
        <ele>9.19999980926513671875</ele>
        <time>2024-11-17T12:38:29.000Z</time>
        <extensions>
          <ns3:TrackPointExtension>
            <ns3:hr>143</ns3:hr>
          </ns3:TrackPointExtension>
        </extensions>
      </trkpt>
      <trkpt lat="24.487867914140224456787109375" lon="118.10532021336257457733154296875">
        <ele>9.6000003814697265625</ele>
        <time>2024-11-17T12:38:30.000Z</time>
        <extensions>
          <ns3:TrackPointExtension>
            <ns3:hr>143</ns3:hr>
          </ns3:TrackPointExtension>
        </extensions>
      </trkpt>
      <trkpt lat="24.487894736230373382568359375" lon="118.10530797578394412994384765625">
        <ele>10</ele>
        <time>2024-11-17T12:38:31.000Z</time>
        <extensions>
          <ns3:TrackPointExtension>
            <ns3:hr>143</ns3:hr>
          </ns3:TrackPointExtension>
        </extensions>
      </trkpt>
      <trkpt lat="24.48792281560599803924560546875" lon="118.10529339127242565155029296875">
        <ele>10.3999996185302734375</ele>
        <time>2024-11-17T12:38:32.000Z</time>
        <extensions>
          <ns3:TrackPointExtension>
            <ns3:hr>143</ns3:hr>
          </ns3:TrackPointExtension>
        </extensions>
      </trkpt>
      <trkpt lat="24.487950392067432403564453125" lon="118.1052795611321926116943359375">
        <ele>10.80000019073486328125</ele>
        <time>2024-11-17T12:38:33.000Z</time>
        <extensions>
          <ns3:TrackPointExtension>
            <ns3:hr>143</ns3:hr>
          </ns3:TrackPointExtension>
        </extensions>
      </trkpt>
      <trkpt lat="24.48797662742435932159423828125" lon="118.10526623390614986419677734375">
        <ele>11.19999980926513671875</ele>
        <time>2024-11-17T12:38:34.000Z</time>
        <extensions>
          <ns3:TrackPointExtension>
            <ns3:hr>143</ns3:hr>
          </ns3:TrackPointExtension>
        </extensions>
      </trkpt>
      <trkpt lat="24.48800127021968364715576171875" lon="118.1052520684897899627685546875">
        <ele>11.6000003814697265625</ele>
        <time>2024-11-17T12:38:35.000Z</time>
        <extensions>
          <ns3:TrackPointExtension>
            <ns3:hr>139</ns3:hr>
          </ns3:TrackPointExtension>
        </extensions>
      </trkpt>
      <trkpt lat="24.4880246557295322418212890625" lon="118.1052366457879543304443359375">
        <ele>12</ele>
        <time>2024-11-17T12:38:36.000Z</time>
        <extensions>
          <ns3:TrackPointExtension>
            <ns3:hr>139</ns3:hr>
          </ns3:TrackPointExtension>
        </extensions>
      </trkpt>
      <trkpt lat="24.488048292696475982666015625" lon="118.10522130690515041351318359375">
        <ele>12.19999980926513671875</ele>
        <time>2024-11-17T12:38:37.000Z</time>
        <extensions>
          <ns3:TrackPointExtension>
            <ns3:hr>139</ns3:hr>
          </ns3:TrackPointExtension>
        </extensions>
      </trkpt>
      <trkpt lat="24.4880736060440540313720703125" lon="118.10520756058394908905029296875">
        <ele>12.6000003814697265625</ele>
        <time>2024-11-17T12:38:38.000Z</time>
        <extensions>
          <ns3:TrackPointExtension>
            <ns3:hr>139</ns3:hr>
          </ns3:TrackPointExtension>
        </extensions>
      </trkpt>
      <trkpt lat="24.48810051195323467254638671875" lon="118.10519532300531864166259765625">
        <ele>12.80000019073486328125</ele>
        <time>2024-11-17T12:38:39.000Z</time>
        <extensions>
          <ns3:TrackPointExtension>
            <ns3:hr>139</ns3:hr>
          </ns3:TrackPointExtension>
        </extensions>
      </trkpt>
      <trkpt lat="24.48812800459563732147216796875" lon="118.10518375597894191741943359375">
        <ele>13</ele>
        <time>2024-11-17T12:38:40.000Z</time>
        <extensions>
          <ns3:TrackPointExtension>
            <ns3:hr>139</ns3:hr>
          </ns3:TrackPointExtension>
        </extensions>
      </trkpt>
      <trkpt lat="24.4881557486951351165771484375" lon="118.105172775685787200927734375">
        <ele>13.3999996185302734375</ele>
        <time>2024-11-17T12:38:41.000Z</time>
        <extensions>
          <ns3:TrackPointExtension>
            <ns3:hr>139</ns3:hr>
          </ns3:TrackPointExtension>
        </extensions>
      </trkpt>
      <trkpt lat="24.48818332515656948089599609375" lon="118.10516129247844219207763671875">
        <ele>13.19999980926513671875</ele>
        <time>2024-11-17T12:38:42.000Z</time>
        <extensions>
          <ns3:TrackPointExtension>
            <ns3:hr>139</ns3:hr>
          </ns3:TrackPointExtension>
        </extensions>
      </trkpt>
      <trkpt lat="24.4882093928754329681396484375" lon="118.10514737851917743682861328125">
        <ele>13</ele>
        <time>2024-11-17T12:38:43.000Z</time>
        <extensions>
          <ns3:TrackPointExtension>
            <ns3:hr>139</ns3:hr>
          </ns3:TrackPointExtension>
        </extensions>
      </trkpt>
      <trkpt lat="24.48823378421366214752197265625" lon="118.1051303632557392120361328125">
        <ele>12.80000019073486328125</ele>
        <time>2024-11-17T12:38:44.000Z</time>
        <extensions>
          <ns3:TrackPointExtension>
            <ns3:hr>139</ns3:hr>
          </ns3:TrackPointExtension>
        </extensions>
      </trkpt>
      <trkpt lat="24.48825641535222530364990234375" lon="118.1051127612590789794921875">
        <ele>12.3999996185302734375</ele>
        <time>2024-11-17T12:38:45.000Z</time>
        <extensions>
          <ns3:TrackPointExtension>
            <ns3:hr>139</ns3:hr>
          </ns3:TrackPointExtension>
        </extensions>
      </trkpt>
      <trkpt lat="24.4882786273956298828125" lon="118.10509658418595790863037109375">
        <ele>11.80000019073486328125</ele>
        <time>2024-11-17T12:38:46.000Z</time>
        <extensions>
          <ns3:TrackPointExtension>
            <ns3:hr>139</ns3:hr>
          </ns3:TrackPointExtension>
        </extensions>
      </trkpt>
      <trkpt lat="24.488302432000637054443359375" lon="118.10508166439831256866455078125">
        <ele>11.3999996185302734375</ele>
        <time>2024-11-17T12:38:47.000Z</time>
        <extensions>
          <ns3:TrackPointExtension>
            <ns3:hr>141</ns3:hr>
          </ns3:TrackPointExtension>
        </extensions>
      </trkpt>
      <trkpt lat="24.48832917027175426483154296875" lon="118.1050686724483966827392578125">
        <ele>10.80000019073486328125</ele>
        <time>2024-11-17T12:38:48.000Z</time>
        <extensions>
          <ns3:TrackPointExtension>
            <ns3:hr>141</ns3:hr>
          </ns3:TrackPointExtension>
        </extensions>
      </trkpt>
      <trkpt lat="24.48835800401866436004638671875" lon="118.105057440698146820068359375">
        <ele>10.3999996185302734375</ele>
        <time>2024-11-17T12:38:49.000Z</time>
        <extensions>
          <ns3:TrackPointExtension>
            <ns3:hr>141</ns3:hr>
          </ns3:TrackPointExtension>
        </extensions>
      </trkpt>
      <trkpt lat="24.4883872568607330322265625" lon="118.105046711862087249755859375">
        <ele>9.80000019073486328125</ele>
        <time>2024-11-17T12:38:50.000Z</time>
        <extensions>
          <ns3:TrackPointExtension>
            <ns3:hr>141</ns3:hr>
          </ns3:TrackPointExtension>
        </extensions>
      </trkpt>
      <trkpt lat="24.48841600678861141204833984375" lon="118.105036653578281402587890625">
        <ele>9.19999980926513671875</ele>
        <time>2024-11-17T12:38:51.000Z</time>
        <extensions>
          <ns3:TrackPointExtension>
            <ns3:hr>141</ns3:hr>
          </ns3:TrackPointExtension>
        </extensions>
      </trkpt>
      <trkpt lat="24.488444589078426361083984375" lon="118.10502718202769756317138671875">
        <ele>8.6000003814697265625</ele>
        <time>2024-11-17T12:38:52.000Z</time>
        <extensions>
          <ns3:TrackPointExtension>
            <ns3:hr>141</ns3:hr>
          </ns3:TrackPointExtension>
        </extensions>
      </trkpt>
      <trkpt lat="24.48847266845405101776123046875" lon="118.1050177104771137237548828125">
        <ele>8.19999980926513671875</ele>
        <time>2024-11-17T12:38:53.000Z</time>
        <extensions>
          <ns3:TrackPointExtension>
            <ns3:hr>142</ns3:hr>
          </ns3:TrackPointExtension>
        </extensions>
      </trkpt>
      <trkpt lat="24.4885000772774219512939453125" lon="118.10500706546008586883544921875">
        <ele>7.599999904632568359375</ele>
        <time>2024-11-17T12:38:54.000Z</time>
        <extensions>
          <ns3:TrackPointExtension>
            <ns3:hr>142</ns3:hr>
          </ns3:TrackPointExtension>
        </extensions>
      </trkpt>
      <trkpt lat="24.48852740228176116943359375" lon="118.1049959175288677215576171875">
        <ele>7</ele>
        <time>2024-11-17T12:38:55.000Z</time>
        <extensions>
          <ns3:TrackPointExtension>
            <ns3:hr>146</ns3:hr>
          </ns3:TrackPointExtension>
        </extensions>
      </trkpt>
      <trkpt lat="24.48855514638125896453857421875" lon="118.10498560778796672821044921875">
        <ele>6.400000095367431640625</ele>
        <time>2024-11-17T12:38:56.000Z</time>
        <extensions>
          <ns3:TrackPointExtension>
            <ns3:hr>146</ns3:hr>
          </ns3:TrackPointExtension>
        </extensions>
      </trkpt>
      <trkpt lat="24.48858330957591533660888671875" lon="118.1049764715135097503662109375">
        <ele>6</ele>
        <time>2024-11-17T12:38:57.000Z</time>
        <extensions>
          <ns3:TrackPointExtension>
            <ns3:hr>146</ns3:hr>
          </ns3:TrackPointExtension>
        </extensions>
      </trkpt>
      <trkpt lat="24.48861197568476200103759765625" lon="118.1049684248864650726318359375">
        <ele>5.400000095367431640625</ele>
        <time>2024-11-17T12:38:58.000Z</time>
        <extensions>
          <ns3:TrackPointExtension>
            <ns3:hr>146</ns3:hr>
          </ns3:TrackPointExtension>
        </extensions>
      </trkpt>
      <trkpt lat="24.48864080943167209625244140625" lon="118.104961216449737548828125">
        <ele>5</ele>
        <time>2024-11-17T12:38:59.000Z</time>
        <extensions>
          <ns3:TrackPointExtension>
            <ns3:hr>146</ns3:hr>
          </ns3:TrackPointExtension>
        </extensions>
      </trkpt>
      <trkpt lat="24.48866997845470905303955078125" lon="118.1049545109272003173828125">
        <ele>5</ele>
        <time>2024-11-17T12:39:00.000Z</time>
        <extensions>
          <ns3:TrackPointExtension>
            <ns3:hr>146</ns3:hr>
          </ns3:TrackPointExtension>
        </extensions>
      </trkpt>
      <trkpt lat="24.4886995665729045867919921875" lon="118.10494721867144107818603515625">
        <ele>5</ele>
        <time>2024-11-17T12:39:01.000Z</time>
        <extensions>
          <ns3:TrackPointExtension>
            <ns3:hr>146</ns3:hr>
          </ns3:TrackPointExtension>
        </extensions>
      </trkpt>
      <trkpt lat="24.48872948996722698211669921875" lon="118.104938752949237823486328125">
        <ele>5</ele>
        <time>2024-11-17T12:39:02.000Z</time>
        <extensions>
          <ns3:TrackPointExtension>
            <ns3:hr>146</ns3:hr>
          </ns3:TrackPointExtension>
        </extensions>
      </trkpt>
      <trkpt lat="24.48875941336154937744140625" lon="118.10492995195090770721435546875">
        <ele>4.80000019073486328125</ele>
        <time>2024-11-17T12:39:03.000Z</time>
        <extensions>
          <ns3:TrackPointExtension>
            <ns3:hr>148</ns3:hr>
          </ns3:TrackPointExtension>
        </extensions>
      </trkpt>
      <trkpt lat="24.48878950439393520355224609375" lon="118.104921318590641021728515625">
        <ele>4.80000019073486328125</ele>
        <time>2024-11-17T12:39:04.000Z</time>
        <extensions>
          <ns3:TrackPointExtension>
            <ns3:hr>148</ns3:hr>
          </ns3:TrackPointExtension>
        </extensions>
      </trkpt>
      <trkpt lat="24.48882018215954303741455078125" lon="118.104912936687469482421875">
        <ele>4.599999904632568359375</ele>
        <time>2024-11-17T12:39:05.000Z</time>
        <extensions>
          <ns3:TrackPointExtension>
            <ns3:hr>148</ns3:hr>
          </ns3:TrackPointExtension>
        </extensions>
      </trkpt>
      <trkpt lat="24.4888514466583728790283203125" lon="118.10490530915558338165283203125">
        <ele>4.599999904632568359375</ele>
        <time>2024-11-17T12:39:06.000Z</time>
        <extensions>
          <ns3:TrackPointExtension>
            <ns3:hr>148</ns3:hr>
          </ns3:TrackPointExtension>
        </extensions>
      </trkpt>
      <trkpt lat="24.4888829626142978668212890625" lon="118.10489893890917301177978515625">
        <ele>4.599999904632568359375</ele>
        <time>2024-11-17T12:39:07.000Z</time>
        <extensions>
          <ns3:TrackPointExtension>
            <ns3:hr>148</ns3:hr>
          </ns3:TrackPointExtension>
        </extensions>
      </trkpt>
      <trkpt lat="24.4889144785702228546142578125" lon="118.10489357449114322662353515625">
        <ele>4.80000019073486328125</ele>
        <time>2024-11-17T12:39:08.000Z</time>
        <extensions>
          <ns3:TrackPointExtension>
            <ns3:hr>149</ns3:hr>
          </ns3:TrackPointExtension>
        </extensions>
      </trkpt>
      <trkpt lat="24.48894624598324298858642578125" lon="118.10488888062536716461181640625">
        <ele>5</ele>
        <time>2024-11-17T12:39:09.000Z</time>
        <extensions>
          <ns3:TrackPointExtension>
            <ns3:hr>149</ns3:hr>
          </ns3:TrackPointExtension>
        </extensions>
      </trkpt>
      <trkpt lat="24.48897809721529483795166015625" lon="118.1048839353024959564208984375">
        <ele>5.19999980926513671875</ele>
        <time>2024-11-17T12:39:10.000Z</time>
        <extensions>
          <ns3:TrackPointExtension>
            <ns3:hr>149</ns3:hr>
          </ns3:TrackPointExtension>
        </extensions>
      </trkpt>
      <trkpt lat="24.4890100322663784027099609375" lon="118.10487848706543445587158203125">
        <ele>5.19999980926513671875</ele>
        <time>2024-11-17T12:39:11.000Z</time>
        <extensions>
          <ns3:TrackPointExtension>
            <ns3:hr>149</ns3:hr>
          </ns3:TrackPointExtension>
        </extensions>
      </trkpt>
      <trkpt lat="24.4890415482223033905029296875" lon="118.10487396083772182464599609375">
        <ele>4.80000019073486328125</ele>
        <time>2024-11-17T12:39:12.000Z</time>
        <extensions>
          <ns3:TrackPointExtension>
            <ns3:hr>149</ns3:hr>
          </ns3:TrackPointExtension>
        </extensions>
      </trkpt>
      <trkpt lat="24.48907281272113323211669921875" lon="118.1048713624477386474609375">
        <ele>4.599999904632568359375</ele>
        <time>2024-11-17T12:39:13.000Z</time>
        <extensions>
          <ns3:TrackPointExtension>
            <ns3:hr>149</ns3:hr>
          </ns3:TrackPointExtension>
        </extensions>
      </trkpt>
      <trkpt lat="24.48910432867705821990966796875" lon="118.10486935079097747802734375">
        <ele>4.19999980926513671875</ele>
        <time>2024-11-17T12:39:14.000Z</time>
        <extensions>
          <ns3:TrackPointExtension>
            <ns3:hr>149</ns3:hr>
          </ns3:TrackPointExtension>
        </extensions>
      </trkpt>
      <trkpt lat="24.48913626372814178466796875" lon="118.10486641712486743927001953125">
        <ele>4.19999980926513671875</ele>
        <time>2024-11-17T12:39:15.000Z</time>
        <extensions>
          <ns3:TrackPointExtension>
            <ns3:hr>149</ns3:hr>
          </ns3:TrackPointExtension>
        </extensions>
      </trkpt>
      <trkpt lat="24.48916803114116191864013671875" lon="118.10486239381134510040283203125">
        <ele>4.19999980926513671875</ele>
        <time>2024-11-17T12:39:16.000Z</time>
        <extensions>
          <ns3:TrackPointExtension>
            <ns3:hr>149</ns3:hr>
          </ns3:TrackPointExtension>
        </extensions>
      </trkpt>
      <trkpt lat="24.48919937945902347564697265625" lon="118.10485753230750560760498046875">
        <ele>4</ele>
        <time>2024-11-17T12:39:17.000Z</time>
        <extensions>
          <ns3:TrackPointExtension>
            <ns3:hr>149</ns3:hr>
          </ns3:TrackPointExtension>
        </extensions>
      </trkpt>
      <trkpt lat="24.48923005722463130950927734375" lon="118.10485183261334896087646484375">
        <ele>4</ele>
        <time>2024-11-17T12:39:18.000Z</time>
        <extensions>
          <ns3:TrackPointExtension>
            <ns3:hr>149</ns3:hr>
          </ns3:TrackPointExtension>
        </extensions>
      </trkpt>
      <trkpt lat="24.48926023207604885101318359375" lon="118.10484529472887516021728515625">
        <ele>4</ele>
        <time>2024-11-17T12:39:19.000Z</time>
        <extensions>
          <ns3:TrackPointExtension>
            <ns3:hr>149</ns3:hr>
          </ns3:TrackPointExtension>
        </extensions>
      </trkpt>
      <trkpt lat="24.489289484918117523193359375" lon="118.104837499558925628662109375">
        <ele>4</ele>
        <time>2024-11-17T12:39:20.000Z</time>
        <extensions>
          <ns3:TrackPointExtension>
            <ns3:hr>149</ns3:hr>
          </ns3:TrackPointExtension>
        </extensions>
      </trkpt>
      <trkpt lat="24.4893181510269641876220703125" lon="118.1048282794654369354248046875">
        <ele>4</ele>
        <time>2024-11-17T12:39:21.000Z</time>
        <extensions>
          <ns3:TrackPointExtension>
            <ns3:hr>149</ns3:hr>
          </ns3:TrackPointExtension>
        </extensions>
      </trkpt>
      <trkpt lat="24.48934673331677913665771484375" lon="118.1048178859055042266845703125">
        <ele>4</ele>
        <time>2024-11-17T12:39:22.000Z</time>
        <extensions>
          <ns3:TrackPointExtension>
            <ns3:hr>149</ns3:hr>
          </ns3:TrackPointExtension>
        </extensions>
      </trkpt>
      <trkpt lat="24.48937573470175266265869140625" lon="118.104806654155254364013671875">
        <ele>3.7999999523162841796875</ele>
        <time>2024-11-17T12:39:23.000Z</time>
        <extensions>
          <ns3:TrackPointExtension>
            <ns3:hr>149</ns3:hr>
          </ns3:TrackPointExtension>
        </extensions>
      </trkpt>
      <trkpt lat="24.48940473608672618865966796875" lon="118.104794584214687347412109375">
        <ele>3.400000095367431640625</ele>
        <time>2024-11-17T12:39:24.000Z</time>
        <extensions>
          <ns3:TrackPointExtension>
            <ns3:hr>149</ns3:hr>
          </ns3:TrackPointExtension>
        </extensions>
      </trkpt>
      <trkpt lat="24.4894333183765411376953125" lon="118.10478150844573974609375">
        <ele>3.2000000476837158203125</ele>
        <time>2024-11-17T12:39:25.000Z</time>
        <extensions>
          <ns3:TrackPointExtension>
            <ns3:hr>149</ns3:hr>
          </ns3:TrackPointExtension>
        </extensions>
      </trkpt>
      <trkpt lat="24.48946123011410236358642578125" lon="118.1047675944864749908447265625">
        <ele>3.2000000476837158203125</ele>
        <time>2024-11-17T12:39:26.000Z</time>
        <extensions>
          <ns3:TrackPointExtension>
            <ns3:hr>149</ns3:hr>
          </ns3:TrackPointExtension>
        </extensions>
      </trkpt>
      <trkpt lat="24.48948855511844158172607421875" lon="118.1047531776130199432373046875">
        <ele>3</ele>
        <time>2024-11-17T12:39:27.000Z</time>
        <extensions>
          <ns3:TrackPointExtension>
            <ns3:hr>150</ns3:hr>
          </ns3:TrackPointExtension>
        </extensions>
      </trkpt>
      <trkpt lat="24.48951604776084423065185546875" lon="118.10473817400634288787841796875">
        <ele>3</ele>
        <time>2024-11-17T12:39:28.000Z</time>
        <extensions>
          <ns3:TrackPointExtension>
            <ns3:hr>150</ns3:hr>
          </ns3:TrackPointExtension>
        </extensions>
      </trkpt>
      <trkpt lat="24.48954395949840545654296875" lon="118.104722835123538970947265625">
        <ele>2.7999999523162841796875</ele>
        <time>2024-11-17T12:39:29.000Z</time>
        <extensions>
          <ns3:TrackPointExtension>
            <ns3:hr>150</ns3:hr>
          </ns3:TrackPointExtension>
        </extensions>
      </trkpt>
      <trkpt lat="24.48957203887403011322021484375" lon="118.1047077476978302001953125">
        <ele>2.599999904632568359375</ele>
        <time>2024-11-17T12:39:30.000Z</time>
        <extensions>
          <ns3:TrackPointExtension>
            <ns3:hr>150</ns3:hr>
          </ns3:TrackPointExtension>
        </extensions>
      </trkpt>
      <trkpt lat="24.489599950611591339111328125" lon="118.10469291172921657562255859375">
        <ele>2.7999999523162841796875</ele>
        <time>2024-11-17T12:39:31.000Z</time>
        <extensions>
          <ns3:TrackPointExtension>
            <ns3:hr>150</ns3:hr>
          </ns3:TrackPointExtension>
        </extensions>
      </trkpt>
      <trkpt lat="24.48962769471108913421630859375" lon="118.10467782430350780487060546875">
        <ele>2.7999999523162841796875</ele>
        <time>2024-11-17T12:39:32.000Z</time>
        <extensions>
          <ns3:TrackPointExtension>
            <ns3:hr>150</ns3:hr>
          </ns3:TrackPointExtension>
        </extensions>
      </trkpt>
      <trkpt lat="24.4896547682583332061767578125" lon="118.10466147959232330322265625">
        <ele>2.7999999523162841796875</ele>
        <time>2024-11-17T12:39:33.000Z</time>
        <extensions>
          <ns3:TrackPointExtension>
            <ns3:hr>151</ns3:hr>
          </ns3:TrackPointExtension>
        </extensions>
      </trkpt>
      <trkpt lat="24.4896809197962284088134765625" lon="118.10464345850050449371337890625">
        <ele>3</ele>
        <time>2024-11-17T12:39:34.000Z</time>
        <extensions>
          <ns3:TrackPointExtension>
            <ns3:hr>151</ns3:hr>
          </ns3:TrackPointExtension>
        </extensions>
      </trkpt>
      <trkpt lat="24.48970581404864788055419921875" lon="118.10462418012320995330810546875">
        <ele>3</ele>
        <time>2024-11-17T12:39:35.000Z</time>
        <extensions>
          <ns3:TrackPointExtension>
            <ns3:hr>151</ns3:hr>
          </ns3:TrackPointExtension>
        </extensions>
      </trkpt>
      <trkpt lat="24.489729702472686767578125" lon="118.10460406355559825897216796875">
        <ele>3.2000000476837158203125</ele>
        <time>2024-11-17T12:39:36.000Z</time>
        <extensions>
          <ns3:TrackPointExtension>
            <ns3:hr>151</ns3:hr>
          </ns3:TrackPointExtension>
        </extensions>
      </trkpt>
      <trkpt lat="24.48975275270640850067138671875" lon="118.1045835278928279876708984375">
        <ele>3.400000095367431640625</ele>
        <time>2024-11-17T12:39:37.000Z</time>
        <extensions>
          <ns3:TrackPointExtension>
            <ns3:hr>151</ns3:hr>
          </ns3:TrackPointExtension>
        </extensions>
      </trkpt>
      <trkpt lat="24.48977530002593994140625" lon="118.1045627407729625701904296875">
        <ele>3.400000095367431640625</ele>
        <time>2024-11-17T12:39:38.000Z</time>
        <extensions>
          <ns3:TrackPointExtension>
            <ns3:hr>151</ns3:hr>
          </ns3:TrackPointExtension>
        </extensions>
      </trkpt>
      <trkpt lat="24.4897969253361225128173828125" lon="118.10454086400568485260009765625">
        <ele>3.599999904632568359375</ele>
        <time>2024-11-17T12:39:39.000Z</time>
        <extensions>
          <ns3:TrackPointExtension>
            <ns3:hr>151</ns3:hr>
          </ns3:TrackPointExtension>
        </extensions>
      </trkpt>
      <trkpt lat="24.489817209541797637939453125" lon="118.10451722703874111175537109375">
        <ele>3.7999999523162841796875</ele>
        <time>2024-11-17T12:39:40.000Z</time>
        <extensions>
          <ns3:TrackPointExtension>
            <ns3:hr>151</ns3:hr>
          </ns3:TrackPointExtension>
        </extensions>
      </trkpt>
      <trkpt lat="24.48983640410006046295166015625" lon="118.10449174605309963226318359375">
        <ele>4</ele>
        <time>2024-11-17T12:39:41.000Z</time>
        <extensions>
          <ns3:TrackPointExtension>
            <ns3:hr>152</ns3:hr>
          </ns3:TrackPointExtension>
        </extensions>
      </trkpt>
      <trkpt lat="24.48985450901091098785400390625" lon="118.104464672505855560302734375">
        <ele>4.19999980926513671875</ele>
        <time>2024-11-17T12:39:42.000Z</time>
        <extensions>
          <ns3:TrackPointExtension>
            <ns3:hr>152</ns3:hr>
          </ns3:TrackPointExtension>
        </extensions>
      </trkpt>
      <trkpt lat="24.48987253010272979736328125" lon="118.10443709604442119598388671875">
        <ele>4.19999980926513671875</ele>
        <time>2024-11-17T12:39:43.000Z</time>
        <extensions>
          <ns3:TrackPointExtension>
            <ns3:hr>152</ns3:hr>
          </ns3:TrackPointExtension>
        </extensions>
      </trkpt>
      <trkpt lat="24.48989138938486576080322265625" lon="118.1044100224971771240234375">
        <ele>4.400000095367431640625</ele>
        <time>2024-11-17T12:39:44.000Z</time>
        <extensions>
          <ns3:TrackPointExtension>
            <ns3:hr>152</ns3:hr>
          </ns3:TrackPointExtension>
        </extensions>
      </trkpt>
      <trkpt lat="24.4899107515811920166015625" lon="118.1043833680450916290283203125">
        <ele>4.599999904632568359375</ele>
        <time>2024-11-17T12:39:45.000Z</time>
        <extensions>
          <ns3:TrackPointExtension>
            <ns3:hr>153</ns3:hr>
          </ns3:TrackPointExtension>
        </extensions>
      </trkpt>
      <trkpt lat="24.4899308681488037109375" lon="118.10435704886913299560546875">
        <ele>4.599999904632568359375</ele>
        <time>2024-11-17T12:39:46.000Z</time>
        <extensions>
          <ns3:TrackPointExtension>
            <ns3:hr>153</ns3:hr>
          </ns3:TrackPointExtension>
        </extensions>
      </trkpt>
      <trkpt lat="24.4899509847164154052734375" lon="118.1043307296931743621826171875">
        <ele>4.80000019073486328125</ele>
        <time>2024-11-17T12:39:47.000Z</time>
        <extensions>
          <ns3:TrackPointExtension>
            <ns3:hr>153</ns3:hr>
          </ns3:TrackPointExtension>
        </extensions>
      </trkpt>
      <trkpt lat="24.4899697601795196533203125" lon="118.10430332086980342864990234375">
        <ele>4.80000019073486328125</ele>
        <time>2024-11-17T12:39:48.000Z</time>
        <extensions>
          <ns3:TrackPointExtension>
            <ns3:hr>153</ns3:hr>
          </ns3:TrackPointExtension>
        </extensions>
      </trkpt>
      <trkpt lat="24.4899866916239261627197265625" lon="118.1042744033038616180419921875">
        <ele>5</ele>
        <time>2024-11-17T12:39:49.000Z</time>
        <extensions>
          <ns3:TrackPointExtension>
            <ns3:hr>153</ns3:hr>
          </ns3:TrackPointExtension>
        </extensions>
      </trkpt>
      <trkpt lat="24.49000203050673007965087890625" lon="118.1042442284524440765380859375">
        <ele>5.19999980926513671875</ele>
        <time>2024-11-17T12:39:50.000Z</time>
        <extensions>
          <ns3:TrackPointExtension>
            <ns3:hr>153</ns3:hr>
          </ns3:TrackPointExtension>
        </extensions>
      </trkpt>
      <trkpt lat="24.4900158606469631195068359375" lon="118.104213215410709381103515625">
        <ele>5.400000095367431640625</ele>
        <time>2024-11-17T12:39:51.000Z</time>
        <extensions>
          <ns3:TrackPointExtension>
            <ns3:hr>153</ns3:hr>
          </ns3:TrackPointExtension>
        </extensions>
      </trkpt>
      <trkpt lat="24.4900282658636569976806640625" lon="118.1041815318167209625244140625">
        <ele>5.400000095367431640625</ele>
        <time>2024-11-17T12:39:52.000Z</time>
        <extensions>
          <ns3:TrackPointExtension>
            <ns3:hr>153</ns3:hr>
          </ns3:TrackPointExtension>
        </extensions>
      </trkpt>
      <trkpt lat="24.4900394976139068603515625" lon="118.10414909385144710540771484375">
        <ele>5.19999980926513671875</ele>
        <time>2024-11-17T12:39:53.000Z</time>
        <extensions>
          <ns3:TrackPointExtension>
            <ns3:hr>153</ns3:hr>
          </ns3:TrackPointExtension>
        </extensions>
      </trkpt>
      <trkpt lat="24.4900503940880298614501953125" lon="118.10411640442907810211181640625">
        <ele>5.19999980926513671875</ele>
        <time>2024-11-17T12:39:54.000Z</time>
        <extensions>
          <ns3:TrackPointExtension>
            <ns3:hr>153</ns3:hr>
          </ns3:TrackPointExtension>
        </extensions>
      </trkpt>
      <trkpt lat="24.49006154201924800872802734375" lon="118.1040836311876773834228515625">
        <ele>5.19999980926513671875</ele>
        <time>2024-11-17T12:39:55.000Z</time>
        <extensions>
          <ns3:TrackPointExtension>
            <ns3:hr>153</ns3:hr>
          </ns3:TrackPointExtension>
        </extensions>
      </trkpt>
      <trkpt lat="24.49007227085530757904052734375" lon="118.1040507741272449493408203125">
        <ele>5.19999980926513671875</ele>
        <time>2024-11-17T12:39:56.000Z</time>
        <extensions>
          <ns3:TrackPointExtension>
            <ns3:hr>153</ns3:hr>
          </ns3:TrackPointExtension>
        </extensions>
      </trkpt>
      <trkpt lat="24.49008232913911342620849609375" lon="118.104017078876495361328125">
        <ele>5.19999980926513671875</ele>
        <time>2024-11-17T12:39:57.000Z</time>
        <extensions>
          <ns3:TrackPointExtension>
            <ns3:hr>153</ns3:hr>
          </ns3:TrackPointExtension>
        </extensions>
      </trkpt>
      <trkpt lat="24.4900916330516338348388671875" lon="118.10398262925446033477783203125">
        <ele>5</ele>
        <time>2024-11-17T12:39:58.000Z</time>
        <extensions>
          <ns3:TrackPointExtension>
            <ns3:hr>154</ns3:hr>
          </ns3:TrackPointExtension>
        </extensions>
      </trkpt>
      <trkpt lat="24.4901000149548053741455078125" lon="118.10394843108952045440673828125">
        <ele>5</ele>
        <time>2024-11-17T12:39:59.000Z</time>
        <extensions>
          <ns3:TrackPointExtension>
            <ns3:hr>154</ns3:hr>
          </ns3:TrackPointExtension>
        </extensions>
      </trkpt>
      <trkpt lat="24.49010764248669147491455078125" lon="118.1039153225719928741455078125">
        <ele>5</ele>
        <time>2024-11-17T12:40:00.000Z</time>
        <extensions>
          <ns3:TrackPointExtension>
            <ns3:hr>154</ns3:hr>
          </ns3:TrackPointExtension>
        </extensions>
      </trkpt>
      <trkpt lat="24.49011485092341899871826171875" lon="118.10388271696865558624267578125">
        <ele>5</ele>
        <time>2024-11-17T12:40:01.000Z</time>
        <extensions>
          <ns3:TrackPointExtension>
            <ns3:hr>155</ns3:hr>
          </ns3:TrackPointExtension>
        </extensions>
      </trkpt>
      <trkpt lat="24.4901221431791782379150390625" lon="118.1038502790033817291259765625">
        <ele>5</ele>
        <time>2024-11-17T12:40:02.000Z</time>
        <extensions>
          <ns3:TrackPointExtension>
            <ns3:hr>155</ns3:hr>
          </ns3:TrackPointExtension>
        </extensions>
      </trkpt>
      <trkpt lat="24.49012935161590576171875" lon="118.103817589581012725830078125">
        <ele>5</ele>
        <time>2024-11-17T12:40:03.000Z</time>
        <extensions>
          <ns3:TrackPointExtension>
            <ns3:hr>155</ns3:hr>
          </ns3:TrackPointExtension>
        </extensions>
      </trkpt>
      <trkpt lat="24.49013580568134784698486328125" lon="118.1037849001586437225341796875">
        <ele>5</ele>
        <time>2024-11-17T12:40:04.000Z</time>
        <extensions>
          <ns3:TrackPointExtension>
            <ns3:hr>155</ns3:hr>
          </ns3:TrackPointExtension>
        </extensions>
      </trkpt>
      <trkpt lat="24.49014133773744106292724609375" lon="118.103751875460147857666015625">
        <ele>4.80000019073486328125</ele>
        <time>2024-11-17T12:40:05.000Z</time>
        <extensions>
          <ns3:TrackPointExtension>
            <ns3:hr>155</ns3:hr>
          </ns3:TrackPointExtension>
        </extensions>
      </trkpt>
      <trkpt lat="24.49014569632709026336669921875" lon="118.10371935367584228515625">
        <ele>4.80000019073486328125</ele>
        <time>2024-11-17T12:40:06.000Z</time>
        <extensions>
          <ns3:TrackPointExtension>
            <ns3:hr>155</ns3:hr>
          </ns3:TrackPointExtension>
        </extensions>
      </trkpt>
      <trkpt lat="24.4901489652693271636962890625" lon="118.1036883406341075897216796875">
        <ele>4.80000019073486328125</ele>
        <time>2024-11-17T12:40:07.000Z</time>
        <extensions>
          <ns3:TrackPointExtension>
            <ns3:hr>156</ns3:hr>
          </ns3:TrackPointExtension>
        </extensions>
      </trkpt>
      <trkpt lat="24.49015156365931034088134765625" lon="118.10365774668753147125244140625">
        <ele>4.80000019073486328125</ele>
        <time>2024-11-17T12:40:08.000Z</time>
        <extensions>
          <ns3:TrackPointExtension>
            <ns3:hr>156</ns3:hr>
          </ns3:TrackPointExtension>
        </extensions>
      </trkpt>
      <trkpt lat="24.490153156220912933349609375" lon="118.10362488962709903717041015625">
        <ele>5</ele>
        <time>2024-11-17T12:40:09.000Z</time>
        <extensions>
          <ns3:TrackPointExtension>
            <ns3:hr>156</ns3:hr>
          </ns3:TrackPointExtension>
        </extensions>
      </trkpt>
      <trkpt lat="24.4901543296873569488525390625" lon="118.10358985327184200286865234375">
        <ele>5.19999980926513671875</ele>
        <time>2024-11-17T12:40:10.000Z</time>
        <extensions>
          <ns3:TrackPointExtension>
            <ns3:hr>156</ns3:hr>
          </ns3:TrackPointExtension>
        </extensions>
      </trkpt>
      <trkpt lat="24.49015508405864238739013671875" lon="118.10355481691658496856689453125">
        <ele>5.19999980926513671875</ele>
        <time>2024-11-17T12:40:11.000Z</time>
        <extensions>
          <ns3:TrackPointExtension>
            <ns3:hr>156</ns3:hr>
          </ns3:TrackPointExtension>
        </extensions>
      </trkpt>
      <trkpt lat="24.49015458114445209503173828125" lon="118.1035203672945499420166015625">
        <ele>5.400000095367431640625</ele>
        <time>2024-11-17T12:40:12.000Z</time>
        <extensions>
          <ns3:TrackPointExtension>
            <ns3:hr>156</ns3:hr>
          </ns3:TrackPointExtension>
        </extensions>
      </trkpt>
      <trkpt lat="24.49015240184962749481201171875" lon="118.103486336767673492431640625">
        <ele>5.400000095367431640625</ele>
        <time>2024-11-17T12:40:13.000Z</time>
        <extensions>
          <ns3:TrackPointExtension>
            <ns3:hr>157</ns3:hr>
          </ns3:TrackPointExtension>
        </extensions>
      </trkpt>
      <trkpt lat="24.4901486299932003021240234375" lon="118.10345222242176532745361328125">
        <ele>5.599999904632568359375</ele>
        <time>2024-11-17T12:40:14.000Z</time>
        <extensions>
          <ns3:TrackPointExtension>
            <ns3:hr>157</ns3:hr>
          </ns3:TrackPointExtension>
        </extensions>
      </trkpt>
      <trkpt lat="24.4901441037654876708984375" lon="118.10341785661876201629638671875">
        <ele>5.80000019073486328125</ele>
        <time>2024-11-17T12:40:15.000Z</time>
        <extensions>
          <ns3:TrackPointExtension>
            <ns3:hr>157</ns3:hr>
          </ns3:TrackPointExtension>
        </extensions>
      </trkpt>
      <trkpt lat="24.4901385717093944549560546875" lon="118.1033835746347904205322265625">
        <ele>5.80000019073486328125</ele>
        <time>2024-11-17T12:40:16.000Z</time>
        <extensions>
          <ns3:TrackPointExtension>
            <ns3:hr>157</ns3:hr>
          </ns3:TrackPointExtension>
        </extensions>
      </trkpt>
      <trkpt lat="24.4901322014629840850830078125" lon="118.1033497117459774017333984375">
        <ele>6</ele>
        <time>2024-11-17T12:40:17.000Z</time>
        <extensions>
          <ns3:TrackPointExtension>
            <ns3:hr>157</ns3:hr>
          </ns3:TrackPointExtension>
        </extensions>
      </trkpt>
      <trkpt lat="24.49012557975947856903076171875" lon="118.10331576503813266754150390625">
        <ele>6.19999980926513671875</ele>
        <time>2024-11-17T12:40:18.000Z</time>
        <extensions>
          <ns3:TrackPointExtension>
            <ns3:hr>157</ns3:hr>
          </ns3:TrackPointExtension>
        </extensions>
      </trkpt>
      <trkpt lat="24.4901187904179096221923828125" lon="118.10328156687319278717041015625">
        <ele>6.400000095367431640625</ele>
        <time>2024-11-17T12:40:19.000Z</time>
        <extensions>
          <ns3:TrackPointExtension>
            <ns3:hr>157</ns3:hr>
          </ns3:TrackPointExtension>
        </extensions>
      </trkpt>
      <trkpt lat="24.49011149816215038299560546875" lon="118.10324736870825290679931640625">
        <ele>6.400000095367431640625</ele>
        <time>2024-11-17T12:40:20.000Z</time>
        <extensions>
          <ns3:TrackPointExtension>
            <ns3:hr>156</ns3:hr>
          </ns3:TrackPointExtension>
        </extensions>
      </trkpt>
      <trkpt lat="24.49010328389704227447509765625" lon="118.103214092552661895751953125">
        <ele>6.599999904632568359375</ele>
        <time>2024-11-17T12:40:21.000Z</time>
        <extensions>
          <ns3:TrackPointExtension>
            <ns3:hr>156</ns3:hr>
          </ns3:TrackPointExtension>
        </extensions>
      </trkpt>
      <trkpt lat="24.4900936447083950042724609375" lon="118.103181906044483184814453125">
        <ele>6.599999904632568359375</ele>
        <time>2024-11-17T12:40:22.000Z</time>
        <extensions>
          <ns3:TrackPointExtension>
            <ns3:hr>156</ns3:hr>
          </ns3:TrackPointExtension>
        </extensions>
      </trkpt>
      <trkpt lat="24.4900825805962085723876953125" lon="118.10315080918371677398681640625">
        <ele>6.80000019073486328125</ele>
        <time>2024-11-17T12:40:23.000Z</time>
        <extensions>
          <ns3:TrackPointExtension>
            <ns3:hr>156</ns3:hr>
          </ns3:TrackPointExtension>
        </extensions>
      </trkpt>
      <trkpt lat="24.49007042683660984039306640625" lon="118.10312029905617237091064453125">
        <ele>6.80000019073486328125</ele>
        <time>2024-11-17T12:40:24.000Z</time>
        <extensions>
          <ns3:TrackPointExtension>
            <ns3:hr>156</ns3:hr>
          </ns3:TrackPointExtension>
        </extensions>
      </trkpt>
      <trkpt lat="24.4900577701628208160400390625" lon="118.10308945365250110626220703125">
        <ele>6.80000019073486328125</ele>
        <time>2024-11-17T12:40:25.000Z</time>
        <extensions>
          <ns3:TrackPointExtension>
            <ns3:hr>156</ns3:hr>
          </ns3:TrackPointExtension>
        </extensions>
      </trkpt>
      <trkpt lat="24.49004444293677806854248046875" lon="118.10305894352495670318603515625">
        <ele>7</ele>
        <time>2024-11-17T12:40:26.000Z</time>
        <extensions>
          <ns3:TrackPointExtension>
            <ns3:hr>156</ns3:hr>
          </ns3:TrackPointExtension>
        </extensions>
      </trkpt>
      <trkpt lat="24.4900296069681644439697265625" lon="118.10302927158772945404052734375">
        <ele>7</ele>
        <time>2024-11-17T12:40:27.000Z</time>
        <extensions>
          <ns3:TrackPointExtension>
            <ns3:hr>156</ns3:hr>
          </ns3:TrackPointExtension>
        </extensions>
      </trkpt>
      <trkpt lat="24.49001342989504337310791015625" lon="118.10300027020275592803955078125">
        <ele>7</ele>
        <time>2024-11-17T12:40:28.000Z</time>
        <extensions>
          <ns3:TrackPointExtension>
            <ns3:hr>156</ns3:hr>
          </ns3:TrackPointExtension>
        </extensions>
      </trkpt>
      <trkpt lat="24.48999582789838314056396484375" lon="118.10297110117971897125244140625">
        <ele>7</ele>
        <time>2024-11-17T12:40:29.000Z</time>
        <extensions>
          <ns3:TrackPointExtension>
            <ns3:hr>156</ns3:hr>
          </ns3:TrackPointExtension>
        </extensions>
      </trkpt>
      <trkpt lat="24.48997713625431060791015625" lon="118.1029416806995868682861328125">
        <ele>7</ele>
        <time>2024-11-17T12:40:30.000Z</time>
        <extensions>
          <ns3:TrackPointExtension>
            <ns3:hr>156</ns3:hr>
          </ns3:TrackPointExtension>
        </extensions>
      </trkpt>
      <trkpt lat="24.489958025515079498291015625" lon="118.10291226021945476531982421875">
        <ele>7</ele>
        <time>2024-11-17T12:40:31.000Z</time>
        <extensions>
          <ns3:TrackPointExtension>
            <ns3:hr>156</ns3:hr>
          </ns3:TrackPointExtension>
        </extensions>
      </trkpt>
      <trkpt lat="24.4899394176900386810302734375" lon="118.10288359411060810089111328125">
        <ele>7</ele>
        <time>2024-11-17T12:40:32.000Z</time>
        <extensions>
          <ns3:TrackPointExtension>
            <ns3:hr>156</ns3:hr>
          </ns3:TrackPointExtension>
        </extensions>
      </trkpt>
      <trkpt lat="24.48992072604596614837646484375" lon="118.102855347096920013427734375">
        <ele>7</ele>
        <time>2024-11-17T12:40:33.000Z</time>
        <extensions>
          <ns3:TrackPointExtension>
            <ns3:hr>156</ns3:hr>
          </ns3:TrackPointExtension>
        </extensions>
      </trkpt>
      <trkpt lat="24.48990144766867160797119140625" lon="118.102827183902263641357421875">
        <ele>7</ele>
        <time>2024-11-17T12:40:34.000Z</time>
        <extensions>
          <ns3:TrackPointExtension>
            <ns3:hr>155</ns3:hr>
          </ns3:TrackPointExtension>
        </extensions>
      </trkpt>
      <trkpt lat="24.48988133110105991363525390625" lon="118.102799355983734130859375">
        <ele>7</ele>
        <time>2024-11-17T12:40:35.000Z</time>
        <extensions>
          <ns3:TrackPointExtension>
            <ns3:hr>155</ns3:hr>
          </ns3:TrackPointExtension>
        </extensions>
      </trkpt>
      <trkpt lat="24.48986004106700420379638671875" lon="118.1027723662555217742919921875">
        <ele>7</ele>
        <time>2024-11-17T12:40:36.000Z</time>
        <extensions>
          <ns3:TrackPointExtension>
            <ns3:hr>155</ns3:hr>
          </ns3:TrackPointExtension>
        </extensions>
      </trkpt>
      <trkpt lat="24.48983791284263134002685546875" lon="118.10274663381278514862060546875">
        <ele>7</ele>
        <time>2024-11-17T12:40:37.000Z</time>
        <extensions>
          <ns3:TrackPointExtension>
            <ns3:hr>155</ns3:hr>
          </ns3:TrackPointExtension>
        </extensions>
      </trkpt>
      <trkpt lat="24.48981561698019504547119140625" lon="118.102721907198429107666015625">
        <ele>7</ele>
        <time>2024-11-17T12:40:38.000Z</time>
        <extensions>
          <ns3:TrackPointExtension>
            <ns3:hr>155</ns3:hr>
          </ns3:TrackPointExtension>
        </extensions>
      </trkpt>
      <trkpt lat="24.48979332111775875091552734375" lon="118.1026979349553585052490234375">
        <ele>7.19999980926513671875</ele>
        <time>2024-11-17T12:40:39.000Z</time>
        <extensions>
          <ns3:TrackPointExtension>
            <ns3:hr>155</ns3:hr>
          </ns3:TrackPointExtension>
        </extensions>
      </trkpt>
      <trkpt lat="24.4897704385221004486083984375" lon="118.102674968540668487548828125">
        <ele>7.19999980926513671875</ele>
        <time>2024-11-17T12:40:40.000Z</time>
        <extensions>
          <ns3:TrackPointExtension>
            <ns3:hr>154</ns3:hr>
          </ns3:TrackPointExtension>
        </extensions>
      </trkpt>
      <trkpt lat="24.48974688537418842315673828125" lon="118.10265325941145420074462890625">
        <ele>7.400000095367431640625</ele>
        <time>2024-11-17T12:40:41.000Z</time>
        <extensions>
          <ns3:TrackPointExtension>
            <ns3:hr>154</ns3:hr>
          </ns3:TrackPointExtension>
        </extensions>
      </trkpt>
      <trkpt lat="24.48972257785499095916748046875" lon="118.1026322208344936370849609375">
        <ele>7.400000095367431640625</ele>
        <time>2024-11-17T12:40:42.000Z</time>
        <extensions>
          <ns3:TrackPointExtension>
            <ns3:hr>154</ns3:hr>
          </ns3:TrackPointExtension>
        </extensions>
      </trkpt>
      <trkpt lat="24.48969776742160320281982421875" lon="118.10261227190494537353515625">
        <ele>7.400000095367431640625</ele>
        <time>2024-11-17T12:40:43.000Z</time>
        <extensions>
          <ns3:TrackPointExtension>
            <ns3:hr>154</ns3:hr>
          </ns3:TrackPointExtension>
        </extensions>
      </trkpt>
      <trkpt lat="24.48967262171208858489990234375" lon="118.10259282588958740234375">
        <ele>7.599999904632568359375</ele>
        <time>2024-11-17T12:40:44.000Z</time>
        <extensions>
          <ns3:TrackPointExtension>
            <ns3:hr>154</ns3:hr>
          </ns3:TrackPointExtension>
        </extensions>
      </trkpt>
      <trkpt lat="24.48964781127870082855224609375" lon="118.10257337987422943115234375">
        <ele>7.599999904632568359375</ele>
        <time>2024-11-17T12:40:45.000Z</time>
        <extensions>
          <ns3:TrackPointExtension>
            <ns3:hr>154</ns3:hr>
          </ns3:TrackPointExtension>
        </extensions>
      </trkpt>
      <trkpt lat="24.48962266556918621063232421875" lon="118.10255401767790317535400390625">
        <ele>7.80000019073486328125</ele>
        <time>2024-11-17T12:40:46.000Z</time>
        <extensions>
          <ns3:TrackPointExtension>
            <ns3:hr>154</ns3:hr>
          </ns3:TrackPointExtension>
        </extensions>
      </trkpt>
      <trkpt lat="24.4895964302122592926025390625" lon="118.1025346554815769195556640625">
        <ele>7.80000019073486328125</ele>
        <time>2024-11-17T12:40:47.000Z</time>
        <extensions>
          <ns3:TrackPointExtension>
            <ns3:hr>154</ns3:hr>
          </ns3:TrackPointExtension>
        </extensions>
      </trkpt>
      <trkpt lat="24.48956952430307865142822265625" lon="118.102516047656536102294921875">
        <ele>7.80000019073486328125</ele>
        <time>2024-11-17T12:40:48.000Z</time>
        <extensions>
          <ns3:TrackPointExtension>
            <ns3:hr>154</ns3:hr>
          </ns3:TrackPointExtension>
        </extensions>
      </trkpt>
      <trkpt lat="24.4895421154797077178955078125" lon="118.1024987809360027313232421875">
        <ele>7.80000019073486328125</ele>
        <time>2024-11-17T12:40:49.000Z</time>
        <extensions>
          <ns3:TrackPointExtension>
            <ns3:hr>154</ns3:hr>
          </ns3:TrackPointExtension>
        </extensions>
      </trkpt>
      <trkpt lat="24.4895139522850513458251953125" lon="118.1024826876819133758544921875">
        <ele>8</ele>
        <time>2024-11-17T12:40:50.000Z</time>
        <extensions>
          <ns3:TrackPointExtension>
            <ns3:hr>152</ns3:hr>
          </ns3:TrackPointExtension>
        </extensions>
      </trkpt>
      <trkpt lat="24.48948520235717296600341796875" lon="118.1024676002562046051025390625">
        <ele>8</ele>
        <time>2024-11-17T12:40:51.000Z</time>
        <extensions>
          <ns3:TrackPointExtension>
            <ns3:hr>152</ns3:hr>
          </ns3:TrackPointExtension>
        </extensions>
      </trkpt>
      <trkpt lat="24.4894562847912311553955078125" lon="118.10245326720178127288818359375">
        <ele>8</ele>
        <time>2024-11-17T12:40:52.000Z</time>
        <extensions>
          <ns3:TrackPointExtension>
            <ns3:hr>152</ns3:hr>
          </ns3:TrackPointExtension>
        </extensions>
      </trkpt>
      <trkpt lat="24.48942703194916248321533203125" lon="118.10243968851864337921142578125">
        <ele>8</ele>
        <time>2024-11-17T12:40:53.000Z</time>
        <extensions>
          <ns3:TrackPointExtension>
            <ns3:hr>152</ns3:hr>
          </ns3:TrackPointExtension>
        </extensions>
      </trkpt>
      <trkpt lat="24.48939752764999866485595703125" lon="118.10242694802582263946533203125">
        <ele>8.19999980926513671875</ele>
        <time>2024-11-17T12:40:54.000Z</time>
        <extensions>
          <ns3:TrackPointExtension>
            <ns3:hr>152</ns3:hr>
          </ns3:TrackPointExtension>
        </extensions>
      </trkpt>
      <trkpt lat="24.48936785571277141571044921875" lon="118.10241487808525562286376953125">
        <ele>8.19999980926513671875</ele>
        <time>2024-11-17T12:40:55.000Z</time>
        <extensions>
          <ns3:TrackPointExtension>
            <ns3:hr>152</ns3:hr>
          </ns3:TrackPointExtension>
        </extensions>
      </trkpt>
      <trkpt lat="24.4893379323184490203857421875" lon="118.10240364633500576019287109375">
        <ele>8.19999980926513671875</ele>
        <time>2024-11-17T12:40:56.000Z</time>
        <extensions>
          <ns3:TrackPointExtension>
            <ns3:hr>152</ns3:hr>
          </ns3:TrackPointExtension>
        </extensions>
      </trkpt>
      <trkpt lat="24.4893072545528411865234375" lon="118.10239325277507305145263671875">
        <ele>8.3999996185302734375</ele>
        <time>2024-11-17T12:40:57.000Z</time>
        <extensions>
          <ns3:TrackPointExtension>
            <ns3:hr>151</ns3:hr>
          </ns3:TrackPointExtension>
        </extensions>
      </trkpt>
      <trkpt lat="24.4892762415111064910888671875" lon="118.102385289967060089111328125">
        <ele>8.3999996185302734375</ele>
        <time>2024-11-17T12:40:58.000Z</time>
        <extensions>
          <ns3:TrackPointExtension>
            <ns3:hr>151</ns3:hr>
          </ns3:TrackPointExtension>
        </extensions>
      </trkpt>
      <trkpt lat="24.4892453961074352264404296875" lon="118.1023794226348400115966796875">
        <ele>8.6000003814697265625</ele>
        <time>2024-11-17T12:40:59.000Z</time>
        <extensions>
          <ns3:TrackPointExtension>
            <ns3:hr>151</ns3:hr>
          </ns3:TrackPointExtension>
        </extensions>
      </trkpt>
      <trkpt lat="24.48921463452279567718505859375" lon="118.1023742258548736572265625">
        <ele>8.80000019073486328125</ele>
        <time>2024-11-17T12:41:00.000Z</time>
        <extensions>
          <ns3:TrackPointExtension>
            <ns3:hr>149</ns3:hr>
          </ns3:TrackPointExtension>
        </extensions>
      </trkpt>
      <trkpt lat="24.489183537662029266357421875" lon="118.1023693643510341644287109375">
        <ele>9</ele>
        <time>2024-11-17T12:41:01.000Z</time>
        <extensions>
          <ns3:TrackPointExtension>
            <ns3:hr>149</ns3:hr>
          </ns3:TrackPointExtension>
        </extensions>
      </trkpt>
      <trkpt lat="24.48915210552513599395751953125" lon="118.102364502847194671630859375">
        <ele>9.19999980926513671875</ele>
        <time>2024-11-17T12:41:02.000Z</time>
        <extensions>
          <ns3:TrackPointExtension>
            <ns3:hr>149</ns3:hr>
          </ns3:TrackPointExtension>
        </extensions>
      </trkpt>
      <trkpt lat="24.489120505750179290771484375" lon="118.10235989280045032501220703125">
        <ele>9.3999996185302734375</ele>
        <time>2024-11-17T12:41:03.000Z</time>
        <extensions>
          <ns3:TrackPointExtension>
            <ns3:hr>149</ns3:hr>
          </ns3:TrackPointExtension>
        </extensions>
      </trkpt>
      <trkpt lat="24.48908932507038116455078125" lon="118.10235586948692798614501953125">
        <ele>9.6000003814697265625</ele>
        <time>2024-11-17T12:41:04.000Z</time>
        <extensions>
          <ns3:TrackPointExtension>
            <ns3:hr>149</ns3:hr>
          </ns3:TrackPointExtension>
        </extensions>
      </trkpt>
      <trkpt lat="24.48905839584767818450927734375" lon="118.10235285200178623199462890625">
        <ele>9.80000019073486328125</ele>
        <time>2024-11-17T12:41:05.000Z</time>
        <extensions>
          <ns3:TrackPointExtension>
            <ns3:hr>149</ns3:hr>
          </ns3:TrackPointExtension>
        </extensions>
      </trkpt>
      <trkpt lat="24.48902721516788005828857421875" lon="118.102351091802120208740234375">
        <ele>10</ele>
        <time>2024-11-17T12:41:06.000Z</time>
        <extensions>
          <ns3:TrackPointExtension>
            <ns3:hr>149</ns3:hr>
          </ns3:TrackPointExtension>
        </extensions>
      </trkpt>
      <trkpt lat="24.48899569921195507049560546875" lon="118.1023505888879299163818359375">
        <ele>10.3999996185302734375</ele>
        <time>2024-11-17T12:41:07.000Z</time>
        <extensions>
          <ns3:TrackPointExtension>
            <ns3:hr>149</ns3:hr>
          </ns3:TrackPointExtension>
        </extensions>
      </trkpt>
      <trkpt lat="24.4889640994369983673095703125" lon="118.102351091802120208740234375">
        <ele>10.3999996185302734375</ele>
        <time>2024-11-17T12:41:08.000Z</time>
        <extensions>
          <ns3:TrackPointExtension>
            <ns3:hr>149</ns3:hr>
          </ns3:TrackPointExtension>
        </extensions>
      </trkpt>
      <trkpt lat="24.488932751119136810302734375" lon="118.1023522652685642242431640625">
        <ele>10.6000003814697265625</ele>
        <time>2024-11-17T12:41:09.000Z</time>
        <extensions>
          <ns3:TrackPointExtension>
            <ns3:hr>149</ns3:hr>
          </ns3:TrackPointExtension>
        </extensions>
      </trkpt>
      <trkpt lat="24.488901235163211822509765625" lon="118.10235352255403995513916015625">
        <ele>10.6000003814697265625</ele>
        <time>2024-11-17T12:41:10.000Z</time>
        <extensions>
          <ns3:TrackPointExtension>
            <ns3:hr>150</ns3:hr>
          </ns3:TrackPointExtension>
        </extensions>
      </trkpt>
      <trkpt lat="24.48886963538825511932373046875" lon="118.10235469602048397064208984375">
        <ele>10.80000019073486328125</ele>
        <time>2024-11-17T12:41:11.000Z</time>
        <extensions>
          <ns3:TrackPointExtension>
            <ns3:hr>150</ns3:hr>
          </ns3:TrackPointExtension>
        </extensions>
      </trkpt>
      <trkpt lat="24.488838203251361846923828125" lon="118.10235670767724514007568359375">
        <ele>10.80000019073486328125</ele>
        <time>2024-11-17T12:41:12.000Z</time>
        <extensions>
          <ns3:TrackPointExtension>
            <ns3:hr>150</ns3:hr>
          </ns3:TrackPointExtension>
        </extensions>
      </trkpt>
      <trkpt lat="24.48880769312381744384765625" lon="118.10236022807657718658447265625">
        <ele>11</ele>
        <time>2024-11-17T12:41:13.000Z</time>
        <extensions>
          <ns3:TrackPointExtension>
            <ns3:hr>150</ns3:hr>
          </ns3:TrackPointExtension>
        </extensions>
      </trkpt>
      <trkpt lat="24.488777853548526763916015625" lon="118.1023650057613849639892578125">
        <ele>11</ele>
        <time>2024-11-17T12:41:14.000Z</time>
        <extensions>
          <ns3:TrackPointExtension>
            <ns3:hr>150</ns3:hr>
          </ns3:TrackPointExtension>
        </extensions>
      </trkpt>
      <trkpt lat="24.488748349249362945556640625" lon="118.102370202541351318359375">
        <ele>11</ele>
        <time>2024-11-17T12:41:15.000Z</time>
        <extensions>
          <ns3:TrackPointExtension>
            <ns3:hr>152</ns3:hr>
          </ns3:TrackPointExtension>
        </extensions>
      </trkpt>
      <trkpt lat="24.4887183420360088348388671875" lon="118.1023750640451908111572265625">
        <ele>11</ele>
        <time>2024-11-17T12:41:16.000Z</time>
        <extensions>
          <ns3:TrackPointExtension>
            <ns3:hr>152</ns3:hr>
          </ns3:TrackPointExtension>
        </extensions>
      </trkpt>
      <trkpt lat="24.48868774808943271636962890625" lon="118.1023790873587131500244140625">
        <ele>10.80000019073486328125</ele>
        <time>2024-11-17T12:41:17.000Z</time>
        <extensions>
          <ns3:TrackPointExtension>
            <ns3:hr>152</ns3:hr>
          </ns3:TrackPointExtension>
        </extensions>
      </trkpt>
      <trkpt lat="24.48865740559995174407958984375" lon="118.10238319449126720428466796875">
        <ele>10.80000019073486328125</ele>
        <time>2024-11-17T12:41:18.000Z</time>
        <extensions>
          <ns3:TrackPointExtension>
            <ns3:hr>152</ns3:hr>
          </ns3:TrackPointExtension>
        </extensions>
      </trkpt>
      <trkpt lat="24.48862731456756591796875" lon="118.1023884750902652740478515625">
        <ele>10.6000003814697265625</ele>
        <time>2024-11-17T12:41:19.000Z</time>
        <extensions>
          <ns3:TrackPointExtension>
            <ns3:hr>154</ns3:hr>
          </ns3:TrackPointExtension>
        </extensions>
      </trkpt>
      <trkpt lat="24.4885973073542118072509765625" lon="118.102395348250865936279296875">
        <ele>10.6000003814697265625</ele>
        <time>2024-11-17T12:41:20.000Z</time>
        <extensions>
          <ns3:TrackPointExtension>
            <ns3:hr>154</ns3:hr>
          </ns3:TrackPointExtension>
        </extensions>
      </trkpt>
      <trkpt lat="24.48856755159795284271240234375" lon="118.10240347869694232940673828125">
        <ele>10.3999996185302734375</ele>
        <time>2024-11-17T12:41:21.000Z</time>
        <extensions>
          <ns3:TrackPointExtension>
            <ns3:hr>154</ns3:hr>
          </ns3:TrackPointExtension>
        </extensions>
      </trkpt>
      <trkpt lat="24.48853787966072559356689453125" lon="118.102413117885589599609375">
        <ele>10.6000003814697265625</ele>
        <time>2024-11-17T12:41:22.000Z</time>
        <extensions>
          <ns3:TrackPointExtension>
            <ns3:hr>154</ns3:hr>
          </ns3:TrackPointExtension>
        </extensions>
      </trkpt>
      <trkpt lat="24.488508291542530059814453125" lon="118.10242460109293460845947265625">
        <ele>10.6000003814697265625</ele>
        <time>2024-11-17T12:41:23.000Z</time>
        <extensions>
          <ns3:TrackPointExtension>
            <ns3:hr>154</ns3:hr>
          </ns3:TrackPointExtension>
        </extensions>
      </trkpt>
      <trkpt lat="24.488479457795619964599609375" lon="118.10243817977607250213623046875">
        <ele>10.6000003814697265625</ele>
        <time>2024-11-17T12:41:24.000Z</time>
        <extensions>
          <ns3:TrackPointExtension>
            <ns3:hr>154</ns3:hr>
          </ns3:TrackPointExtension>
        </extensions>
      </trkpt>
      <trkpt lat="24.488451294600963592529296875" lon="118.10245326720178127288818359375">
        <ele>10.6000003814697265625</ele>
        <time>2024-11-17T12:41:25.000Z</time>
        <extensions>
          <ns3:TrackPointExtension>
            <ns3:hr>154</ns3:hr>
          </ns3:TrackPointExtension>
        </extensions>
      </trkpt>
      <trkpt lat="24.4884239695966243743896484375" lon="118.1024689413607120513916015625">
        <ele>10.80000019073486328125</ele>
        <time>2024-11-17T12:41:26.000Z</time>
        <extensions>
          <ns3:TrackPointExtension>
            <ns3:hr>154</ns3:hr>
          </ns3:TrackPointExtension>
        </extensions>
      </trkpt>
      <trkpt lat="24.4883971475064754486083984375" lon="118.10248428024351596832275390625">
        <ele>10.80000019073486328125</ele>
        <time>2024-11-17T12:41:27.000Z</time>
        <extensions>
          <ns3:TrackPointExtension>
            <ns3:hr>155</ns3:hr>
          </ns3:TrackPointExtension>
        </extensions>
      </trkpt>
      <trkpt lat="24.4883706606924533843994140625" lon="118.102499283850193023681640625">
        <ele>10.80000019073486328125</ele>
        <time>2024-11-17T12:41:28.000Z</time>
        <extensions>
          <ns3:TrackPointExtension>
            <ns3:hr>155</ns3:hr>
          </ns3:TrackPointExtension>
        </extensions>
      </trkpt>
      <trkpt lat="24.48834392242133617401123046875" lon="118.10251495800912380218505859375">
        <ele>10.6000003814697265625</ele>
        <time>2024-11-17T12:41:29.000Z</time>
        <extensions>
          <ns3:TrackPointExtension>
            <ns3:hr>155</ns3:hr>
          </ns3:TrackPointExtension>
        </extensions>
      </trkpt>
      <trkpt lat="24.4883175194263458251953125" lon="118.102531470358371734619140625">
        <ele>10.6000003814697265625</ele>
        <time>2024-11-17T12:41:30.000Z</time>
        <extensions>
          <ns3:TrackPointExtension>
            <ns3:hr>155</ns3:hr>
          </ns3:TrackPointExtension>
        </extensions>
      </trkpt>
      <trkpt lat="24.48829136788845062255859375" lon="118.10254932381212711334228515625">
        <ele>10.3999996185302734375</ele>
        <time>2024-11-17T12:41:31.000Z</time>
        <extensions>
          <ns3:TrackPointExtension>
            <ns3:hr>155</ns3:hr>
          </ns3:TrackPointExtension>
        </extensions>
      </trkpt>
      <trkpt lat="24.4882660545408725738525390625" lon="118.102568686008453369140625">
        <ele>10.19999980926513671875</ele>
        <time>2024-11-17T12:41:32.000Z</time>
        <extensions>
          <ns3:TrackPointExtension>
            <ns3:hr>155</ns3:hr>
          </ns3:TrackPointExtension>
        </extensions>
      </trkpt>
      <trkpt lat="24.48824107646942138671875" lon="118.10258838348090648651123046875">
        <ele>10.19999980926513671875</ele>
        <time>2024-11-17T12:41:33.000Z</time>
        <extensions>
          <ns3:TrackPointExtension>
            <ns3:hr>155</ns3:hr>
          </ns3:TrackPointExtension>
        </extensions>
      </trkpt>
      <trkpt lat="24.4882160983979701995849609375" lon="118.10260816477239131927490234375">
        <ele>10</ele>
        <time>2024-11-17T12:41:34.000Z</time>
        <extensions>
          <ns3:TrackPointExtension>
            <ns3:hr>155</ns3:hr>
          </ns3:TrackPointExtension>
        </extensions>
      </trkpt>
      <trkpt lat="24.488191790878772735595703125" lon="118.102628700435161590576171875">
        <ele>9.6000003814697265625</ele>
        <time>2024-11-17T12:41:35.000Z</time>
        <extensions>
          <ns3:TrackPointExtension>
            <ns3:hr>155</ns3:hr>
          </ns3:TrackPointExtension>
        </extensions>
      </trkpt>
      <trkpt lat="24.48816840536892414093017578125" lon="118.10265057720243930816650390625">
        <ele>9.19999980926513671875</ele>
        <time>2024-11-17T12:41:36.000Z</time>
        <extensions>
          <ns3:TrackPointExtension>
            <ns3:hr>155</ns3:hr>
          </ns3:TrackPointExtension>
        </extensions>
      </trkpt>
      <trkpt lat="24.48814644478261470794677734375" lon="118.1026737950742244720458984375">
        <ele>8.80000019073486328125</ele>
        <time>2024-11-17T12:41:37.000Z</time>
        <extensions>
          <ns3:TrackPointExtension>
            <ns3:hr>157</ns3:hr>
          </ns3:TrackPointExtension>
        </extensions>
      </trkpt>
      <trkpt lat="24.48812565766274929046630859375" lon="118.102697432041168212890625">
        <ele>8.3999996185302734375</ele>
        <time>2024-11-17T12:41:38.000Z</time>
        <extensions>
          <ns3:TrackPointExtension>
            <ns3:hr>157</ns3:hr>
          </ns3:TrackPointExtension>
        </extensions>
      </trkpt>
      <trkpt lat="24.4881054572761058807373046875" lon="118.10272165574133396148681640625">
        <ele>7.80000019073486328125</ele>
        <time>2024-11-17T12:41:39.000Z</time>
        <extensions>
          <ns3:TrackPointExtension>
            <ns3:hr>157</ns3:hr>
          </ns3:TrackPointExtension>
        </extensions>
      </trkpt>
      <trkpt lat="24.48808542452752590179443359375" lon="118.10274680145084857940673828125">
        <ele>7.400000095367431640625</ele>
        <time>2024-11-17T12:41:40.000Z</time>
        <extensions>
          <ns3:TrackPointExtension>
            <ns3:hr>157</ns3:hr>
          </ns3:TrackPointExtension>
        </extensions>
      </trkpt>
      <trkpt lat="24.488066397607326507568359375" lon="118.10277295298874378204345703125">
        <ele>7.19999980926513671875</ele>
        <time>2024-11-17T12:41:41.000Z</time>
        <extensions>
          <ns3:TrackPointExtension>
            <ns3:hr>157</ns3:hr>
          </ns3:TrackPointExtension>
        </extensions>
      </trkpt>
      <trkpt lat="24.4880491308867931365966796875" lon="118.10280011035501956939697265625">
        <ele>7.19999980926513671875</ele>
        <time>2024-11-17T12:41:42.000Z</time>
        <extensions>
          <ns3:TrackPointExtension>
            <ns3:hr>156</ns3:hr>
          </ns3:TrackPointExtension>
        </extensions>
      </trkpt>
      <trkpt lat="24.48803362436592578887939453125" lon="118.10282777063548564910888671875">
        <ele>7</ele>
        <time>2024-11-17T12:41:43.000Z</time>
        <extensions>
          <ns3:TrackPointExtension>
            <ns3:hr>156</ns3:hr>
          </ns3:TrackPointExtension>
        </extensions>
      </trkpt>
      <trkpt lat="24.488018788397312164306640625" lon="118.10285593383014202117919921875">
        <ele>7</ele>
        <time>2024-11-17T12:41:44.000Z</time>
        <extensions>
          <ns3:TrackPointExtension>
            <ns3:hr>157</ns3:hr>
          </ns3:TrackPointExtension>
        </extensions>
      </trkpt>
      <trkpt lat="24.48800378479063510894775390625" lon="118.10288443230092525482177734375">
        <ele>6.80000019073486328125</ele>
        <time>2024-11-17T12:41:45.000Z</time>
        <extensions>
          <ns3:TrackPointExtension>
            <ns3:hr>157</ns3:hr>
          </ns3:TrackPointExtension>
        </extensions>
      </trkpt>
      <trkpt lat="24.4879891164600849151611328125" lon="118.10291376896202564239501953125">
        <ele>6.80000019073486328125</ele>
        <time>2024-11-17T12:41:46.000Z</time>
        <extensions>
          <ns3:TrackPointExtension>
            <ns3:hr>157</ns3:hr>
          </ns3:TrackPointExtension>
        </extensions>
      </trkpt>
      <trkpt lat="24.48797461576759815216064453125" lon="118.10294344089925289154052734375">
        <ele>6.80000019073486328125</ele>
        <time>2024-11-17T12:41:47.000Z</time>
        <extensions>
          <ns3:TrackPointExtension>
            <ns3:hr>157</ns3:hr>
          </ns3:TrackPointExtension>
        </extensions>
      </trkpt>
      <trkpt lat="24.4879602827131748199462890625" lon="118.10297311283648014068603515625">
        <ele>7</ele>
        <time>2024-11-17T12:41:48.000Z</time>
        <extensions>
          <ns3:TrackPointExtension>
            <ns3:hr>157</ns3:hr>
          </ns3:TrackPointExtension>
        </extensions>
      </trkpt>
      <trkpt lat="24.4879465363919734954833984375" lon="118.10300295241177082061767578125">
        <ele>7.19999980926513671875</ele>
        <time>2024-11-17T12:41:49.000Z</time>
        <extensions>
          <ns3:TrackPointExtension>
            <ns3:hr>156</ns3:hr>
          </ns3:TrackPointExtension>
        </extensions>
      </trkpt>
      <trkpt lat="24.48793304152786731719970703125" lon="118.10303312726318836212158203125">
        <ele>7.400000095367431640625</ele>
        <time>2024-11-17T12:41:50.000Z</time>
        <extensions>
          <ns3:TrackPointExtension>
            <ns3:hr>156</ns3:hr>
          </ns3:TrackPointExtension>
        </extensions>
      </trkpt>
      <trkpt lat="24.48791929520666599273681640625" lon="118.10306313447654247283935546875">
        <ele>7.599999904632568359375</ele>
        <time>2024-11-17T12:41:51.000Z</time>
        <extensions>
          <ns3:TrackPointExtension>
            <ns3:hr>156</ns3:hr>
          </ns3:TrackPointExtension>
        </extensions>
      </trkpt>
      <trkpt lat="24.4879049621522426605224609375" lon="118.10309263877570629119873046875">
        <ele>8</ele>
        <time>2024-11-17T12:41:52.000Z</time>
        <extensions>
          <ns3:TrackPointExtension>
            <ns3:hr>156</ns3:hr>
          </ns3:TrackPointExtension>
        </extensions>
      </trkpt>
      <trkpt lat="24.487890042364597320556640625" lon="118.10312164016067981719970703125">
        <ele>8.19999980926513671875</ele>
        <time>2024-11-17T12:41:53.000Z</time>
        <extensions>
          <ns3:TrackPointExtension>
            <ns3:hr>156</ns3:hr>
          </ns3:TrackPointExtension>
        </extensions>
      </trkpt>
      <trkpt lat="24.4878749549388885498046875" lon="118.10315080918371677398681640625">
        <ele>8.80000019073486328125</ele>
        <time>2024-11-17T12:41:54.000Z</time>
        <extensions>
          <ns3:TrackPointExtension>
            <ns3:hr>156</ns3:hr>
          </ns3:TrackPointExtension>
        </extensions>
      </trkpt>
      <trkpt lat="24.4878603704273700714111328125" lon="118.10318090021610260009765625">
        <ele>9.19999980926513671875</ele>
        <time>2024-11-17T12:41:55.000Z</time>
        <extensions>
          <ns3:TrackPointExtension>
            <ns3:hr>156</ns3:hr>
          </ns3:TrackPointExtension>
        </extensions>
      </trkpt>
      <trkpt lat="24.48784670792520046234130859375" lon="118.10321199707686901092529296875">
        <ele>9.80000019073486328125</ele>
        <time>2024-11-17T12:41:56.000Z</time>
        <extensions>
          <ns3:TrackPointExtension>
            <ns3:hr>156</ns3:hr>
          </ns3:TrackPointExtension>
        </extensions>
      </trkpt>
      <trkpt lat="24.48783346451818943023681640625" lon="118.1032437644898891448974609375">
        <ele>10.19999980926513671875</ele>
        <time>2024-11-17T12:41:57.000Z</time>
        <extensions>
          <ns3:TrackPointExtension>
            <ns3:hr>156</ns3:hr>
          </ns3:TrackPointExtension>
        </extensions>
      </trkpt>
      <trkpt lat="24.48782022111117839813232421875" lon="118.10327502898871898651123046875">
        <ele>10.80000019073486328125</ele>
        <time>2024-11-17T12:41:58.000Z</time>
        <extensions>
          <ns3:TrackPointExtension>
            <ns3:hr>156</ns3:hr>
          </ns3:TrackPointExtension>
        </extensions>
      </trkpt>
      <trkpt lat="24.4878078997135162353515625" lon="118.1033057905733585357666015625">
        <ele>11.3999996185302734375</ele>
        <time>2024-11-17T12:41:59.000Z</time>
        <extensions>
          <ns3:TrackPointExtension>
            <ns3:hr>156</ns3:hr>
          </ns3:TrackPointExtension>
        </extensions>
      </trkpt>
      <trkpt lat="24.487797506153583526611328125" lon="118.10333671979606151580810546875">
        <ele>11.6000003814697265625</ele>
        <time>2024-11-17T12:42:00.000Z</time>
        <extensions>
          <ns3:TrackPointExtension>
            <ns3:hr>156</ns3:hr>
          </ns3:TrackPointExtension>
        </extensions>
      </trkpt>
      <trkpt lat="24.48778820224106311798095703125" lon="118.1033684872090816497802734375">
        <ele>12</ele>
        <time>2024-11-17T12:42:01.000Z</time>
        <extensions>
          <ns3:TrackPointExtension>
            <ns3:hr>156</ns3:hr>
          </ns3:TrackPointExtension>
        </extensions>
      </trkpt>
      <trkpt lat="24.4877795688807964324951171875" lon="118.10340092517435550689697265625">
        <ele>12.19999980926513671875</ele>
        <time>2024-11-17T12:42:02.000Z</time>
        <extensions>
          <ns3:TrackPointExtension>
            <ns3:hr>155</ns3:hr>
          </ns3:TrackPointExtension>
        </extensions>
      </trkpt>
      <trkpt lat="24.48777160607278347015380859375" lon="118.10343378223478794097900390625">
        <ele>12</ele>
        <time>2024-11-17T12:42:03.000Z</time>
        <extensions>
          <ns3:TrackPointExtension>
            <ns3:hr>155</ns3:hr>
          </ns3:TrackPointExtension>
        </extensions>
      </trkpt>
      <trkpt lat="24.4877644814550876617431640625" lon="118.103466220200061798095703125">
        <ele>11.80000019073486328125</ele>
        <time>2024-11-17T12:42:04.000Z</time>
        <extensions>
          <ns3:TrackPointExtension>
            <ns3:hr>155</ns3:hr>
          </ns3:TrackPointExtension>
        </extensions>
      </trkpt>
      <trkpt lat="24.4877581112086772918701171875" lon="118.1034985743463039398193359375">
        <ele>11.6000003814697265625</ele>
        <time>2024-11-17T12:42:05.000Z</time>
        <extensions>
          <ns3:TrackPointExtension>
            <ns3:hr>155</ns3:hr>
          </ns3:TrackPointExtension>
        </extensions>
      </trkpt>
      <trkpt lat="24.487751908600330352783203125" lon="118.103531263768672943115234375">
        <ele>11.3999996185302734375</ele>
        <time>2024-11-17T12:42:06.000Z</time>
        <extensions>
          <ns3:TrackPointExtension>
            <ns3:hr>155</ns3:hr>
          </ns3:TrackPointExtension>
        </extensions>
      </trkpt>
      <trkpt lat="24.48774646036326885223388671875" lon="118.10356470756232738494873046875">
        <ele>11.3999996185302734375</ele>
        <time>2024-11-17T12:42:07.000Z</time>
        <extensions>
          <ns3:TrackPointExtension>
            <ns3:hr>155</ns3:hr>
          </ns3:TrackPointExtension>
        </extensions>
      </trkpt>
      <trkpt lat="24.4877426885068416595458984375" lon="118.1035981513559818267822265625">
        <ele>11.19999980926513671875</ele>
        <time>2024-11-17T12:42:08.000Z</time>
        <extensions>
          <ns3:TrackPointExtension>
            <ns3:hr>157</ns3:hr>
          </ns3:TrackPointExtension>
        </extensions>
      </trkpt>
      <trkpt lat="24.48774126358330249786376953125" lon="118.1036310084164142608642578125">
        <ele>11</ele>
        <time>2024-11-17T12:42:09.000Z</time>
        <extensions>
          <ns3:TrackPointExtension>
            <ns3:hr>157</ns3:hr>
          </ns3:TrackPointExtension>
        </extensions>
      </trkpt>
      <trkpt lat="24.4877421855926513671875" lon="118.103662692010402679443359375">
        <ele>11</ele>
        <time>2024-11-17T12:42:10.000Z</time>
        <extensions>
          <ns3:TrackPointExtension>
            <ns3:hr>157</ns3:hr>
          </ns3:TrackPointExtension>
        </extensions>
      </trkpt>
      <trkpt lat="24.4877440296113491058349609375" lon="118.103693537414073944091796875">
        <ele>10.3999996185302734375</ele>
        <time>2024-11-17T12:42:11.000Z</time>
        <extensions>
          <ns3:TrackPointExtension>
            <ns3:hr>157</ns3:hr>
          </ns3:TrackPointExtension>
        </extensions>
      </trkpt>
      <trkpt lat="24.4877467118203639984130859375" lon="118.1037245504558086395263671875">
        <ele>10</ele>
        <time>2024-11-17T12:42:12.000Z</time>
        <extensions>
          <ns3:TrackPointExtension>
            <ns3:hr>157</ns3:hr>
          </ns3:TrackPointExtension>
        </extensions>
      </trkpt>
      <trkpt lat="24.48775090277194976806640625" lon="118.103756569325923919677734375">
        <ele>9.6000003814697265625</ele>
        <time>2024-11-17T12:42:13.000Z</time>
        <extensions>
          <ns3:TrackPointExtension>
            <ns3:hr>157</ns3:hr>
          </ns3:TrackPointExtension>
        </extensions>
      </trkpt>
      <trkpt lat="24.48775635100901126861572265625" lon="118.10378934256732463836669921875">
        <ele>9.19999980926513671875</ele>
        <time>2024-11-17T12:42:14.000Z</time>
        <extensions>
          <ns3:TrackPointExtension>
            <ns3:hr>158</ns3:hr>
          </ns3:TrackPointExtension>
        </extensions>
      </trkpt>
      <trkpt lat="24.4877628050744533538818359375" lon="118.10382303781807422637939453125">
        <ele>8.80000019073486328125</ele>
        <time>2024-11-17T12:42:15.000Z</time>
        <extensions>
          <ns3:TrackPointExtension>
            <ns3:hr>158</ns3:hr>
          </ns3:TrackPointExtension>
        </extensions>
      </trkpt>
      <trkpt lat="24.4877701811492443084716796875" lon="118.10385706834495067596435546875">
        <ele>8.6000003814697265625</ele>
        <time>2024-11-17T12:42:16.000Z</time>
        <extensions>
          <ns3:TrackPointExtension>
            <ns3:hr>158</ns3:hr>
          </ns3:TrackPointExtension>
        </extensions>
      </trkpt>
      <trkpt lat="24.48777881450951099395751953125" lon="118.10389101505279541015625">
        <ele>8.3999996185302734375</ele>
        <time>2024-11-17T12:42:17.000Z</time>
        <extensions>
          <ns3:TrackPointExtension>
            <ns3:hr>158</ns3:hr>
          </ns3:TrackPointExtension>
        </extensions>
      </trkpt>
      <trkpt lat="24.4877889566123485565185546875" lon="118.1039245426654815673828125">
        <ele>8.19999980926513671875</ele>
        <time>2024-11-17T12:42:18.000Z</time>
        <extensions>
          <ns3:TrackPointExtension>
            <ns3:hr>158</ns3:hr>
          </ns3:TrackPointExtension>
        </extensions>
      </trkpt>
      <trkpt lat="24.48780052363872528076171875" lon="118.103957064449787139892578125">
        <ele>7.80000019073486328125</ele>
        <time>2024-11-17T12:42:19.000Z</time>
        <extensions>
          <ns3:TrackPointExtension>
            <ns3:hr>158</ns3:hr>
          </ns3:TrackPointExtension>
        </extensions>
      </trkpt>
      <trkpt lat="24.4878124259412288665771484375" lon="118.10398899950087070465087890625">
        <ele>7.599999904632568359375</ele>
        <time>2024-11-17T12:42:20.000Z</time>
        <extensions>
          <ns3:TrackPointExtension>
            <ns3:hr>158</ns3:hr>
          </ns3:TrackPointExtension>
        </extensions>
      </trkpt>
      <trkpt lat="24.4878241606056690216064453125" lon="118.10402085073292255401611328125">
        <ele>7.400000095367431640625</ele>
        <time>2024-11-17T12:42:21.000Z</time>
        <extensions>
          <ns3:TrackPointExtension>
            <ns3:hr>158</ns3:hr>
          </ns3:TrackPointExtension>
        </extensions>
      </trkpt>
      <trkpt lat="24.4878358952701091766357421875" lon="118.1040527857840061187744140625">
        <ele>7.19999980926513671875</ele>
        <time>2024-11-17T12:42:22.000Z</time>
        <extensions>
          <ns3:TrackPointExtension>
            <ns3:hr>158</ns3:hr>
          </ns3:TrackPointExtension>
        </extensions>
      </trkpt>
      <trkpt lat="24.4878483004868030548095703125" lon="118.10408488847315311431884765625">
        <ele>7</ele>
        <time>2024-11-17T12:42:23.000Z</time>
        <extensions>
          <ns3:TrackPointExtension>
            <ns3:hr>158</ns3:hr>
          </ns3:TrackPointExtension>
        </extensions>
      </trkpt>
      <trkpt lat="24.487861879169940948486328125" lon="118.10411757789552211761474609375">
        <ele>6.80000019073486328125</ele>
        <time>2024-11-17T12:42:24.000Z</time>
        <extensions>
          <ns3:TrackPointExtension>
            <ns3:hr>158</ns3:hr>
          </ns3:TrackPointExtension>
        </extensions>
      </trkpt>
      <trkpt lat="24.48787654750049114227294921875" lon="118.104150183498859405517578125">
        <ele>6.400000095367431640625</ele>
        <time>2024-11-17T12:42:25.000Z</time>
        <extensions>
          <ns3:TrackPointExtension>
            <ns3:hr>158</ns3:hr>
          </ns3:TrackPointExtension>
        </extensions>
      </trkpt>
      <trkpt lat="24.487892054021358489990234375" lon="118.10418161563575267791748046875">
        <ele>6.19999980926513671875</ele>
        <time>2024-11-17T12:42:26.000Z</time>
        <extensions>
          <ns3:TrackPointExtension>
            <ns3:hr>158</ns3:hr>
          </ns3:TrackPointExtension>
        </extensions>
      </trkpt>
      <trkpt lat="24.4879079796373844146728515625" lon="118.10421145521104335784912109375">
        <ele>6</ele>
        <time>2024-11-17T12:42:27.000Z</time>
        <extensions>
          <ns3:TrackPointExtension>
            <ns3:hr>158</ns3:hr>
          </ns3:TrackPointExtension>
        </extensions>
      </trkpt>
      <trkpt lat="24.4879247434437274932861328125" lon="118.10424095951020717620849609375">
        <ele>6</ele>
        <time>2024-11-17T12:42:28.000Z</time>
        <extensions>
          <ns3:TrackPointExtension>
            <ns3:hr>159</ns3:hr>
          </ns3:TrackPointExtension>
        </extensions>
      </trkpt>
      <trkpt lat="24.4879421778023242950439453125" lon="118.10427063144743442535400390625">
        <ele>6</ele>
        <time>2024-11-17T12:42:29.000Z</time>
        <extensions>
          <ns3:TrackPointExtension>
            <ns3:hr>159</ns3:hr>
          </ns3:TrackPointExtension>
        </extensions>
      </trkpt>
      <trkpt lat="24.48796011507511138916015625" lon="118.10430013574659824371337890625">
        <ele>6</ele>
        <time>2024-11-17T12:42:30.000Z</time>
        <extensions>
          <ns3:TrackPointExtension>
            <ns3:hr>159</ns3:hr>
          </ns3:TrackPointExtension>
        </extensions>
      </trkpt>
      <trkpt lat="24.48797796852886676788330078125" lon="118.1043290533125400543212890625">
        <ele>6</ele>
        <time>2024-11-17T12:42:31.000Z</time>
        <extensions>
          <ns3:TrackPointExtension>
            <ns3:hr>159</ns3:hr>
          </ns3:TrackPointExtension>
        </extensions>
      </trkpt>
      <trkpt lat="24.4879956543445587158203125" lon="118.10435713268816471099853515625">
        <ele>6</ele>
        <time>2024-11-17T12:42:32.000Z</time>
        <extensions>
          <ns3:TrackPointExtension>
            <ns3:hr>159</ns3:hr>
          </ns3:TrackPointExtension>
        </extensions>
      </trkpt>
      <trkpt lat="24.48801367543637752532958984375" lon="118.10438496060669422149658203125">
        <ele>6</ele>
        <time>2024-11-17T12:42:33.000Z</time>
        <extensions>
          <ns3:TrackPointExtension>
            <ns3:hr>159</ns3:hr>
          </ns3:TrackPointExtension>
        </extensions>
      </trkpt>
      <trkpt lat="24.48803278617560863494873046875" lon="118.104413039982318878173828125">
        <ele>6</ele>
        <time>2024-11-17T12:42:34.000Z</time>
        <extensions>
          <ns3:TrackPointExtension>
            <ns3:hr>159</ns3:hr>
          </ns3:TrackPointExtension>
        </extensions>
      </trkpt>
      <trkpt lat="24.48805374093353748321533203125" lon="118.1044410355389118194580078125">
        <ele>6</ele>
        <time>2024-11-17T12:42:35.000Z</time>
        <extensions>
          <ns3:TrackPointExtension>
            <ns3:hr>159</ns3:hr>
          </ns3:TrackPointExtension>
        </extensions>
      </trkpt>
      <trkpt lat="24.48807570151984691619873046875" lon="118.10446827672421932220458984375">
        <ele>6</ele>
        <time>2024-11-17T12:42:36.000Z</time>
        <extensions>
          <ns3:TrackPointExtension>
            <ns3:hr>159</ns3:hr>
          </ns3:TrackPointExtension>
        </extensions>
      </trkpt>
      <trkpt lat="24.4880975782871246337890625" lon="118.10449560172855854034423828125">
        <ele>6</ele>
        <time>2024-11-17T12:42:37.000Z</time>
        <extensions>
          <ns3:TrackPointExtension>
            <ns3:hr>159</ns3:hr>
          </ns3:TrackPointExtension>
        </extensions>
      </trkpt>
      <trkpt lat="24.4881192035973072052001953125" lon="118.1045235134661197662353515625">
        <ele>6.400000095367431640625</ele>
        <time>2024-11-17T12:42:38.000Z</time>
        <extensions>
          <ns3:TrackPointExtension>
            <ns3:hr>159</ns3:hr>
          </ns3:TrackPointExtension>
        </extensions>
      </trkpt>
      <trkpt lat="24.4881406612694263458251953125" lon="118.10455142520368099212646484375">
        <ele>6.599999904632568359375</ele>
        <time>2024-11-17T12:42:39.000Z</time>
        <extensions>
          <ns3:TrackPointExtension>
            <ns3:hr>159</ns3:hr>
          </ns3:TrackPointExtension>
        </extensions>
      </trkpt>
      <trkpt lat="24.48816169984638690948486328125" lon="118.10457757674157619476318359375">
        <ele>6.80000019073486328125</ele>
        <time>2024-11-17T12:42:40.000Z</time>
        <extensions>
          <ns3:TrackPointExtension>
            <ns3:hr>159</ns3:hr>
          </ns3:TrackPointExtension>
        </extensions>
      </trkpt>
      <trkpt lat="24.4881832413375377655029296875" lon="118.10460188426077365875244140625">
        <ele>7</ele>
        <time>2024-11-17T12:42:41.000Z</time>
        <extensions>
          <ns3:TrackPointExtension>
            <ns3:hr>159</ns3:hr>
          </ns3:TrackPointExtension>
        </extensions>
      </trkpt>
      <trkpt lat="24.4882053695619106292724609375" lon="118.1046247668564319610595703125">
        <ele>6.80000019073486328125</ele>
        <time>2024-11-17T12:42:42.000Z</time>
        <extensions>
          <ns3:TrackPointExtension>
            <ns3:hr>159</ns3:hr>
          </ns3:TrackPointExtension>
        </extensions>
      </trkpt>
      <trkpt lat="24.48822774924337863922119140625" lon="118.1046472303569316864013671875">
        <ele>6.80000019073486328125</ele>
        <time>2024-11-17T12:42:43.000Z</time>
        <extensions>
          <ns3:TrackPointExtension>
            <ns3:hr>159</ns3:hr>
          </ns3:TrackPointExtension>
        </extensions>
      </trkpt>
      <trkpt lat="24.48825088329613208770751953125" lon="118.1046693585813045501708984375">
        <ele>6.599999904632568359375</ele>
        <time>2024-11-17T12:42:44.000Z</time>
        <extensions>
          <ns3:TrackPointExtension>
            <ns3:hr>159</ns3:hr>
          </ns3:TrackPointExtension>
        </extensions>
      </trkpt>
      <trkpt lat="24.48827527463436126708984375" lon="118.10469056479632854461669921875">
        <ele>6.599999904632568359375</ele>
        <time>2024-11-17T12:42:45.000Z</time>
        <extensions>
          <ns3:TrackPointExtension>
            <ns3:hr>159</ns3:hr>
          </ns3:TrackPointExtension>
        </extensions>
      </trkpt>
      <trkpt lat="24.48830000124871730804443359375" lon="118.10471051372587680816650390625">
        <ele>6.400000095367431640625</ele>
        <time>2024-11-17T12:42:46.000Z</time>
        <extensions>
          <ns3:TrackPointExtension>
            <ns3:hr>159</ns3:hr>
          </ns3:TrackPointExtension>
        </extensions>
      </trkpt>
      <trkpt lat="24.48832430876791477203369140625" lon="118.1047293730080127716064453125">
        <ele>6.19999980926513671875</ele>
        <time>2024-11-17T12:42:47.000Z</time>
        <extensions>
          <ns3:TrackPointExtension>
            <ns3:hr>159</ns3:hr>
          </ns3:TrackPointExtension>
        </extensions>
      </trkpt>
      <trkpt lat="24.4883488677442073822021484375" lon="118.10474722646176815032958984375">
        <ele>6.19999980926513671875</ele>
        <time>2024-11-17T12:42:48.000Z</time>
        <extensions>
          <ns3:TrackPointExtension>
            <ns3:hr>158</ns3:hr>
          </ns3:TrackPointExtension>
        </extensions>
      </trkpt>
      <trkpt lat="24.48837451636791229248046875" lon="118.1047639064490795135498046875">
        <ele>6</ele>
        <time>2024-11-17T12:42:49.000Z</time>
        <extensions>
          <ns3:TrackPointExtension>
            <ns3:hr>158</ns3:hr>
          </ns3:TrackPointExtension>
        </extensions>
      </trkpt>
      <trkpt lat="24.48840158991515636444091796875" lon="118.10477941296994686126708984375">
        <ele>5.80000019073486328125</ele>
        <time>2024-11-17T12:42:50.000Z</time>
        <extensions>
          <ns3:TrackPointExtension>
            <ns3:hr>158</ns3:hr>
          </ns3:TrackPointExtension>
        </extensions>
      </trkpt>
      <trkpt lat="24.48842950165271759033203125" lon="118.10479349456727504730224609375">
        <ele>5.599999904632568359375</ele>
        <time>2024-11-17T12:42:51.000Z</time>
        <extensions>
          <ns3:TrackPointExtension>
            <ns3:hr>156</ns3:hr>
          </ns3:TrackPointExtension>
        </extensions>
      </trkpt>
      <trkpt lat="24.48845774866640567779541015625" lon="118.1048064865171909332275390625">
        <ele>5.19999980926513671875</ele>
        <time>2024-11-17T12:42:52.000Z</time>
        <extensions>
          <ns3:TrackPointExtension>
            <ns3:hr>156</ns3:hr>
          </ns3:TrackPointExtension>
        </extensions>
      </trkpt>
      <trkpt lat="24.48848607949912548065185546875" lon="118.10481880791485309600830078125">
        <ele>5</ele>
        <time>2024-11-17T12:42:53.000Z</time>
        <extensions>
          <ns3:TrackPointExtension>
            <ns3:hr>156</ns3:hr>
          </ns3:TrackPointExtension>
        </extensions>
      </trkpt>
      <trkpt lat="24.488514997065067291259765625" lon="118.10483138076961040496826171875">
        <ele>5</ele>
        <time>2024-11-17T12:42:54.000Z</time>
        <extensions>
          <ns3:TrackPointExtension>
            <ns3:hr>156</ns3:hr>
          </ns3:TrackPointExtension>
        </extensions>
      </trkpt>
      <trkpt lat="24.48854424990713596343994140625" lon="118.10484361834824085235595703125">
        <ele>5</ele>
        <time>2024-11-17T12:42:55.000Z</time>
        <extensions>
          <ns3:TrackPointExtension>
            <ns3:hr>156</ns3:hr>
          </ns3:TrackPointExtension>
        </extensions>
      </trkpt>
      <trkpt lat="24.48857392184436321258544921875" lon="118.10485451482236385345458984375">
        <ele>5</ele>
        <time>2024-11-17T12:42:56.000Z</time>
        <extensions>
          <ns3:TrackPointExtension>
            <ns3:hr>156</ns3:hr>
          </ns3:TrackPointExtension>
        </extensions>
      </trkpt>
      <trkpt lat="24.48860359378159046173095703125" lon="118.1048631481826305389404296875">
        <ele>5</ele>
        <time>2024-11-17T12:42:57.000Z</time>
        <extensions>
          <ns3:TrackPointExtension>
            <ns3:hr>156</ns3:hr>
          </ns3:TrackPointExtension>
        </extensions>
      </trkpt>
      <trkpt lat="24.4886340200901031494140625" lon="118.10486935079097747802734375">
        <ele>5</ele>
        <time>2024-11-17T12:42:58.000Z</time>
        <extensions>
          <ns3:TrackPointExtension>
            <ns3:hr>157</ns3:hr>
          </ns3:TrackPointExtension>
        </extensions>
      </trkpt>
      <trkpt lat="24.48866511695086956024169921875" lon="118.1048740446567535400390625">
        <ele>5</ele>
        <time>2024-11-17T12:42:59.000Z</time>
        <extensions>
          <ns3:TrackPointExtension>
            <ns3:hr>157</ns3:hr>
          </ns3:TrackPointExtension>
        </extensions>
      </trkpt>
      <trkpt lat="24.48869646526873111724853515625" lon="118.10487831942737102508544921875">
        <ele>5</ele>
        <time>2024-11-17T12:43:00.000Z</time>
        <extensions>
          <ns3:TrackPointExtension>
            <ns3:hr>157</ns3:hr>
          </ns3:TrackPointExtension>
        </extensions>
      </trkpt>
      <trkpt lat="24.48872764594852924346923828125" lon="118.1048820912837982177734375">
        <ele>5</ele>
        <time>2024-11-17T12:43:01.000Z</time>
        <extensions>
          <ns3:TrackPointExtension>
            <ns3:hr>157</ns3:hr>
          </ns3:TrackPointExtension>
        </extensions>
      </trkpt>
      <trkpt lat="24.4887585751712322235107421875" lon="118.1048852764070034027099609375">
        <ele>4.80000019073486328125</ele>
        <time>2024-11-17T12:43:02.000Z</time>
        <extensions>
          <ns3:TrackPointExtension>
            <ns3:hr>157</ns3:hr>
          </ns3:TrackPointExtension>
        </extensions>
      </trkpt>
      <trkpt lat="24.4887894205749034881591796875" lon="118.10488812625408172607421875">
        <ele>4.80000019073486328125</ele>
        <time>2024-11-17T12:43:03.000Z</time>
        <extensions>
          <ns3:TrackPointExtension>
            <ns3:hr>157</ns3:hr>
          </ns3:TrackPointExtension>
        </extensions>
      </trkpt>
      <trkpt lat="24.48882051743566989898681640625" lon="118.1048916466534137725830078125">
        <ele>4.599999904632568359375</ele>
        <time>2024-11-17T12:43:04.000Z</time>
        <extensions>
          <ns3:TrackPointExtension>
            <ns3:hr>157</ns3:hr>
          </ns3:TrackPointExtension>
        </extensions>
      </trkpt>
      <trkpt lat="24.48885186575353145599365234375" lon="118.104895837604999542236328125">
        <ele>4.599999904632568359375</ele>
        <time>2024-11-17T12:43:05.000Z</time>
        <extensions>
          <ns3:TrackPointExtension>
            <ns3:hr>157</ns3:hr>
          </ns3:TrackPointExtension>
        </extensions>
      </trkpt>
      <trkpt lat="24.4888836331665515899658203125" lon="118.1048996932804584503173828125">
        <ele>4.599999904632568359375</ele>
        <time>2024-11-17T12:43:06.000Z</time>
        <extensions>
          <ns3:TrackPointExtension>
            <ns3:hr>157</ns3:hr>
          </ns3:TrackPointExtension>
        </extensions>
      </trkpt>
      <trkpt lat="24.4889158196747303009033203125" lon="118.1049020402133464813232421875">
        <ele>4.80000019073486328125</ele>
        <time>2024-11-17T12:43:07.000Z</time>
        <extensions>
          <ns3:TrackPointExtension>
            <ns3:hr>157</ns3:hr>
          </ns3:TrackPointExtension>
        </extensions>
      </trkpt>
      <trkpt lat="24.4889478385448455810546875" lon="118.10490279458463191986083984375">
        <ele>4.80000019073486328125</ele>
        <time>2024-11-17T12:43:08.000Z</time>
        <extensions>
          <ns3:TrackPointExtension>
            <ns3:hr>157</ns3:hr>
          </ns3:TrackPointExtension>
        </extensions>
      </trkpt>
      <trkpt lat="24.48897960595786571502685546875" lon="118.10490229167044162750244140625">
        <ele>5</ele>
        <time>2024-11-17T12:43:09.000Z</time>
        <extensions>
          <ns3:TrackPointExtension>
            <ns3:hr>157</ns3:hr>
          </ns3:TrackPointExtension>
        </extensions>
      </trkpt>
      <trkpt lat="24.489010870456695556640625" lon="118.10490061528980731964111328125">
        <ele>5</ele>
        <time>2024-11-17T12:43:10.000Z</time>
        <extensions>
          <ns3:TrackPointExtension>
            <ns3:hr>157</ns3:hr>
          </ns3:TrackPointExtension>
        </extensions>
      </trkpt>
      <trkpt lat="24.48904196731746196746826171875" lon="118.1048983521759510040283203125">
        <ele>4.599999904632568359375</ele>
        <time>2024-11-17T12:43:11.000Z</time>
        <extensions>
          <ns3:TrackPointExtension>
            <ns3:hr>157</ns3:hr>
          </ns3:TrackPointExtension>
        </extensions>
      </trkpt>
      <trkpt lat="24.48907323181629180908203125" lon="118.10489575378596782684326171875">
        <ele>4.400000095367431640625</ele>
        <time>2024-11-17T12:43:12.000Z</time>
        <extensions>
          <ns3:TrackPointExtension>
            <ns3:hr>157</ns3:hr>
          </ns3:TrackPointExtension>
        </extensions>
      </trkpt>
      <trkpt lat="24.48910466395318508148193359375" lon="118.1048919819295406341552734375">
        <ele>4</ele>
        <time>2024-11-17T12:43:13.000Z</time>
        <extensions>
          <ns3:TrackPointExtension>
            <ns3:hr>157</ns3:hr>
          </ns3:TrackPointExtension>
        </extensions>
      </trkpt>
      <trkpt lat="24.48913601227104663848876953125" lon="118.1048866175115108489990234375">
        <ele>3.7999999523162841796875</ele>
        <time>2024-11-17T12:43:14.000Z</time>
        <extensions>
          <ns3:TrackPointExtension>
            <ns3:hr>157</ns3:hr>
          </ns3:TrackPointExtension>
        </extensions>
      </trkpt>
      <trkpt lat="24.4891672767698764801025390625" lon="118.1048794090747833251953125">
        <ele>3.7999999523162841796875</ele>
        <time>2024-11-17T12:43:15.000Z</time>
        <extensions>
          <ns3:TrackPointExtension>
            <ns3:hr>157</ns3:hr>
          </ns3:TrackPointExtension>
        </extensions>
      </trkpt>
      <trkpt lat="24.48919837363064289093017578125" lon="118.1048711948096752166748046875">
        <ele>3.7999999523162841796875</ele>
        <time>2024-11-17T12:43:16.000Z</time>
        <extensions>
          <ns3:TrackPointExtension>
            <ns3:hr>157</ns3:hr>
          </ns3:TrackPointExtension>
        </extensions>
      </trkpt>
      <trkpt lat="24.4892294704914093017578125" lon="118.10486289672553539276123046875">
        <ele>3.7999999523162841796875</ele>
        <time>2024-11-17T12:43:17.000Z</time>
        <extensions>
          <ns3:TrackPointExtension>
            <ns3:hr>157</ns3:hr>
          </ns3:TrackPointExtension>
        </extensions>
      </trkpt>
      <trkpt lat="24.48925972916185855865478515625" lon="118.1048547662794589996337890625">
        <ele>3.7999999523162841796875</ele>
        <time>2024-11-17T12:43:18.000Z</time>
        <extensions>
          <ns3:TrackPointExtension>
            <ns3:hr>157</ns3:hr>
          </ns3:TrackPointExtension>
        </extensions>
      </trkpt>
      <trkpt lat="24.48928889818489551544189453125" lon="118.10484697110950946807861328125">
        <ele>4</ele>
        <time>2024-11-17T12:43:19.000Z</time>
        <extensions>
          <ns3:TrackPointExtension>
            <ns3:hr>157</ns3:hr>
          </ns3:TrackPointExtension>
        </extensions>
      </trkpt>
      <trkpt lat="24.4893174804747104644775390625" lon="118.10483850538730621337890625">
        <ele>4</ele>
        <time>2024-11-17T12:43:20.000Z</time>
        <extensions>
          <ns3:TrackPointExtension>
            <ns3:hr>158</ns3:hr>
          </ns3:TrackPointExtension>
        </extensions>
      </trkpt>
      <trkpt lat="24.4893463142216205596923828125" lon="118.1048284471035003662109375">
        <ele>3.7999999523162841796875</ele>
        <time>2024-11-17T12:43:21.000Z</time>
        <extensions>
          <ns3:TrackPointExtension>
            <ns3:hr>158</ns3:hr>
          </ns3:TrackPointExtension>
        </extensions>
      </trkpt>
      <trkpt lat="24.48937573470175266265869140625" lon="118.10481696389615535736083984375">
        <ele>3.599999904632568359375</ele>
        <time>2024-11-17T12:43:22.000Z</time>
        <extensions>
          <ns3:TrackPointExtension>
            <ns3:hr>158</ns3:hr>
          </ns3:TrackPointExtension>
        </extensions>
      </trkpt>
      <trkpt lat="24.489405155181884765625" lon="118.104804642498493194580078125">
        <ele>3.400000095367431640625</ele>
        <time>2024-11-17T12:43:23.000Z</time>
        <extensions>
          <ns3:TrackPointExtension>
            <ns3:hr>158</ns3:hr>
          </ns3:TrackPointExtension>
        </extensions>
      </trkpt>
      <trkpt lat="24.48943407274782657623291015625" lon="118.10479181818664073944091796875">
        <ele>3.2000000476837158203125</ele>
        <time>2024-11-17T12:43:24.000Z</time>
        <extensions>
          <ns3:TrackPointExtension>
            <ns3:hr>158</ns3:hr>
          </ns3:TrackPointExtension>
        </extensions>
      </trkpt>
      <trkpt lat="24.489462487399578094482421875" lon="118.10477815568447113037109375">
        <ele>3</ele>
        <time>2024-11-17T12:43:25.000Z</time>
        <extensions>
          <ns3:TrackPointExtension>
            <ns3:hr>158</ns3:hr>
          </ns3:TrackPointExtension>
        </extensions>
      </trkpt>
      <trkpt lat="24.48949031531810760498046875" lon="118.104763738811016082763671875">
        <ele>2.7999999523162841796875</ele>
        <time>2024-11-17T12:43:26.000Z</time>
        <extensions>
          <ns3:TrackPointExtension>
            <ns3:hr>158</ns3:hr>
          </ns3:TrackPointExtension>
        </extensions>
      </trkpt>
      <trkpt lat="24.4895179755985736846923828125" lon="118.1047488190233707427978515625">
        <ele>2.7999999523162841796875</ele>
        <time>2024-11-17T12:43:27.000Z</time>
        <extensions>
          <ns3:TrackPointExtension>
            <ns3:hr>158</ns3:hr>
          </ns3:TrackPointExtension>
        </extensions>
      </trkpt>
      <trkpt lat="24.48954555206000804901123046875" lon="118.10473381541669368743896484375">
        <ele>2.599999904632568359375</ele>
        <time>2024-11-17T12:43:28.000Z</time>
        <extensions>
          <ns3:TrackPointExtension>
            <ns3:hr>157</ns3:hr>
          </ns3:TrackPointExtension>
        </extensions>
      </trkpt>
      <trkpt lat="24.489573128521442413330078125" lon="118.10471856035292148590087890625">
        <ele>2.599999904632568359375</ele>
        <time>2024-11-17T12:43:29.000Z</time>
        <extensions>
          <ns3:TrackPointExtension>
            <ns3:hr>157</ns3:hr>
          </ns3:TrackPointExtension>
        </extensions>
      </trkpt>
      <trkpt lat="24.48960070498287677764892578125" lon="118.1047025509178638458251953125">
        <ele>2.599999904632568359375</ele>
        <time>2024-11-17T12:43:30.000Z</time>
        <extensions>
          <ns3:TrackPointExtension>
            <ns3:hr>159</ns3:hr>
          </ns3:TrackPointExtension>
        </extensions>
      </trkpt>
      <trkpt lat="24.48962769471108913421630859375" lon="118.1046854518353939056396484375">
        <ele>2.599999904632568359375</ele>
        <time>2024-11-17T12:43:31.000Z</time>
        <extensions>
          <ns3:TrackPointExtension>
            <ns3:hr>159</ns3:hr>
          </ns3:TrackPointExtension>
        </extensions>
      </trkpt>
      <trkpt lat="24.4896537624299526214599609375" lon="118.10466676019132137298583984375">
        <ele>2.7999999523162841796875</ele>
        <time>2024-11-17T12:43:32.000Z</time>
        <extensions>
          <ns3:TrackPointExtension>
            <ns3:hr>159</ns3:hr>
          </ns3:TrackPointExtension>
        </extensions>
      </trkpt>
      <trkpt lat="24.48967798613011837005615234375" lon="118.104647062718868255615234375">
        <ele>3</ele>
        <time>2024-11-17T12:43:33.000Z</time>
        <extensions>
          <ns3:TrackPointExtension>
            <ns3:hr>159</ns3:hr>
          </ns3:TrackPointExtension>
        </extensions>
      </trkpt>
      <trkpt lat="24.48970028199255466461181640625" lon="118.10462686233222484588623046875">
        <ele>3</ele>
        <time>2024-11-17T12:43:34.000Z</time>
        <extensions>
          <ns3:TrackPointExtension>
            <ns3:hr>159</ns3:hr>
          </ns3:TrackPointExtension>
        </extensions>
      </trkpt>
      <trkpt lat="24.48972098529338836669921875" lon="118.1046056561172008514404296875">
        <ele>3.2000000476837158203125</ele>
        <time>2024-11-17T12:43:35.000Z</time>
        <extensions>
          <ns3:TrackPointExtension>
            <ns3:hr>159</ns3:hr>
          </ns3:TrackPointExtension>
        </extensions>
      </trkpt>
      <trkpt lat="24.4897409342229366302490234375" lon="118.10458227060735225677490234375">
        <ele>3.400000095367431640625</ele>
        <time>2024-11-17T12:43:36.000Z</time>
        <extensions>
          <ns3:TrackPointExtension>
            <ns3:hr>159</ns3:hr>
          </ns3:TrackPointExtension>
        </extensions>
      </trkpt>
      <trkpt lat="24.48976130224764347076416015625" lon="118.1045570410788059234619140625">
        <ele>3.599999904632568359375</ele>
        <time>2024-11-17T12:43:37.000Z</time>
        <extensions>
          <ns3:TrackPointExtension>
            <ns3:hr>159</ns3:hr>
          </ns3:TrackPointExtension>
        </extensions>
      </trkpt>
      <trkpt lat="24.48978292755782604217529296875" lon="118.1045325659215450286865234375">
        <ele>3.7999999523162841796875</ele>
        <time>2024-11-17T12:43:38.000Z</time>
        <extensions>
          <ns3:TrackPointExtension>
            <ns3:hr>158</ns3:hr>
          </ns3:TrackPointExtension>
        </extensions>
      </trkpt>
      <trkpt lat="24.48980505578219890594482421875" lon="118.1045101024210453033447265625">
        <ele>4</ele>
        <time>2024-11-17T12:43:39.000Z</time>
        <extensions>
          <ns3:TrackPointExtension>
            <ns3:hr>158</ns3:hr>
          </ns3:TrackPointExtension>
        </extensions>
      </trkpt>
      <trkpt lat="24.48982684873044490814208984375" lon="118.1044876389205455780029296875">
        <ele>4.19999980926513671875</ele>
        <time>2024-11-17T12:43:40.000Z</time>
        <extensions>
          <ns3:TrackPointExtension>
            <ns3:hr>158</ns3:hr>
          </ns3:TrackPointExtension>
        </extensions>
      </trkpt>
      <trkpt lat="24.489848054945468902587890625" lon="118.10446391813457012176513671875">
        <ele>4.19999980926513671875</ele>
        <time>2024-11-17T12:43:41.000Z</time>
        <extensions>
          <ns3:TrackPointExtension>
            <ns3:hr>158</ns3:hr>
          </ns3:TrackPointExtension>
        </extensions>
      </trkpt>
      <trkpt lat="24.48986892588436603546142578125" lon="118.104438520967960357666015625">
        <ele>4.19999980926513671875</ele>
        <time>2024-11-17T12:43:42.000Z</time>
        <extensions>
          <ns3:TrackPointExtension>
            <ns3:hr>158</ns3:hr>
          </ns3:TrackPointExtension>
        </extensions>
      </trkpt>
      <trkpt lat="24.4898894615471363067626953125" lon="118.10441144742071628570556640625">
        <ele>4.400000095367431640625</ele>
        <time>2024-11-17T12:43:43.000Z</time>
        <extensions>
          <ns3:TrackPointExtension>
            <ns3:hr>158</ns3:hr>
          </ns3:TrackPointExtension>
        </extensions>
      </trkpt>
      <trkpt lat="24.4899089075624942779541015625" lon="118.10438328422605991363525390625">
        <ele>4.599999904632568359375</ele>
        <time>2024-11-17T12:43:44.000Z</time>
        <extensions>
          <ns3:TrackPointExtension>
            <ns3:hr>158</ns3:hr>
          </ns3:TrackPointExtension>
        </extensions>
      </trkpt>
      <trkpt lat="24.4899270124733448028564453125" lon="118.104354701936244964599609375">
        <ele>4.599999904632568359375</ele>
        <time>2024-11-17T12:43:45.000Z</time>
        <extensions>
          <ns3:TrackPointExtension>
            <ns3:hr>157</ns3:hr>
          </ns3:TrackPointExtension>
        </extensions>
      </trkpt>
      <trkpt lat="24.48994369246065616607666015625" lon="118.1043260358273983001708984375">
        <ele>4.80000019073486328125</ele>
        <time>2024-11-17T12:43:46.000Z</time>
        <extensions>
          <ns3:TrackPointExtension>
            <ns3:hr>157</ns3:hr>
          </ns3:TrackPointExtension>
        </extensions>
      </trkpt>
      <trkpt lat="24.48995978571474552154541015625" lon="118.1042968668043613433837890625">
        <ele>5</ele>
        <time>2024-11-17T12:43:47.000Z</time>
        <extensions>
          <ns3:TrackPointExtension>
            <ns3:hr>157</ns3:hr>
          </ns3:TrackPointExtension>
        </extensions>
      </trkpt>
      <trkpt lat="24.4899762980639934539794921875" lon="118.10426761396229267120361328125">
        <ele>5.19999980926513671875</ele>
        <time>2024-11-17T12:43:48.000Z</time>
        <extensions>
          <ns3:TrackPointExtension>
            <ns3:hr>157</ns3:hr>
          </ns3:TrackPointExtension>
        </extensions>
      </trkpt>
      <trkpt lat="24.489992894232273101806640625" lon="118.10423878021538257598876953125">
        <ele>5.19999980926513671875</ele>
        <time>2024-11-17T12:43:49.000Z</time>
        <extensions>
          <ns3:TrackPointExtension>
            <ns3:hr>157</ns3:hr>
          </ns3:TrackPointExtension>
        </extensions>
      </trkpt>
      <trkpt lat="24.49000932276248931884765625" lon="118.1042096950113773345947265625">
        <ele>5.400000095367431640625</ele>
        <time>2024-11-17T12:43:50.000Z</time>
        <extensions>
          <ns3:TrackPointExtension>
            <ns3:hr>157</ns3:hr>
          </ns3:TrackPointExtension>
        </extensions>
      </trkpt>
      <trkpt lat="24.49002533219754695892333984375" lon="118.1041798554360866546630859375">
        <ele>5.400000095367431640625</ele>
        <time>2024-11-17T12:43:51.000Z</time>
        <extensions>
          <ns3:TrackPointExtension>
            <ns3:hr>157</ns3:hr>
          </ns3:TrackPointExtension>
        </extensions>
      </trkpt>
      <trkpt lat="24.49004025198519229888916015625" lon="118.1041493453085422515869140625">
        <ele>5.19999980926513671875</ele>
        <time>2024-11-17T12:43:52.000Z</time>
        <extensions>
          <ns3:TrackPointExtension>
            <ns3:hr>157</ns3:hr>
          </ns3:TrackPointExtension>
        </extensions>
      </trkpt>
      <trkpt lat="24.49005366303026676177978515625" lon="118.10411774553358554840087890625">
        <ele>5.19999980926513671875</ele>
        <time>2024-11-17T12:43:53.000Z</time>
        <extensions>
          <ns3:TrackPointExtension>
            <ns3:hr>157</ns3:hr>
          </ns3:TrackPointExtension>
        </extensions>
      </trkpt>
      <trkpt lat="24.4900651462376117706298828125" lon="118.10408522374927997589111328125">
        <ele>5.19999980926513671875</ele>
        <time>2024-11-17T12:43:54.000Z</time>
        <extensions>
          <ns3:TrackPointExtension>
            <ns3:hr>157</ns3:hr>
          </ns3:TrackPointExtension>
        </extensions>
      </trkpt>
      <trkpt lat="24.49007545597851276397705078125" lon="118.10405253432691097259521484375">
        <ele>5.19999980926513671875</ele>
        <time>2024-11-17T12:43:55.000Z</time>
        <extensions>
          <ns3:TrackPointExtension>
            <ns3:hr>157</ns3:hr>
          </ns3:TrackPointExtension>
        </extensions>
      </trkpt>
      <trkpt lat="24.4900855980813503265380859375" lon="118.1040195934474468231201171875">
        <ele>5</ele>
        <time>2024-11-17T12:43:56.000Z</time>
        <extensions>
          <ns3:TrackPointExtension>
            <ns3:hr>157</ns3:hr>
          </ns3:TrackPointExtension>
        </extensions>
      </trkpt>
      <trkpt lat="24.49009523726999759674072265625" lon="118.10398564673960208892822265625">
        <ele>5</ele>
        <time>2024-11-17T12:43:57.000Z</time>
        <extensions>
          <ns3:TrackPointExtension>
            <ns3:hr>157</ns3:hr>
          </ns3:TrackPointExtension>
        </extensions>
      </trkpt>
      <trkpt lat="24.49010361917316913604736328125" lon="118.103950358927249908447265625">
        <ele>5</ele>
        <time>2024-11-17T12:43:58.000Z</time>
        <extensions>
          <ns3:TrackPointExtension>
            <ns3:hr>157</ns3:hr>
          </ns3:TrackPointExtension>
        </extensions>
      </trkpt>
      <trkpt lat="24.4901110790669918060302734375" lon="118.10391448438167572021484375">
        <ele>5</ele>
        <time>2024-11-17T12:43:59.000Z</time>
        <extensions>
          <ns3:TrackPointExtension>
            <ns3:hr>157</ns3:hr>
          </ns3:TrackPointExtension>
        </extensions>
      </trkpt>
      <trkpt lat="24.49011853896081447601318359375" lon="118.103879280388355255126953125">
        <ele>5</ele>
        <time>2024-11-17T12:44:00.000Z</time>
        <extensions>
          <ns3:TrackPointExtension>
            <ns3:hr>157</ns3:hr>
          </ns3:TrackPointExtension>
        </extensions>
      </trkpt>
      <trkpt lat="24.49012625031173229217529296875" lon="118.10384516604244709014892578125">
        <ele>5</ele>
        <time>2024-11-17T12:44:01.000Z</time>
        <extensions>
          <ns3:TrackPointExtension>
            <ns3:hr>157</ns3:hr>
          </ns3:TrackPointExtension>
        </extensions>
      </trkpt>
      <trkpt lat="24.49013396166265010833740234375" lon="118.10381197370588779449462890625">
        <ele>5</ele>
        <time>2024-11-17T12:44:02.000Z</time>
        <extensions>
          <ns3:TrackPointExtension>
            <ns3:hr>157</ns3:hr>
          </ns3:TrackPointExtension>
        </extensions>
      </trkpt>
      <trkpt lat="24.4901409186422824859619140625" lon="118.1037792004644870758056640625">
        <ele>4.80000019073486328125</ele>
        <time>2024-11-17T12:44:03.000Z</time>
        <extensions>
          <ns3:TrackPointExtension>
            <ns3:hr>157</ns3:hr>
          </ns3:TrackPointExtension>
        </extensions>
      </trkpt>
      <trkpt lat="24.49014670215547084808349609375" lon="118.10374575667083263397216796875">
        <ele>4.80000019073486328125</ele>
        <time>2024-11-17T12:44:04.000Z</time>
        <extensions>
          <ns3:TrackPointExtension>
            <ns3:hr>157</ns3:hr>
          </ns3:TrackPointExtension>
        </extensions>
      </trkpt>
      <trkpt lat="24.4901509769260883331298828125" lon="118.10371172614395618438720703125">
        <ele>4.80000019073486328125</ele>
        <time>2024-11-17T12:44:05.000Z</time>
        <extensions>
          <ns3:TrackPointExtension>
            <ns3:hr>157</ns3:hr>
          </ns3:TrackPointExtension>
        </extensions>
      </trkpt>
      <trkpt lat="24.49015374295413494110107421875" lon="118.10367803089320659637451171875">
        <ele>4.80000019073486328125</ele>
        <time>2024-11-17T12:44:06.000Z</time>
        <extensions>
          <ns3:TrackPointExtension>
            <ns3:hr>157</ns3:hr>
          </ns3:TrackPointExtension>
        </extensions>
      </trkpt>
      <trkpt lat="24.4901553355157375335693359375" lon="118.10364517383277416229248046875">
        <ele>5</ele>
        <time>2024-11-17T12:44:07.000Z</time>
        <extensions>
          <ns3:TrackPointExtension>
            <ns3:hr>157</ns3:hr>
          </ns3:TrackPointExtension>
        </extensions>
      </trkpt>
      <trkpt lat="24.4901561737060546875" lon="118.103612400591373443603515625">
        <ele>5</ele>
        <time>2024-11-17T12:44:08.000Z</time>
        <extensions>
          <ns3:TrackPointExtension>
            <ns3:hr>157</ns3:hr>
          </ns3:TrackPointExtension>
        </extensions>
      </trkpt>
      <trkpt lat="24.4901560060679912567138671875" lon="118.10357979498803615570068359375">
        <ele>5.19999980926513671875</ele>
        <time>2024-11-17T12:44:09.000Z</time>
        <extensions>
          <ns3:TrackPointExtension>
            <ns3:hr>157</ns3:hr>
          </ns3:TrackPointExtension>
        </extensions>
      </trkpt>
      <trkpt lat="24.490154497325420379638671875" lon="118.1035478599369525909423828125">
        <ele>5.19999980926513671875</ele>
        <time>2024-11-17T12:44:10.000Z</time>
        <extensions>
          <ns3:TrackPointExtension>
            <ns3:hr>157</ns3:hr>
          </ns3:TrackPointExtension>
        </extensions>
      </trkpt>
      <trkpt lat="24.49015173129737377166748046875" lon="118.1035163439810276031494140625">
        <ele>5.400000095367431640625</ele>
        <time>2024-11-17T12:44:11.000Z</time>
        <extensions>
          <ns3:TrackPointExtension>
            <ns3:hr>157</ns3:hr>
          </ns3:TrackPointExtension>
        </extensions>
      </trkpt>
      <trkpt lat="24.490147791802883148193359375" lon="118.1034846603870391845703125">
        <ele>5.599999904632568359375</ele>
        <time>2024-11-17T12:44:12.000Z</time>
        <extensions>
          <ns3:TrackPointExtension>
            <ns3:hr>157</ns3:hr>
          </ns3:TrackPointExtension>
        </extensions>
      </trkpt>
      <trkpt lat="24.49014301411807537078857421875" lon="118.103452809154987335205078125">
        <ele>5.599999904632568359375</ele>
        <time>2024-11-17T12:44:13.000Z</time>
        <extensions>
          <ns3:TrackPointExtension>
            <ns3:hr>157</ns3:hr>
          </ns3:TrackPointExtension>
        </extensions>
      </trkpt>
      <trkpt lat="24.4901379011571407318115234375" lon="118.10342095792293548583984375">
        <ele>5.80000019073486328125</ele>
        <time>2024-11-17T12:44:14.000Z</time>
        <extensions>
          <ns3:TrackPointExtension>
            <ns3:hr>157</ns3:hr>
          </ns3:TrackPointExtension>
        </extensions>
      </trkpt>
      <trkpt lat="24.4901325367391109466552734375" lon="118.10338919050991535186767578125">
        <ele>5.80000019073486328125</ele>
        <time>2024-11-17T12:44:15.000Z</time>
        <extensions>
          <ns3:TrackPointExtension>
            <ns3:hr>157</ns3:hr>
          </ns3:TrackPointExtension>
        </extensions>
      </trkpt>
      <trkpt lat="24.4901265017688274383544921875" lon="118.10335733927786350250244140625">
        <ele>6</ele>
        <time>2024-11-17T12:44:16.000Z</time>
        <extensions>
          <ns3:TrackPointExtension>
            <ns3:hr>157</ns3:hr>
          </ns3:TrackPointExtension>
        </extensions>
      </trkpt>
      <trkpt lat="24.49011971242725849151611328125" lon="118.10332532040774822235107421875">
        <ele>6.19999980926513671875</ele>
        <time>2024-11-17T12:44:17.000Z</time>
        <extensions>
          <ns3:TrackPointExtension>
            <ns3:hr>157</ns3:hr>
          </ns3:TrackPointExtension>
        </extensions>
      </trkpt>
      <trkpt lat="24.49011250399053096771240234375" lon="118.10329380445182323455810546875">
        <ele>6.400000095367431640625</ele>
        <time>2024-11-17T12:44:18.000Z</time>
        <extensions>
          <ns3:TrackPointExtension>
            <ns3:hr>157</ns3:hr>
          </ns3:TrackPointExtension>
        </extensions>
      </trkpt>
      <trkpt lat="24.4901047088205814361572265625" lon="118.1032625399529933929443359375">
        <ele>6.400000095367431640625</ele>
        <time>2024-11-17T12:44:19.000Z</time>
        <extensions>
          <ns3:TrackPointExtension>
            <ns3:hr>157</ns3:hr>
          </ns3:TrackPointExtension>
        </extensions>
      </trkpt>
      <trkpt lat="24.49009641073644161224365234375" lon="118.10323110781610012054443359375">
        <ele>6.400000095367431640625</ele>
        <time>2024-11-17T12:44:20.000Z</time>
        <extensions>
          <ns3:TrackPointExtension>
            <ns3:hr>157</ns3:hr>
          </ns3:TrackPointExtension>
        </extensions>
      </trkpt>
      <trkpt lat="24.4900876097381114959716796875" lon="118.10319875366985797882080078125">
        <ele>6.599999904632568359375</ele>
        <time>2024-11-17T12:44:21.000Z</time>
        <extensions>
          <ns3:TrackPointExtension>
            <ns3:hr>157</ns3:hr>
          </ns3:TrackPointExtension>
        </extensions>
      </trkpt>
      <trkpt lat="24.49007847346365451812744140625" lon="118.1031663157045841217041015625">
        <ele>6.599999904632568359375</ele>
        <time>2024-11-17T12:44:22.000Z</time>
        <extensions>
          <ns3:TrackPointExtension>
            <ns3:hr>157</ns3:hr>
          </ns3:TrackPointExtension>
        </extensions>
      </trkpt>
      <trkpt lat="24.49006841517984867095947265625" lon="118.10313454829156398773193359375">
        <ele>6.80000019073486328125</ele>
        <time>2024-11-17T12:44:23.000Z</time>
        <extensions>
          <ns3:TrackPointExtension>
            <ns3:hr>157</ns3:hr>
          </ns3:TrackPointExtension>
        </extensions>
      </trkpt>
      <trkpt lat="24.49005735106766223907470703125" lon="118.10310387052595615386962890625">
        <ele>6.80000019073486328125</ele>
        <time>2024-11-17T12:44:24.000Z</time>
        <extensions>
          <ns3:TrackPointExtension>
            <ns3:hr>157</ns3:hr>
          </ns3:TrackPointExtension>
        </extensions>
      </trkpt>
      <trkpt lat="24.4900450296700000762939453125" lon="118.10307336039841175079345703125">
        <ele>6.80000019073486328125</ele>
        <time>2024-11-17T12:44:25.000Z</time>
        <extensions>
          <ns3:TrackPointExtension>
            <ns3:hr>157</ns3:hr>
          </ns3:TrackPointExtension>
        </extensions>
      </trkpt>
      <trkpt lat="24.49003136716783046722412109375" lon="118.1030425988137722015380859375">
        <ele>7</ele>
        <time>2024-11-17T12:44:26.000Z</time>
        <extensions>
          <ns3:TrackPointExtension>
            <ns3:hr>157</ns3:hr>
          </ns3:TrackPointExtension>
        </extensions>
      </trkpt>
      <trkpt lat="24.4900161959230899810791015625" lon="118.10301166959106922149658203125">
        <ele>7</ele>
        <time>2024-11-17T12:44:27.000Z</time>
        <extensions>
          <ns3:TrackPointExtension>
            <ns3:hr>156</ns3:hr>
          </ns3:TrackPointExtension>
        </extensions>
      </trkpt>
      <trkpt lat="24.48999968357384204864501953125" lon="118.10298099182546138763427734375">
        <ele>7</ele>
        <time>2024-11-17T12:44:28.000Z</time>
        <extensions>
          <ns3:TrackPointExtension>
            <ns3:hr>156</ns3:hr>
          </ns3:TrackPointExtension>
        </extensions>
      </trkpt>
      <trkpt lat="24.489982835948467254638671875" lon="118.1029503978788852691650390625">
        <ele>7</ele>
        <time>2024-11-17T12:44:29.000Z</time>
        <extensions>
          <ns3:TrackPointExtension>
            <ns3:hr>156</ns3:hr>
          </ns3:TrackPointExtension>
        </extensions>
      </trkpt>
      <trkpt lat="24.48996565304696559906005859375" lon="118.10292047448456287384033203125">
        <ele>7</ele>
        <time>2024-11-17T12:44:30.000Z</time>
        <extensions>
          <ns3:TrackPointExtension>
            <ns3:hr>156</ns3:hr>
          </ns3:TrackPointExtension>
        </extensions>
      </trkpt>
      <trkpt lat="24.48994721285998821258544921875" lon="118.102892227470874786376953125">
        <ele>7</ele>
        <time>2024-11-17T12:44:31.000Z</time>
        <extensions>
          <ns3:TrackPointExtension>
            <ns3:hr>156</ns3:hr>
          </ns3:TrackPointExtension>
        </extensions>
      </trkpt>
      <trkpt lat="24.48992759920656681060791015625" lon="118.10286582447588443756103515625">
        <ele>7</ele>
        <time>2024-11-17T12:44:32.000Z</time>
        <extensions>
          <ns3:TrackPointExtension>
            <ns3:hr>156</ns3:hr>
          </ns3:TrackPointExtension>
        </extensions>
      </trkpt>
      <trkpt lat="24.48990731500089168548583984375" lon="118.10284051112830638885498046875">
        <ele>7</ele>
        <time>2024-11-17T12:44:33.000Z</time>
        <extensions>
          <ns3:TrackPointExtension>
            <ns3:hr>156</ns3:hr>
          </ns3:TrackPointExtension>
        </extensions>
      </trkpt>
      <trkpt lat="24.48988686315715312957763671875" lon="118.1028159521520137786865234375">
        <ele>7</ele>
        <time>2024-11-17T12:44:34.000Z</time>
        <extensions>
          <ns3:TrackPointExtension>
            <ns3:hr>156</ns3:hr>
          </ns3:TrackPointExtension>
        </extensions>
      </trkpt>
      <trkpt lat="24.48986657895147800445556640625" lon="118.1027924828231334686279296875">
        <ele>7</ele>
        <time>2024-11-17T12:44:35.000Z</time>
        <extensions>
          <ns3:TrackPointExtension>
            <ns3:hr>156</ns3:hr>
          </ns3:TrackPointExtension>
        </extensions>
      </trkpt>
      <trkpt lat="24.489846043288707733154296875" lon="118.102768845856189727783203125">
        <ele>7</ele>
        <time>2024-11-17T12:44:36.000Z</time>
        <extensions>
          <ns3:TrackPointExtension>
            <ns3:hr>156</ns3:hr>
          </ns3:TrackPointExtension>
        </extensions>
      </trkpt>
      <trkpt lat="24.48982500471174716949462890625" lon="118.1027445383369922637939453125">
        <ele>7</ele>
        <time>2024-11-17T12:44:37.000Z</time>
        <extensions>
          <ns3:TrackPointExtension>
            <ns3:hr>156</ns3:hr>
          </ns3:TrackPointExtension>
        </extensions>
      </trkpt>
      <trkpt lat="24.48980270884931087493896484375" lon="118.10271914117038249969482421875">
        <ele>7.19999980926513671875</ele>
        <time>2024-11-17T12:44:38.000Z</time>
        <extensions>
          <ns3:TrackPointExtension>
            <ns3:hr>156</ns3:hr>
          </ns3:TrackPointExtension>
        </extensions>
      </trkpt>
      <trkpt lat="24.48977940715849399566650390625" lon="118.10269416309893131256103515625">
        <ele>7.19999980926513671875</ele>
        <time>2024-11-17T12:44:39.000Z</time>
        <extensions>
          <ns3:TrackPointExtension>
            <ns3:hr>156</ns3:hr>
          </ns3:TrackPointExtension>
        </extensions>
      </trkpt>
      <trkpt lat="24.48975543491542339324951171875" lon="118.10267102904617786407470703125">
        <ele>7.19999980926513671875</ele>
        <time>2024-11-17T12:44:40.000Z</time>
        <extensions>
          <ns3:TrackPointExtension>
            <ns3:hr>156</ns3:hr>
          </ns3:TrackPointExtension>
        </extensions>
      </trkpt>
      <trkpt lat="24.48973146267235279083251953125" lon="118.102650158107280731201171875">
        <ele>7.400000095367431640625</ele>
        <time>2024-11-17T12:44:41.000Z</time>
        <extensions>
          <ns3:TrackPointExtension>
            <ns3:hr>156</ns3:hr>
          </ns3:TrackPointExtension>
        </extensions>
      </trkpt>
      <trkpt lat="24.48970816098153591156005859375" lon="118.102630712091922760009765625">
        <ele>7.400000095367431640625</ele>
        <time>2024-11-17T12:44:42.000Z</time>
        <extensions>
          <ns3:TrackPointExtension>
            <ns3:hr>156</ns3:hr>
          </ns3:TrackPointExtension>
        </extensions>
      </trkpt>
      <trkpt lat="24.4896856136620044708251953125" lon="118.10261227190494537353515625">
        <ele>7.599999904632568359375</ele>
        <time>2024-11-17T12:44:43.000Z</time>
        <extensions>
          <ns3:TrackPointExtension>
            <ns3:hr>156</ns3:hr>
          </ns3:TrackPointExtension>
        </extensions>
      </trkpt>
      <trkpt lat="24.48966256342828273773193359375" lon="118.1025943346321582794189453125">
        <ele>7.599999904632568359375</ele>
        <time>2024-11-17T12:44:44.000Z</time>
        <extensions>
          <ns3:TrackPointExtension>
            <ns3:hr>156</ns3:hr>
          </ns3:TrackPointExtension>
        </extensions>
      </trkpt>
      <trkpt lat="24.489638172090053558349609375" lon="118.10257614590227603912353515625">
        <ele>7.80000019073486328125</ele>
        <time>2024-11-17T12:44:45.000Z</time>
        <extensions>
          <ns3:TrackPointExtension>
            <ns3:hr>156</ns3:hr>
          </ns3:TrackPointExtension>
        </extensions>
      </trkpt>
      <trkpt lat="24.48961210437119007110595703125" lon="118.1025574542582035064697265625">
        <ele>7.80000019073486328125</ele>
        <time>2024-11-17T12:44:46.000Z</time>
        <extensions>
          <ns3:TrackPointExtension>
            <ns3:hr>156</ns3:hr>
          </ns3:TrackPointExtension>
        </extensions>
      </trkpt>
      <trkpt lat="24.4895846955478191375732421875" lon="118.10253893025219440460205078125">
        <ele>7.80000019073486328125</ele>
        <time>2024-11-17T12:44:47.000Z</time>
        <extensions>
          <ns3:TrackPointExtension>
            <ns3:hr>156</ns3:hr>
          </ns3:TrackPointExtension>
        </extensions>
      </trkpt>
      <trkpt lat="24.4895566999912261962890625" lon="118.1025217473506927490234375">
        <ele>8</ele>
        <time>2024-11-17T12:44:48.000Z</time>
        <extensions>
          <ns3:TrackPointExtension>
            <ns3:hr>156</ns3:hr>
          </ns3:TrackPointExtension>
        </extensions>
      </trkpt>
      <trkpt lat="24.48952845297753810882568359375" lon="118.10250624082982540130615234375">
        <ele>8</ele>
        <time>2024-11-17T12:44:49.000Z</time>
        <extensions>
          <ns3:TrackPointExtension>
            <ns3:hr>155</ns3:hr>
          </ns3:TrackPointExtension>
        </extensions>
      </trkpt>
      <trkpt lat="24.4895003736019134521484375" lon="118.10249157249927520751953125">
        <ele>8</ele>
        <time>2024-11-17T12:44:50.000Z</time>
        <extensions>
          <ns3:TrackPointExtension>
            <ns3:hr>155</ns3:hr>
          </ns3:TrackPointExtension>
        </extensions>
      </trkpt>
      <trkpt lat="24.48947195895016193389892578125" lon="118.10247673653066158294677734375">
        <ele>8</ele>
        <time>2024-11-17T12:44:51.000Z</time>
        <extensions>
          <ns3:TrackPointExtension>
            <ns3:hr>155</ns3:hr>
          </ns3:TrackPointExtension>
        </extensions>
      </trkpt>
      <trkpt lat="24.48944245465099811553955078125" lon="118.102462403476238250732421875">
        <ele>8</ele>
        <time>2024-11-17T12:44:52.000Z</time>
        <extensions>
          <ns3:TrackPointExtension>
            <ns3:hr>155</ns3:hr>
          </ns3:TrackPointExtension>
        </extensions>
      </trkpt>
      <trkpt lat="24.48941160924732685089111328125" lon="118.10244924388825893402099609375">
        <ele>8.19999980926513671875</ele>
        <time>2024-11-17T12:44:53.000Z</time>
        <extensions>
          <ns3:TrackPointExtension>
            <ns3:hr>155</ns3:hr>
          </ns3:TrackPointExtension>
        </extensions>
      </trkpt>
      <trkpt lat="24.48938059620559215545654296875" lon="118.10243767686188220977783203125">
        <ele>8.19999980926513671875</ele>
        <time>2024-11-17T12:44:54.000Z</time>
        <extensions>
          <ns3:TrackPointExtension>
            <ns3:hr>155</ns3:hr>
          </ns3:TrackPointExtension>
        </extensions>
      </trkpt>
      <trkpt lat="24.4893500022590160369873046875" lon="118.1024278700351715087890625">
        <ele>8.3999996185302734375</ele>
        <time>2024-11-17T12:44:55.000Z</time>
        <extensions>
          <ns3:TrackPointExtension>
            <ns3:hr>155</ns3:hr>
          </ns3:TrackPointExtension>
        </extensions>
      </trkpt>
      <trkpt lat="24.48931957595050334930419921875" lon="118.10242007486522197723388671875">
        <ele>8.3999996185302734375</ele>
        <time>2024-11-17T12:44:56.000Z</time>
        <extensions>
          <ns3:TrackPointExtension>
            <ns3:hr>155</ns3:hr>
          </ns3:TrackPointExtension>
        </extensions>
      </trkpt>
      <trkpt lat="24.48928822763264179229736328125" lon="118.10241420753300189971923828125">
        <ele>8.3999996185302734375</ele>
        <time>2024-11-17T12:44:57.000Z</time>
        <extensions>
          <ns3:TrackPointExtension>
            <ns3:hr>155</ns3:hr>
          </ns3:TrackPointExtension>
        </extensions>
      </trkpt>
      <trkpt lat="24.48925587348639965057373046875" lon="118.1024095974862575531005859375">
        <ele>8.6000003814697265625</ele>
        <time>2024-11-17T12:44:58.000Z</time>
        <extensions>
          <ns3:TrackPointExtension>
            <ns3:hr>155</ns3:hr>
          </ns3:TrackPointExtension>
        </extensions>
      </trkpt>
      <trkpt lat="24.48922318406403064727783203125" lon="118.10240582562983036041259765625">
        <ele>8.80000019073486328125</ele>
        <time>2024-11-17T12:44:59.000Z</time>
        <extensions>
          <ns3:TrackPointExtension>
            <ns3:hr>155</ns3:hr>
          </ns3:TrackPointExtension>
        </extensions>
      </trkpt>
      <trkpt lat="24.4891910813748836517333984375" lon="118.10240213759243488311767578125">
        <ele>9</ele>
        <time>2024-11-17T12:45:00.000Z</time>
        <extensions>
          <ns3:TrackPointExtension>
            <ns3:hr>155</ns3:hr>
          </ns3:TrackPointExtension>
        </extensions>
      </trkpt>
      <trkpt lat="24.48915914632380008697509765625" lon="118.102397024631500244140625">
        <ele>9.3999996185302734375</ele>
        <time>2024-11-17T12:45:01.000Z</time>
        <extensions>
          <ns3:TrackPointExtension>
            <ns3:hr>155</ns3:hr>
          </ns3:TrackPointExtension>
        </extensions>
      </trkpt>
      <trkpt lat="24.48912712745368480682373046875" lon="118.1023904867470264434814453125">
        <ele>9.6000003814697265625</ele>
        <time>2024-11-17T12:45:02.000Z</time>
        <extensions>
          <ns3:TrackPointExtension>
            <ns3:hr>155</ns3:hr>
          </ns3:TrackPointExtension>
        </extensions>
      </trkpt>
      <trkpt lat="24.48909603059291839599609375" lon="118.1023834459483623504638671875">
        <ele>9.80000019073486328125</ele>
        <time>2024-11-17T12:45:03.000Z</time>
        <extensions>
          <ns3:TrackPointExtension>
            <ns3:hr>155</ns3:hr>
          </ns3:TrackPointExtension>
        </extensions>
      </trkpt>
      <trkpt lat="24.48906560428440570831298828125" lon="118.10237682424485683441162109375">
        <ele>10</ele>
        <time>2024-11-17T12:45:04.000Z</time>
        <extensions>
          <ns3:TrackPointExtension>
            <ns3:hr>155</ns3:hr>
          </ns3:TrackPointExtension>
        </extensions>
      </trkpt>
      <trkpt lat="24.48903475888073444366455078125" lon="118.10237145982682704925537109375">
        <ele>10.19999980926513671875</ele>
        <time>2024-11-17T12:45:05.000Z</time>
        <extensions>
          <ns3:TrackPointExtension>
            <ns3:hr>155</ns3:hr>
          </ns3:TrackPointExtension>
        </extensions>
      </trkpt>
      <trkpt lat="24.4890026561915874481201171875" lon="118.10236684978008270263671875">
        <ele>10.3999996185302734375</ele>
        <time>2024-11-17T12:45:06.000Z</time>
        <extensions>
          <ns3:TrackPointExtension>
            <ns3:hr>154</ns3:hr>
          </ns3:TrackPointExtension>
        </extensions>
      </trkpt>
      <trkpt lat="24.488969631493091583251953125" lon="118.10236257500946521759033203125">
        <ele>10.3999996185302734375</ele>
        <time>2024-11-17T12:45:07.000Z</time>
        <extensions>
          <ns3:TrackPointExtension>
            <ns3:hr>154</ns3:hr>
          </ns3:TrackPointExtension>
        </extensions>
      </trkpt>
      <trkpt lat="24.4889369420707225799560546875" lon="118.10235880315303802490234375">
        <ele>10.6000003814697265625</ele>
        <time>2024-11-17T12:45:08.000Z</time>
        <extensions>
          <ns3:TrackPointExtension>
            <ns3:hr>154</ns3:hr>
          </ns3:TrackPointExtension>
        </extensions>
      </trkpt>
      <trkpt lat="24.48890534229576587677001953125" lon="118.10235670767724514007568359375">
        <ele>10.6000003814697265625</ele>
        <time>2024-11-17T12:45:09.000Z</time>
        <extensions>
          <ns3:TrackPointExtension>
            <ns3:hr>154</ns3:hr>
          </ns3:TrackPointExtension>
        </extensions>
      </trkpt>
      <trkpt lat="24.48887382633984088897705078125" lon="118.10235721059143543243408203125">
        <ele>10.80000019073486328125</ele>
        <time>2024-11-17T12:45:10.000Z</time>
        <extensions>
          <ns3:TrackPointExtension>
            <ns3:hr>155</ns3:hr>
          </ns3:TrackPointExtension>
        </extensions>
      </trkpt>
      <trkpt lat="24.488842226564884185791015625" lon="118.1023596413433551788330078125">
        <ele>10.80000019073486328125</ele>
        <time>2024-11-17T12:45:11.000Z</time>
        <extensions>
          <ns3:TrackPointExtension>
            <ns3:hr>155</ns3:hr>
          </ns3:TrackPointExtension>
        </extensions>
      </trkpt>
      <trkpt lat="24.48881129734218120574951171875" lon="118.10236324556171894073486328125">
        <ele>11</ele>
        <time>2024-11-17T12:45:12.000Z</time>
        <extensions>
          <ns3:TrackPointExtension>
            <ns3:hr>155</ns3:hr>
          </ns3:TrackPointExtension>
        </extensions>
      </trkpt>
      <trkpt lat="24.4887817092239856719970703125" lon="118.10236743651330471038818359375">
        <ele>11</ele>
        <time>2024-11-17T12:45:13.000Z</time>
        <extensions>
          <ns3:TrackPointExtension>
            <ns3:hr>155</ns3:hr>
          </ns3:TrackPointExtension>
        </extensions>
      </trkpt>
      <trkpt lat="24.48875245638191699981689453125" lon="118.10237213037908077239990234375">
        <ele>11</ele>
        <time>2024-11-17T12:45:14.000Z</time>
        <extensions>
          <ns3:TrackPointExtension>
            <ns3:hr>155</ns3:hr>
          </ns3:TrackPointExtension>
        </extensions>
      </trkpt>
      <trkpt lat="24.488722868263721466064453125" lon="118.10237699188292026519775390625">
        <ele>11</ele>
        <time>2024-11-17T12:45:15.000Z</time>
        <extensions>
          <ns3:TrackPointExtension>
            <ns3:hr>155</ns3:hr>
          </ns3:TrackPointExtension>
        </extensions>
      </trkpt>
      <trkpt lat="24.4886928610503673553466796875" lon="118.1023821048438549041748046875">
        <ele>10.80000019073486328125</ele>
        <time>2024-11-17T12:45:16.000Z</time>
        <extensions>
          <ns3:TrackPointExtension>
            <ns3:hr>155</ns3:hr>
          </ns3:TrackPointExtension>
        </extensions>
      </trkpt>
      <trkpt lat="24.48866310529410839080810546875" lon="118.10238822363317012786865234375">
        <ele>10.80000019073486328125</ele>
        <time>2024-11-17T12:45:17.000Z</time>
        <extensions>
          <ns3:TrackPointExtension>
            <ns3:hr>156</ns3:hr>
          </ns3:TrackPointExtension>
        </extensions>
      </trkpt>
      <trkpt lat="24.4886341877281665802001953125" lon="118.1023951806128025054931640625">
        <ele>10.6000003814697265625</ele>
        <time>2024-11-17T12:45:18.000Z</time>
        <extensions>
          <ns3:TrackPointExtension>
            <ns3:hr>156</ns3:hr>
          </ns3:TrackPointExtension>
        </extensions>
      </trkpt>
      <trkpt lat="24.4886053539812564849853515625" lon="118.10240305960178375244140625">
        <ele>10.6000003814697265625</ele>
        <time>2024-11-17T12:45:19.000Z</time>
        <extensions>
          <ns3:TrackPointExtension>
            <ns3:hr>156</ns3:hr>
          </ns3:TrackPointExtension>
        </extensions>
      </trkpt>
      <trkpt lat="24.4885761849582195281982421875" lon="118.1024117767810821533203125">
        <ele>10.6000003814697265625</ele>
        <time>2024-11-17T12:45:20.000Z</time>
        <extensions>
          <ns3:TrackPointExtension>
            <ns3:hr>156</ns3:hr>
          </ns3:TrackPointExtension>
        </extensions>
      </trkpt>
      <trkpt lat="24.4885463453829288482666015625" lon="118.1024213321506977081298828125">
        <ele>10.6000003814697265625</ele>
        <time>2024-11-17T12:45:21.000Z</time>
        <extensions>
          <ns3:TrackPointExtension>
            <ns3:hr>156</ns3:hr>
          </ns3:TrackPointExtension>
        </extensions>
      </trkpt>
      <trkpt lat="24.48851667344570159912109375" lon="118.10243180952966213226318359375">
        <ele>10.6000003814697265625</ele>
        <time>2024-11-17T12:45:22.000Z</time>
        <extensions>
          <ns3:TrackPointExtension>
            <ns3:hr>156</ns3:hr>
          </ns3:TrackPointExtension>
        </extensions>
      </trkpt>
      <trkpt lat="24.48848783969879150390625" lon="118.10244304127991199493408203125">
        <ele>10.6000003814697265625</ele>
        <time>2024-11-17T12:45:23.000Z</time>
        <extensions>
          <ns3:TrackPointExtension>
            <ns3:hr>156</ns3:hr>
          </ns3:TrackPointExtension>
        </extensions>
      </trkpt>
      <trkpt lat="24.48845976032316684722900390625" lon="118.10245511122047901153564453125">
        <ele>10.6000003814697265625</ele>
        <time>2024-11-17T12:45:24.000Z</time>
        <extensions>
          <ns3:TrackPointExtension>
            <ns3:hr>156</ns3:hr>
          </ns3:TrackPointExtension>
        </extensions>
      </trkpt>
      <trkpt lat="24.488431848585605621337890625" lon="118.10246868990361690521240234375">
        <ele>10.80000019073486328125</ele>
        <time>2024-11-17T12:45:25.000Z</time>
        <extensions>
          <ns3:TrackPointExtension>
            <ns3:hr>156</ns3:hr>
          </ns3:TrackPointExtension>
        </extensions>
      </trkpt>
      <trkpt lat="24.48840402066707611083984375" lon="118.10248428024351596832275390625">
        <ele>10.80000019073486328125</ele>
        <time>2024-11-17T12:45:26.000Z</time>
        <extensions>
          <ns3:TrackPointExtension>
            <ns3:hr>156</ns3:hr>
          </ns3:TrackPointExtension>
        </extensions>
      </trkpt>
      <trkpt lat="24.48837661184370517730712890625" lon="118.10250154696404933929443359375">
        <ele>10.80000019073486328125</ele>
        <time>2024-11-17T12:45:27.000Z</time>
        <extensions>
          <ns3:TrackPointExtension>
            <ns3:hr>156</ns3:hr>
          </ns3:TrackPointExtension>
        </extensions>
      </trkpt>
      <trkpt lat="24.4883502088487148284912109375" lon="118.10252015478909015655517578125">
        <ele>10.6000003814697265625</ele>
        <time>2024-11-17T12:45:28.000Z</time>
        <extensions>
          <ns3:TrackPointExtension>
            <ns3:hr>156</ns3:hr>
          </ns3:TrackPointExtension>
        </extensions>
      </trkpt>
      <trkpt lat="24.48832489550113677978515625" lon="118.1025396846234798431396484375">
        <ele>10.6000003814697265625</ele>
        <time>2024-11-17T12:45:29.000Z</time>
        <extensions>
          <ns3:TrackPointExtension>
            <ns3:hr>156</ns3:hr>
          </ns3:TrackPointExtension>
        </extensions>
      </trkpt>
      <trkpt lat="24.4882999174296855926513671875" lon="118.102558963000774383544921875">
        <ele>10.3999996185302734375</ele>
        <time>2024-11-17T12:45:30.000Z</time>
        <extensions>
          <ns3:TrackPointExtension>
            <ns3:hr>156</ns3:hr>
          </ns3:TrackPointExtension>
        </extensions>
      </trkpt>
      <trkpt lat="24.488274268805980682373046875" lon="118.10257748700678348541259765625">
        <ele>10.19999980926513671875</ele>
        <time>2024-11-17T12:45:31.000Z</time>
        <extensions>
          <ns3:TrackPointExtension>
            <ns3:hr>156</ns3:hr>
          </ns3:TrackPointExtension>
        </extensions>
      </trkpt>
      <trkpt lat="24.48824786581099033355712890625" lon="118.102595843374729156494140625">
        <ele>10.19999980926513671875</ele>
        <time>2024-11-17T12:45:32.000Z</time>
        <extensions>
          <ns3:TrackPointExtension>
            <ns3:hr>156</ns3:hr>
          </ns3:TrackPointExtension>
        </extensions>
      </trkpt>
      <trkpt lat="24.48822163045406341552734375" lon="118.10261453501880168914794921875">
        <ele>10</ele>
        <time>2024-11-17T12:45:33.000Z</time>
        <extensions>
          <ns3:TrackPointExtension>
            <ns3:hr>156</ns3:hr>
          </ns3:TrackPointExtension>
        </extensions>
      </trkpt>
      <trkpt lat="24.48819614946842193603515625" lon="118.10263381339609622955322265625">
        <ele>9.6000003814697265625</ele>
        <time>2024-11-17T12:45:34.000Z</time>
        <extensions>
          <ns3:TrackPointExtension>
            <ns3:hr>156</ns3:hr>
          </ns3:TrackPointExtension>
        </extensions>
      </trkpt>
      <trkpt lat="24.48817159049212932586669921875" lon="118.1026540137827396392822265625">
        <ele>9.19999980926513671875</ele>
        <time>2024-11-17T12:45:35.000Z</time>
        <extensions>
          <ns3:TrackPointExtension>
            <ns3:hr>156</ns3:hr>
          </ns3:TrackPointExtension>
        </extensions>
      </trkpt>
      <trkpt lat="24.48814795352518558502197265625" lon="118.10267555527389049530029296875">
        <ele>8.80000019073486328125</ele>
        <time>2024-11-17T12:45:36.000Z</time>
        <extensions>
          <ns3:TrackPointExtension>
            <ns3:hr>156</ns3:hr>
          </ns3:TrackPointExtension>
        </extensions>
      </trkpt>
      <trkpt lat="24.48812532238662242889404296875" lon="118.1026986055076122283935546875">
        <ele>8.3999996185302734375</ele>
        <time>2024-11-17T12:45:37.000Z</time>
        <extensions>
          <ns3:TrackPointExtension>
            <ns3:hr>156</ns3:hr>
          </ns3:TrackPointExtension>
        </extensions>
      </trkpt>
      <trkpt lat="24.48810336180031299591064453125" lon="118.1027229130268096923828125">
        <ele>7.80000019073486328125</ele>
        <time>2024-11-17T12:45:38.000Z</time>
        <extensions>
          <ns3:TrackPointExtension>
            <ns3:hr>156</ns3:hr>
          </ns3:TrackPointExtension>
        </extensions>
      </trkpt>
      <trkpt lat="24.48808207176625728607177734375" lon="118.10274797491729259490966796875">
        <ele>7.400000095367431640625</ele>
        <time>2024-11-17T12:45:39.000Z</time>
        <extensions>
          <ns3:TrackPointExtension>
            <ns3:hr>157</ns3:hr>
          </ns3:TrackPointExtension>
        </extensions>
      </trkpt>
      <trkpt lat="24.48806212283670902252197265625" lon="118.10277312062680721282958984375">
        <ele>7.19999980926513671875</ele>
        <time>2024-11-17T12:45:40.000Z</time>
        <extensions>
          <ns3:TrackPointExtension>
            <ns3:hr>157</ns3:hr>
          </ns3:TrackPointExtension>
        </extensions>
      </trkpt>
      <trkpt lat="24.488043598830699920654296875" lon="118.10279809869825839996337890625">
        <ele>7.19999980926513671875</ele>
        <time>2024-11-17T12:45:41.000Z</time>
        <extensions>
          <ns3:TrackPointExtension>
            <ns3:hr>157</ns3:hr>
          </ns3:TrackPointExtension>
        </extensions>
      </trkpt>
      <trkpt lat="24.48802541010081768035888671875" lon="118.10282290913164615631103515625">
        <ele>7</ele>
        <time>2024-11-17T12:45:42.000Z</time>
        <extensions>
          <ns3:TrackPointExtension>
            <ns3:hr>157</ns3:hr>
          </ns3:TrackPointExtension>
        </extensions>
      </trkpt>
      <trkpt lat="24.488007389008998870849609375" lon="118.1028478033840656280517578125">
        <ele>6.80000019073486328125</ele>
        <time>2024-11-17T12:45:43.000Z</time>
        <extensions>
          <ns3:TrackPointExtension>
            <ns3:hr>157</ns3:hr>
          </ns3:TrackPointExtension>
        </extensions>
      </trkpt>
      <trkpt lat="24.4879904575645923614501953125" lon="118.102873452007770538330078125">
        <ele>6.80000019073486328125</ele>
        <time>2024-11-17T12:45:44.000Z</time>
        <extensions>
          <ns3:TrackPointExtension>
            <ns3:hr>157</ns3:hr>
          </ns3:TrackPointExtension>
        </extensions>
      </trkpt>
      <trkpt lat="24.487974531948566436767578125" lon="118.1028997711837291717529296875">
        <ele>6.599999904632568359375</ele>
        <time>2024-11-17T12:45:45.000Z</time>
        <extensions>
          <ns3:TrackPointExtension>
            <ns3:hr>157</ns3:hr>
          </ns3:TrackPointExtension>
        </extensions>
      </trkpt>
      <trkpt lat="24.48795952834188938140869140625" lon="118.10292718000710010528564453125">
        <ele>6.80000019073486328125</ele>
        <time>2024-11-17T12:45:46.000Z</time>
        <extensions>
          <ns3:TrackPointExtension>
            <ns3:hr>157</ns3:hr>
          </ns3:TrackPointExtension>
        </extensions>
      </trkpt>
      <trkpt lat="24.48794544674456119537353515625" lon="118.1029554270207881927490234375">
        <ele>7</ele>
        <time>2024-11-17T12:45:47.000Z</time>
        <extensions>
          <ns3:TrackPointExtension>
            <ns3:hr>157</ns3:hr>
          </ns3:TrackPointExtension>
        </extensions>
      </trkpt>
      <trkpt lat="24.48793237097561359405517578125" lon="118.1029839254915714263916015625">
        <ele>7.19999980926513671875</ele>
        <time>2024-11-17T12:45:48.000Z</time>
        <extensions>
          <ns3:TrackPointExtension>
            <ns3:hr>157</ns3:hr>
          </ns3:TrackPointExtension>
        </extensions>
      </trkpt>
      <trkpt lat="24.48791996575891971588134765625" lon="118.10301267541944980621337890625">
        <ele>7.400000095367431640625</ele>
        <time>2024-11-17T12:45:49.000Z</time>
        <extensions>
          <ns3:TrackPointExtension>
            <ns3:hr>156</ns3:hr>
          </ns3:TrackPointExtension>
        </extensions>
      </trkpt>
      <trkpt lat="24.4879076443612575531005859375" lon="118.10304142534732818603515625">
        <ele>7.599999904632568359375</ele>
        <time>2024-11-17T12:45:50.000Z</time>
        <extensions>
          <ns3:TrackPointExtension>
            <ns3:hr>156</ns3:hr>
          </ns3:TrackPointExtension>
        </extensions>
      </trkpt>
      <trkpt lat="24.48789515532553195953369140625" lon="118.10306983999907970428466796875">
        <ele>7.80000019073486328125</ele>
        <time>2024-11-17T12:45:51.000Z</time>
        <extensions>
          <ns3:TrackPointExtension>
            <ns3:hr>156</ns3:hr>
          </ns3:TrackPointExtension>
        </extensions>
      </trkpt>
      <trkpt lat="24.4878821633756160736083984375" lon="118.10309775173664093017578125">
        <ele>7.80000019073486328125</ele>
        <time>2024-11-17T12:45:52.000Z</time>
        <extensions>
          <ns3:TrackPointExtension>
            <ns3:hr>156</ns3:hr>
          </ns3:TrackPointExtension>
        </extensions>
      </trkpt>
      <trkpt lat="24.487868249416351318359375" lon="118.1031252443790435791015625">
        <ele>8.19999980926513671875</ele>
        <time>2024-11-17T12:45:53.000Z</time>
        <extensions>
          <ns3:TrackPointExtension>
            <ns3:hr>156</ns3:hr>
          </ns3:TrackPointExtension>
        </extensions>
      </trkpt>
      <trkpt lat="24.48785416781902313232421875" lon="118.1031529046595096588134765625">
        <ele>8.80000019073486328125</ele>
        <time>2024-11-17T12:45:54.000Z</time>
        <extensions>
          <ns3:TrackPointExtension>
            <ns3:hr>156</ns3:hr>
          </ns3:TrackPointExtension>
        </extensions>
      </trkpt>
      <trkpt lat="24.48784084059298038482666015625" lon="118.1031817384064197540283203125">
        <ele>9.19999980926513671875</ele>
        <time>2024-11-17T12:45:55.000Z</time>
        <extensions>
          <ns3:TrackPointExtension>
            <ns3:hr>156</ns3:hr>
          </ns3:TrackPointExtension>
        </extensions>
      </trkpt>
      <trkpt lat="24.48782877065241336822509765625" lon="118.10321182943880558013916015625">
        <ele>9.80000019073486328125</ele>
        <time>2024-11-17T12:45:56.000Z</time>
        <extensions>
          <ns3:TrackPointExtension>
            <ns3:hr>156</ns3:hr>
          </ns3:TrackPointExtension>
        </extensions>
      </trkpt>
      <trkpt lat="24.48781795799732208251953125" lon="118.1032430939376354217529296875">
        <ele>10.19999980926513671875</ele>
        <time>2024-11-17T12:45:57.000Z</time>
        <extensions>
          <ns3:TrackPointExtension>
            <ns3:hr>156</ns3:hr>
          </ns3:TrackPointExtension>
        </extensions>
      </trkpt>
      <trkpt lat="24.4878078997135162353515625" lon="118.10327486135065555572509765625">
        <ele>10.80000019073486328125</ele>
        <time>2024-11-17T12:45:58.000Z</time>
        <extensions>
          <ns3:TrackPointExtension>
            <ns3:hr>155</ns3:hr>
          </ns3:TrackPointExtension>
        </extensions>
      </trkpt>
      <trkpt lat="24.487798176705837249755859375" lon="118.10330637730658054351806640625">
        <ele>11.19999980926513671875</ele>
        <time>2024-11-17T12:45:59.000Z</time>
        <extensions>
          <ns3:TrackPointExtension>
            <ns3:hr>155</ns3:hr>
          </ns3:TrackPointExtension>
        </extensions>
      </trkpt>
      <trkpt lat="24.48778820224106311798095703125" lon="118.10333822853863239288330078125">
        <ele>11.6000003814697265625</ele>
        <time>2024-11-17T12:46:00.000Z</time>
        <extensions>
          <ns3:TrackPointExtension>
            <ns3:hr>155</ns3:hr>
          </ns3:TrackPointExtension>
        </extensions>
      </trkpt>
      <trkpt lat="24.48777797631919384002685546875" lon="118.1033701635897159576416015625">
        <ele>12</ele>
        <time>2024-11-17T12:46:01.000Z</time>
        <extensions>
          <ns3:TrackPointExtension>
            <ns3:hr>155</ns3:hr>
          </ns3:TrackPointExtension>
        </extensions>
      </trkpt>
      <trkpt lat="24.48776842094957828521728515625" lon="118.1034016795456409454345703125">
        <ele>12</ele>
        <time>2024-11-17T12:46:02.000Z</time>
        <extensions>
          <ns3:TrackPointExtension>
            <ns3:hr>156</ns3:hr>
          </ns3:TrackPointExtension>
        </extensions>
      </trkpt>
      <trkpt lat="24.48776037432253360748291015625" lon="118.10343302786350250244140625">
        <ele>11.80000019073486328125</ele>
        <time>2024-11-17T12:46:03.000Z</time>
        <extensions>
          <ns3:TrackPointExtension>
            <ns3:hr>156</ns3:hr>
          </ns3:TrackPointExtension>
        </extensions>
      </trkpt>
      <trkpt lat="24.48775433935225009918212890625" lon="118.1034643761813640594482421875">
        <ele>11.80000019073486328125</ele>
        <time>2024-11-17T12:46:04.000Z</time>
        <extensions>
          <ns3:TrackPointExtension>
            <ns3:hr>156</ns3:hr>
          </ns3:TrackPointExtension>
        </extensions>
      </trkpt>
      <trkpt lat="24.4877500645816326141357421875" lon="118.10349547304213047027587890625">
        <ele>11.6000003814697265625</ele>
        <time>2024-11-17T12:46:05.000Z</time>
        <extensions>
          <ns3:TrackPointExtension>
            <ns3:hr>156</ns3:hr>
          </ns3:TrackPointExtension>
        </extensions>
      </trkpt>
      <trkpt lat="24.4877477176487445831298828125" lon="118.1035267375409603118896484375">
        <ele>11.3999996185302734375</ele>
        <time>2024-11-17T12:46:06.000Z</time>
        <extensions>
          <ns3:TrackPointExtension>
            <ns3:hr>156</ns3:hr>
          </ns3:TrackPointExtension>
        </extensions>
      </trkpt>
      <trkpt lat="24.4877463765442371368408203125" lon="118.10355850495398044586181640625">
        <ele>11.3999996185302734375</ele>
        <time>2024-11-17T12:46:07.000Z</time>
        <extensions>
          <ns3:TrackPointExtension>
            <ns3:hr>156</ns3:hr>
          </ns3:TrackPointExtension>
        </extensions>
      </trkpt>
      <trkpt lat="24.487744867801666259765625" lon="118.10359069146215915679931640625">
        <ele>11.19999980926513671875</ele>
        <time>2024-11-17T12:46:08.000Z</time>
        <extensions>
          <ns3:TrackPointExtension>
            <ns3:hr>156</ns3:hr>
          </ns3:TrackPointExtension>
        </extensions>
      </trkpt>
      <trkpt lat="24.4877436943352222442626953125" lon="118.10362287797033786773681640625">
        <ele>11</ele>
        <time>2024-11-17T12:46:09.000Z</time>
        <extensions>
          <ns3:TrackPointExtension>
            <ns3:hr>156</ns3:hr>
          </ns3:TrackPointExtension>
        </extensions>
      </trkpt>
      <trkpt lat="24.4877436943352222442626953125" lon="118.10365539975464344024658203125">
        <ele>11</ele>
        <time>2024-11-17T12:46:10.000Z</time>
        <extensions>
          <ns3:TrackPointExtension>
            <ns3:hr>156</ns3:hr>
          </ns3:TrackPointExtension>
        </extensions>
      </trkpt>
      <trkpt lat="24.48774478398263454437255859375" lon="118.10368917882442474365234375">
        <ele>10.6000003814697265625</ele>
        <time>2024-11-17T12:46:11.000Z</time>
        <extensions>
          <ns3:TrackPointExtension>
            <ns3:hr>156</ns3:hr>
          </ns3:TrackPointExtension>
        </extensions>
      </trkpt>
      <trkpt lat="24.48774755001068115234375" lon="118.10372362844645977020263671875">
        <ele>10</ele>
        <time>2024-11-17T12:46:12.000Z</time>
        <extensions>
          <ns3:TrackPointExtension>
            <ns3:hr>156</ns3:hr>
          </ns3:TrackPointExtension>
        </extensions>
      </trkpt>
      <trkpt lat="24.4877517409622669219970703125" lon="118.10375765897333621978759765625">
        <ele>9.6000003814697265625</ele>
        <time>2024-11-17T12:46:13.000Z</time>
        <extensions>
          <ns3:TrackPointExtension>
            <ns3:hr>156</ns3:hr>
          </ns3:TrackPointExtension>
        </extensions>
      </trkpt>
      <trkpt lat="24.4877569377422332763671875" lon="118.10379085130989551544189453125">
        <ele>9.19999980926513671875</ele>
        <time>2024-11-17T12:46:14.000Z</time>
        <extensions>
          <ns3:TrackPointExtension>
            <ns3:hr>156</ns3:hr>
          </ns3:TrackPointExtension>
        </extensions>
      </trkpt>
      <trkpt lat="24.4877628050744533538818359375" lon="118.1038231216371059417724609375">
        <ele>8.80000019073486328125</ele>
        <time>2024-11-17T12:46:15.000Z</time>
        <extensions>
          <ns3:TrackPointExtension>
            <ns3:hr>157</ns3:hr>
          </ns3:TrackPointExtension>
        </extensions>
      </trkpt>
      <trkpt lat="24.48776942677795886993408203125" lon="118.10385505668818950653076171875">
        <ele>8.6000003814697265625</ele>
        <time>2024-11-17T12:46:16.000Z</time>
        <extensions>
          <ns3:TrackPointExtension>
            <ns3:hr>157</ns3:hr>
          </ns3:TrackPointExtension>
        </extensions>
      </trkpt>
      <trkpt lat="24.487777054309844970703125" lon="118.103887327015399932861328125">
        <ele>8.3999996185302734375</ele>
        <time>2024-11-17T12:46:17.000Z</time>
        <extensions>
          <ns3:TrackPointExtension>
            <ns3:hr>157</ns3:hr>
          </ns3:TrackPointExtension>
        </extensions>
      </trkpt>
      <trkpt lat="24.4877862744033336639404296875" lon="118.103920184075832366943359375">
        <ele>8.19999980926513671875</ele>
        <time>2024-11-17T12:46:18.000Z</time>
        <extensions>
          <ns3:TrackPointExtension>
            <ns3:hr>157</ns3:hr>
          </ns3:TrackPointExtension>
        </extensions>
      </trkpt>
      <trkpt lat="24.4877973385155200958251953125" lon="118.10395329259335994720458984375">
        <ele>7.80000019073486328125</ele>
        <time>2024-11-17T12:46:19.000Z</time>
        <extensions>
          <ns3:TrackPointExtension>
            <ns3:hr>157</ns3:hr>
          </ns3:TrackPointExtension>
        </extensions>
      </trkpt>
      <trkpt lat="24.4878097437322139739990234375" lon="118.10398556292057037353515625">
        <ele>7.599999904632568359375</ele>
        <time>2024-11-17T12:46:20.000Z</time>
        <extensions>
          <ns3:TrackPointExtension>
            <ns3:hr>157</ns3:hr>
          </ns3:TrackPointExtension>
        </extensions>
      </trkpt>
      <trkpt lat="24.48782223276793956756591796875" lon="118.10401733033359050750732421875">
        <ele>7.400000095367431640625</ele>
        <time>2024-11-17T12:46:21.000Z</time>
        <extensions>
          <ns3:TrackPointExtension>
            <ns3:hr>157</ns3:hr>
          </ns3:TrackPointExtension>
        </extensions>
      </trkpt>
      <trkpt lat="24.48783405125141143798828125" lon="118.1040490977466106414794921875">
        <ele>7.19999980926513671875</ele>
        <time>2024-11-17T12:46:22.000Z</time>
        <extensions>
          <ns3:TrackPointExtension>
            <ns3:hr>158</ns3:hr>
          </ns3:TrackPointExtension>
        </extensions>
      </trkpt>
      <trkpt lat="24.487845115363597869873046875" lon="118.10408103279769420623779296875">
        <ele>7</ele>
        <time>2024-11-17T12:46:23.000Z</time>
        <extensions>
          <ns3:TrackPointExtension>
            <ns3:hr>158</ns3:hr>
          </ns3:TrackPointExtension>
        </extensions>
      </trkpt>
      <trkpt lat="24.48785693384706974029541015625" lon="118.10411288402974605560302734375">
        <ele>6.80000019073486328125</ele>
        <time>2024-11-17T12:46:24.000Z</time>
        <extensions>
          <ns3:TrackPointExtension>
            <ns3:hr>158</ns3:hr>
          </ns3:TrackPointExtension>
        </extensions>
      </trkpt>
      <trkpt lat="24.48787034489214420318603515625" lon="118.1041444838047027587890625">
        <ele>6.599999904632568359375</ele>
        <time>2024-11-17T12:46:25.000Z</time>
        <extensions>
          <ns3:TrackPointExtension>
            <ns3:hr>157</ns3:hr>
          </ns3:TrackPointExtension>
        </extensions>
      </trkpt>
      <trkpt lat="24.4878848455846309661865234375" lon="118.1041753292083740234375">
        <ele>6.400000095367431640625</ele>
        <time>2024-11-17T12:46:26.000Z</time>
        <extensions>
          <ns3:TrackPointExtension>
            <ns3:hr>157</ns3:hr>
          </ns3:TrackPointExtension>
        </extensions>
      </trkpt>
      <trkpt lat="24.4878995977342128753662109375" lon="118.104205839335918426513671875">
        <ele>6</ele>
        <time>2024-11-17T12:46:27.000Z</time>
        <extensions>
          <ns3:TrackPointExtension>
            <ns3:hr>157</ns3:hr>
          </ns3:TrackPointExtension>
        </extensions>
      </trkpt>
      <trkpt lat="24.48791460134088993072509765625" lon="118.10423609800636768341064453125">
        <ele>6</ele>
        <time>2024-11-17T12:46:28.000Z</time>
        <extensions>
          <ns3:TrackPointExtension>
            <ns3:hr>157</ns3:hr>
          </ns3:TrackPointExtension>
        </extensions>
      </trkpt>
      <trkpt lat="24.48793061077594757080078125" lon="118.10426585376262664794921875">
        <ele>6</ele>
        <time>2024-11-17T12:46:29.000Z</time>
        <extensions>
          <ns3:TrackPointExtension>
            <ns3:hr>157</ns3:hr>
          </ns3:TrackPointExtension>
        </extensions>
      </trkpt>
      <trkpt lat="24.487948380410671234130859375" lon="118.10429443605244159698486328125">
        <ele>6</ele>
        <time>2024-11-17T12:46:30.000Z</time>
        <extensions>
          <ns3:TrackPointExtension>
            <ns3:hr>157</ns3:hr>
          </ns3:TrackPointExtension>
        </extensions>
      </trkpt>
      <trkpt lat="24.4879676587879657745361328125" lon="118.1043223477900028228759765625">
        <ele>6</ele>
        <time>2024-11-17T12:46:31.000Z</time>
        <extensions>
          <ns3:TrackPointExtension>
            <ns3:hr>157</ns3:hr>
          </ns3:TrackPointExtension>
        </extensions>
      </trkpt>
      <trkpt lat="24.48798718862235546112060546875" lon="118.10435034334659576416015625">
        <ele>6</ele>
        <time>2024-11-17T12:46:32.000Z</time>
        <extensions>
          <ns3:TrackPointExtension>
            <ns3:hr>157</ns3:hr>
          </ns3:TrackPointExtension>
        </extensions>
      </trkpt>
      <trkpt lat="24.48800571262836456298828125" lon="118.1043786741793155670166015625">
        <ele>6</ele>
        <time>2024-11-17T12:46:33.000Z</time>
        <extensions>
          <ns3:TrackPointExtension>
            <ns3:hr>158</ns3:hr>
          </ns3:TrackPointExtension>
        </extensions>
      </trkpt>
      <trkpt lat="24.488022811710834503173828125" lon="118.104407005012035369873046875">
        <ele>6</ele>
        <time>2024-11-17T12:46:34.000Z</time>
        <extensions>
          <ns3:TrackPointExtension>
            <ns3:hr>158</ns3:hr>
          </ns3:TrackPointExtension>
        </extensions>
      </trkpt>
      <trkpt lat="24.4880397431552410125732421875" lon="118.10443508438766002655029296875">
        <ele>6</ele>
        <time>2024-11-17T12:46:35.000Z</time>
        <extensions>
          <ns3:TrackPointExtension>
            <ns3:hr>158</ns3:hr>
          </ns3:TrackPointExtension>
        </extensions>
      </trkpt>
      <trkpt lat="24.48805759660899639129638671875" lon="118.104463331401348114013671875">
        <ele>6</ele>
        <time>2024-11-17T12:46:36.000Z</time>
        <extensions>
          <ns3:TrackPointExtension>
            <ns3:hr>157</ns3:hr>
          </ns3:TrackPointExtension>
        </extensions>
      </trkpt>
      <trkpt lat="24.4880769588053226470947265625" lon="118.10449157841503620147705078125">
        <ele>6</ele>
        <time>2024-11-17T12:46:37.000Z</time>
        <extensions>
          <ns3:TrackPointExtension>
            <ns3:hr>157</ns3:hr>
          </ns3:TrackPointExtension>
        </extensions>
      </trkpt>
      <trkpt lat="24.48809682391583919525146484375" lon="118.10451890341937541961669921875">
        <ele>6.19999980926513671875</ele>
        <time>2024-11-17T12:46:38.000Z</time>
        <extensions>
          <ns3:TrackPointExtension>
            <ns3:hr>157</ns3:hr>
          </ns3:TrackPointExtension>
        </extensions>
      </trkpt>
      <trkpt lat="24.4881161861121654510498046875" lon="118.10454438440501689910888671875">
        <ele>6.599999904632568359375</ele>
        <time>2024-11-17T12:46:39.000Z</time>
        <extensions>
          <ns3:TrackPointExtension>
            <ns3:hr>157</ns3:hr>
          </ns3:TrackPointExtension>
        </extensions>
      </trkpt>
      <trkpt lat="24.4881356321275234222412109375" lon="118.1045681051909923553466796875">
        <ele>6.80000019073486328125</ele>
        <time>2024-11-17T12:46:40.000Z</time>
        <extensions>
          <ns3:TrackPointExtension>
            <ns3:hr>157</ns3:hr>
          </ns3:TrackPointExtension>
        </extensions>
      </trkpt>
      <trkpt lat="24.4881560839712619781494140625" lon="118.10459014959633350372314453125">
        <ele>7</ele>
        <time>2024-11-17T12:46:41.000Z</time>
        <extensions>
          <ns3:TrackPointExtension>
            <ns3:hr>157</ns3:hr>
          </ns3:TrackPointExtension>
        </extensions>
      </trkpt>
      <trkpt lat="24.4881775416433811187744140625" lon="118.10461051762104034423828125">
        <ele>7</ele>
        <time>2024-11-17T12:46:42.000Z</time>
        <extensions>
          <ns3:TrackPointExtension>
            <ns3:hr>157</ns3:hr>
          </ns3:TrackPointExtension>
        </extensions>
      </trkpt>
      <trkpt lat="24.48820017278194427490234375" lon="118.1046297959983348846435546875">
        <ele>7</ele>
        <time>2024-11-17T12:46:43.000Z</time>
        <extensions>
          <ns3:TrackPointExtension>
            <ns3:hr>157</ns3:hr>
          </ns3:TrackPointExtension>
        </extensions>
      </trkpt>
      <trkpt lat="24.4882231391966342926025390625" lon="118.1046487390995025634765625">
        <ele>6.80000019073486328125</ele>
        <time>2024-11-17T12:46:44.000Z</time>
        <extensions>
          <ns3:TrackPointExtension>
            <ns3:hr>157</ns3:hr>
          </ns3:TrackPointExtension>
        </extensions>
      </trkpt>
      <trkpt lat="24.488246440887451171875" lon="118.10466759838163852691650390625">
        <ele>6.80000019073486328125</ele>
        <time>2024-11-17T12:46:45.000Z</time>
        <extensions>
          <ns3:TrackPointExtension>
            <ns3:hr>157</ns3:hr>
          </ns3:TrackPointExtension>
        </extensions>
      </trkpt>
      <trkpt lat="24.48827116750180721282958984375" lon="118.1046864576637744903564453125">
        <ele>6.599999904632568359375</ele>
        <time>2024-11-17T12:46:46.000Z</time>
        <extensions>
          <ns3:TrackPointExtension>
            <ns3:hr>157</ns3:hr>
          </ns3:TrackPointExtension>
        </extensions>
      </trkpt>
      <trkpt lat="24.4882979057729244232177734375" lon="118.1047052331268787384033203125">
        <ele>6.400000095367431640625</ele>
        <time>2024-11-17T12:46:47.000Z</time>
        <extensions>
          <ns3:TrackPointExtension>
            <ns3:hr>157</ns3:hr>
          </ns3:TrackPointExtension>
        </extensions>
      </trkpt>
      <trkpt lat="24.48832598514854907989501953125" lon="118.10472392477095127105712890625">
        <ele>6.19999980926513671875</ele>
        <time>2024-11-17T12:46:48.000Z</time>
        <extensions>
          <ns3:TrackPointExtension>
            <ns3:hr>157</ns3:hr>
          </ns3:TrackPointExtension>
        </extensions>
      </trkpt>
      <trkpt lat="24.48835414834320545196533203125" lon="118.10474152676761150360107421875">
        <ele>6</ele>
        <time>2024-11-17T12:46:49.000Z</time>
        <extensions>
          <ns3:TrackPointExtension>
            <ns3:hr>157</ns3:hr>
          </ns3:TrackPointExtension>
        </extensions>
      </trkpt>
      <trkpt lat="24.4883820600807666778564453125" lon="118.1047572009265422821044921875">
        <ele>5.80000019073486328125</ele>
        <time>2024-11-17T12:46:50.000Z</time>
        <extensions>
          <ns3:TrackPointExtension>
            <ns3:hr>157</ns3:hr>
          </ns3:TrackPointExtension>
        </extensions>
      </trkpt>
      <trkpt lat="24.48841013945639133453369140625" lon="118.10477170161902904510498046875">
        <ele>5.400000095367431640625</ele>
        <time>2024-11-17T12:46:51.000Z</time>
        <extensions>
          <ns3:TrackPointExtension>
            <ns3:hr>157</ns3:hr>
          </ns3:TrackPointExtension>
        </extensions>
      </trkpt>
      <trkpt lat="24.48843897320330142974853515625" lon="118.1047856993973255157470703125">
        <ele>5.19999980926513671875</ele>
        <time>2024-11-17T12:46:52.000Z</time>
        <extensions>
          <ns3:TrackPointExtension>
            <ns3:hr>157</ns3:hr>
          </ns3:TrackPointExtension>
        </extensions>
      </trkpt>
      <trkpt lat="24.48846847750246524810791015625" lon="118.1047989428043365478515625">
        <ele>5</ele>
        <time>2024-11-17T12:46:53.000Z</time>
        <extensions>
          <ns3:TrackPointExtension>
            <ns3:hr>157</ns3:hr>
          </ns3:TrackPointExtension>
        </extensions>
      </trkpt>
      <trkpt lat="24.48849848471581935882568359375" lon="118.10481193475425243377685546875">
        <ele>5</ele>
        <time>2024-11-17T12:46:54.000Z</time>
        <extensions>
          <ns3:TrackPointExtension>
            <ns3:hr>157</ns3:hr>
          </ns3:TrackPointExtension>
        </extensions>
      </trkpt>
      <trkpt lat="24.48852882720530033111572265625" lon="118.1048249267041683197021484375">
        <ele>5</ele>
        <time>2024-11-17T12:46:55.000Z</time>
        <extensions>
          <ns3:TrackPointExtension>
            <ns3:hr>157</ns3:hr>
          </ns3:TrackPointExtension>
        </extensions>
      </trkpt>
      <trkpt lat="24.48855883441865444183349609375" lon="118.10483808629214763641357421875">
        <ele>5</ele>
        <time>2024-11-17T12:46:56.000Z</time>
        <extensions>
          <ns3:TrackPointExtension>
            <ns3:hr>157</ns3:hr>
          </ns3:TrackPointExtension>
        </extensions>
      </trkpt>
      <trkpt lat="24.48858833871781826019287109375" lon="118.104850910604000091552734375">
        <ele>5</ele>
        <time>2024-11-17T12:46:57.000Z</time>
        <extensions>
          <ns3:TrackPointExtension>
            <ns3:hr>157</ns3:hr>
          </ns3:TrackPointExtension>
        </extensions>
      </trkpt>
      <trkpt lat="24.4886180944740772247314453125" lon="118.10486256144940853118896484375">
        <ele>5</ele>
        <time>2024-11-17T12:46:58.000Z</time>
        <extensions>
          <ns3:TrackPointExtension>
            <ns3:hr>157</ns3:hr>
          </ns3:TrackPointExtension>
        </extensions>
      </trkpt>
      <trkpt lat="24.48864801786839962005615234375" lon="118.10487228445708751678466796875">
        <ele>5</ele>
        <time>2024-11-17T12:46:59.000Z</time>
        <extensions>
          <ns3:TrackPointExtension>
            <ns3:hr>157</ns3:hr>
          </ns3:TrackPointExtension>
        </extensions>
      </trkpt>
      <trkpt lat="24.48867819271981716156005859375" lon="118.10487915761768817901611328125">
        <ele>5</ele>
        <time>2024-11-17T12:47:00.000Z</time>
        <extensions>
          <ns3:TrackPointExtension>
            <ns3:hr>157</ns3:hr>
          </ns3:TrackPointExtension>
        </extensions>
      </trkpt>
      <trkpt lat="24.48870870284736156463623046875" lon="118.1048834323883056640625">
        <ele>5</ele>
        <time>2024-11-17T12:47:01.000Z</time>
        <extensions>
          <ns3:TrackPointExtension>
            <ns3:hr>157</ns3:hr>
          </ns3:TrackPointExtension>
        </extensions>
      </trkpt>
      <trkpt lat="24.4887397997081279754638671875" lon="118.10488653369247913360595703125">
        <ele>5</ele>
        <time>2024-11-17T12:47:02.000Z</time>
        <extensions>
          <ns3:TrackPointExtension>
            <ns3:hr>157</ns3:hr>
          </ns3:TrackPointExtension>
        </extensions>
      </trkpt>
      <trkpt lat="24.4887713156640529632568359375" lon="118.10488904826343059539794921875">
        <ele>4.80000019073486328125</ele>
        <time>2024-11-17T12:47:03.000Z</time>
        <extensions>
          <ns3:TrackPointExtension>
            <ns3:hr>157</ns3:hr>
          </ns3:TrackPointExtension>
        </extensions>
      </trkpt>
      <trkpt lat="24.4888028316199779510498046875" lon="118.104890473186969757080078125">
        <ele>4.80000019073486328125</ele>
        <time>2024-11-17T12:47:04.000Z</time>
        <extensions>
          <ns3:TrackPointExtension>
            <ns3:hr>157</ns3:hr>
          </ns3:TrackPointExtension>
        </extensions>
      </trkpt>
      <trkpt lat="24.48883409611880779266357421875" lon="118.1048906408250331878662109375">
        <ele>4.599999904632568359375</ele>
        <time>2024-11-17T12:47:05.000Z</time>
        <extensions>
          <ns3:TrackPointExtension>
            <ns3:hr>157</ns3:hr>
          </ns3:TrackPointExtension>
        </extensions>
      </trkpt>
      <trkpt lat="24.4888651929795742034912109375" lon="118.1048899702727794647216796875">
        <ele>4.599999904632568359375</ele>
        <time>2024-11-17T12:47:06.000Z</time>
        <extensions>
          <ns3:TrackPointExtension>
            <ns3:hr>157</ns3:hr>
          </ns3:TrackPointExtension>
        </extensions>
      </trkpt>
      <trkpt lat="24.48889628984034061431884765625" lon="118.10488955117762088775634765625">
        <ele>4.80000019073486328125</ele>
        <time>2024-11-17T12:47:07.000Z</time>
        <extensions>
          <ns3:TrackPointExtension>
            <ns3:hr>157</ns3:hr>
          </ns3:TrackPointExtension>
        </extensions>
      </trkpt>
      <trkpt lat="24.48892814107239246368408203125" lon="118.1048892997205257415771484375">
        <ele>5</ele>
        <time>2024-11-17T12:47:08.000Z</time>
        <extensions>
          <ns3:TrackPointExtension>
            <ns3:hr>157</ns3:hr>
          </ns3:TrackPointExtension>
        </extensions>
      </trkpt>
      <trkpt lat="24.48895999230444431304931640625" lon="118.1048882938921451568603515625">
        <ele>5</ele>
        <time>2024-11-17T12:47:09.000Z</time>
        <extensions>
          <ns3:TrackPointExtension>
            <ns3:hr>157</ns3:hr>
          </ns3:TrackPointExtension>
        </extensions>
      </trkpt>
      <trkpt lat="24.48899100534617900848388671875" lon="118.104886449873447418212890625">
        <ele>5.19999980926513671875</ele>
        <time>2024-11-17T12:47:10.000Z</time>
        <extensions>
          <ns3:TrackPointExtension>
            <ns3:hr>157</ns3:hr>
          </ns3:TrackPointExtension>
        </extensions>
      </trkpt>
      <trkpt lat="24.48902134783565998077392578125" lon="118.10488410294055938720703125">
        <ele>5</ele>
        <time>2024-11-17T12:47:11.000Z</time>
        <extensions>
          <ns3:TrackPointExtension>
            <ns3:hr>157</ns3:hr>
          </ns3:TrackPointExtension>
        </extensions>
      </trkpt>
      <trkpt lat="24.48905135504901409149169921875" lon="118.10488133691251277923583984375">
        <ele>4.599999904632568359375</ele>
        <time>2024-11-17T12:47:12.000Z</time>
        <extensions>
          <ns3:TrackPointExtension>
            <ns3:hr>157</ns3:hr>
          </ns3:TrackPointExtension>
        </extensions>
      </trkpt>
      <trkpt lat="24.489081613719463348388671875" lon="118.10487781651318073272705078125">
        <ele>4.400000095367431640625</ele>
        <time>2024-11-17T12:47:13.000Z</time>
        <extensions>
          <ns3:TrackPointExtension>
            <ns3:hr>157</ns3:hr>
          </ns3:TrackPointExtension>
        </extensions>
      </trkpt>
      <trkpt lat="24.4891122914850711822509765625" lon="118.10487295500934123992919921875">
        <ele>4.19999980926513671875</ele>
        <time>2024-11-17T12:47:14.000Z</time>
        <extensions>
          <ns3:TrackPointExtension>
            <ns3:hr>157</ns3:hr>
          </ns3:TrackPointExtension>
        </extensions>
      </trkpt>
      <trkpt lat="24.4891431368887424468994140625" lon="118.10486692003905773162841796875">
        <ele>4.19999980926513671875</ele>
        <time>2024-11-17T12:47:15.000Z</time>
        <extensions>
          <ns3:TrackPointExtension>
            <ns3:hr>157</ns3:hr>
          </ns3:TrackPointExtension>
        </extensions>
      </trkpt>
      <trkpt lat="24.48917339555919170379638671875" lon="118.104860298335552215576171875">
        <ele>4.19999980926513671875</ele>
        <time>2024-11-17T12:47:16.000Z</time>
        <extensions>
          <ns3:TrackPointExtension>
            <ns3:hr>157</ns3:hr>
          </ns3:TrackPointExtension>
        </extensions>
      </trkpt>
      <trkpt lat="24.4892031513154506683349609375" lon="118.10485334135591983795166015625">
        <ele>4.19999980926513671875</ele>
        <time>2024-11-17T12:47:17.000Z</time>
        <extensions>
          <ns3:TrackPointExtension>
            <ns3:hr>157</ns3:hr>
          </ns3:TrackPointExtension>
        </extensions>
      </trkpt>
      <trkpt lat="24.48923257179558277130126953125" lon="118.104846216738224029541015625">
        <ele>4.19999980926513671875</ele>
        <time>2024-11-17T12:47:18.000Z</time>
        <extensions>
          <ns3:TrackPointExtension>
            <ns3:hr>157</ns3:hr>
          </ns3:TrackPointExtension>
        </extensions>
      </trkpt>
      <trkpt lat="24.48926257900893688201904296875" lon="118.1048390083014965057373046875">
        <ele>4.19999980926513671875</ele>
        <time>2024-11-17T12:47:19.000Z</time>
        <extensions>
          <ns3:TrackPointExtension>
            <ns3:hr>157</ns3:hr>
          </ns3:TrackPointExtension>
        </extensions>
      </trkpt>
      <trkpt lat="24.4892933405935764312744140625" lon="118.10483188368380069732666015625">
        <ele>4.19999980926513671875</ele>
        <time>2024-11-17T12:47:20.000Z</time>
        <extensions>
          <ns3:TrackPointExtension>
            <ns3:hr>157</ns3:hr>
          </ns3:TrackPointExtension>
        </extensions>
      </trkpt>
      <trkpt lat="24.48932426981627941131591796875" lon="118.1048245914280414581298828125">
        <ele>4</ele>
        <time>2024-11-17T12:47:21.000Z</time>
        <extensions>
          <ns3:TrackPointExtension>
            <ns3:hr>157</ns3:hr>
          </ns3:TrackPointExtension>
        </extensions>
      </trkpt>
      <trkpt lat="24.4893543608486652374267578125" lon="118.10481713153421878814697265625">
        <ele>3.7999999523162841796875</ele>
        <time>2024-11-17T12:47:22.000Z</time>
        <extensions>
          <ns3:TrackPointExtension>
            <ns3:hr>157</ns3:hr>
          </ns3:TrackPointExtension>
        </extensions>
      </trkpt>
      <trkpt lat="24.48938361369073390960693359375" lon="118.104809336364269256591796875">
        <ele>3.599999904632568359375</ele>
        <time>2024-11-17T12:47:23.000Z</time>
        <extensions>
          <ns3:TrackPointExtension>
            <ns3:hr>157</ns3:hr>
          </ns3:TrackPointExtension>
        </extensions>
      </trkpt>
      <trkpt lat="24.48941227979958057403564453125" lon="118.1048001162707805633544921875">
        <ele>3.400000095367431640625</ele>
        <time>2024-11-17T12:47:24.000Z</time>
        <extensions>
          <ns3:TrackPointExtension>
            <ns3:hr>157</ns3:hr>
          </ns3:TrackPointExtension>
        </extensions>
      </trkpt>
      <trkpt lat="24.48944077827036380767822265625" lon="118.104787878692150115966796875">
        <ele>3.2000000476837158203125</ele>
        <time>2024-11-17T12:47:25.000Z</time>
        <extensions>
          <ns3:TrackPointExtension>
            <ns3:hr>157</ns3:hr>
          </ns3:TrackPointExtension>
        </extensions>
      </trkpt>
      <trkpt lat="24.4894695281982421875" lon="118.10477203689515590667724609375">
        <ele>3</ele>
        <time>2024-11-17T12:47:26.000Z</time>
        <extensions>
          <ns3:TrackPointExtension>
            <ns3:hr>157</ns3:hr>
          </ns3:TrackPointExtension>
        </extensions>
      </trkpt>
      <trkpt lat="24.4894981943070888519287109375" lon="118.10475393198430538177490234375">
        <ele>3</ele>
        <time>2024-11-17T12:47:27.000Z</time>
        <extensions>
          <ns3:TrackPointExtension>
            <ns3:hr>157</ns3:hr>
          </ns3:TrackPointExtension>
        </extensions>
      </trkpt>
      <trkpt lat="24.48952610604465007781982421875" lon="118.10473498888313770294189453125">
        <ele>2.7999999523162841796875</ele>
        <time>2024-11-17T12:47:28.000Z</time>
        <extensions>
          <ns3:TrackPointExtension>
            <ns3:hr>157</ns3:hr>
          </ns3:TrackPointExtension>
        </extensions>
      </trkpt>
      <trkpt lat="24.48955334722995758056640625" lon="118.104716129601001739501953125">
        <ele>2.599999904632568359375</ele>
        <time>2024-11-17T12:47:29.000Z</time>
        <extensions>
          <ns3:TrackPointExtension>
            <ns3:hr>157</ns3:hr>
          </ns3:TrackPointExtension>
        </extensions>
      </trkpt>
      <trkpt lat="24.4895806722342967987060546875" lon="118.10469710268080234527587890625">
        <ele>2.7999999523162841796875</ele>
        <time>2024-11-17T12:47:30.000Z</time>
        <extensions>
          <ns3:TrackPointExtension>
            <ns3:hr>157</ns3:hr>
          </ns3:TrackPointExtension>
        </extensions>
      </trkpt>
      <trkpt lat="24.48960833251476287841796875" lon="118.10467765666544437408447265625">
        <ele>2.7999999523162841796875</ele>
        <time>2024-11-17T12:47:31.000Z</time>
        <extensions>
          <ns3:TrackPointExtension>
            <ns3:hr>157</ns3:hr>
          </ns3:TrackPointExtension>
        </extensions>
      </trkpt>
      <trkpt lat="24.48963590897619724273681640625" lon="118.1046572886407375335693359375">
        <ele>3</ele>
        <time>2024-11-17T12:47:32.000Z</time>
        <extensions>
          <ns3:TrackPointExtension>
            <ns3:hr>157</ns3:hr>
          </ns3:TrackPointExtension>
        </extensions>
      </trkpt>
      <trkpt lat="24.48966306634247303009033203125" lon="118.10463557951152324676513671875">
        <ele>3.2000000476837158203125</ele>
        <time>2024-11-17T12:47:33.000Z</time>
        <extensions>
          <ns3:TrackPointExtension>
            <ns3:hr>157</ns3:hr>
          </ns3:TrackPointExtension>
        </extensions>
      </trkpt>
      <trkpt lat="24.48968905024230480194091796875" lon="118.10461361892521381378173828125">
        <ele>3.2000000476837158203125</ele>
        <time>2024-11-17T12:47:34.000Z</time>
        <extensions>
          <ns3:TrackPointExtension>
            <ns3:hr>157</ns3:hr>
          </ns3:TrackPointExtension>
        </extensions>
      </trkpt>
      <trkpt lat="24.489713609218597412109375" lon="118.10459249652922153472900390625">
        <ele>3.400000095367431640625</ele>
        <time>2024-11-17T12:47:35.000Z</time>
        <extensions>
          <ns3:TrackPointExtension>
            <ns3:hr>157</ns3:hr>
          </ns3:TrackPointExtension>
        </extensions>
      </trkpt>
      <trkpt lat="24.4897375814616680145263671875" lon="118.10457103885710239410400390625">
        <ele>3.599999904632568359375</ele>
        <time>2024-11-17T12:47:36.000Z</time>
        <extensions>
          <ns3:TrackPointExtension>
            <ns3:hr>157</ns3:hr>
          </ns3:TrackPointExtension>
        </extensions>
      </trkpt>
      <trkpt lat="24.48976113460958003997802734375" lon="118.10454882681369781494140625">
        <ele>3.599999904632568359375</ele>
        <time>2024-11-17T12:47:37.000Z</time>
        <extensions>
          <ns3:TrackPointExtension>
            <ns3:hr>157</ns3:hr>
          </ns3:TrackPointExtension>
        </extensions>
      </trkpt>
      <trkpt lat="24.4897835142910480499267578125" lon="118.1045253574848175048828125">
        <ele>3.7999999523162841796875</ele>
        <time>2024-11-17T12:47:38.000Z</time>
        <extensions>
          <ns3:TrackPointExtension>
            <ns3:hr>157</ns3:hr>
          </ns3:TrackPointExtension>
        </extensions>
      </trkpt>
      <trkpt lat="24.48980472050607204437255859375" lon="118.10450113378465175628662109375">
        <ele>4</ele>
        <time>2024-11-17T12:47:39.000Z</time>
        <extensions>
          <ns3:TrackPointExtension>
            <ns3:hr>157</ns3:hr>
          </ns3:TrackPointExtension>
        </extensions>
      </trkpt>
      <trkpt lat="24.489825256168842315673828125" lon="118.104476742446422576904296875">
        <ele>4.19999980926513671875</ele>
        <time>2024-11-17T12:47:40.000Z</time>
        <extensions>
          <ns3:TrackPointExtension>
            <ns3:hr>157</ns3:hr>
          </ns3:TrackPointExtension>
        </extensions>
      </trkpt>
      <trkpt lat="24.4898455403745174407958984375" lon="118.10445201583206653594970703125">
        <ele>4.19999980926513671875</ele>
        <time>2024-11-17T12:47:41.000Z</time>
        <extensions>
          <ns3:TrackPointExtension>
            <ns3:hr>157</ns3:hr>
          </ns3:TrackPointExtension>
        </extensions>
      </trkpt>
      <trkpt lat="24.4898651540279388427734375" lon="118.10442670248448848724365234375">
        <ele>4.400000095367431640625</ele>
        <time>2024-11-17T12:47:42.000Z</time>
        <extensions>
          <ns3:TrackPointExtension>
            <ns3:hr>157</ns3:hr>
          </ns3:TrackPointExtension>
        </extensions>
      </trkpt>
      <trkpt lat="24.4898844324052333831787109375" lon="118.104400299489498138427734375">
        <ele>4.599999904632568359375</ele>
        <time>2024-11-17T12:47:43.000Z</time>
        <extensions>
          <ns3:TrackPointExtension>
            <ns3:hr>157</ns3:hr>
          </ns3:TrackPointExtension>
        </extensions>
      </trkpt>
      <trkpt lat="24.48990329168736934661865234375" lon="118.10437372885644435882568359375">
        <ele>4.599999904632568359375</ele>
        <time>2024-11-17T12:47:44.000Z</time>
        <extensions>
          <ns3:TrackPointExtension>
            <ns3:hr>157</ns3:hr>
          </ns3:TrackPointExtension>
        </extensions>
      </trkpt>
      <trkpt lat="24.4899216480553150177001953125" lon="118.1043469905853271484375">
        <ele>4.80000019073486328125</ele>
        <time>2024-11-17T12:47:45.000Z</time>
        <extensions>
          <ns3:TrackPointExtension>
            <ns3:hr>157</ns3:hr>
          </ns3:TrackPointExtension>
        </extensions>
      </trkpt>
      <trkpt lat="24.48993950150907039642333984375" lon="118.10431949794292449951171875">
        <ele>4.80000019073486328125</ele>
        <time>2024-11-17T12:47:46.000Z</time>
        <extensions>
          <ns3:TrackPointExtension>
            <ns3:hr>157</ns3:hr>
          </ns3:TrackPointExtension>
        </extensions>
      </trkpt>
      <trkpt lat="24.48995676822960376739501953125" lon="118.104290664196014404296875">
        <ele>5</ele>
        <time>2024-11-17T12:47:47.000Z</time>
        <extensions>
          <ns3:TrackPointExtension>
            <ns3:hr>157</ns3:hr>
          </ns3:TrackPointExtension>
        </extensions>
      </trkpt>
      <trkpt lat="24.4899729453027248382568359375" lon="118.1042609922587871551513671875">
        <ele>5.19999980926513671875</ele>
        <time>2024-11-17T12:47:48.000Z</time>
        <extensions>
          <ns3:TrackPointExtension>
            <ns3:hr>157</ns3:hr>
          </ns3:TrackPointExtension>
        </extensions>
      </trkpt>
      <trkpt lat="24.48998778127133846282958984375" lon="118.10423098504543304443359375">
        <ele>5.400000095367431640625</ele>
        <time>2024-11-17T12:47:49.000Z</time>
        <extensions>
          <ns3:TrackPointExtension>
            <ns3:hr>157</ns3:hr>
          </ns3:TrackPointExtension>
        </extensions>
      </trkpt>
      <trkpt lat="24.49000186286866664886474609375" lon="118.10420089401304721832275390625">
        <ele>5.400000095367431640625</ele>
        <time>2024-11-17T12:47:50.000Z</time>
        <extensions>
          <ns3:TrackPointExtension>
            <ns3:hr>157</ns3:hr>
          </ns3:TrackPointExtension>
        </extensions>
      </trkpt>
      <trkpt lat="24.4900158606469631195068359375" lon="118.10416996479034423828125">
        <ele>5.400000095367431640625</ele>
        <time>2024-11-17T12:47:51.000Z</time>
        <extensions>
          <ns3:TrackPointExtension>
            <ns3:hr>157</ns3:hr>
          </ns3:TrackPointExtension>
        </extensions>
      </trkpt>
      <trkpt lat="24.4900299422442913055419921875" lon="118.10413802973926067352294921875">
        <ele>5.19999980926513671875</ele>
        <time>2024-11-17T12:47:52.000Z</time>
        <extensions>
          <ns3:TrackPointExtension>
            <ns3:hr>157</ns3:hr>
          </ns3:TrackPointExtension>
        </extensions>
      </trkpt>
      <trkpt lat="24.4900436885654926300048828125" lon="118.104105256497859954833984375">
        <ele>5.19999980926513671875</ele>
        <time>2024-11-17T12:47:53.000Z</time>
        <extensions>
          <ns3:TrackPointExtension>
            <ns3:hr>157</ns3:hr>
          </ns3:TrackPointExtension>
        </extensions>
      </trkpt>
      <trkpt lat="24.4900564290583133697509765625" lon="118.10407164506614208221435546875">
        <ele>5.19999980926513671875</ele>
        <time>2024-11-17T12:47:54.000Z</time>
        <extensions>
          <ns3:TrackPointExtension>
            <ns3:hr>157</ns3:hr>
          </ns3:TrackPointExtension>
        </extensions>
      </trkpt>
      <trkpt lat="24.49006791226565837860107421875" lon="118.10403711162507534027099609375">
        <ele>5.19999980926513671875</ele>
        <time>2024-11-17T12:47:55.000Z</time>
        <extensions>
          <ns3:TrackPointExtension>
            <ns3:hr>157</ns3:hr>
          </ns3:TrackPointExtension>
        </extensions>
      </trkpt>
      <trkpt lat="24.490078054368495941162109375" lon="118.104001320898532867431640625">
        <ele>5.19999980926513671875</ele>
        <time>2024-11-17T12:47:56.000Z</time>
        <extensions>
          <ns3:TrackPointExtension>
            <ns3:hr>157</ns3:hr>
          </ns3:TrackPointExtension>
        </extensions>
      </trkpt>
      <trkpt lat="24.4900866039097309112548828125" lon="118.10396569781005382537841796875">
        <ele>5</ele>
        <time>2024-11-17T12:47:57.000Z</time>
        <extensions>
          <ns3:TrackPointExtension>
            <ns3:hr>157</ns3:hr>
          </ns3:TrackPointExtension>
        </extensions>
      </trkpt>
      <trkpt lat="24.4900936447083950042724609375" lon="118.1039310805499553680419921875">
        <ele>5</ele>
        <time>2024-11-17T12:47:58.000Z</time>
        <extensions>
          <ns3:TrackPointExtension>
            <ns3:hr>157</ns3:hr>
          </ns3:TrackPointExtension>
        </extensions>
      </trkpt>
      <trkpt lat="24.4900996796786785125732421875" lon="118.10389612801373004913330078125">
        <ele>5</ele>
        <time>2024-11-17T12:47:59.000Z</time>
        <extensions>
          <ns3:TrackPointExtension>
            <ns3:hr>157</ns3:hr>
          </ns3:TrackPointExtension>
        </extensions>
      </trkpt>
      <trkpt lat="24.49010529555380344390869140625" lon="118.103859834372997283935546875">
        <ele>5</ele>
        <time>2024-11-17T12:48:00.000Z</time>
        <extensions>
          <ns3:TrackPointExtension>
            <ns3:hr>157</ns3:hr>
          </ns3:TrackPointExtension>
        </extensions>
      </trkpt>
      <trkpt lat="24.4901110790669918060302734375" lon="118.1038227863609790802001953125">
        <ele>5</ele>
        <time>2024-11-17T12:48:01.000Z</time>
        <extensions>
          <ns3:TrackPointExtension>
            <ns3:hr>157</ns3:hr>
          </ns3:TrackPointExtension>
        </extensions>
      </trkpt>
      <trkpt lat="24.49011669494211673736572265625" lon="118.103786408901214599609375">
        <ele>5</ele>
        <time>2024-11-17T12:48:02.000Z</time>
        <extensions>
          <ns3:TrackPointExtension>
            <ns3:hr>157</ns3:hr>
          </ns3:TrackPointExtension>
        </extensions>
      </trkpt>
      <trkpt lat="24.49012222699820995330810546875" lon="118.1037510372698307037353515625">
        <ele>5</ele>
        <time>2024-11-17T12:48:03.000Z</time>
        <extensions>
          <ns3:TrackPointExtension>
            <ns3:hr>157</ns3:hr>
          </ns3:TrackPointExtension>
        </extensions>
      </trkpt>
      <trkpt lat="24.490127675235271453857421875" lon="118.103716336190700531005859375">
        <ele>5</ele>
        <time>2024-11-17T12:48:04.000Z</time>
        <extensions>
          <ns3:TrackPointExtension>
            <ns3:hr>157</ns3:hr>
          </ns3:TrackPointExtension>
        </extensions>
      </trkpt>
      <trkpt lat="24.49013270437717437744140625" lon="118.1036823056638240814208984375">
        <ele>5</ele>
        <time>2024-11-17T12:48:05.000Z</time>
        <extensions>
          <ns3:TrackPointExtension>
            <ns3:hr>157</ns3:hr>
          </ns3:TrackPointExtension>
        </extensions>
      </trkpt>
      <trkpt lat="24.49013681150972843170166015625" lon="118.10364835895597934722900390625">
        <ele>5</ele>
        <time>2024-11-17T12:48:06.000Z</time>
        <extensions>
          <ns3:TrackPointExtension>
            <ns3:hr>157</ns3:hr>
          </ns3:TrackPointExtension>
        </extensions>
      </trkpt>
      <trkpt lat="24.49014008045196533203125" lon="118.103614747524261474609375">
        <ele>5</ele>
        <time>2024-11-17T12:48:07.000Z</time>
        <extensions>
          <ns3:TrackPointExtension>
            <ns3:hr>157</ns3:hr>
          </ns3:TrackPointExtension>
        </extensions>
      </trkpt>
      <trkpt lat="24.49014301411807537078857421875" lon="118.10358197428286075592041015625">
        <ele>5.19999980926513671875</ele>
        <time>2024-11-17T12:48:08.000Z</time>
        <extensions>
          <ns3:TrackPointExtension>
            <ns3:hr>157</ns3:hr>
          </ns3:TrackPointExtension>
        </extensions>
      </trkpt>
      <trkpt lat="24.49014502577483654022216796875" lon="118.10354995541274547576904296875">
        <ele>5.19999980926513671875</ele>
        <time>2024-11-17T12:48:09.000Z</time>
        <extensions>
          <ns3:TrackPointExtension>
            <ns3:hr>157</ns3:hr>
          </ns3:TrackPointExtension>
        </extensions>
      </trkpt>
      <trkpt lat="24.4901442714035511016845703125" lon="118.10351843945682048797607421875">
        <ele>5.400000095367431640625</ele>
        <time>2024-11-17T12:48:10.000Z</time>
        <extensions>
          <ns3:TrackPointExtension>
            <ns3:hr>157</ns3:hr>
          </ns3:TrackPointExtension>
        </extensions>
      </trkpt>
      <trkpt lat="24.49013982899487018585205078125" lon="118.103487007319927215576171875">
        <ele>5.599999904632568359375</ele>
        <time>2024-11-17T12:48:11.000Z</time>
        <extensions>
          <ns3:TrackPointExtension>
            <ns3:hr>157</ns3:hr>
          </ns3:TrackPointExtension>
        </extensions>
      </trkpt>
      <trkpt lat="24.490133039653301239013671875" lon="118.103456161916255950927734375">
        <ele>5.599999904632568359375</ele>
        <time>2024-11-17T12:48:12.000Z</time>
        <extensions>
          <ns3:TrackPointExtension>
            <ns3:hr>157</ns3:hr>
          </ns3:TrackPointExtension>
        </extensions>
      </trkpt>
      <trkpt lat="24.4901261664927005767822265625" lon="118.10342523269355297088623046875">
        <ele>5.80000019073486328125</ele>
        <time>2024-11-17T12:48:13.000Z</time>
        <extensions>
          <ns3:TrackPointExtension>
            <ns3:hr>157</ns3:hr>
          </ns3:TrackPointExtension>
        </extensions>
      </trkpt>
      <trkpt lat="24.4901204667985439300537109375" lon="118.10339388437569141387939453125">
        <ele>6</ele>
        <time>2024-11-17T12:48:14.000Z</time>
        <extensions>
          <ns3:TrackPointExtension>
            <ns3:hr>157</ns3:hr>
          </ns3:TrackPointExtension>
        </extensions>
      </trkpt>
      <trkpt lat="24.49011568911373615264892578125" lon="118.10336203314363956451416015625">
        <ele>6</ele>
        <time>2024-11-17T12:48:15.000Z</time>
        <extensions>
          <ns3:TrackPointExtension>
            <ns3:hr>157</ns3:hr>
          </ns3:TrackPointExtension>
        </extensions>
      </trkpt>
      <trkpt lat="24.4901107437908649444580078125" lon="118.103330098092555999755859375">
        <ele>6.19999980926513671875</ele>
        <time>2024-11-17T12:48:16.000Z</time>
        <extensions>
          <ns3:TrackPointExtension>
            <ns3:hr>157</ns3:hr>
          </ns3:TrackPointExtension>
        </extensions>
      </trkpt>
      <trkpt lat="24.49010445736348628997802734375" lon="118.103298582136631011962890625">
        <ele>6.19999980926513671875</ele>
        <time>2024-11-17T12:48:17.000Z</time>
        <extensions>
          <ns3:TrackPointExtension>
            <ns3:hr>157</ns3:hr>
          </ns3:TrackPointExtension>
        </extensions>
      </trkpt>
      <trkpt lat="24.4900969974696636199951171875" lon="118.10326748527586460113525390625">
        <ele>6.400000095367431640625</ele>
        <time>2024-11-17T12:48:18.000Z</time>
        <extensions>
          <ns3:TrackPointExtension>
            <ns3:hr>157</ns3:hr>
          </ns3:TrackPointExtension>
        </extensions>
      </trkpt>
      <trkpt lat="24.49008836410939693450927734375" lon="118.10323580168187618255615234375">
        <ele>6.400000095367431640625</ele>
        <time>2024-11-17T12:48:19.000Z</time>
        <extensions>
          <ns3:TrackPointExtension>
            <ns3:hr>157</ns3:hr>
          </ns3:TrackPointExtension>
        </extensions>
      </trkpt>
      <trkpt lat="24.490078724920749664306640625" lon="118.10320344753563404083251953125">
        <ele>6.599999904632568359375</ele>
        <time>2024-11-17T12:48:20.000Z</time>
        <extensions>
          <ns3:TrackPointExtension>
            <ns3:hr>157</ns3:hr>
          </ns3:TrackPointExtension>
        </extensions>
      </trkpt>
      <trkpt lat="24.490067660808563232421875" lon="118.1031706742942333221435546875">
        <ele>6.599999904632568359375</ele>
        <time>2024-11-17T12:48:21.000Z</time>
        <extensions>
          <ns3:TrackPointExtension>
            <ns3:hr>157</ns3:hr>
          </ns3:TrackPointExtension>
        </extensions>
      </trkpt>
      <trkpt lat="24.49005500413477420806884765625" lon="118.10313773341476917266845703125">
        <ele>6.599999904632568359375</ele>
        <time>2024-11-17T12:48:22.000Z</time>
        <extensions>
          <ns3:TrackPointExtension>
            <ns3:hr>157</ns3:hr>
          </ns3:TrackPointExtension>
        </extensions>
      </trkpt>
      <trkpt lat="24.49004109017550945281982421875" lon="118.1031049601733684539794921875">
        <ele>6.80000019073486328125</ele>
        <time>2024-11-17T12:48:23.000Z</time>
        <extensions>
          <ns3:TrackPointExtension>
            <ns3:hr>157</ns3:hr>
          </ns3:TrackPointExtension>
        </extensions>
      </trkpt>
      <trkpt lat="24.49002667330205440521240234375" lon="118.103072941303253173828125">
        <ele>6.80000019073486328125</ele>
        <time>2024-11-17T12:48:24.000Z</time>
        <extensions>
          <ns3:TrackPointExtension>
            <ns3:hr>157</ns3:hr>
          </ns3:TrackPointExtension>
        </extensions>
      </trkpt>
      <trkpt lat="24.49001192115247249603271484375" lon="118.103043101727962493896484375">
        <ele>6.80000019073486328125</ele>
        <time>2024-11-17T12:48:25.000Z</time>
        <extensions>
          <ns3:TrackPointExtension>
            <ns3:hr>157</ns3:hr>
          </ns3:TrackPointExtension>
        </extensions>
      </trkpt>
      <trkpt lat="24.48999700136482715606689453125" lon="118.103014938533306121826171875">
        <ele>7</ele>
        <time>2024-11-17T12:48:26.000Z</time>
        <extensions>
          <ns3:TrackPointExtension>
            <ns3:hr>157</ns3:hr>
          </ns3:TrackPointExtension>
        </extensions>
      </trkpt>
      <trkpt lat="24.48998191393911838531494140625" lon="118.10298685915768146514892578125">
        <ele>7</ele>
        <time>2024-11-17T12:48:27.000Z</time>
        <extensions>
          <ns3:TrackPointExtension>
            <ns3:hr>157</ns3:hr>
          </ns3:TrackPointExtension>
        </extensions>
      </trkpt>
      <trkpt lat="24.48996640741825103759765625" lon="118.1029574386775493621826171875">
        <ele>7</ele>
        <time>2024-11-17T12:48:28.000Z</time>
        <extensions>
          <ns3:TrackPointExtension>
            <ns3:hr>157</ns3:hr>
          </ns3:TrackPointExtension>
        </extensions>
      </trkpt>
      <trkpt lat="24.48995039798319339752197265625" lon="118.1029269285500049591064453125">
        <ele>7</ele>
        <time>2024-11-17T12:48:29.000Z</time>
        <extensions>
          <ns3:TrackPointExtension>
            <ns3:hr>157</ns3:hr>
          </ns3:TrackPointExtension>
        </extensions>
      </trkpt>
      <trkpt lat="24.489933550357818603515625" lon="118.10289650224149227142333984375">
        <ele>7</ele>
        <time>2024-11-17T12:48:30.000Z</time>
        <extensions>
          <ns3:TrackPointExtension>
            <ns3:hr>157</ns3:hr>
          </ns3:TrackPointExtension>
        </extensions>
      </trkpt>
      <trkpt lat="24.4899156130850315093994140625" lon="118.1028675846755504608154296875">
        <ele>7</ele>
        <time>2024-11-17T12:48:31.000Z</time>
        <extensions>
          <ns3:TrackPointExtension>
            <ns3:hr>157</ns3:hr>
          </ns3:TrackPointExtension>
        </extensions>
      </trkpt>
      <trkpt lat="24.48989658616483211517333984375" lon="118.10284017585217952728271484375">
        <ele>7</ele>
        <time>2024-11-17T12:48:32.000Z</time>
        <extensions>
          <ns3:TrackPointExtension>
            <ns3:hr>157</ns3:hr>
          </ns3:TrackPointExtension>
        </extensions>
      </trkpt>
      <trkpt lat="24.48987680487334728240966796875" lon="118.10281343758106231689453125">
        <ele>7</ele>
        <time>2024-11-17T12:48:33.000Z</time>
        <extensions>
          <ns3:TrackPointExtension>
            <ns3:hr>157</ns3:hr>
          </ns3:TrackPointExtension>
        </extensions>
      </trkpt>
      <trkpt lat="24.489856101572513580322265625" lon="118.1027867831289768218994140625">
        <ele>7</ele>
        <time>2024-11-17T12:48:34.000Z</time>
        <extensions>
          <ns3:TrackPointExtension>
            <ns3:hr>157</ns3:hr>
          </ns3:TrackPointExtension>
        </extensions>
      </trkpt>
      <trkpt lat="24.4898348115384578704833984375" lon="118.10276054777204990386962890625">
        <ele>7</ele>
        <time>2024-11-17T12:48:35.000Z</time>
        <extensions>
          <ns3:TrackPointExtension>
            <ns3:hr>156</ns3:hr>
          </ns3:TrackPointExtension>
        </extensions>
      </trkpt>
      <trkpt lat="24.4898126833140850067138671875" lon="118.1027351506054401397705078125">
        <ele>7</ele>
        <time>2024-11-17T12:48:36.000Z</time>
        <extensions>
          <ns3:TrackPointExtension>
            <ns3:hr>156</ns3:hr>
          </ns3:TrackPointExtension>
        </extensions>
      </trkpt>
      <trkpt lat="24.48978996835649013519287109375" lon="118.102710507810115814208984375">
        <ele>7.19999980926513671875</ele>
        <time>2024-11-17T12:48:37.000Z</time>
        <extensions>
          <ns3:TrackPointExtension>
            <ns3:hr>156</ns3:hr>
          </ns3:TrackPointExtension>
        </extensions>
      </trkpt>
      <trkpt lat="24.4897667504847049713134765625" lon="118.10268661938607692718505859375">
        <ele>7.19999980926513671875</ele>
        <time>2024-11-17T12:48:38.000Z</time>
        <extensions>
          <ns3:TrackPointExtension>
            <ns3:hr>156</ns3:hr>
          </ns3:TrackPointExtension>
        </extensions>
      </trkpt>
      <trkpt lat="24.489742778241634368896484375" lon="118.10266298241913318634033203125">
        <ele>7.400000095367431640625</ele>
        <time>2024-11-17T12:48:39.000Z</time>
        <extensions>
          <ns3:TrackPointExtension>
            <ns3:hr>156</ns3:hr>
          </ns3:TrackPointExtension>
        </extensions>
      </trkpt>
      <trkpt lat="24.48971821926534175872802734375" lon="118.1026395969092845916748046875">
        <ele>7.400000095367431640625</ele>
        <time>2024-11-17T12:48:40.000Z</time>
        <extensions>
          <ns3:TrackPointExtension>
            <ns3:hr>156</ns3:hr>
          </ns3:TrackPointExtension>
        </extensions>
      </trkpt>
      <trkpt lat="24.48969257064163684844970703125" lon="118.10261688195168972015380859375">
        <ele>7.599999904632568359375</ele>
        <time>2024-11-17T12:48:41.000Z</time>
        <extensions>
          <ns3:TrackPointExtension>
            <ns3:hr>156</ns3:hr>
          </ns3:TrackPointExtension>
        </extensions>
      </trkpt>
      <trkpt lat="24.48966600000858306884765625" lon="118.102595508098602294921875">
        <ele>7.599999904632568359375</ele>
        <time>2024-11-17T12:48:42.000Z</time>
        <extensions>
          <ns3:TrackPointExtension>
            <ns3:hr>156</ns3:hr>
          </ns3:TrackPointExtension>
        </extensions>
      </trkpt>
      <trkpt lat="24.4896390102803707122802734375" lon="118.10257530771195888519287109375">
        <ele>7.80000019073486328125</ele>
        <time>2024-11-17T12:48:43.000Z</time>
        <extensions>
          <ns3:TrackPointExtension>
            <ns3:hr>157</ns3:hr>
          </ns3:TrackPointExtension>
        </extensions>
      </trkpt>
      <trkpt lat="24.48961176909506320953369140625" lon="118.10255619697272777557373046875">
        <ele>7.80000019073486328125</ele>
        <time>2024-11-17T12:48:44.000Z</time>
        <extensions>
          <ns3:TrackPointExtension>
            <ns3:hr>157</ns3:hr>
          </ns3:TrackPointExtension>
        </extensions>
      </trkpt>
      <trkpt lat="24.4895840249955654144287109375" lon="118.1025378406047821044921875">
        <ele>7.80000019073486328125</ele>
        <time>2024-11-17T12:48:45.000Z</time>
        <extensions>
          <ns3:TrackPointExtension>
            <ns3:hr>157</ns3:hr>
          </ns3:TrackPointExtension>
        </extensions>
      </trkpt>
      <trkpt lat="24.48955611325800418853759765625" lon="118.1025199033319950103759765625">
        <ele>7.80000019073486328125</ele>
        <time>2024-11-17T12:48:46.000Z</time>
        <extensions>
          <ns3:TrackPointExtension>
            <ns3:hr>157</ns3:hr>
          </ns3:TrackPointExtension>
        </extensions>
      </trkpt>
      <trkpt lat="24.48952778242528438568115234375" lon="118.10250305570662021636962890625">
        <ele>8</ele>
        <time>2024-11-17T12:48:47.000Z</time>
        <extensions>
          <ns3:TrackPointExtension>
            <ns3:hr>157</ns3:hr>
          </ns3:TrackPointExtension>
        </extensions>
      </trkpt>
      <trkpt lat="24.48949836194515228271484375" lon="118.10248754918575286865234375">
        <ele>8</ele>
        <time>2024-11-17T12:48:48.000Z</time>
        <extensions>
          <ns3:TrackPointExtension>
            <ns3:hr>157</ns3:hr>
          </ns3:TrackPointExtension>
        </extensions>
      </trkpt>
      <trkpt lat="24.48946827091276645660400390625" lon="118.10247304849326610565185546875">
        <ele>8</ele>
        <time>2024-11-17T12:48:49.000Z</time>
        <extensions>
          <ns3:TrackPointExtension>
            <ns3:hr>157</ns3:hr>
          </ns3:TrackPointExtension>
        </extensions>
      </trkpt>
      <trkpt lat="24.4894375093281269073486328125" lon="118.10245946981012821197509765625">
        <ele>8.19999980926513671875</ele>
        <time>2024-11-17T12:48:50.000Z</time>
        <extensions>
          <ns3:TrackPointExtension>
            <ns3:hr>157</ns3:hr>
          </ns3:TrackPointExtension>
        </extensions>
      </trkpt>
      <trkpt lat="24.4894063286483287811279296875" lon="118.1024471484124660491943359375">
        <ele>8.19999980926513671875</ele>
        <time>2024-11-17T12:48:51.000Z</time>
        <extensions>
          <ns3:TrackPointExtension>
            <ns3:hr>158</ns3:hr>
          </ns3:TrackPointExtension>
        </extensions>
      </trkpt>
      <trkpt lat="24.48937523178756237030029296875" lon="118.102436251938343048095703125">
        <ele>8.19999980926513671875</ele>
        <time>2024-11-17T12:48:52.000Z</time>
        <extensions>
          <ns3:TrackPointExtension>
            <ns3:hr>158</ns3:hr>
          </ns3:TrackPointExtension>
        </extensions>
      </trkpt>
      <trkpt lat="24.4893448054790496826171875" lon="118.10242694802582263946533203125">
        <ele>8.3999996185302734375</ele>
        <time>2024-11-17T12:48:53.000Z</time>
        <extensions>
          <ns3:TrackPointExtension>
            <ns3:hr>158</ns3:hr>
          </ns3:TrackPointExtension>
        </extensions>
      </trkpt>
      <trkpt lat="24.48931404389441013336181640625" lon="118.10241856612265110015869140625">
        <ele>8.3999996185302734375</ele>
        <time>2024-11-17T12:48:54.000Z</time>
        <extensions>
          <ns3:TrackPointExtension>
            <ns3:hr>158</ns3:hr>
          </ns3:TrackPointExtension>
        </extensions>
      </trkpt>
      <trkpt lat="24.4892826117575168609619140625" lon="118.10241085477173328399658203125">
        <ele>8.3999996185302734375</ele>
        <time>2024-11-17T12:48:55.000Z</time>
        <extensions>
          <ns3:TrackPointExtension>
            <ns3:hr>158</ns3:hr>
          </ns3:TrackPointExtension>
        </extensions>
      </trkpt>
      <trkpt lat="24.4892509281635284423828125" lon="118.10240465216338634490966796875">
        <ele>8.6000003814697265625</ele>
        <time>2024-11-17T12:48:56.000Z</time>
        <extensions>
          <ns3:TrackPointExtension>
            <ns3:hr>158</ns3:hr>
          </ns3:TrackPointExtension>
        </extensions>
      </trkpt>
      <trkpt lat="24.489219076931476593017578125" lon="118.10240037739276885986328125">
        <ele>8.80000019073486328125</ele>
        <time>2024-11-17T12:48:57.000Z</time>
        <extensions>
          <ns3:TrackPointExtension>
            <ns3:hr>158</ns3:hr>
          </ns3:TrackPointExtension>
        </extensions>
      </trkpt>
      <trkpt lat="24.4891870580613613128662109375" lon="118.1023975275456905364990234375">
        <ele>9.19999980926513671875</ele>
        <time>2024-11-17T12:48:58.000Z</time>
        <extensions>
          <ns3:TrackPointExtension>
            <ns3:hr>158</ns3:hr>
          </ns3:TrackPointExtension>
        </extensions>
      </trkpt>
      <trkpt lat="24.48915503919124603271484375" lon="118.10239543206989765167236328125">
        <ele>9.3999996185302734375</ele>
        <time>2024-11-17T12:48:59.000Z</time>
        <extensions>
          <ns3:TrackPointExtension>
            <ns3:hr>158</ns3:hr>
          </ns3:TrackPointExtension>
        </extensions>
      </trkpt>
      <trkpt lat="24.48912243358790874481201171875" lon="118.10239274986088275909423828125">
        <ele>9.6000003814697265625</ele>
        <time>2024-11-17T12:49:00.000Z</time>
        <extensions>
          <ns3:TrackPointExtension>
            <ns3:hr>158</ns3:hr>
          </ns3:TrackPointExtension>
        </extensions>
      </trkpt>
      <trkpt lat="24.48908924125134944915771484375" lon="118.10238872654736042022705078125">
        <ele>9.80000019073486328125</ele>
        <time>2024-11-17T12:49:01.000Z</time>
        <extensions>
          <ns3:TrackPointExtension>
            <ns3:hr>156</ns3:hr>
          </ns3:TrackPointExtension>
        </extensions>
      </trkpt>
      <trkpt lat="24.4890563003718852996826171875" lon="118.102384619414806365966796875">
        <ele>10</ele>
        <time>2024-11-17T12:49:02.000Z</time>
        <extensions>
          <ns3:TrackPointExtension>
            <ns3:hr>156</ns3:hr>
          </ns3:TrackPointExtension>
        </extensions>
      </trkpt>
      <trkpt lat="24.48902386240661144256591796875" lon="118.10238168574869632720947265625">
        <ele>10.19999980926513671875</ele>
        <time>2024-11-17T12:49:03.000Z</time>
        <extensions>
          <ns3:TrackPointExtension>
            <ns3:hr>156</ns3:hr>
          </ns3:TrackPointExtension>
        </extensions>
      </trkpt>
      <trkpt lat="24.48899167589843273162841796875" lon="118.1023795902729034423828125">
        <ele>10.3999996185302734375</ele>
        <time>2024-11-17T12:49:04.000Z</time>
        <extensions>
          <ns3:TrackPointExtension>
            <ns3:hr>156</ns3:hr>
          </ns3:TrackPointExtension>
        </extensions>
      </trkpt>
      <trkpt lat="24.48895923793315887451171875" lon="118.102377243340015411376953125">
        <ele>10.6000003814697265625</ele>
        <time>2024-11-17T12:49:05.000Z</time>
        <extensions>
          <ns3:TrackPointExtension>
            <ns3:hr>156</ns3:hr>
          </ns3:TrackPointExtension>
        </extensions>
      </trkpt>
      <trkpt lat="24.48892696760594844818115234375" lon="118.1023750640451908111572265625">
        <ele>10.6000003814697265625</ele>
        <time>2024-11-17T12:49:06.000Z</time>
        <extensions>
          <ns3:TrackPointExtension>
            <ns3:hr>156</ns3:hr>
          </ns3:TrackPointExtension>
        </extensions>
      </trkpt>
      <trkpt lat="24.48889478109776973724365234375" lon="118.1023740582168102264404296875">
        <ele>10.80000019073486328125</ele>
        <time>2024-11-17T12:49:07.000Z</time>
        <extensions>
          <ns3:TrackPointExtension>
            <ns3:hr>156</ns3:hr>
          </ns3:TrackPointExtension>
        </extensions>
      </trkpt>
      <trkpt lat="24.48886259458959102630615234375" lon="118.1023742258548736572265625">
        <ele>10.80000019073486328125</ele>
        <time>2024-11-17T12:49:08.000Z</time>
        <extensions>
          <ns3:TrackPointExtension>
            <ns3:hr>156</ns3:hr>
          </ns3:TrackPointExtension>
        </extensions>
      </trkpt>
      <trkpt lat="24.48883107863366603851318359375" lon="118.10237531550228595733642578125">
        <ele>11</ele>
        <time>2024-11-17T12:49:09.000Z</time>
        <extensions>
          <ns3:TrackPointExtension>
            <ns3:hr>156</ns3:hr>
          </ns3:TrackPointExtension>
        </extensions>
      </trkpt>
      <trkpt lat="24.48880006559193134307861328125" lon="118.10237699188292026519775390625">
        <ele>11</ele>
        <time>2024-11-17T12:49:10.000Z</time>
        <extensions>
          <ns3:TrackPointExtension>
            <ns3:hr>156</ns3:hr>
          </ns3:TrackPointExtension>
        </extensions>
      </trkpt>
      <trkpt lat="24.4887696392834186553955078125" lon="118.10237933881580829620361328125">
        <ele>11</ele>
        <time>2024-11-17T12:49:11.000Z</time>
        <extensions>
          <ns3:TrackPointExtension>
            <ns3:hr>156</ns3:hr>
          </ns3:TrackPointExtension>
        </extensions>
      </trkpt>
      <trkpt lat="24.488739632070064544677734375" lon="118.1023827753961086273193359375">
        <ele>11</ele>
        <time>2024-11-17T12:49:12.000Z</time>
        <extensions>
          <ns3:TrackPointExtension>
            <ns3:hr>156</ns3:hr>
          </ns3:TrackPointExtension>
        </extensions>
      </trkpt>
      <trkpt lat="24.48870903812348842620849609375" lon="118.10238721780478954315185546875">
        <ele>11</ele>
        <time>2024-11-17T12:49:13.000Z</time>
        <extensions>
          <ns3:TrackPointExtension>
            <ns3:hr>156</ns3:hr>
          </ns3:TrackPointExtension>
        </extensions>
      </trkpt>
      <trkpt lat="24.48867735452950000762939453125" lon="118.1023928336799144744873046875">
        <ele>10.80000019073486328125</ele>
        <time>2024-11-17T12:49:14.000Z</time>
        <extensions>
          <ns3:TrackPointExtension>
            <ns3:hr>156</ns3:hr>
          </ns3:TrackPointExtension>
        </extensions>
      </trkpt>
      <trkpt lat="24.488645084202289581298828125" lon="118.10239928774535655975341796875">
        <ele>10.80000019073486328125</ele>
        <time>2024-11-17T12:49:15.000Z</time>
        <extensions>
          <ns3:TrackPointExtension>
            <ns3:hr>156</ns3:hr>
          </ns3:TrackPointExtension>
        </extensions>
      </trkpt>
      <trkpt lat="24.48861314915120601654052734375" lon="118.10240683145821094512939453125">
        <ele>10.6000003814697265625</ele>
        <time>2024-11-17T12:49:16.000Z</time>
        <extensions>
          <ns3:TrackPointExtension>
            <ns3:hr>156</ns3:hr>
          </ns3:TrackPointExtension>
        </extensions>
      </trkpt>
      <trkpt lat="24.488581717014312744140625" lon="118.102415464818477630615234375">
        <ele>10.6000003814697265625</ele>
        <time>2024-11-17T12:49:17.000Z</time>
        <extensions>
          <ns3:TrackPointExtension>
            <ns3:hr>157</ns3:hr>
          </ns3:TrackPointExtension>
        </extensions>
      </trkpt>
      <trkpt lat="24.48855112306773662567138671875" lon="118.1024250201880931854248046875">
        <ele>10.6000003814697265625</ele>
        <time>2024-11-17T12:49:18.000Z</time>
        <extensions>
          <ns3:TrackPointExtension>
            <ns3:hr>157</ns3:hr>
          </ns3:TrackPointExtension>
        </extensions>
      </trkpt>
      <trkpt lat="24.4885213673114776611328125" lon="118.10243516229093074798583984375">
        <ele>10.6000003814697265625</ele>
        <time>2024-11-17T12:49:19.000Z</time>
        <extensions>
          <ns3:TrackPointExtension>
            <ns3:hr>157</ns3:hr>
          </ns3:TrackPointExtension>
        </extensions>
      </trkpt>
      <trkpt lat="24.48849194683134555816650390625" lon="118.102446310222148895263671875">
        <ele>10.6000003814697265625</ele>
        <time>2024-11-17T12:49:20.000Z</time>
        <extensions>
          <ns3:TrackPointExtension>
            <ns3:hr>157</ns3:hr>
          </ns3:TrackPointExtension>
        </extensions>
      </trkpt>
      <trkpt lat="24.48846328072249889373779296875" lon="118.1024592183530330657958984375">
        <ele>10.6000003814697265625</ele>
        <time>2024-11-17T12:49:21.000Z</time>
        <extensions>
          <ns3:TrackPointExtension>
            <ns3:hr>157</ns3:hr>
          </ns3:TrackPointExtension>
        </extensions>
      </trkpt>
      <trkpt lat="24.48843629099428653717041015625" lon="118.1024739705026149749755859375">
        <ele>10.80000019073486328125</ele>
        <time>2024-11-17T12:49:22.000Z</time>
        <extensions>
          <ns3:TrackPointExtension>
            <ns3:hr>157</ns3:hr>
          </ns3:TrackPointExtension>
        </extensions>
      </trkpt>
      <trkpt lat="24.48840946890413761138916015625" lon="118.1024903990328311920166015625">
        <ele>10.80000019073486328125</ele>
        <time>2024-11-17T12:49:23.000Z</time>
        <extensions>
          <ns3:TrackPointExtension>
            <ns3:hr>158</ns3:hr>
          </ns3:TrackPointExtension>
        </extensions>
      </trkpt>
      <trkpt lat="24.48838180862367153167724609375" lon="118.10250791721045970916748046875">
        <ele>10.80000019073486328125</ele>
        <time>2024-11-17T12:49:24.000Z</time>
        <extensions>
          <ns3:TrackPointExtension>
            <ns3:hr>158</ns3:hr>
          </ns3:TrackPointExtension>
        </extensions>
      </trkpt>
      <trkpt lat="24.4883535616099834442138671875" lon="118.10252585448324680328369140625">
        <ele>10.6000003814697265625</ele>
        <time>2024-11-17T12:49:25.000Z</time>
        <extensions>
          <ns3:TrackPointExtension>
            <ns3:hr>158</ns3:hr>
          </ns3:TrackPointExtension>
        </extensions>
      </trkpt>
      <trkpt lat="24.4883255660533905029296875" lon="118.10254261828958988189697265625">
        <ele>10.6000003814697265625</ele>
        <time>2024-11-17T12:49:26.000Z</time>
        <extensions>
          <ns3:TrackPointExtension>
            <ns3:hr>158</ns3:hr>
          </ns3:TrackPointExtension>
        </extensions>
      </trkpt>
      <trkpt lat="24.4882975704967975616455078125" lon="118.1025581248104572296142578125">
        <ele>10.3999996185302734375</ele>
        <time>2024-11-17T12:49:27.000Z</time>
        <extensions>
          <ns3:TrackPointExtension>
            <ns3:hr>158</ns3:hr>
          </ns3:TrackPointExtension>
        </extensions>
      </trkpt>
      <trkpt lat="24.48826991021633148193359375" lon="118.10257430188357830047607421875">
        <ele>10.19999980926513671875</ele>
        <time>2024-11-17T12:49:28.000Z</time>
        <extensions>
          <ns3:TrackPointExtension>
            <ns3:hr>158</ns3:hr>
          </ns3:TrackPointExtension>
        </extensions>
      </trkpt>
      <trkpt lat="24.4882435910403728485107421875" lon="118.10259307734668254852294921875">
        <ele>10.19999980926513671875</ele>
        <time>2024-11-17T12:49:29.000Z</time>
        <extensions>
          <ns3:TrackPointExtension>
            <ns3:hr>158</ns3:hr>
          </ns3:TrackPointExtension>
        </extensions>
      </trkpt>
      <trkpt lat="24.48821869678795337677001953125" lon="118.102614618837833404541015625">
        <ele>10</ele>
        <time>2024-11-17T12:49:30.000Z</time>
        <extensions>
          <ns3:TrackPointExtension>
            <ns3:hr>158</ns3:hr>
          </ns3:TrackPointExtension>
        </extensions>
      </trkpt>
      <trkpt lat="24.48819455690681934356689453125" lon="118.10263775289058685302734375">
        <ele>9.6000003814697265625</ele>
        <time>2024-11-17T12:49:31.000Z</time>
        <extensions>
          <ns3:TrackPointExtension>
            <ns3:hr>158</ns3:hr>
          </ns3:TrackPointExtension>
        </extensions>
      </trkpt>
      <trkpt lat="24.48817091993987560272216796875" lon="118.10266130603849887847900390625">
        <ele>9.19999980926513671875</ele>
        <time>2024-11-17T12:49:32.000Z</time>
        <extensions>
          <ns3:TrackPointExtension>
            <ns3:hr>158</ns3:hr>
          </ns3:TrackPointExtension>
        </extensions>
      </trkpt>
      <trkpt lat="24.48814828880131244659423828125" lon="118.10268460772931575775146484375">
        <ele>8.80000019073486328125</ele>
        <time>2024-11-17T12:49:33.000Z</time>
        <extensions>
          <ns3:TrackPointExtension>
            <ns3:hr>158</ns3:hr>
          </ns3:TrackPointExtension>
        </extensions>
      </trkpt>
      <trkpt lat="24.48812632821500301361083984375" lon="118.102708160877227783203125">
        <ele>8.19999980926513671875</ele>
        <time>2024-11-17T12:49:34.000Z</time>
        <extensions>
          <ns3:TrackPointExtension>
            <ns3:hr>158</ns3:hr>
          </ns3:TrackPointExtension>
        </extensions>
      </trkpt>
      <trkpt lat="24.48810436762869358062744140625" lon="118.10273238457739353179931640625">
        <ele>7.80000019073486328125</ele>
        <time>2024-11-17T12:49:35.000Z</time>
        <extensions>
          <ns3:TrackPointExtension>
            <ns3:hr>158</ns3:hr>
          </ns3:TrackPointExtension>
        </extensions>
      </trkpt>
      <trkpt lat="24.48808240704238414764404296875" lon="118.10275719501078128814697265625">
        <ele>7.400000095367431640625</ele>
        <time>2024-11-17T12:49:36.000Z</time>
        <extensions>
          <ns3:TrackPointExtension>
            <ns3:hr>158</ns3:hr>
          </ns3:TrackPointExtension>
        </extensions>
      </trkpt>
      <trkpt lat="24.4880608655512332916259765625" lon="118.1027819216251373291015625">
        <ele>7.19999980926513671875</ele>
        <time>2024-11-17T12:49:37.000Z</time>
        <extensions>
          <ns3:TrackPointExtension>
            <ns3:hr>158</ns3:hr>
          </ns3:TrackPointExtension>
        </extensions>
      </trkpt>
      <trkpt lat="24.48803982697427272796630859375" lon="118.10280740261077880859375">
        <ele>7</ele>
        <time>2024-11-17T12:49:38.000Z</time>
        <extensions>
          <ns3:TrackPointExtension>
            <ns3:hr>158</ns3:hr>
          </ns3:TrackPointExtension>
        </extensions>
      </trkpt>
      <trkpt lat="24.48802021332085132598876953125" lon="118.10283464379608631134033203125">
        <ele>7</ele>
        <time>2024-11-17T12:49:39.000Z</time>
        <extensions>
          <ns3:TrackPointExtension>
            <ns3:hr>158</ns3:hr>
          </ns3:TrackPointExtension>
        </extensions>
      </trkpt>
      <trkpt lat="24.488002359867095947265625" lon="118.10286347754299640655517578125">
        <ele>6.80000019073486328125</ele>
        <time>2024-11-17T12:49:40.000Z</time>
        <extensions>
          <ns3:TrackPointExtension>
            <ns3:hr>158</ns3:hr>
          </ns3:TrackPointExtension>
        </extensions>
      </trkpt>
      <trkpt lat="24.48798567987978458404541015625" lon="118.10289298184216022491455078125">
        <ele>6.599999904632568359375</ele>
        <time>2024-11-17T12:49:41.000Z</time>
        <extensions>
          <ns3:TrackPointExtension>
            <ns3:hr>158</ns3:hr>
          </ns3:TrackPointExtension>
        </extensions>
      </trkpt>
      <trkpt lat="24.48796975426375865936279296875" lon="118.10292332433164119720458984375">
        <ele>6.599999904632568359375</ele>
        <time>2024-11-17T12:49:42.000Z</time>
        <extensions>
          <ns3:TrackPointExtension>
            <ns3:hr>158</ns3:hr>
          </ns3:TrackPointExtension>
        </extensions>
      </trkpt>
      <trkpt lat="24.4879539124667644500732421875" lon="118.10295425355434417724609375">
        <ele>7</ele>
        <time>2024-11-17T12:49:43.000Z</time>
        <extensions>
          <ns3:TrackPointExtension>
            <ns3:hr>158</ns3:hr>
          </ns3:TrackPointExtension>
        </extensions>
      </trkpt>
      <trkpt lat="24.4879378192126750946044921875" lon="118.1029852665960788726806640625">
        <ele>7.19999980926513671875</ele>
        <time>2024-11-17T12:49:44.000Z</time>
        <extensions>
          <ns3:TrackPointExtension>
            <ns3:hr>158</ns3:hr>
          </ns3:TrackPointExtension>
        </extensions>
      </trkpt>
      <trkpt lat="24.4879207201302051544189453125" lon="118.10301552526652812957763671875">
        <ele>7.400000095367431640625</ele>
        <time>2024-11-17T12:49:45.000Z</time>
        <extensions>
          <ns3:TrackPointExtension>
            <ns3:hr>158</ns3:hr>
          </ns3:TrackPointExtension>
        </extensions>
      </trkpt>
      <trkpt lat="24.4879026152193546295166015625" lon="118.1030456162989139556884765625">
        <ele>7.599999904632568359375</ele>
        <time>2024-11-17T12:49:46.000Z</time>
        <extensions>
          <ns3:TrackPointExtension>
            <ns3:hr>158</ns3:hr>
          </ns3:TrackPointExtension>
        </extensions>
      </trkpt>
      <trkpt lat="24.48788543231785297393798828125" lon="118.10307629406452178955078125">
        <ele>7.80000019073486328125</ele>
        <time>2024-11-17T12:49:47.000Z</time>
        <extensions>
          <ns3:TrackPointExtension>
            <ns3:hr>159</ns3:hr>
          </ns3:TrackPointExtension>
        </extensions>
      </trkpt>
      <trkpt lat="24.4878704287111759185791015625" lon="118.103107474744319915771484375">
        <ele>8</ele>
        <time>2024-11-17T12:49:48.000Z</time>
        <extensions>
          <ns3:TrackPointExtension>
            <ns3:hr>159</ns3:hr>
          </ns3:TrackPointExtension>
        </extensions>
      </trkpt>
      <trkpt lat="24.48785710148513317108154296875" lon="118.10313974507153034210205078125">
        <ele>8.6000003814697265625</ele>
        <time>2024-11-17T12:49:49.000Z</time>
        <extensions>
          <ns3:TrackPointExtension>
            <ns3:hr>159</ns3:hr>
          </ns3:TrackPointExtension>
        </extensions>
      </trkpt>
      <trkpt lat="24.48784452863037586212158203125" lon="118.10317243449389934539794921875">
        <ele>9</ele>
        <time>2024-11-17T12:49:50.000Z</time>
        <extensions>
          <ns3:TrackPointExtension>
            <ns3:hr>160</ns3:hr>
          </ns3:TrackPointExtension>
        </extensions>
      </trkpt>
      <trkpt lat="24.48783229105174541473388671875" lon="118.1032045371830463409423828125">
        <ele>9.6000003814697265625</ele>
        <time>2024-11-17T12:49:51.000Z</time>
        <extensions>
          <ns3:TrackPointExtension>
            <ns3:hr>160</ns3:hr>
          </ns3:TrackPointExtension>
        </extensions>
      </trkpt>
      <trkpt lat="24.4878204725682735443115234375" lon="118.10323613695800304412841796875">
        <ele>10.19999980926513671875</ele>
        <time>2024-11-17T12:49:52.000Z</time>
        <extensions>
          <ns3:TrackPointExtension>
            <ns3:hr>160</ns3:hr>
          </ns3:TrackPointExtension>
        </extensions>
      </trkpt>
      <trkpt lat="24.487809576094150543212890625" lon="118.10326798819005489349365234375">
        <ele>10.6000003814697265625</ele>
        <time>2024-11-17T12:49:53.000Z</time>
        <extensions>
          <ns3:TrackPointExtension>
            <ns3:hr>160</ns3:hr>
          </ns3:TrackPointExtension>
        </extensions>
      </trkpt>
      <trkpt lat="24.48779976926743984222412109375" lon="118.1033010967075824737548828125">
        <ele>11.19999980926513671875</ele>
        <time>2024-11-17T12:49:54.000Z</time>
        <extensions>
          <ns3:TrackPointExtension>
            <ns3:hr>160</ns3:hr>
          </ns3:TrackPointExtension>
        </extensions>
      </trkpt>
      <trkpt lat="24.48779121972620487213134765625" lon="118.10333571396768093109130859375">
        <ele>11.6000003814697265625</ele>
        <time>2024-11-17T12:49:55.000Z</time>
        <extensions>
          <ns3:TrackPointExtension>
            <ns3:hr>160</ns3:hr>
          </ns3:TrackPointExtension>
        </extensions>
      </trkpt>
      <trkpt lat="24.487784095108509063720703125" lon="118.1033711694180965423583984375">
        <ele>12</ele>
        <time>2024-11-17T12:49:57.000Z</time>
        <extensions>
          <ns3:TrackPointExtension>
            <ns3:hr>160</ns3:hr>
          </ns3:TrackPointExtension>
        </extensions>
      </trkpt>
      <trkpt lat="24.48777797631919384002685546875" lon="118.103406541049480438232421875">
        <ele>12.19999980926513671875</ele>
        <time>2024-11-17T12:49:58.000Z</time>
        <extensions>
          <ns3:TrackPointExtension>
            <ns3:hr>160</ns3:hr>
          </ns3:TrackPointExtension>
        </extensions>
      </trkpt>
      <trkpt lat="24.4877718575298786163330078125" lon="118.10344082303345203399658203125">
        <ele>12</ele>
        <time>2024-11-17T12:49:59.000Z</time>
        <extensions>
          <ns3:TrackPointExtension>
            <ns3:hr>160</ns3:hr>
          </ns3:TrackPointExtension>
        </extensions>
      </trkpt>
      <trkpt lat="24.487765319645404815673828125" lon="118.10347300954163074493408203125">
        <ele>11.80000019073486328125</ele>
        <time>2024-11-17T12:50:00.000Z</time>
        <extensions>
          <ns3:TrackPointExtension>
            <ns3:hr>160</ns3:hr>
          </ns3:TrackPointExtension>
        </extensions>
      </trkpt>
      <trkpt lat="24.48775936849415302276611328125" lon="118.103503771126270294189453125">
        <ele>11.6000003814697265625</ele>
        <time>2024-11-17T12:50:01.000Z</time>
        <extensions>
          <ns3:TrackPointExtension>
            <ns3:hr>160</ns3:hr>
          </ns3:TrackPointExtension>
        </extensions>
      </trkpt>
      <trkpt lat="24.4877554289996623992919921875" lon="118.103534281253814697265625">
        <ele>11.3999996185302734375</ele>
        <time>2024-11-17T12:50:02.000Z</time>
        <extensions>
          <ns3:TrackPointExtension>
            <ns3:hr>160</ns3:hr>
          </ns3:TrackPointExtension>
        </extensions>
      </trkpt>
      <trkpt lat="24.48775316588580608367919921875" lon="118.10356604866683483123779296875">
        <ele>11.3999996185302734375</ele>
        <time>2024-11-17T12:50:03.000Z</time>
        <extensions>
          <ns3:TrackPointExtension>
            <ns3:hr>159</ns3:hr>
          </ns3:TrackPointExtension>
        </extensions>
      </trkpt>
      <trkpt lat="24.48775199241936206817626953125" lon="118.1035991571843624114990234375">
        <ele>11.19999980926513671875</ele>
        <time>2024-11-17T12:50:04.000Z</time>
        <extensions>
          <ns3:TrackPointExtension>
            <ns3:hr>159</ns3:hr>
          </ns3:TrackPointExtension>
        </extensions>
      </trkpt>
      <trkpt lat="24.48775216005742549896240234375" lon="118.10363276861608028411865234375">
        <ele>11.19999980926513671875</ele>
        <time>2024-11-17T12:50:05.000Z</time>
        <extensions>
          <ns3:TrackPointExtension>
            <ns3:hr>159</ns3:hr>
          </ns3:TrackPointExtension>
        </extensions>
      </trkpt>
      <trkpt lat="24.4877534173429012298583984375" lon="118.10366638004779815673828125">
        <ele>11</ele>
        <time>2024-11-17T12:50:06.000Z</time>
        <extensions>
          <ns3:TrackPointExtension>
            <ns3:hr>159</ns3:hr>
          </ns3:TrackPointExtension>
        </extensions>
      </trkpt>
      <trkpt lat="24.48775551281869411468505859375" lon="118.10369990766048431396484375">
        <ele>10.3999996185302734375</ele>
        <time>2024-11-17T12:50:07.000Z</time>
        <extensions>
          <ns3:TrackPointExtension>
            <ns3:hr>159</ns3:hr>
          </ns3:TrackPointExtension>
        </extensions>
      </trkpt>
      <trkpt lat="24.487758614122867584228515625" lon="118.10373343527317047119140625">
        <ele>10</ele>
        <time>2024-11-17T12:50:08.000Z</time>
        <extensions>
          <ns3:TrackPointExtension>
            <ns3:hr>160</ns3:hr>
          </ns3:TrackPointExtension>
        </extensions>
      </trkpt>
      <trkpt lat="24.48776297271251678466796875" lon="118.1037678010761737823486328125">
        <ele>9.6000003814697265625</ele>
        <time>2024-11-17T12:50:09.000Z</time>
        <extensions>
          <ns3:TrackPointExtension>
            <ns3:hr>160</ns3:hr>
          </ns3:TrackPointExtension>
        </extensions>
      </trkpt>
      <trkpt lat="24.487768001854419708251953125" lon="118.1038023345172405242919921875">
        <ele>9</ele>
        <time>2024-11-17T12:50:10.000Z</time>
        <extensions>
          <ns3:TrackPointExtension>
            <ns3:hr>160</ns3:hr>
          </ns3:TrackPointExtension>
        </extensions>
      </trkpt>
      <trkpt lat="24.48777345009148120880126953125" lon="118.10383644886314868927001953125">
        <ele>8.80000019073486328125</ele>
        <time>2024-11-17T12:50:11.000Z</time>
        <extensions>
          <ns3:TrackPointExtension>
            <ns3:hr>160</ns3:hr>
          </ns3:TrackPointExtension>
        </extensions>
      </trkpt>
      <trkpt lat="24.48777948506176471710205078125" lon="118.10387031175196170806884765625">
        <ele>8.3999996185302734375</ele>
        <time>2024-11-17T12:50:12.000Z</time>
        <extensions>
          <ns3:TrackPointExtension>
            <ns3:hr>160</ns3:hr>
          </ns3:TrackPointExtension>
        </extensions>
      </trkpt>
      <trkpt lat="24.48778602294623851776123046875" lon="118.1039042584598064422607421875">
        <ele>8.19999980926513671875</ele>
        <time>2024-11-17T12:50:13.000Z</time>
        <extensions>
          <ns3:TrackPointExtension>
            <ns3:hr>160</ns3:hr>
          </ns3:TrackPointExtension>
        </extensions>
      </trkpt>
      <trkpt lat="24.48779339902102947235107421875" lon="118.10393854044377803802490234375">
        <ele>8</ele>
        <time>2024-11-17T12:50:14.000Z</time>
        <extensions>
          <ns3:TrackPointExtension>
            <ns3:hr>160</ns3:hr>
          </ns3:TrackPointExtension>
        </extensions>
      </trkpt>
      <trkpt lat="24.48780186474323272705078125" lon="118.10397307388484477996826171875">
        <ele>7.80000019073486328125</ele>
        <time>2024-11-17T12:50:15.000Z</time>
        <extensions>
          <ns3:TrackPointExtension>
            <ns3:hr>160</ns3:hr>
          </ns3:TrackPointExtension>
        </extensions>
      </trkpt>
      <trkpt lat="24.4878117553889751434326171875" lon="118.10400710441172122955322265625">
        <ele>7.599999904632568359375</ele>
        <time>2024-11-17T12:50:16.000Z</time>
        <extensions>
          <ns3:TrackPointExtension>
            <ns3:hr>160</ns3:hr>
          </ns3:TrackPointExtension>
        </extensions>
      </trkpt>
      <trkpt lat="24.4878224842250347137451171875" lon="118.10404046438634395599365234375">
        <ele>7.19999980926513671875</ele>
        <time>2024-11-17T12:50:17.000Z</time>
        <extensions>
          <ns3:TrackPointExtension>
            <ns3:hr>160</ns3:hr>
          </ns3:TrackPointExtension>
        </extensions>
      </trkpt>
      <trkpt lat="24.487833715975284576416015625" lon="118.10407407581806182861328125">
        <ele>7</ele>
        <time>2024-11-17T12:50:18.000Z</time>
        <extensions>
          <ns3:TrackPointExtension>
            <ns3:hr>160</ns3:hr>
          </ns3:TrackPointExtension>
        </extensions>
      </trkpt>
      <trkpt lat="24.4878452830016613006591796875" lon="118.10410802252590656280517578125">
        <ele>6.80000019073486328125</ele>
        <time>2024-11-17T12:50:19.000Z</time>
        <extensions>
          <ns3:TrackPointExtension>
            <ns3:hr>160</ns3:hr>
          </ns3:TrackPointExtension>
        </extensions>
      </trkpt>
      <trkpt lat="24.487857855856418609619140625" lon="118.10414138250052928924560546875">
        <ele>6.599999904632568359375</ele>
        <time>2024-11-17T12:50:20.000Z</time>
        <extensions>
          <ns3:TrackPointExtension>
            <ns3:hr>160</ns3:hr>
          </ns3:TrackPointExtension>
        </extensions>
      </trkpt>
      <trkpt lat="24.4878714345395565032958984375" lon="118.1041739881038665771484375">
        <ele>6.400000095367431640625</ele>
        <time>2024-11-17T12:50:21.000Z</time>
        <extensions>
          <ns3:TrackPointExtension>
            <ns3:hr>160</ns3:hr>
          </ns3:TrackPointExtension>
        </extensions>
      </trkpt>
      <trkpt lat="24.48788627050817012786865234375" lon="118.1042056716978549957275390625">
        <ele>6</ele>
        <time>2024-11-17T12:50:22.000Z</time>
        <extensions>
          <ns3:TrackPointExtension>
            <ns3:hr>160</ns3:hr>
          </ns3:TrackPointExtension>
        </extensions>
      </trkpt>
      <trkpt lat="24.487902112305164337158203125" lon="118.1042365171015262603759765625">
        <ele>6</ele>
        <time>2024-11-17T12:50:23.000Z</time>
        <extensions>
          <ns3:TrackPointExtension>
            <ns3:hr>161</ns3:hr>
          </ns3:TrackPointExtension>
        </extensions>
      </trkpt>
      <trkpt lat="24.48791921138763427734375" lon="118.10426677577197551727294921875">
        <ele>6</ele>
        <time>2024-11-17T12:50:24.000Z</time>
        <extensions>
          <ns3:TrackPointExtension>
            <ns3:hr>162</ns3:hr>
          </ns3:TrackPointExtension>
        </extensions>
      </trkpt>
      <trkpt lat="24.4879374839365482330322265625" lon="118.10429669916629791259765625">
        <ele>6</ele>
        <time>2024-11-17T12:50:25.000Z</time>
        <extensions>
          <ns3:TrackPointExtension>
            <ns3:hr>162</ns3:hr>
          </ns3:TrackPointExtension>
        </extensions>
      </trkpt>
      <trkpt lat="24.4879562593996524810791015625" lon="118.10432561673223972320556640625">
        <ele>6</ele>
        <time>2024-11-17T12:50:26.000Z</time>
        <extensions>
          <ns3:TrackPointExtension>
            <ns3:hr>162</ns3:hr>
          </ns3:TrackPointExtension>
        </extensions>
      </trkpt>
      <trkpt lat="24.487975537776947021484375" lon="118.104353360831737518310546875">
        <ele>6</ele>
        <time>2024-11-17T12:50:27.000Z</time>
        <extensions>
          <ns3:TrackPointExtension>
            <ns3:hr>162</ns3:hr>
          </ns3:TrackPointExtension>
        </extensions>
      </trkpt>
      <trkpt lat="24.4879964925348758697509765625" lon="118.10438060201704502105712890625">
        <ele>6</ele>
        <time>2024-11-17T12:50:28.000Z</time>
        <extensions>
          <ns3:TrackPointExtension>
            <ns3:hr>162</ns3:hr>
          </ns3:TrackPointExtension>
        </extensions>
      </trkpt>
      <trkpt lat="24.4880189560353755950927734375" lon="118.104407675564289093017578125">
        <ele>6</ele>
        <time>2024-11-17T12:50:29.000Z</time>
        <extensions>
          <ns3:TrackPointExtension>
            <ns3:hr>162</ns3:hr>
          </ns3:TrackPointExtension>
        </extensions>
      </trkpt>
      <trkpt lat="24.488041587173938751220703125" lon="118.10443391092121601104736328125">
        <ele>6</ele>
        <time>2024-11-17T12:50:30.000Z</time>
        <extensions>
          <ns3:TrackPointExtension>
            <ns3:hr>162</ns3:hr>
          </ns3:TrackPointExtension>
        </extensions>
      </trkpt>
      <trkpt lat="24.48806363157927989959716796875" lon="118.10446039773523807525634765625">
        <ele>6</ele>
        <time>2024-11-17T12:50:31.000Z</time>
        <extensions>
          <ns3:TrackPointExtension>
            <ns3:hr>162</ns3:hr>
          </ns3:TrackPointExtension>
        </extensions>
      </trkpt>
      <trkpt lat="24.48808441869914531707763671875" lon="118.10448839329183101654052734375">
        <ele>6</ele>
        <time>2024-11-17T12:50:32.000Z</time>
        <extensions>
          <ns3:TrackPointExtension>
            <ns3:hr>162</ns3:hr>
          </ns3:TrackPointExtension>
        </extensions>
      </trkpt>
      <trkpt lat="24.488103948533535003662109375" lon="118.1045173108577728271484375">
        <ele>6.19999980926513671875</ele>
        <time>2024-11-17T12:50:33.000Z</time>
        <extensions>
          <ns3:TrackPointExtension>
            <ns3:hr>162</ns3:hr>
          </ns3:TrackPointExtension>
        </extensions>
      </trkpt>
      <trkpt lat="24.48812297545373439788818359375" lon="118.10454622842371463775634765625">
        <ele>6.599999904632568359375</ele>
        <time>2024-11-17T12:50:34.000Z</time>
        <extensions>
          <ns3:TrackPointExtension>
            <ns3:hr>162</ns3:hr>
          </ns3:TrackPointExtension>
        </extensions>
      </trkpt>
      <trkpt lat="24.48814309202134609222412109375" lon="118.1045734696090221405029296875">
        <ele>6.80000019073486328125</ele>
        <time>2024-11-17T12:50:35.000Z</time>
        <extensions>
          <ns3:TrackPointExtension>
            <ns3:hr>162</ns3:hr>
          </ns3:TrackPointExtension>
        </extensions>
      </trkpt>
      <trkpt lat="24.4881651364266872406005859375" lon="118.1045986153185367584228515625">
        <ele>7.19999980926513671875</ele>
        <time>2024-11-17T12:50:36.000Z</time>
        <extensions>
          <ns3:TrackPointExtension>
            <ns3:hr>162</ns3:hr>
          </ns3:TrackPointExtension>
        </extensions>
      </trkpt>
      <trkpt lat="24.48818952776491641998291015625" lon="118.10462267138063907623291015625">
        <ele>7</ele>
        <time>2024-11-17T12:50:37.000Z</time>
        <extensions>
          <ns3:TrackPointExtension>
            <ns3:hr>162</ns3:hr>
          </ns3:TrackPointExtension>
        </extensions>
      </trkpt>
      <trkpt lat="24.48821534402668476104736328125" lon="118.10464597307145595550537109375">
        <ele>7</ele>
        <time>2024-11-17T12:50:38.000Z</time>
        <extensions>
          <ns3:TrackPointExtension>
            <ns3:hr>162</ns3:hr>
          </ns3:TrackPointExtension>
        </extensions>
      </trkpt>
      <trkpt lat="24.4882409088313579559326171875" lon="118.10466810129582881927490234375">
        <ele>6.80000019073486328125</ele>
        <time>2024-11-17T12:50:39.000Z</time>
        <extensions>
          <ns3:TrackPointExtension>
            <ns3:hr>162</ns3:hr>
          </ns3:TrackPointExtension>
        </extensions>
      </trkpt>
      <trkpt lat="24.4882663898169994354248046875" lon="118.104689307510852813720703125">
        <ele>6.599999904632568359375</ele>
        <time>2024-11-17T12:50:40.000Z</time>
        <extensions>
          <ns3:TrackPointExtension>
            <ns3:hr>162</ns3:hr>
          </ns3:TrackPointExtension>
        </extensions>
      </trkpt>
      <trkpt lat="24.48829270899295806884765625" lon="118.10471017844974994659423828125">
        <ele>6.599999904632568359375</ele>
        <time>2024-11-17T12:50:41.000Z</time>
        <extensions>
          <ns3:TrackPointExtension>
            <ns3:hr>162</ns3:hr>
          </ns3:TrackPointExtension>
        </extensions>
      </trkpt>
      <trkpt lat="24.4883202016353607177734375" lon="118.104730546474456787109375">
        <ele>6.400000095367431640625</ele>
        <time>2024-11-17T12:50:42.000Z</time>
        <extensions>
          <ns3:TrackPointExtension>
            <ns3:hr>162</ns3:hr>
          </ns3:TrackPointExtension>
        </extensions>
      </trkpt>
      <trkpt lat="24.48834861628711223602294921875" lon="118.1047498248517513275146484375">
        <ele>6.19999980926513671875</ele>
        <time>2024-11-17T12:50:43.000Z</time>
        <extensions>
          <ns3:TrackPointExtension>
            <ns3:hr>162</ns3:hr>
          </ns3:TrackPointExtension>
        </extensions>
      </trkpt>
      <trkpt lat="24.48837812058627605438232421875" lon="118.104768097400665283203125">
        <ele>6</ele>
        <time>2024-11-17T12:50:44.000Z</time>
        <extensions>
          <ns3:TrackPointExtension>
            <ns3:hr>162</ns3:hr>
          </ns3:TrackPointExtension>
        </extensions>
      </trkpt>
      <trkpt lat="24.488408379256725311279296875" lon="118.1047850288450717926025390625">
        <ele>5.599999904632568359375</ele>
        <time>2024-11-17T12:50:45.000Z</time>
        <extensions>
          <ns3:TrackPointExtension>
            <ns3:hr>162</ns3:hr>
          </ns3:TrackPointExtension>
        </extensions>
      </trkpt>
      <trkpt lat="24.48843863792717456817626953125" lon="118.10480070300400257110595703125">
        <ele>5.400000095367431640625</ele>
        <time>2024-11-17T12:50:46.000Z</time>
        <extensions>
          <ns3:TrackPointExtension>
            <ns3:hr>162</ns3:hr>
          </ns3:TrackPointExtension>
        </extensions>
      </trkpt>
      <trkpt lat="24.4884682260453701019287109375" lon="118.10481511987745761871337890625">
        <ele>5.19999980926513671875</ele>
        <time>2024-11-17T12:50:47.000Z</time>
        <extensions>
          <ns3:TrackPointExtension>
            <ns3:hr>162</ns3:hr>
          </ns3:TrackPointExtension>
        </extensions>
      </trkpt>
      <trkpt lat="24.4884980656206607818603515625" lon="118.1048286147415637969970703125">
        <ele>5</ele>
        <time>2024-11-17T12:50:48.000Z</time>
        <extensions>
          <ns3:TrackPointExtension>
            <ns3:hr>162</ns3:hr>
          </ns3:TrackPointExtension>
        </extensions>
      </trkpt>
      <trkpt lat="24.48852849192917346954345703125" lon="118.10484026558697223663330078125">
        <ele>5</ele>
        <time>2024-11-17T12:50:49.000Z</time>
        <extensions>
          <ns3:TrackPointExtension>
            <ns3:hr>160</ns3:hr>
          </ns3:TrackPointExtension>
        </extensions>
      </trkpt>
      <trkpt lat="24.48855900205671787261962890625" lon="118.10485032387077808380126953125">
        <ele>5</ele>
        <time>2024-11-17T12:50:50.000Z</time>
        <extensions>
          <ns3:TrackPointExtension>
            <ns3:hr>160</ns3:hr>
          </ns3:TrackPointExtension>
        </extensions>
      </trkpt>
      <trkpt lat="24.488588757812976837158203125" lon="118.10485996305942535400390625">
        <ele>5</ele>
        <time>2024-11-17T12:50:51.000Z</time>
        <extensions>
          <ns3:TrackPointExtension>
            <ns3:hr>160</ns3:hr>
          </ns3:TrackPointExtension>
        </extensions>
      </trkpt>
      <trkpt lat="24.48861817829310894012451171875" lon="118.10486926697194576263427734375">
        <ele>5</ele>
        <time>2024-11-17T12:50:52.000Z</time>
        <extensions>
          <ns3:TrackPointExtension>
            <ns3:hr>160</ns3:hr>
          </ns3:TrackPointExtension>
        </extensions>
      </trkpt>
      <trkpt lat="24.4886489398777484893798828125" lon="118.10487781651318073272705078125">
        <ele>5</ele>
        <time>2024-11-17T12:50:53.000Z</time>
        <extensions>
          <ns3:TrackPointExtension>
            <ns3:hr>160</ns3:hr>
          </ns3:TrackPointExtension>
        </extensions>
      </trkpt>
      <trkpt lat="24.488681294023990631103515625" lon="118.10488519258797168731689453125">
        <ele>5</ele>
        <time>2024-11-17T12:50:54.000Z</time>
        <extensions>
          <ns3:TrackPointExtension>
            <ns3:hr>160</ns3:hr>
          </ns3:TrackPointExtension>
        </extensions>
      </trkpt>
      <trkpt lat="24.48871423490345478057861328125" lon="118.1048916466534137725830078125">
        <ele>5</ele>
        <time>2024-11-17T12:50:55.000Z</time>
        <extensions>
          <ns3:TrackPointExtension>
            <ns3:hr>160</ns3:hr>
          </ns3:TrackPointExtension>
        </extensions>
      </trkpt>
      <trkpt lat="24.4887465052306652069091796875" lon="118.10489692725241184234619140625">
        <ele>5</ele>
        <time>2024-11-17T12:50:56.000Z</time>
        <extensions>
          <ns3:TrackPointExtension>
            <ns3:hr>160</ns3:hr>
          </ns3:TrackPointExtension>
        </extensions>
      </trkpt>
      <trkpt lat="24.4887776859104633331298828125" lon="118.104900531470775604248046875">
        <ele>4.80000019073486328125</ele>
        <time>2024-11-17T12:50:57.000Z</time>
        <extensions>
          <ns3:TrackPointExtension>
            <ns3:hr>160</ns3:hr>
          </ns3:TrackPointExtension>
        </extensions>
      </trkpt>
      <trkpt lat="24.4888081960380077362060546875" lon="118.1049027107656002044677734375">
        <ele>4.599999904632568359375</ele>
        <time>2024-11-17T12:50:58.000Z</time>
        <extensions>
          <ns3:TrackPointExtension>
            <ns3:hr>160</ns3:hr>
          </ns3:TrackPointExtension>
        </extensions>
      </trkpt>
      <trkpt lat="24.48883929289877414703369140625" lon="118.10490413568913936614990234375">
        <ele>4.599999904632568359375</ele>
        <time>2024-11-17T12:50:59.000Z</time>
        <extensions>
          <ns3:TrackPointExtension>
            <ns3:hr>160</ns3:hr>
          </ns3:TrackPointExtension>
        </extensions>
      </trkpt>
      <trkpt lat="24.4888712279498577117919921875" lon="118.10490480624139308929443359375">
        <ele>4.599999904632568359375</ele>
        <time>2024-11-17T12:51:00.000Z</time>
        <extensions>
          <ns3:TrackPointExtension>
            <ns3:hr>160</ns3:hr>
          </ns3:TrackPointExtension>
        </extensions>
      </trkpt>
      <trkpt lat="24.48890349827706813812255859375" lon="118.10490447096526622772216796875">
        <ele>4.80000019073486328125</ele>
        <time>2024-11-17T12:51:01.000Z</time>
        <extensions>
          <ns3:TrackPointExtension>
            <ns3:hr>160</ns3:hr>
          </ns3:TrackPointExtension>
        </extensions>
      </trkpt>
      <trkpt lat="24.48893568478524684906005859375" lon="118.1049033813178539276123046875">
        <ele>4.80000019073486328125</ele>
        <time>2024-11-17T12:51:02.000Z</time>
        <extensions>
          <ns3:TrackPointExtension>
            <ns3:hr>160</ns3:hr>
          </ns3:TrackPointExtension>
        </extensions>
      </trkpt>
      <trkpt lat="24.48896870948374271392822265625" lon="118.1049020402133464813232421875">
        <ele>5</ele>
        <time>2024-11-17T12:51:03.000Z</time>
        <extensions>
          <ns3:TrackPointExtension>
            <ns3:hr>161</ns3:hr>
          </ns3:TrackPointExtension>
        </extensions>
      </trkpt>
      <trkpt lat="24.48900190182030200958251953125" lon="118.10490061528980731964111328125">
        <ele>5</ele>
        <time>2024-11-17T12:51:04.000Z</time>
        <extensions>
          <ns3:TrackPointExtension>
            <ns3:hr>159</ns3:hr>
          </ns3:TrackPointExtension>
        </extensions>
      </trkpt>
      <trkpt lat="24.4890341721475124359130859375" lon="118.10489885509014129638671875">
        <ele>4.80000019073486328125</ele>
        <time>2024-11-17T12:51:05.000Z</time>
        <extensions>
          <ns3:TrackPointExtension>
            <ns3:hr>159</ns3:hr>
          </ns3:TrackPointExtension>
        </extensions>
      </trkpt>
      <trkpt lat="24.4890656881034374237060546875" lon="118.104896508157253265380859375">
        <ele>4.400000095367431640625</ele>
        <time>2024-11-17T12:51:06.000Z</time>
        <extensions>
          <ns3:TrackPointExtension>
            <ns3:hr>159</ns3:hr>
          </ns3:TrackPointExtension>
        </extensions>
      </trkpt>
      <trkpt lat="24.489097036421298980712890625" lon="118.1048926524817943572998046875">
        <ele>4.19999980926513671875</ele>
        <time>2024-11-17T12:51:07.000Z</time>
        <extensions>
          <ns3:TrackPointExtension>
            <ns3:hr>159</ns3:hr>
          </ns3:TrackPointExtension>
        </extensions>
      </trkpt>
      <trkpt lat="24.48912830092012882232666015625" lon="118.104887120425701141357421875">
        <ele>4</ele>
        <time>2024-11-17T12:51:08.000Z</time>
        <extensions>
          <ns3:TrackPointExtension>
            <ns3:hr>159</ns3:hr>
          </ns3:TrackPointExtension>
        </extensions>
      </trkpt>
      <trkpt lat="24.48915964923799037933349609375" lon="118.10488083399832248687744140625">
        <ele>3.7999999523162841796875</ele>
        <time>2024-11-17T12:51:09.000Z</time>
        <extensions>
          <ns3:TrackPointExtension>
            <ns3:hr>159</ns3:hr>
          </ns3:TrackPointExtension>
        </extensions>
      </trkpt>
      <trkpt lat="24.489190578460693359375" lon="118.104874379932880401611328125">
        <ele>3.7999999523162841796875</ele>
        <time>2024-11-17T12:51:10.000Z</time>
        <extensions>
          <ns3:TrackPointExtension>
            <ns3:hr>159</ns3:hr>
          </ns3:TrackPointExtension>
        </extensions>
      </trkpt>
      <trkpt lat="24.4892205856740474700927734375" lon="118.10486725531518459320068359375">
        <ele>3.7999999523162841796875</ele>
        <time>2024-11-17T12:51:11.000Z</time>
        <extensions>
          <ns3:TrackPointExtension>
            <ns3:hr>159</ns3:hr>
          </ns3:TrackPointExtension>
        </extensions>
      </trkpt>
      <trkpt lat="24.4892500899732112884521484375" lon="118.10485920868813991546630859375">
        <ele>3.7999999523162841796875</ele>
        <time>2024-11-17T12:51:12.000Z</time>
        <extensions>
          <ns3:TrackPointExtension>
            <ns3:hr>159</ns3:hr>
          </ns3:TrackPointExtension>
        </extensions>
      </trkpt>
      <trkpt lat="24.4892799295485019683837890625" lon="118.1048504076898097991943359375">
        <ele>3.7999999523162841796875</ele>
        <time>2024-11-17T12:51:13.000Z</time>
        <extensions>
          <ns3:TrackPointExtension>
            <ns3:hr>159</ns3:hr>
          </ns3:TrackPointExtension>
        </extensions>
      </trkpt>
      <trkpt lat="24.4893099367618560791015625" lon="118.10484110377728939056396484375">
        <ele>4</ele>
        <time>2024-11-17T12:51:14.000Z</time>
        <extensions>
          <ns3:TrackPointExtension>
            <ns3:hr>159</ns3:hr>
          </ns3:TrackPointExtension>
        </extensions>
      </trkpt>
      <trkpt lat="24.48933952488005161285400390625" lon="118.10483188368380069732666015625">
        <ele>4</ele>
        <time>2024-11-17T12:51:15.000Z</time>
        <extensions>
          <ns3:TrackPointExtension>
            <ns3:hr>159</ns3:hr>
          </ns3:TrackPointExtension>
        </extensions>
      </trkpt>
      <trkpt lat="24.48936902917921543121337890625" lon="118.1048219092190265655517578125">
        <ele>3.599999904632568359375</ele>
        <time>2024-11-17T12:51:16.000Z</time>
        <extensions>
          <ns3:TrackPointExtension>
            <ns3:hr>159</ns3:hr>
          </ns3:TrackPointExtension>
        </extensions>
      </trkpt>
      <trkpt lat="24.4893984496593475341796875" lon="118.10481042601168155670166015625">
        <ele>3.400000095367431640625</ele>
        <time>2024-11-17T12:51:17.000Z</time>
        <extensions>
          <ns3:TrackPointExtension>
            <ns3:hr>159</ns3:hr>
          </ns3:TrackPointExtension>
        </extensions>
      </trkpt>
      <trkpt lat="24.48942719958722591400146484375" lon="118.10479684732854366302490234375">
        <ele>3.2000000476837158203125</ele>
        <time>2024-11-17T12:51:18.000Z</time>
        <extensions>
          <ns3:TrackPointExtension>
            <ns3:hr>159</ns3:hr>
          </ns3:TrackPointExtension>
        </extensions>
      </trkpt>
      <trkpt lat="24.4894549436867237091064453125" lon="118.10478092171251773834228515625">
        <ele>3</ele>
        <time>2024-11-17T12:51:19.000Z</time>
        <extensions>
          <ns3:TrackPointExtension>
            <ns3:hr>159</ns3:hr>
          </ns3:TrackPointExtension>
        </extensions>
      </trkpt>
      <trkpt lat="24.48948235251009464263916015625" lon="118.10476365499198436737060546875">
        <ele>3</ele>
        <time>2024-11-17T12:51:20.000Z</time>
        <extensions>
          <ns3:TrackPointExtension>
            <ns3:hr>159</ns3:hr>
          </ns3:TrackPointExtension>
        </extensions>
      </trkpt>
      <trkpt lat="24.4895095936954021453857421875" lon="118.104746975004673004150390625">
        <ele>2.7999999523162841796875</ele>
        <time>2024-11-17T12:51:21.000Z</time>
        <extensions>
          <ns3:TrackPointExtension>
            <ns3:hr>159</ns3:hr>
          </ns3:TrackPointExtension>
        </extensions>
      </trkpt>
      <trkpt lat="24.489536583423614501953125" lon="118.10473247431218624114990234375">
        <ele>2.7999999523162841796875</ele>
        <time>2024-11-17T12:51:22.000Z</time>
        <extensions>
          <ns3:TrackPointExtension>
            <ns3:hr>159</ns3:hr>
          </ns3:TrackPointExtension>
        </extensions>
      </trkpt>
      <trkpt lat="24.48956332169473171234130859375" lon="118.10471923090517520904541015625">
        <ele>2.599999904632568359375</ele>
        <time>2024-11-17T12:51:23.000Z</time>
        <extensions>
          <ns3:TrackPointExtension>
            <ns3:hr>159</ns3:hr>
          </ns3:TrackPointExtension>
        </extensions>
      </trkpt>
      <trkpt lat="24.4895900599658489227294921875" lon="118.1047050654888153076171875">
        <ele>2.599999904632568359375</ele>
        <time>2024-11-17T12:51:24.000Z</time>
        <extensions>
          <ns3:TrackPointExtension>
            <ns3:hr>159</ns3:hr>
          </ns3:TrackPointExtension>
        </extensions>
      </trkpt>
      <trkpt lat="24.48961746878921985626220703125" lon="118.1046884693205356597900390625">
        <ele>2.599999904632568359375</ele>
        <time>2024-11-17T12:51:25.000Z</time>
        <extensions>
          <ns3:TrackPointExtension>
            <ns3:hr>159</ns3:hr>
          </ns3:TrackPointExtension>
        </extensions>
      </trkpt>
      <trkpt lat="24.48964454233646392822265625" lon="118.10466961003839969635009765625">
        <ele>2.7999999523162841796875</ele>
        <time>2024-11-17T12:51:26.000Z</time>
        <extensions>
          <ns3:TrackPointExtension>
            <ns3:hr>160</ns3:hr>
          </ns3:TrackPointExtension>
        </extensions>
      </trkpt>
      <trkpt lat="24.489670358598232269287109375" lon="118.10464949347078800201416015625">
        <ele>3</ele>
        <time>2024-11-17T12:51:27.000Z</time>
        <extensions>
          <ns3:TrackPointExtension>
            <ns3:hr>160</ns3:hr>
          </ns3:TrackPointExtension>
        </extensions>
      </trkpt>
      <trkpt lat="24.48969491757452487945556640625" lon="118.104628957808017730712890625">
        <ele>3</ele>
        <time>2024-11-17T12:51:28.000Z</time>
        <extensions>
          <ns3:TrackPointExtension>
            <ns3:hr>160</ns3:hr>
          </ns3:TrackPointExtension>
        </extensions>
      </trkpt>
      <trkpt lat="24.489718638360500335693359375" lon="118.1046085059642791748046875">
        <ele>3.2000000476837158203125</ele>
        <time>2024-11-17T12:51:29.000Z</time>
        <extensions>
          <ns3:TrackPointExtension>
            <ns3:hr>160</ns3:hr>
          </ns3:TrackPointExtension>
        </extensions>
      </trkpt>
      <trkpt lat="24.4897422753274440765380859375" lon="118.1045878864824771881103515625">
        <ele>3.400000095367431640625</ele>
        <time>2024-11-17T12:51:30.000Z</time>
        <extensions>
          <ns3:TrackPointExtension>
            <ns3:hr>160</ns3:hr>
          </ns3:TrackPointExtension>
        </extensions>
      </trkpt>
      <trkpt lat="24.4897660799324512481689453125" lon="118.1045664288103580474853515625">
        <ele>3.400000095367431640625</ele>
        <time>2024-11-17T12:51:31.000Z</time>
        <extensions>
          <ns3:TrackPointExtension>
            <ns3:hr>160</ns3:hr>
          </ns3:TrackPointExtension>
        </extensions>
      </trkpt>
      <trkpt lat="24.48978879489004611968994140625" lon="118.10454337857663631439208984375">
        <ele>3.599999904632568359375</ele>
        <time>2024-11-17T12:51:32.000Z</time>
        <extensions>
          <ns3:TrackPointExtension>
            <ns3:hr>160</ns3:hr>
          </ns3:TrackPointExtension>
        </extensions>
      </trkpt>
      <trkpt lat="24.48980907909572124481201171875" lon="118.10451806522905826568603515625">
        <ele>3.7999999523162841796875</ele>
        <time>2024-11-17T12:51:33.000Z</time>
        <extensions>
          <ns3:TrackPointExtension>
            <ns3:hr>159</ns3:hr>
          </ns3:TrackPointExtension>
        </extensions>
      </trkpt>
      <trkpt lat="24.4898276031017303466796875" lon="118.10449115931987762451171875">
        <ele>4</ele>
        <time>2024-11-17T12:51:34.000Z</time>
        <extensions>
          <ns3:TrackPointExtension>
            <ns3:hr>158</ns3:hr>
          </ns3:TrackPointExtension>
        </extensions>
      </trkpt>
      <trkpt lat="24.4898458756506443023681640625" lon="118.1044634990394115447998046875">
        <ele>4.19999980926513671875</ele>
        <time>2024-11-17T12:51:35.000Z</time>
        <extensions>
          <ns3:TrackPointExtension>
            <ns3:hr>158</ns3:hr>
          </ns3:TrackPointExtension>
        </extensions>
      </trkpt>
      <trkpt lat="24.4898651540279388427734375" lon="118.104435838758945465087890625">
        <ele>4.400000095367431640625</ele>
        <time>2024-11-17T12:51:36.000Z</time>
        <extensions>
          <ns3:TrackPointExtension>
            <ns3:hr>158</ns3:hr>
          </ns3:TrackPointExtension>
        </extensions>
      </trkpt>
      <trkpt lat="24.4898851029574871063232421875" lon="118.10440876521170139312744140625">
        <ele>4.400000095367431640625</ele>
        <time>2024-11-17T12:51:37.000Z</time>
        <extensions>
          <ns3:TrackPointExtension>
            <ns3:hr>158</ns3:hr>
          </ns3:TrackPointExtension>
        </extensions>
      </trkpt>
      <trkpt lat="24.48990471661090850830078125" lon="118.104381859302520751953125">
        <ele>4.599999904632568359375</ele>
        <time>2024-11-17T12:51:38.000Z</time>
        <extensions>
          <ns3:TrackPointExtension>
            <ns3:hr>158</ns3:hr>
          </ns3:TrackPointExtension>
        </extensions>
      </trkpt>
      <trkpt lat="24.4899236597120761871337890625" lon="118.104355037212371826171875">
        <ele>4.599999904632568359375</ele>
        <time>2024-11-17T12:51:39.000Z</time>
        <extensions>
          <ns3:TrackPointExtension>
            <ns3:hr>158</ns3:hr>
          </ns3:TrackPointExtension>
        </extensions>
      </trkpt>
      <trkpt lat="24.4899424351751804351806640625" lon="118.104327209293842315673828125">
        <ele>4.80000019073486328125</ele>
        <time>2024-11-17T12:51:40.000Z</time>
        <extensions>
          <ns3:TrackPointExtension>
            <ns3:hr>155</ns3:hr>
          </ns3:TrackPointExtension>
        </extensions>
      </trkpt>
      <trkpt lat="24.48996129445731639862060546875" lon="118.104298375546932220458984375">
        <ele>5</ele>
        <time>2024-11-17T12:51:41.000Z</time>
        <extensions>
          <ns3:TrackPointExtension>
            <ns3:hr>155</ns3:hr>
          </ns3:TrackPointExtension>
        </extensions>
      </trkpt>
      <trkpt lat="24.48997923173010349273681640625" lon="118.1042690388858318328857421875">
        <ele>5.19999980926513671875</ele>
        <time>2024-11-17T12:51:42.000Z</time>
        <extensions>
          <ns3:TrackPointExtension>
            <ns3:hr>155</ns3:hr>
          </ns3:TrackPointExtension>
        </extensions>
      </trkpt>
      <trkpt lat="24.4899954088032245635986328125" lon="118.10424012131989002227783203125">
        <ele>5.19999980926513671875</ele>
        <time>2024-11-17T12:51:43.000Z</time>
        <extensions>
          <ns3:TrackPointExtension>
            <ns3:hr>155</ns3:hr>
          </ns3:TrackPointExtension>
        </extensions>
      </trkpt>
      <trkpt lat="24.49001024477183818817138671875" lon="118.1042115390300750732421875">
        <ele>5.400000095367431640625</ele>
        <time>2024-11-17T12:51:44.000Z</time>
        <extensions>
          <ns3:TrackPointExtension>
            <ns3:hr>155</ns3:hr>
          </ns3:TrackPointExtension>
        </extensions>
      </trkpt>
      <trkpt lat="24.49002449400722980499267578125" lon="118.104182370007038116455078125">
        <ele>5.400000095367431640625</ele>
        <time>2024-11-17T12:51:45.000Z</time>
        <extensions>
          <ns3:TrackPointExtension>
            <ns3:hr>155</ns3:hr>
          </ns3:TrackPointExtension>
        </extensions>
      </trkpt>
      <trkpt lat="24.4900383241474628448486328125" lon="118.10415160842239856719970703125">
        <ele>5.19999980926513671875</ele>
        <time>2024-11-17T12:51:46.000Z</time>
        <extensions>
          <ns3:TrackPointExtension>
            <ns3:hr>155</ns3:hr>
          </ns3:TrackPointExtension>
        </extensions>
      </trkpt>
      <trkpt lat="24.49005089700222015380859375" lon="118.10411967337131500244140625">
        <ele>5.19999980926513671875</ele>
        <time>2024-11-17T12:51:47.000Z</time>
        <extensions>
          <ns3:TrackPointExtension>
            <ns3:hr>155</ns3:hr>
          </ns3:TrackPointExtension>
        </extensions>
      </trkpt>
      <trkpt lat="24.49006187729537487030029296875" lon="118.10408740304410457611083984375">
        <ele>5.19999980926513671875</ele>
        <time>2024-11-17T12:51:48.000Z</time>
        <extensions>
          <ns3:TrackPointExtension>
            <ns3:hr>155</ns3:hr>
          </ns3:TrackPointExtension>
        </extensions>
      </trkpt>
      <trkpt lat="24.4900715164840221405029296875" lon="118.1040551327168941497802734375">
        <ele>5.19999980926513671875</ele>
        <time>2024-11-17T12:51:49.000Z</time>
        <extensions>
          <ns3:TrackPointExtension>
            <ns3:hr>155</ns3:hr>
          </ns3:TrackPointExtension>
        </extensions>
      </trkpt>
      <trkpt lat="24.4900798983871936798095703125" lon="118.10402219183743000030517578125">
        <ele>5.19999980926513671875</ele>
        <time>2024-11-17T12:51:50.000Z</time>
        <extensions>
          <ns3:TrackPointExtension>
            <ns3:hr>155</ns3:hr>
          </ns3:TrackPointExtension>
        </extensions>
      </trkpt>
      <trkpt lat="24.490086771547794342041015625" lon="118.10398832894861698150634765625">
        <ele>5</ele>
        <time>2024-11-17T12:51:51.000Z</time>
        <extensions>
          <ns3:TrackPointExtension>
            <ns3:hr>155</ns3:hr>
          </ns3:TrackPointExtension>
        </extensions>
      </trkpt>
      <trkpt lat="24.49009825475513935089111328125" lon="118.1039180047810077667236328125">
        <ele>5</ele>
        <time>2024-11-17T12:51:52.000Z</time>
        <extensions>
          <ns3:TrackPointExtension>
            <ns3:hr>157</ns3:hr>
          </ns3:TrackPointExtension>
        </extensions>
      </trkpt>
      <trkpt lat="24.49010378681123256683349609375" lon="118.1038824655115604400634765625">
        <ele>5</ele>
        <time>2024-11-17T12:51:53.000Z</time>
        <extensions>
          <ns3:TrackPointExtension>
            <ns3:hr>157</ns3:hr>
          </ns3:TrackPointExtension>
        </extensions>
      </trkpt>
      <trkpt lat="24.4901087321341037750244140625" lon="118.1038472615182399749755859375">
        <ele>5</ele>
        <time>2024-11-17T12:51:54.000Z</time>
        <extensions>
          <ns3:TrackPointExtension>
            <ns3:hr>157</ns3:hr>
          </ns3:TrackPointExtension>
        </extensions>
      </trkpt>
      <trkpt lat="24.49011300690472126007080078125" lon="118.10381247662007808685302734375">
        <ele>5</ele>
        <time>2024-11-17T12:51:55.000Z</time>
        <extensions>
          <ns3:TrackPointExtension>
            <ns3:hr>157</ns3:hr>
          </ns3:TrackPointExtension>
        </extensions>
      </trkpt>
      <trkpt lat="24.49011669494211673736572265625" lon="118.10377769172191619873046875">
        <ele>5</ele>
        <time>2024-11-17T12:51:56.000Z</time>
        <extensions>
          <ns3:TrackPointExtension>
            <ns3:hr>158</ns3:hr>
          </ns3:TrackPointExtension>
        </extensions>
      </trkpt>
      <trkpt lat="24.4901197962462902069091796875" lon="118.10374290682375431060791015625">
        <ele>5</ele>
        <time>2024-11-17T12:51:57.000Z</time>
        <extensions>
          <ns3:TrackPointExtension>
            <ns3:hr>158</ns3:hr>
          </ns3:TrackPointExtension>
        </extensions>
      </trkpt>
      <trkpt lat="24.4901218079030513763427734375" lon="118.1037084572017192840576171875">
        <ele>5</ele>
        <time>2024-11-17T12:51:58.000Z</time>
        <extensions>
          <ns3:TrackPointExtension>
            <ns3:hr>158</ns3:hr>
          </ns3:TrackPointExtension>
        </extensions>
      </trkpt>
      <trkpt lat="24.4901231490075588226318359375" lon="118.1036745943129062652587890625">
        <ele>5</ele>
        <time>2024-11-17T12:51:59.000Z</time>
        <extensions>
          <ns3:TrackPointExtension>
            <ns3:hr>158</ns3:hr>
          </ns3:TrackPointExtension>
        </extensions>
      </trkpt>
      <trkpt lat="24.490124322474002838134765625" lon="118.10364064760506153106689453125">
        <ele>5</ele>
        <time>2024-11-17T12:52:00.000Z</time>
        <extensions>
          <ns3:TrackPointExtension>
            <ns3:hr>160</ns3:hr>
          </ns3:TrackPointExtension>
        </extensions>
      </trkpt>
      <trkpt lat="24.49012541212141513824462890625" lon="118.1036068685352802276611328125">
        <ele>5.19999980926513671875</ele>
        <time>2024-11-17T12:52:01.000Z</time>
        <extensions>
          <ns3:TrackPointExtension>
            <ns3:hr>160</ns3:hr>
          </ns3:TrackPointExtension>
        </extensions>
      </trkpt>
      <trkpt lat="24.49012599885463714599609375" lon="118.10357359237968921661376953125">
        <ele>5.19999980926513671875</ele>
        <time>2024-11-17T12:52:02.000Z</time>
        <extensions>
          <ns3:TrackPointExtension>
            <ns3:hr>160</ns3:hr>
          </ns3:TrackPointExtension>
        </extensions>
      </trkpt>
      <trkpt lat="24.4901254959404468536376953125" lon="118.1035404838621616363525390625">
        <ele>5.400000095367431640625</ele>
        <time>2024-11-17T12:52:03.000Z</time>
        <extensions>
          <ns3:TrackPointExtension>
            <ns3:hr>160</ns3:hr>
          </ns3:TrackPointExtension>
        </extensions>
      </trkpt>
      <trkpt lat="24.4901238195598125457763671875" lon="118.10350687243044376373291015625">
        <ele>5.599999904632568359375</ele>
        <time>2024-11-17T12:52:04.000Z</time>
        <extensions>
          <ns3:TrackPointExtension>
            <ns3:hr>160</ns3:hr>
          </ns3:TrackPointExtension>
        </extensions>
      </trkpt>
      <trkpt lat="24.49012105353176593780517578125" lon="118.1034730933606624603271484375">
        <ele>5.599999904632568359375</ele>
        <time>2024-11-17T12:52:05.000Z</time>
        <extensions>
          <ns3:TrackPointExtension>
            <ns3:hr>160</ns3:hr>
          </ns3:TrackPointExtension>
        </extensions>
      </trkpt>
      <trkpt lat="24.490117616951465606689453125" lon="118.10344048775732517242431640625">
        <ele>5.80000019073486328125</ele>
        <time>2024-11-17T12:52:06.000Z</time>
        <extensions>
          <ns3:TrackPointExtension>
            <ns3:hr>160</ns3:hr>
          </ns3:TrackPointExtension>
        </extensions>
      </trkpt>
      <trkpt lat="24.49011350981891155242919921875" lon="118.10340846888720989227294921875">
        <ele>6</ele>
        <time>2024-11-17T12:52:07.000Z</time>
        <extensions>
          <ns3:TrackPointExtension>
            <ns3:hr>160</ns3:hr>
          </ns3:TrackPointExtension>
        </extensions>
      </trkpt>
      <trkpt lat="24.4901090674102306365966796875" lon="118.1033758632838726043701171875">
        <ele>6</ele>
        <time>2024-11-17T12:52:08.000Z</time>
        <extensions>
          <ns3:TrackPointExtension>
            <ns3:hr>160</ns3:hr>
          </ns3:TrackPointExtension>
        </extensions>
      </trkpt>
      <trkpt lat="24.4901038706302642822265625" lon="118.1033426709473133087158203125">
        <ele>6.19999980926513671875</ele>
        <time>2024-11-17T12:52:10.000Z</time>
        <extensions>
          <ns3:TrackPointExtension>
            <ns3:hr>160</ns3:hr>
          </ns3:TrackPointExtension>
        </extensions>
      </trkpt>
      <trkpt lat="24.490097500383853912353515625" lon="118.1033098138868808746337890625">
        <ele>6.19999980926513671875</ele>
        <time>2024-11-17T12:52:11.000Z</time>
        <extensions>
          <ns3:TrackPointExtension>
            <ns3:hr>160</ns3:hr>
          </ns3:TrackPointExtension>
        </extensions>
      </trkpt>
      <trkpt lat="24.49008953757584095001220703125" lon="118.10327687300741672515869140625">
        <ele>6.400000095367431640625</ele>
        <time>2024-11-17T12:52:12.000Z</time>
        <extensions>
          <ns3:TrackPointExtension>
            <ns3:hr>160</ns3:hr>
          </ns3:TrackPointExtension>
        </extensions>
      </trkpt>
      <trkpt lat="24.49008048512041568756103515625" lon="118.10324317775666713714599609375">
        <ele>6.400000095367431640625</ele>
        <time>2024-11-17T12:52:13.000Z</time>
        <extensions>
          <ns3:TrackPointExtension>
            <ns3:hr>160</ns3:hr>
          </ns3:TrackPointExtension>
        </extensions>
      </trkpt>
      <trkpt lat="24.4900708459317684173583984375" lon="118.1032099016010761260986328125">
        <ele>6.400000095367431640625</ele>
        <time>2024-11-17T12:52:14.000Z</time>
        <extensions>
          <ns3:TrackPointExtension>
            <ns3:hr>160</ns3:hr>
          </ns3:TrackPointExtension>
        </extensions>
      </trkpt>
      <trkpt lat="24.49006087146699428558349609375" lon="118.10317729599773883819580078125">
        <ele>6.599999904632568359375</ele>
        <time>2024-11-17T12:52:15.000Z</time>
        <extensions>
          <ns3:TrackPointExtension>
            <ns3:hr>159</ns3:hr>
          </ns3:TrackPointExtension>
        </extensions>
      </trkpt>
      <trkpt lat="24.49005089700222015380859375" lon="118.103145025670528411865234375">
        <ele>6.599999904632568359375</ele>
        <time>2024-11-17T12:52:16.000Z</time>
        <extensions>
          <ns3:TrackPointExtension>
            <ns3:hr>159</ns3:hr>
          </ns3:TrackPointExtension>
        </extensions>
      </trkpt>
      <trkpt lat="24.49004075489938259124755859375" lon="118.1031130068004131317138671875">
        <ele>6.80000019073486328125</ele>
        <time>2024-11-17T12:52:17.000Z</time>
        <extensions>
          <ns3:TrackPointExtension>
            <ns3:hr>159</ns3:hr>
          </ns3:TrackPointExtension>
        </extensions>
      </trkpt>
      <trkpt lat="24.4900299422442913055419921875" lon="118.1030818261206150054931640625">
        <ele>6.80000019073486328125</ele>
        <time>2024-11-17T12:52:18.000Z</time>
        <extensions>
          <ns3:TrackPointExtension>
            <ns3:hr>159</ns3:hr>
          </ns3:TrackPointExtension>
        </extensions>
      </trkpt>
      <trkpt lat="24.4900175370275974273681640625" lon="118.10305123217403888702392578125">
        <ele>6.80000019073486328125</ele>
        <time>2024-11-17T12:52:19.000Z</time>
        <extensions>
          <ns3:TrackPointExtension>
            <ns3:hr>159</ns3:hr>
          </ns3:TrackPointExtension>
        </extensions>
      </trkpt>
      <trkpt lat="24.49000337161123752593994140625" lon="118.1030204705893993377685546875">
        <ele>7</ele>
        <time>2024-11-17T12:52:20.000Z</time>
        <extensions>
          <ns3:TrackPointExtension>
            <ns3:hr>159</ns3:hr>
          </ns3:TrackPointExtension>
        </extensions>
      </trkpt>
      <trkpt lat="24.48998786509037017822265625" lon="118.1029892899096012115478515625">
        <ele>7</ele>
        <time>2024-11-17T12:52:21.000Z</time>
        <extensions>
          <ns3:TrackPointExtension>
            <ns3:hr>159</ns3:hr>
          </ns3:TrackPointExtension>
        </extensions>
      </trkpt>
      <trkpt lat="24.48997168801724910736083984375" lon="118.1029587797820568084716796875">
        <ele>7</ele>
        <time>2024-11-17T12:52:22.000Z</time>
        <extensions>
          <ns3:TrackPointExtension>
            <ns3:hr>159</ns3:hr>
          </ns3:TrackPointExtension>
        </extensions>
      </trkpt>
      <trkpt lat="24.489954672753810882568359375" lon="118.1029296107590198516845703125">
        <ele>7</ele>
        <time>2024-11-17T12:52:23.000Z</time>
        <extensions>
          <ns3:TrackPointExtension>
            <ns3:hr>159</ns3:hr>
          </ns3:TrackPointExtension>
        </extensions>
      </trkpt>
      <trkpt lat="24.48993665166199207305908203125" lon="118.10290153138339519500732421875">
        <ele>7</ele>
        <time>2024-11-17T12:52:24.000Z</time>
        <extensions>
          <ns3:TrackPointExtension>
            <ns3:hr>159</ns3:hr>
          </ns3:TrackPointExtension>
        </extensions>
      </trkpt>
      <trkpt lat="24.48991720564663410186767578125" lon="118.1028739549219608306884765625">
        <ele>7</ele>
        <time>2024-11-17T12:52:25.000Z</time>
        <extensions>
          <ns3:TrackPointExtension>
            <ns3:hr>159</ns3:hr>
          </ns3:TrackPointExtension>
        </extensions>
      </trkpt>
      <trkpt lat="24.489896334707736968994140625" lon="118.1028462946414947509765625">
        <ele>7</ele>
        <time>2024-11-17T12:52:26.000Z</time>
        <extensions>
          <ns3:TrackPointExtension>
            <ns3:hr>159</ns3:hr>
          </ns3:TrackPointExtension>
        </extensions>
      </trkpt>
      <trkpt lat="24.48987479321658611297607421875" lon="118.1028193049132823944091796875">
        <ele>7</ele>
        <time>2024-11-17T12:52:27.000Z</time>
        <extensions>
          <ns3:TrackPointExtension>
            <ns3:hr>159</ns3:hr>
          </ns3:TrackPointExtension>
        </extensions>
      </trkpt>
      <trkpt lat="24.48985300026834011077880859375" lon="118.1027924828231334686279296875">
        <ele>7</ele>
        <time>2024-11-17T12:52:28.000Z</time>
        <extensions>
          <ns3:TrackPointExtension>
            <ns3:hr>159</ns3:hr>
          </ns3:TrackPointExtension>
        </extensions>
      </trkpt>
      <trkpt lat="24.48983087204396724700927734375" lon="118.10276557691395282745361328125">
        <ele>7</ele>
        <time>2024-11-17T12:52:29.000Z</time>
        <extensions>
          <ns3:TrackPointExtension>
            <ns3:hr>159</ns3:hr>
          </ns3:TrackPointExtension>
        </extensions>
      </trkpt>
      <trkpt lat="24.48980773799121379852294921875" lon="118.10273959301412105560302734375">
        <ele>7</ele>
        <time>2024-11-17T12:52:30.000Z</time>
        <extensions>
          <ns3:TrackPointExtension>
            <ns3:hr>159</ns3:hr>
          </ns3:TrackPointExtension>
        </extensions>
      </trkpt>
      <trkpt lat="24.48978393338620662689208984375" lon="118.1027162075042724609375">
        <ele>7.19999980926513671875</ele>
        <time>2024-11-17T12:52:31.000Z</time>
        <extensions>
          <ns3:TrackPointExtension>
            <ns3:hr>159</ns3:hr>
          </ns3:TrackPointExtension>
        </extensions>
      </trkpt>
      <trkpt lat="24.48975987732410430908203125" lon="118.1026947498321533203125">
        <ele>7.19999980926513671875</ele>
        <time>2024-11-17T12:52:32.000Z</time>
        <extensions>
          <ns3:TrackPointExtension>
            <ns3:hr>159</ns3:hr>
          </ns3:TrackPointExtension>
        </extensions>
      </trkpt>
      <trkpt lat="24.48973531834781169891357421875" lon="118.10267354361712932586669921875">
        <ele>7.400000095367431640625</ele>
        <time>2024-11-17T12:52:33.000Z</time>
        <extensions>
          <ns3:TrackPointExtension>
            <ns3:hr>159</ns3:hr>
          </ns3:TrackPointExtension>
        </extensions>
      </trkpt>
      <trkpt lat="24.48971084319055080413818359375" lon="118.1026531755924224853515625">
        <ele>7.400000095367431640625</ele>
        <time>2024-11-17T12:52:34.000Z</time>
        <extensions>
          <ns3:TrackPointExtension>
            <ns3:hr>159</ns3:hr>
          </ns3:TrackPointExtension>
        </extensions>
      </trkpt>
      <trkpt lat="24.4896859489381313323974609375" lon="118.10263347811996936798095703125">
        <ele>7.599999904632568359375</ele>
        <time>2024-11-17T12:52:35.000Z</time>
        <extensions>
          <ns3:TrackPointExtension>
            <ns3:hr>159</ns3:hr>
          </ns3:TrackPointExtension>
        </extensions>
      </trkpt>
      <trkpt lat="24.4896601326763629913330078125" lon="118.10261361300945281982421875">
        <ele>7.599999904632568359375</ele>
        <time>2024-11-17T12:52:36.000Z</time>
        <extensions>
          <ns3:TrackPointExtension>
            <ns3:hr>158</ns3:hr>
          </ns3:TrackPointExtension>
        </extensions>
      </trkpt>
      <trkpt lat="24.48963372968137264251708984375" lon="118.10259374789893627166748046875">
        <ele>7.80000019073486328125</ele>
        <time>2024-11-17T12:52:37.000Z</time>
        <extensions>
          <ns3:TrackPointExtension>
            <ns3:hr>158</ns3:hr>
          </ns3:TrackPointExtension>
        </extensions>
      </trkpt>
      <trkpt lat="24.4896071590483188629150390625" lon="118.10257463715970516204833984375">
        <ele>7.80000019073486328125</ele>
        <time>2024-11-17T12:52:38.000Z</time>
        <extensions>
          <ns3:TrackPointExtension>
            <ns3:hr>158</ns3:hr>
          </ns3:TrackPointExtension>
        </extensions>
      </trkpt>
      <trkpt lat="24.48958008550107479095458984375" lon="118.10255527496337890625">
        <ele>8</ele>
        <time>2024-11-17T12:52:39.000Z</time>
        <extensions>
          <ns3:TrackPointExtension>
            <ns3:hr>158</ns3:hr>
          </ns3:TrackPointExtension>
        </extensions>
      </trkpt>
      <trkpt lat="24.48955276049673557281494140625" lon="118.10253557749092578887939453125">
        <ele>8</ele>
        <time>2024-11-17T12:52:40.000Z</time>
        <extensions>
          <ns3:TrackPointExtension>
            <ns3:hr>158</ns3:hr>
          </ns3:TrackPointExtension>
        </extensions>
      </trkpt>
      <trkpt lat="24.48952518403530120849609375" lon="118.10251680202782154083251953125">
        <ele>8</ele>
        <time>2024-11-17T12:52:41.000Z</time>
        <extensions>
          <ns3:TrackPointExtension>
            <ns3:hr>158</ns3:hr>
          </ns3:TrackPointExtension>
        </extensions>
      </trkpt>
      <trkpt lat="24.48949702084064483642578125" lon="118.102499283850193023681640625">
        <ele>8</ele>
        <time>2024-11-17T12:52:42.000Z</time>
        <extensions>
          <ns3:TrackPointExtension>
            <ns3:hr>158</ns3:hr>
          </ns3:TrackPointExtension>
        </extensions>
      </trkpt>
      <trkpt lat="24.48946776799857616424560546875" lon="118.1024836935102939605712890625">
        <ele>8</ele>
        <time>2024-11-17T12:52:43.000Z</time>
        <extensions>
          <ns3:TrackPointExtension>
            <ns3:hr>158</ns3:hr>
          </ns3:TrackPointExtension>
        </extensions>
      </trkpt>
      <trkpt lat="24.48943776078522205352783203125" lon="118.10247103683650493621826171875">
        <ele>8.19999980926513671875</ele>
        <time>2024-11-17T12:52:44.000Z</time>
        <extensions>
          <ns3:TrackPointExtension>
            <ns3:hr>158</ns3:hr>
          </ns3:TrackPointExtension>
        </extensions>
      </trkpt>
      <trkpt lat="24.48940792120993137359619140625" lon="118.10246131382882595062255859375">
        <ele>8.19999980926513671875</ele>
        <time>2024-11-17T12:52:45.000Z</time>
        <extensions>
          <ns3:TrackPointExtension>
            <ns3:hr>158</ns3:hr>
          </ns3:TrackPointExtension>
        </extensions>
      </trkpt>
      <trkpt lat="24.48937791399657726287841796875" lon="118.102453015744686126708984375">
        <ele>8.19999980926513671875</ele>
        <time>2024-11-17T12:52:46.000Z</time>
        <extensions>
          <ns3:TrackPointExtension>
            <ns3:hr>158</ns3:hr>
          </ns3:TrackPointExtension>
        </extensions>
      </trkpt>
      <trkpt lat="24.48934773914515972137451171875" lon="118.1024448014795780181884765625">
        <ele>8.3999996185302734375</ele>
        <time>2024-11-17T12:52:47.000Z</time>
        <extensions>
          <ns3:TrackPointExtension>
            <ns3:hr>158</ns3:hr>
          </ns3:TrackPointExtension>
        </extensions>
      </trkpt>
      <trkpt lat="24.48931731283664703369140625" lon="118.102436251938343048095703125">
        <ele>8.3999996185302734375</ele>
        <time>2024-11-17T12:52:48.000Z</time>
        <extensions>
          <ns3:TrackPointExtension>
            <ns3:hr>158</ns3:hr>
          </ns3:TrackPointExtension>
        </extensions>
      </trkpt>
      <trkpt lat="24.48928655125200748443603515625" lon="118.1024273671209812164306640625">
        <ele>8.6000003814697265625</ele>
        <time>2024-11-17T12:52:49.000Z</time>
        <extensions>
          <ns3:TrackPointExtension>
            <ns3:hr>158</ns3:hr>
          </ns3:TrackPointExtension>
        </extensions>
      </trkpt>
      <trkpt lat="24.48925520293414592742919921875" lon="118.1024186499416828155517578125">
        <ele>8.6000003814697265625</ele>
        <time>2024-11-17T12:52:50.000Z</time>
        <extensions>
          <ns3:TrackPointExtension>
            <ns3:hr>158</ns3:hr>
          </ns3:TrackPointExtension>
        </extensions>
      </trkpt>
      <trkpt lat="24.48922418989241123199462890625" lon="118.10241085477173328399658203125">
        <ele>8.80000019073486328125</ele>
        <time>2024-11-17T12:52:51.000Z</time>
        <extensions>
          <ns3:TrackPointExtension>
            <ns3:hr>158</ns3:hr>
          </ns3:TrackPointExtension>
        </extensions>
      </trkpt>
      <trkpt lat="24.489193595945835113525390625" lon="118.1024049036204814910888671875">
        <ele>9</ele>
        <time>2024-11-17T12:52:52.000Z</time>
        <extensions>
          <ns3:TrackPointExtension>
            <ns3:hr>156</ns3:hr>
          </ns3:TrackPointExtension>
        </extensions>
      </trkpt>
      <trkpt lat="24.489162750542163848876953125" lon="118.10240029357373714447021484375">
        <ele>9.19999980926513671875</ele>
        <time>2024-11-17T12:52:53.000Z</time>
        <extensions>
          <ns3:TrackPointExtension>
            <ns3:hr>156</ns3:hr>
          </ns3:TrackPointExtension>
        </extensions>
      </trkpt>
      <trkpt lat="24.48913198895752429962158203125" lon="118.10239610262215137481689453125">
        <ele>9.6000003814697265625</ele>
        <time>2024-11-17T12:52:54.000Z</time>
        <extensions>
          <ns3:TrackPointExtension>
            <ns3:hr>156</ns3:hr>
          </ns3:TrackPointExtension>
        </extensions>
      </trkpt>
      <trkpt lat="24.48910114355385303497314453125" lon="118.102391324937343597412109375">
        <ele>9.80000019073486328125</ele>
        <time>2024-11-17T12:52:55.000Z</time>
        <extensions>
          <ns3:TrackPointExtension>
            <ns3:hr>156</ns3:hr>
          </ns3:TrackPointExtension>
        </extensions>
      </trkpt>
      <trkpt lat="24.4890703819692134857177734375" lon="118.10238587670028209686279296875">
        <ele>10</ele>
        <time>2024-11-17T12:52:56.000Z</time>
        <extensions>
          <ns3:TrackPointExtension>
            <ns3:hr>156</ns3:hr>
          </ns3:TrackPointExtension>
        </extensions>
      </trkpt>
      <trkpt lat="24.4890402071177959442138671875" lon="118.1023804284632205963134765625">
        <ele>10.19999980926513671875</ele>
        <time>2024-11-17T12:52:57.000Z</time>
        <extensions>
          <ns3:TrackPointExtension>
            <ns3:hr>156</ns3:hr>
          </ns3:TrackPointExtension>
        </extensions>
      </trkpt>
      <trkpt lat="24.4890103675425052642822265625" lon="118.10237531550228595733642578125">
        <ele>10.3999996185302734375</ele>
        <time>2024-11-17T12:52:58.000Z</time>
        <extensions>
          <ns3:TrackPointExtension>
            <ns3:hr>156</ns3:hr>
          </ns3:TrackPointExtension>
        </extensions>
      </trkpt>
      <trkpt lat="24.48897927068173885345458984375" lon="118.102370202541351318359375">
        <ele>10.3999996185302734375</ele>
        <time>2024-11-17T12:52:59.000Z</time>
        <extensions>
          <ns3:TrackPointExtension>
            <ns3:hr>156</ns3:hr>
          </ns3:TrackPointExtension>
        </extensions>
      </trkpt>
      <trkpt lat="24.48894708417356014251708984375" lon="118.10236550867557525634765625">
        <ele>10.6000003814697265625</ele>
        <time>2024-11-17T12:53:00.000Z</time>
        <extensions>
          <ns3:TrackPointExtension>
            <ns3:hr>156</ns3:hr>
          </ns3:TrackPointExtension>
        </extensions>
      </trkpt>
      <trkpt lat="24.4889151491224765777587890625" lon="118.1023623235523700714111328125">
        <ele>10.6000003814697265625</ele>
        <time>2024-11-17T12:53:01.000Z</time>
        <extensions>
          <ns3:TrackPointExtension>
            <ns3:hr>156</ns3:hr>
          </ns3:TrackPointExtension>
        </extensions>
      </trkpt>
      <trkpt lat="24.48888405226171016693115234375" lon="118.10236106626689434051513671875">
        <ele>10.80000019073486328125</ele>
        <time>2024-11-17T12:53:02.000Z</time>
        <extensions>
          <ns3:TrackPointExtension>
            <ns3:hr>156</ns3:hr>
          </ns3:TrackPointExtension>
        </extensions>
      </trkpt>
      <trkpt lat="24.48885262012481689453125" lon="118.1023616530001163482666015625">
        <ele>10.80000019073486328125</ele>
        <time>2024-11-17T12:53:03.000Z</time>
        <extensions>
          <ns3:TrackPointExtension>
            <ns3:hr>156</ns3:hr>
          </ns3:TrackPointExtension>
        </extensions>
      </trkpt>
      <trkpt lat="24.4888206012547016143798828125" lon="118.1023639999330043792724609375">
        <ele>11</ele>
        <time>2024-11-17T12:53:04.000Z</time>
        <extensions>
          <ns3:TrackPointExtension>
            <ns3:hr>156</ns3:hr>
          </ns3:TrackPointExtension>
        </extensions>
      </trkpt>
      <trkpt lat="24.488789252936840057373046875" lon="118.102367855608463287353515625">
        <ele>11</ele>
        <time>2024-11-17T12:53:05.000Z</time>
        <extensions>
          <ns3:TrackPointExtension>
            <ns3:hr>156</ns3:hr>
          </ns3:TrackPointExtension>
        </extensions>
      </trkpt>
      <trkpt lat="24.4887589104473590850830078125" lon="118.102372549474239349365234375">
        <ele>11</ele>
        <time>2024-11-17T12:53:06.000Z</time>
        <extensions>
          <ns3:TrackPointExtension>
            <ns3:hr>156</ns3:hr>
          </ns3:TrackPointExtension>
        </extensions>
      </trkpt>
      <trkpt lat="24.488728903234004974365234375" lon="118.1023777462542057037353515625">
        <ele>11</ele>
        <time>2024-11-17T12:53:07.000Z</time>
        <extensions>
          <ns3:TrackPointExtension>
            <ns3:hr>156</ns3:hr>
          </ns3:TrackPointExtension>
        </extensions>
      </trkpt>
      <trkpt lat="24.4886983931064605712890625" lon="118.102383278310298919677734375">
        <ele>11</ele>
        <time>2024-11-17T12:53:08.000Z</time>
        <extensions>
          <ns3:TrackPointExtension>
            <ns3:hr>157</ns3:hr>
          </ns3:TrackPointExtension>
        </extensions>
      </trkpt>
      <trkpt lat="24.48866821825504302978515625" lon="118.10238964855670928955078125">
        <ele>10.80000019073486328125</ele>
        <time>2024-11-17T12:53:09.000Z</time>
        <extensions>
          <ns3:TrackPointExtension>
            <ns3:hr>157</ns3:hr>
          </ns3:TrackPointExtension>
        </extensions>
      </trkpt>
      <trkpt lat="24.48863804340362548828125" lon="118.10239677317440509796142578125">
        <ele>10.6000003814697265625</ele>
        <time>2024-11-17T12:53:10.000Z</time>
        <extensions>
          <ns3:TrackPointExtension>
            <ns3:hr>157</ns3:hr>
          </ns3:TrackPointExtension>
        </extensions>
      </trkpt>
      <trkpt lat="24.48860711418092250823974609375" lon="118.102404735982418060302734375">
        <ele>10.6000003814697265625</ele>
        <time>2024-11-17T12:53:11.000Z</time>
        <extensions>
          <ns3:TrackPointExtension>
            <ns3:hr>157</ns3:hr>
          </ns3:TrackPointExtension>
        </extensions>
      </trkpt>
      <trkpt lat="24.4885761849582195281982421875" lon="118.1024142913520336151123046875">
        <ele>10.6000003814697265625</ele>
        <time>2024-11-17T12:53:12.000Z</time>
        <extensions>
          <ns3:TrackPointExtension>
            <ns3:hr>157</ns3:hr>
          </ns3:TrackPointExtension>
        </extensions>
      </trkpt>
      <trkpt lat="24.48854626156389713287353515625" lon="118.10242527164518833160400390625">
        <ele>10.6000003814697265625</ele>
        <time>2024-11-17T12:53:13.000Z</time>
        <extensions>
          <ns3:TrackPointExtension>
            <ns3:hr>157</ns3:hr>
          </ns3:TrackPointExtension>
        </extensions>
      </trkpt>
      <trkpt lat="24.48851742781698703765869140625" lon="118.1024374254047870635986328125">
        <ele>10.6000003814697265625</ele>
        <time>2024-11-17T12:53:14.000Z</time>
        <extensions>
          <ns3:TrackPointExtension>
            <ns3:hr>157</ns3:hr>
          </ns3:TrackPointExtension>
        </extensions>
      </trkpt>
      <trkpt lat="24.48848926462233066558837890625" lon="118.10245075263082981109619140625">
        <ele>10.6000003814697265625</ele>
        <time>2024-11-17T12:53:15.000Z</time>
        <extensions>
          <ns3:TrackPointExtension>
            <ns3:hr>157</ns3:hr>
          </ns3:TrackPointExtension>
        </extensions>
      </trkpt>
      <trkpt lat="24.48846177197992801666259765625" lon="118.1024652533233165740966796875">
        <ele>10.6000003814697265625</ele>
        <time>2024-11-17T12:53:16.000Z</time>
        <extensions>
          <ns3:TrackPointExtension>
            <ns3:hr>157</ns3:hr>
          </ns3:TrackPointExtension>
        </extensions>
      </trkpt>
      <trkpt lat="24.48843377642333507537841796875" lon="118.102481178939342498779296875">
        <ele>10.80000019073486328125</ele>
        <time>2024-11-17T12:53:17.000Z</time>
        <extensions>
          <ns3:TrackPointExtension>
            <ns3:hr>157</ns3:hr>
          </ns3:TrackPointExtension>
        </extensions>
      </trkpt>
      <trkpt lat="24.48840494267642498016357421875" lon="118.10249819420278072357177734375">
        <ele>10.80000019073486328125</ele>
        <time>2024-11-17T12:53:18.000Z</time>
        <extensions>
          <ns3:TrackPointExtension>
            <ns3:hr>157</ns3:hr>
          </ns3:TrackPointExtension>
        </extensions>
      </trkpt>
      <trkpt lat="24.48837610892951488494873046875" lon="118.10251571238040924072265625">
        <ele>10.80000019073486328125</ele>
        <time>2024-11-17T12:53:19.000Z</time>
        <extensions>
          <ns3:TrackPointExtension>
            <ns3:hr>157</ns3:hr>
          </ns3:TrackPointExtension>
        </extensions>
      </trkpt>
      <trkpt lat="24.48834836483001708984375" lon="118.102533482015132904052734375">
        <ele>10.6000003814697265625</ele>
        <time>2024-11-17T12:53:20.000Z</time>
        <extensions>
          <ns3:TrackPointExtension>
            <ns3:hr>157</ns3:hr>
          </ns3:TrackPointExtension>
        </extensions>
      </trkpt>
      <trkpt lat="24.4883210398256778717041015625" lon="118.10255234129726886749267578125">
        <ele>10.6000003814697265625</ele>
        <time>2024-11-17T12:53:21.000Z</time>
        <extensions>
          <ns3:TrackPointExtension>
            <ns3:hr>156</ns3:hr>
          </ns3:TrackPointExtension>
        </extensions>
      </trkpt>
      <trkpt lat="24.4882938824594020843505859375" lon="118.102572374045848846435546875">
        <ele>10.3999996185302734375</ele>
        <time>2024-11-17T12:53:22.000Z</time>
        <extensions>
          <ns3:TrackPointExtension>
            <ns3:hr>156</ns3:hr>
          </ns3:TrackPointExtension>
        </extensions>
      </trkpt>
      <trkpt lat="24.48826697655022144317626953125" lon="118.1025929935276508331298828125">
        <ele>10.19999980926513671875</ele>
        <time>2024-11-17T12:53:23.000Z</time>
        <extensions>
          <ns3:TrackPointExtension>
            <ns3:hr>156</ns3:hr>
          </ns3:TrackPointExtension>
        </extensions>
      </trkpt>
      <trkpt lat="24.48824040591716766357421875" lon="118.10261386446654796600341796875">
        <ele>10</ele>
        <time>2024-11-17T12:53:24.000Z</time>
        <extensions>
          <ns3:TrackPointExtension>
            <ns3:hr>156</ns3:hr>
          </ns3:TrackPointExtension>
        </extensions>
      </trkpt>
      <trkpt lat="24.48821383528411388397216796875" lon="118.1026345677673816680908203125">
        <ele>9.80000019073486328125</ele>
        <time>2024-11-17T12:53:25.000Z</time>
        <extensions>
          <ns3:TrackPointExtension>
            <ns3:hr>156</ns3:hr>
          </ns3:TrackPointExtension>
        </extensions>
      </trkpt>
      <trkpt lat="24.48818734847009181976318359375" lon="118.10265476815402507781982421875">
        <ele>9.3999996185302734375</ele>
        <time>2024-11-17T12:53:26.000Z</time>
        <extensions>
          <ns3:TrackPointExtension>
            <ns3:hr>156</ns3:hr>
          </ns3:TrackPointExtension>
        </extensions>
      </trkpt>
      <trkpt lat="24.48816153220832347869873046875" lon="118.102674297988414764404296875">
        <ele>9</ele>
        <time>2024-11-17T12:53:27.000Z</time>
        <extensions>
          <ns3:TrackPointExtension>
            <ns3:hr>156</ns3:hr>
          </ns3:TrackPointExtension>
        </extensions>
      </trkpt>
      <trkpt lat="24.48813621886074542999267578125" lon="118.10269483365118503570556640625">
        <ele>8.6000003814697265625</ele>
        <time>2024-11-17T12:53:28.000Z</time>
        <extensions>
          <ns3:TrackPointExtension>
            <ns3:hr>156</ns3:hr>
          </ns3:TrackPointExtension>
        </extensions>
      </trkpt>
      <trkpt lat="24.48811191134154796600341796875" lon="118.10271780006587505340576171875">
        <ele>8</ele>
        <time>2024-11-17T12:53:29.000Z</time>
        <extensions>
          <ns3:TrackPointExtension>
            <ns3:hr>157</ns3:hr>
          </ns3:TrackPointExtension>
        </extensions>
      </trkpt>
      <trkpt lat="24.48808860965073108673095703125" lon="118.10274277813732624053955078125">
        <ele>7.400000095367431640625</ele>
        <time>2024-11-17T12:53:30.000Z</time>
        <extensions>
          <ns3:TrackPointExtension>
            <ns3:hr>157</ns3:hr>
          </ns3:TrackPointExtension>
        </extensions>
      </trkpt>
      <trkpt lat="24.48806631378829479217529296875" lon="118.10276809148490428924560546875">
        <ele>7.19999980926513671875</ele>
        <time>2024-11-17T12:53:31.000Z</time>
        <extensions>
          <ns3:TrackPointExtension>
            <ns3:hr>157</ns3:hr>
          </ns3:TrackPointExtension>
        </extensions>
      </trkpt>
      <trkpt lat="24.48804468847811222076416015625" lon="118.10279290191829204559326171875">
        <ele>7.19999980926513671875</ele>
        <time>2024-11-17T12:53:32.000Z</time>
        <extensions>
          <ns3:TrackPointExtension>
            <ns3:hr>157</ns3:hr>
          </ns3:TrackPointExtension>
        </extensions>
      </trkpt>
      <trkpt lat="24.48802356608211994171142578125" lon="118.10281754471361637115478515625">
        <ele>7</ele>
        <time>2024-11-17T12:53:33.000Z</time>
        <extensions>
          <ns3:TrackPointExtension>
            <ns3:hr>157</ns3:hr>
          </ns3:TrackPointExtension>
        </extensions>
      </trkpt>
      <trkpt lat="24.48800303041934967041015625" lon="118.102842606604099273681640625">
        <ele>6.80000019073486328125</ele>
        <time>2024-11-17T12:53:34.000Z</time>
        <extensions>
          <ns3:TrackPointExtension>
            <ns3:hr>157</ns3:hr>
          </ns3:TrackPointExtension>
        </extensions>
      </trkpt>
      <trkpt lat="24.48798350058495998382568359375" lon="118.10286800377070903778076171875">
        <ele>6.599999904632568359375</ele>
        <time>2024-11-17T12:53:35.000Z</time>
        <extensions>
          <ns3:TrackPointExtension>
            <ns3:hr>157</ns3:hr>
          </ns3:TrackPointExtension>
        </extensions>
      </trkpt>
      <trkpt lat="24.4879659824073314666748046875" lon="118.102893568575382232666015625">
        <ele>6.599999904632568359375</ele>
        <time>2024-11-17T12:53:36.000Z</time>
        <extensions>
          <ns3:TrackPointExtension>
            <ns3:hr>157</ns3:hr>
          </ns3:TrackPointExtension>
        </extensions>
      </trkpt>
      <trkpt lat="24.48795014061033725738525390625" lon="118.10291963629424571990966796875">
        <ele>6.599999904632568359375</ele>
        <time>2024-11-17T12:53:37.000Z</time>
        <extensions>
          <ns3:TrackPointExtension>
            <ns3:hr>157</ns3:hr>
          </ns3:TrackPointExtension>
        </extensions>
      </trkpt>
      <trkpt lat="24.4879351370036602020263671875" lon="118.102946542203426361083984375">
        <ele>6.80000019073486328125</ele>
        <time>2024-11-17T12:53:38.000Z</time>
        <extensions>
          <ns3:TrackPointExtension>
            <ns3:hr>157</ns3:hr>
          </ns3:TrackPointExtension>
        </extensions>
      </trkpt>
      <trkpt lat="24.487920217216014862060546875" lon="118.10297478921711444854736328125">
        <ele>7</ele>
        <time>2024-11-17T12:53:39.000Z</time>
        <extensions>
          <ns3:TrackPointExtension>
            <ns3:hr>157</ns3:hr>
          </ns3:TrackPointExtension>
        </extensions>
      </trkpt>
      <trkpt lat="24.4879049621522426605224609375" lon="118.10300412587821483612060546875">
        <ele>7.19999980926513671875</ele>
        <time>2024-11-17T12:53:40.000Z</time>
        <extensions>
          <ns3:TrackPointExtension>
            <ns3:hr>157</ns3:hr>
          </ns3:TrackPointExtension>
        </extensions>
      </trkpt>
      <trkpt lat="24.487889707088470458984375" lon="118.1030338816344738006591796875">
        <ele>7.400000095367431640625</ele>
        <time>2024-11-17T12:53:41.000Z</time>
        <extensions>
          <ns3:TrackPointExtension>
            <ns3:hr>157</ns3:hr>
          </ns3:TrackPointExtension>
        </extensions>
      </trkpt>
      <trkpt lat="24.4878754578530788421630859375" lon="118.10306363739073276519775390625">
        <ele>7.599999904632568359375</ele>
        <time>2024-11-17T12:53:42.000Z</time>
        <extensions>
          <ns3:TrackPointExtension>
            <ns3:hr>157</ns3:hr>
          </ns3:TrackPointExtension>
        </extensions>
      </trkpt>
      <trkpt lat="24.48786221444606781005859375" lon="118.10309364460408687591552734375">
        <ele>7.80000019073486328125</ele>
        <time>2024-11-17T12:53:43.000Z</time>
        <extensions>
          <ns3:TrackPointExtension>
            <ns3:hr>157</ns3:hr>
          </ns3:TrackPointExtension>
        </extensions>
      </trkpt>
      <trkpt lat="24.48784972541034221649169921875" lon="118.1031237356364727020263671875">
        <ele>8.19999980926513671875</ele>
        <time>2024-11-17T12:53:44.000Z</time>
        <extensions>
          <ns3:TrackPointExtension>
            <ns3:hr>157</ns3:hr>
          </ns3:TrackPointExtension>
        </extensions>
      </trkpt>
      <trkpt lat="24.48783748783171176910400390625" lon="118.1031542457640171051025390625">
        <ele>8.80000019073486328125</ele>
        <time>2024-11-17T12:53:45.000Z</time>
        <extensions>
          <ns3:TrackPointExtension>
            <ns3:hr>157</ns3:hr>
          </ns3:TrackPointExtension>
        </extensions>
      </trkpt>
      <trkpt lat="24.48782575316727161407470703125" lon="118.103185258805751800537109375">
        <ele>9.19999980926513671875</ele>
        <time>2024-11-17T12:53:46.000Z</time>
        <extensions>
          <ns3:TrackPointExtension>
            <ns3:hr>157</ns3:hr>
          </ns3:TrackPointExtension>
        </extensions>
      </trkpt>
      <trkpt lat="24.487814269959926605224609375" lon="118.10321652330458164215087890625">
        <ele>9.80000019073486328125</ele>
        <time>2024-11-17T12:53:47.000Z</time>
        <extensions>
          <ns3:TrackPointExtension>
            <ns3:hr>157</ns3:hr>
          </ns3:TrackPointExtension>
        </extensions>
      </trkpt>
      <trkpt lat="24.48780278675258159637451171875" lon="118.10324753634631633758544921875">
        <ele>10.19999980926513671875</ele>
        <time>2024-11-17T12:53:48.000Z</time>
        <extensions>
          <ns3:TrackPointExtension>
            <ns3:hr>157</ns3:hr>
          </ns3:TrackPointExtension>
        </extensions>
      </trkpt>
      <trkpt lat="24.48779189027845859527587890625" lon="118.10327880084514617919921875">
        <ele>10.80000019073486328125</ele>
        <time>2024-11-17T12:53:49.000Z</time>
        <extensions>
          <ns3:TrackPointExtension>
            <ns3:hr>157</ns3:hr>
          </ns3:TrackPointExtension>
        </extensions>
      </trkpt>
      <trkpt lat="24.487782418727874755859375" lon="118.10331056825816631317138671875">
        <ele>11.19999980926513671875</ele>
        <time>2024-11-17T12:53:50.000Z</time>
        <extensions>
          <ns3:TrackPointExtension>
            <ns3:hr>157</ns3:hr>
          </ns3:TrackPointExtension>
        </extensions>
      </trkpt>
      <trkpt lat="24.48777370154857635498046875" lon="118.10334225185215473175048828125">
        <ele>11.6000003814697265625</ele>
        <time>2024-11-17T12:53:51.000Z</time>
        <extensions>
          <ns3:TrackPointExtension>
            <ns3:hr>157</ns3:hr>
          </ns3:TrackPointExtension>
        </extensions>
      </trkpt>
      <trkpt lat="24.48776422999799251556396484375" lon="118.10337376780807971954345703125">
        <ele>12</ele>
        <time>2024-11-17T12:53:52.000Z</time>
        <extensions>
          <ns3:TrackPointExtension>
            <ns3:hr>157</ns3:hr>
          </ns3:TrackPointExtension>
        </extensions>
      </trkpt>
      <trkpt lat="24.487754590809345245361328125" lon="118.10340612195432186126708984375">
        <ele>12</ele>
        <time>2024-11-17T12:53:53.000Z</time>
        <extensions>
          <ns3:TrackPointExtension>
            <ns3:hr>157</ns3:hr>
          </ns3:TrackPointExtension>
        </extensions>
      </trkpt>
      <trkpt lat="24.48774629272520542144775390625" lon="118.10343931429088115692138671875">
        <ele>11.80000019073486328125</ele>
        <time>2024-11-17T12:53:54.000Z</time>
        <extensions>
          <ns3:TrackPointExtension>
            <ns3:hr>157</ns3:hr>
          </ns3:TrackPointExtension>
        </extensions>
      </trkpt>
      <trkpt lat="24.48774009011685848236083984375" lon="118.1034720875322818756103515625">
        <ele>11.6000003814697265625</ele>
        <time>2024-11-17T12:53:55.000Z</time>
        <extensions>
          <ns3:TrackPointExtension>
            <ns3:hr>157</ns3:hr>
          </ns3:TrackPointExtension>
        </extensions>
      </trkpt>
      <trkpt lat="24.4877359829843044281005859375" lon="118.10350402258336544036865234375">
        <ele>11.3999996185302734375</ele>
        <time>2024-11-17T12:53:56.000Z</time>
        <extensions>
          <ns3:TrackPointExtension>
            <ns3:hr>157</ns3:hr>
          </ns3:TrackPointExtension>
        </extensions>
      </trkpt>
      <trkpt lat="24.4877333007752895355224609375" lon="118.10353604145348072052001953125">
        <ele>11.3999996185302734375</ele>
        <time>2024-11-17T12:53:57.000Z</time>
        <extensions>
          <ns3:TrackPointExtension>
            <ns3:hr>157</ns3:hr>
          </ns3:TrackPointExtension>
        </extensions>
      </trkpt>
      <trkpt lat="24.487731121480464935302734375" lon="118.1035693176090717315673828125">
        <ele>11.19999980926513671875</ele>
        <time>2024-11-17T12:53:58.000Z</time>
        <extensions>
          <ns3:TrackPointExtension>
            <ns3:hr>157</ns3:hr>
          </ns3:TrackPointExtension>
        </extensions>
      </trkpt>
      <trkpt lat="24.4877292774617671966552734375" lon="118.1036038510501384735107421875">
        <ele>11</ele>
        <time>2024-11-17T12:53:59.000Z</time>
        <extensions>
          <ns3:TrackPointExtension>
            <ns3:hr>157</ns3:hr>
          </ns3:TrackPointExtension>
        </extensions>
      </trkpt>
      <trkpt lat="24.48772852309048175811767578125" lon="118.10363863594830036163330078125">
        <ele>11</ele>
        <time>2024-11-17T12:54:00.000Z</time>
        <extensions>
          <ns3:TrackPointExtension>
            <ns3:hr>157</ns3:hr>
          </ns3:TrackPointExtension>
        </extensions>
      </trkpt>
      <trkpt lat="24.4877292774617671966552734375" lon="118.10367199592292308807373046875">
        <ele>10.6000003814697265625</ele>
        <time>2024-11-17T12:54:01.000Z</time>
        <extensions>
          <ns3:TrackPointExtension>
            <ns3:hr>157</ns3:hr>
          </ns3:TrackPointExtension>
        </extensions>
      </trkpt>
      <trkpt lat="24.487731456756591796875" lon="118.10370401479303836822509765625">
        <ele>10.19999980926513671875</ele>
        <time>2024-11-17T12:54:02.000Z</time>
        <extensions>
          <ns3:TrackPointExtension>
            <ns3:hr>157</ns3:hr>
          </ns3:TrackPointExtension>
        </extensions>
      </trkpt>
      <trkpt lat="24.4877349771559238433837890625" lon="118.1037352792918682098388671875">
        <ele>9.80000019073486328125</ele>
        <time>2024-11-17T12:54:03.000Z</time>
        <extensions>
          <ns3:TrackPointExtension>
            <ns3:hr>157</ns3:hr>
          </ns3:TrackPointExtension>
        </extensions>
      </trkpt>
      <trkpt lat="24.487739838659763336181640625" lon="118.1037662923336029052734375">
        <ele>9.3999996185302734375</ele>
        <time>2024-11-17T12:54:04.000Z</time>
        <extensions>
          <ns3:TrackPointExtension>
            <ns3:hr>157</ns3:hr>
          </ns3:TrackPointExtension>
        </extensions>
      </trkpt>
      <trkpt lat="24.48774595744907855987548828125" lon="118.103796802461147308349609375">
        <ele>9</ele>
        <time>2024-11-17T12:54:05.000Z</time>
        <extensions>
          <ns3:TrackPointExtension>
            <ns3:hr>157</ns3:hr>
          </ns3:TrackPointExtension>
        </extensions>
      </trkpt>
      <trkpt lat="24.48775350116193294525146484375" lon="118.10382756404578685760498046875">
        <ele>8.80000019073486328125</ele>
        <time>2024-11-17T12:54:06.000Z</time>
        <extensions>
          <ns3:TrackPointExtension>
            <ns3:hr>157</ns3:hr>
          </ns3:TrackPointExtension>
        </extensions>
      </trkpt>
      <trkpt lat="24.4877624697983264923095703125" lon="118.1038586609065532684326171875">
        <ele>8.6000003814697265625</ele>
        <time>2024-11-17T12:54:07.000Z</time>
        <extensions>
          <ns3:TrackPointExtension>
            <ns3:hr>157</ns3:hr>
          </ns3:TrackPointExtension>
        </extensions>
      </trkpt>
      <trkpt lat="24.4877718575298786163330078125" lon="118.10388942249119281768798828125">
        <ele>8.3999996185302734375</ele>
        <time>2024-11-17T12:54:08.000Z</time>
        <extensions>
          <ns3:TrackPointExtension>
            <ns3:hr>157</ns3:hr>
          </ns3:TrackPointExtension>
        </extensions>
      </trkpt>
      <trkpt lat="24.487782083451747894287109375" lon="118.10391926206648349761962890625">
        <ele>8.19999980926513671875</ele>
        <time>2024-11-17T12:54:09.000Z</time>
        <extensions>
          <ns3:TrackPointExtension>
            <ns3:hr>158</ns3:hr>
          </ns3:TrackPointExtension>
        </extensions>
      </trkpt>
      <trkpt lat="24.48779323138296604156494140625" lon="118.1039488501846790313720703125">
        <ele>8</ele>
        <time>2024-11-17T12:54:10.000Z</time>
        <extensions>
          <ns3:TrackPointExtension>
            <ns3:hr>158</ns3:hr>
          </ns3:TrackPointExtension>
        </extensions>
      </trkpt>
      <trkpt lat="24.48780454695224761962890625" lon="118.10397961176931858062744140625">
        <ele>7.80000019073486328125</ele>
        <time>2024-11-17T12:54:11.000Z</time>
        <extensions>
          <ns3:TrackPointExtension>
            <ns3:hr>158</ns3:hr>
          </ns3:TrackPointExtension>
        </extensions>
      </trkpt>
      <trkpt lat="24.4878154434263706207275390625" lon="118.10401163063943386077880859375">
        <ele>7.400000095367431640625</ele>
        <time>2024-11-17T12:54:12.000Z</time>
        <extensions>
          <ns3:TrackPointExtension>
            <ns3:hr>158</ns3:hr>
          </ns3:TrackPointExtension>
        </extensions>
      </trkpt>
      <trkpt lat="24.487825669348239898681640625" lon="118.10404432006180286407470703125">
        <ele>7.19999980926513671875</ele>
        <time>2024-11-17T12:54:13.000Z</time>
        <extensions>
          <ns3:TrackPointExtension>
            <ns3:hr>158</ns3:hr>
          </ns3:TrackPointExtension>
        </extensions>
      </trkpt>
      <trkpt lat="24.48783547617495059967041015625" lon="118.10407675802707672119140625">
        <ele>7</ele>
        <time>2024-11-17T12:54:14.000Z</time>
        <extensions>
          <ns3:TrackPointExtension>
            <ns3:hr>158</ns3:hr>
          </ns3:TrackPointExtension>
        </extensions>
      </trkpt>
      <trkpt lat="24.48784586973488330841064453125" lon="118.1041087768971920013427734375">
        <ele>6.80000019073486328125</ele>
        <time>2024-11-17T12:54:15.000Z</time>
        <extensions>
          <ns3:TrackPointExtension>
            <ns3:hr>158</ns3:hr>
          </ns3:TrackPointExtension>
        </extensions>
      </trkpt>
      <trkpt lat="24.48785793967545032501220703125" lon="118.104140460491180419921875">
        <ele>6.599999904632568359375</ele>
        <time>2024-11-17T12:54:16.000Z</time>
        <extensions>
          <ns3:TrackPointExtension>
            <ns3:hr>158</ns3:hr>
          </ns3:TrackPointExtension>
        </extensions>
      </trkpt>
      <trkpt lat="24.4878714345395565032958984375" lon="118.10417222790420055389404296875">
        <ele>6.400000095367431640625</ele>
        <time>2024-11-17T12:54:17.000Z</time>
        <extensions>
          <ns3:TrackPointExtension>
            <ns3:hr>158</ns3:hr>
          </ns3:TrackPointExtension>
        </extensions>
      </trkpt>
      <trkpt lat="24.48788576759397983551025390625" lon="118.104203827679157257080078125">
        <ele>6</ele>
        <time>2024-11-17T12:54:18.000Z</time>
        <extensions>
          <ns3:TrackPointExtension>
            <ns3:hr>158</ns3:hr>
          </ns3:TrackPointExtension>
        </extensions>
      </trkpt>
      <trkpt lat="24.48790085501968860626220703125" lon="118.10423442162573337554931640625">
        <ele>6</ele>
        <time>2024-11-17T12:54:19.000Z</time>
        <extensions>
          <ns3:TrackPointExtension>
            <ns3:hr>158</ns3:hr>
          </ns3:TrackPointExtension>
        </extensions>
      </trkpt>
      <trkpt lat="24.487916529178619384765625" lon="118.10426442883908748626708984375">
        <ele>6</ele>
        <time>2024-11-17T12:54:20.000Z</time>
        <extensions>
          <ns3:TrackPointExtension>
            <ns3:hr>158</ns3:hr>
          </ns3:TrackPointExtension>
        </extensions>
      </trkpt>
      <trkpt lat="24.48793287388980388641357421875" lon="118.1042946875095367431640625">
        <ele>6</ele>
        <time>2024-11-17T12:54:21.000Z</time>
        <extensions>
          <ns3:TrackPointExtension>
            <ns3:hr>158</ns3:hr>
          </ns3:TrackPointExtension>
        </extensions>
      </trkpt>
      <trkpt lat="24.48795014061033725738525390625" lon="118.10432494617998600006103515625">
        <ele>6</ele>
        <time>2024-11-17T12:54:22.000Z</time>
        <extensions>
          <ns3:TrackPointExtension>
            <ns3:hr>158</ns3:hr>
          </ns3:TrackPointExtension>
        </extensions>
      </trkpt>
      <trkpt lat="24.48796841315925121307373046875" lon="118.104354701936244964599609375">
        <ele>6</ele>
        <time>2024-11-17T12:54:23.000Z</time>
        <extensions>
          <ns3:TrackPointExtension>
            <ns3:hr>158</ns3:hr>
          </ns3:TrackPointExtension>
        </extensions>
      </trkpt>
      <trkpt lat="24.487987272441387176513671875" lon="118.10438361950218677520751953125">
        <ele>6</ele>
        <time>2024-11-17T12:54:24.000Z</time>
        <extensions>
          <ns3:TrackPointExtension>
            <ns3:hr>158</ns3:hr>
          </ns3:TrackPointExtension>
        </extensions>
      </trkpt>
      <trkpt lat="24.48800663463771343231201171875" lon="118.10441127978265285491943359375">
        <ele>6</ele>
        <time>2024-11-17T12:54:25.000Z</time>
        <extensions>
          <ns3:TrackPointExtension>
            <ns3:hr>158</ns3:hr>
          </ns3:TrackPointExtension>
        </extensions>
      </trkpt>
      <trkpt lat="24.488026164472103118896484375" lon="118.10443818569183349609375">
        <ele>6</ele>
        <time>2024-11-17T12:54:26.000Z</time>
        <extensions>
          <ns3:TrackPointExtension>
            <ns3:hr>158</ns3:hr>
          </ns3:TrackPointExtension>
        </extensions>
      </trkpt>
      <trkpt lat="24.48804670013487339019775390625" lon="118.10446492396295070648193359375">
        <ele>6</ele>
        <time>2024-11-17T12:54:27.000Z</time>
        <extensions>
          <ns3:TrackPointExtension>
            <ns3:hr>157</ns3:hr>
          </ns3:TrackPointExtension>
        </extensions>
      </trkpt>
      <trkpt lat="24.4880685769021511077880859375" lon="118.1044916622340679168701171875">
        <ele>6</ele>
        <time>2024-11-17T12:54:28.000Z</time>
        <extensions>
          <ns3:TrackPointExtension>
            <ns3:hr>157</ns3:hr>
          </ns3:TrackPointExtension>
        </extensions>
      </trkpt>
      <trkpt lat="24.4880910404026508331298828125" lon="118.1045178137719631195068359375">
        <ele>6.19999980926513671875</ele>
        <time>2024-11-17T12:54:29.000Z</time>
        <extensions>
          <ns3:TrackPointExtension>
            <ns3:hr>157</ns3:hr>
          </ns3:TrackPointExtension>
        </extensions>
      </trkpt>
      <trkpt lat="24.4881135039031505584716796875" lon="118.1045432947576045989990234375">
        <ele>6.599999904632568359375</ele>
        <time>2024-11-17T12:54:30.000Z</time>
        <extensions>
          <ns3:TrackPointExtension>
            <ns3:hr>157</ns3:hr>
          </ns3:TrackPointExtension>
        </extensions>
      </trkpt>
      <trkpt lat="24.4881359674036502838134765625" lon="118.1045681051909923553466796875">
        <ele>6.80000019073486328125</ele>
        <time>2024-11-17T12:54:31.000Z</time>
        <extensions>
          <ns3:TrackPointExtension>
            <ns3:hr>158</ns3:hr>
          </ns3:TrackPointExtension>
        </extensions>
      </trkpt>
      <trkpt lat="24.4881584309041500091552734375" lon="118.10459199361503124237060546875">
        <ele>7</ele>
        <time>2024-11-17T12:54:32.000Z</time>
        <extensions>
          <ns3:TrackPointExtension>
            <ns3:hr>158</ns3:hr>
          </ns3:TrackPointExtension>
        </extensions>
      </trkpt>
      <trkpt lat="24.4881808944046497344970703125" lon="118.10461454093456268310546875">
        <ele>7</ele>
        <time>2024-11-17T12:54:33.000Z</time>
        <extensions>
          <ns3:TrackPointExtension>
            <ns3:hr>158</ns3:hr>
          </ns3:TrackPointExtension>
        </extensions>
      </trkpt>
      <trkpt lat="24.48820411227643489837646484375" lon="118.104636333882808685302734375">
        <ele>7</ele>
        <time>2024-11-17T12:54:34.000Z</time>
        <extensions>
          <ns3:TrackPointExtension>
            <ns3:hr>158</ns3:hr>
          </ns3:TrackPointExtension>
        </extensions>
      </trkpt>
      <trkpt lat="24.48822858743369579315185546875" lon="118.104657791554927825927734375">
        <ele>6.80000019073486328125</ele>
        <time>2024-11-17T12:54:35.000Z</time>
        <extensions>
          <ns3:TrackPointExtension>
            <ns3:hr>158</ns3:hr>
          </ns3:TrackPointExtension>
        </extensions>
      </trkpt>
      <trkpt lat="24.48825390078127384185791015625" lon="118.10467832721769809722900390625">
        <ele>6.80000019073486328125</ele>
        <time>2024-11-17T12:54:36.000Z</time>
        <extensions>
          <ns3:TrackPointExtension>
            <ns3:hr>158</ns3:hr>
          </ns3:TrackPointExtension>
        </extensions>
      </trkpt>
      <trkpt lat="24.48827887885272502899169921875" lon="118.1046975217759609222412109375">
        <ele>6.599999904632568359375</ele>
        <time>2024-11-17T12:54:37.000Z</time>
        <extensions>
          <ns3:TrackPointExtension>
            <ns3:hr>158</ns3:hr>
          </ns3:TrackPointExtension>
        </extensions>
      </trkpt>
      <trkpt lat="24.48830419220030307769775390625" lon="118.104716129601001739501953125">
        <ele>6.400000095367431640625</ele>
        <time>2024-11-17T12:54:38.000Z</time>
        <extensions>
          <ns3:TrackPointExtension>
            <ns3:hr>158</ns3:hr>
          </ns3:TrackPointExtension>
        </extensions>
      </trkpt>
      <trkpt lat="24.48833025991916656494140625" lon="118.1047350727021694183349609375">
        <ele>6.19999980926513671875</ele>
        <time>2024-11-17T12:54:39.000Z</time>
        <extensions>
          <ns3:TrackPointExtension>
            <ns3:hr>158</ns3:hr>
          </ns3:TrackPointExtension>
        </extensions>
      </trkpt>
      <trkpt lat="24.48835699819028377532958984375" lon="118.10475401580333709716796875">
        <ele>6</ele>
        <time>2024-11-17T12:54:40.000Z</time>
        <extensions>
          <ns3:TrackPointExtension>
            <ns3:hr>158</ns3:hr>
          </ns3:TrackPointExtension>
        </extensions>
      </trkpt>
      <trkpt lat="24.48838465847074985504150390625" lon="118.10477145016193389892578125">
        <ele>5.80000019073486328125</ele>
        <time>2024-11-17T12:54:41.000Z</time>
        <extensions>
          <ns3:TrackPointExtension>
            <ns3:hr>159</ns3:hr>
          </ns3:TrackPointExtension>
        </extensions>
      </trkpt>
      <trkpt lat="24.48841315694153308868408203125" lon="118.10478628613054752349853515625">
        <ele>5.599999904632568359375</ele>
        <time>2024-11-17T12:54:42.000Z</time>
        <extensions>
          <ns3:TrackPointExtension>
            <ns3:hr>159</ns3:hr>
          </ns3:TrackPointExtension>
        </extensions>
      </trkpt>
      <trkpt lat="24.488441906869411468505859375" lon="118.1047984398901462554931640625">
        <ele>5.400000095367431640625</ele>
        <time>2024-11-17T12:54:43.000Z</time>
        <extensions>
          <ns3:TrackPointExtension>
            <ns3:hr>159</ns3:hr>
          </ns3:TrackPointExtension>
        </extensions>
      </trkpt>
      <trkpt lat="24.48847099207341670989990234375" lon="118.10480925254523754119873046875">
        <ele>5.19999980926513671875</ele>
        <time>2024-11-17T12:54:44.000Z</time>
        <extensions>
          <ns3:TrackPointExtension>
            <ns3:hr>159</ns3:hr>
          </ns3:TrackPointExtension>
        </extensions>
      </trkpt>
      <trkpt lat="24.48850016109645366668701171875" lon="118.1048198975622653961181640625">
        <ele>5</ele>
        <time>2024-11-17T12:54:45.000Z</time>
        <extensions>
          <ns3:TrackPointExtension>
            <ns3:hr>158</ns3:hr>
          </ns3:TrackPointExtension>
        </extensions>
      </trkpt>
      <trkpt lat="24.4885292463004589080810546875" lon="118.10483104549348354339599609375">
        <ele>5</ele>
        <time>2024-11-17T12:54:46.000Z</time>
        <extensions>
          <ns3:TrackPointExtension>
            <ns3:hr>158</ns3:hr>
          </ns3:TrackPointExtension>
        </extensions>
      </trkpt>
      <trkpt lat="24.48855833150446414947509765625" lon="118.10484261251986026763916015625">
        <ele>5</ele>
        <time>2024-11-17T12:54:47.000Z</time>
        <extensions>
          <ns3:TrackPointExtension>
            <ns3:hr>158</ns3:hr>
          </ns3:TrackPointExtension>
        </extensions>
      </trkpt>
      <trkpt lat="24.48858783580362796783447265625" lon="118.10485434718430042266845703125">
        <ele>5</ele>
        <time>2024-11-17T12:54:48.000Z</time>
        <extensions>
          <ns3:TrackPointExtension>
            <ns3:hr>158</ns3:hr>
          </ns3:TrackPointExtension>
        </extensions>
      </trkpt>
      <trkpt lat="24.48861767537891864776611328125" lon="118.10486591421067714691162109375">
        <ele>5</ele>
        <time>2024-11-17T12:54:49.000Z</time>
        <extensions>
          <ns3:TrackPointExtension>
            <ns3:hr>158</ns3:hr>
          </ns3:TrackPointExtension>
        </extensions>
      </trkpt>
      <trkpt lat="24.48864751495420932769775390625" lon="118.10487714596092700958251953125">
        <ele>5</ele>
        <time>2024-11-17T12:54:50.000Z</time>
        <extensions>
          <ns3:TrackPointExtension>
            <ns3:hr>158</ns3:hr>
          </ns3:TrackPointExtension>
        </extensions>
      </trkpt>
      <trkpt lat="24.48867718689143657684326171875" lon="118.10488737188279628753662109375">
        <ele>5</ele>
        <time>2024-11-17T12:54:51.000Z</time>
        <extensions>
          <ns3:TrackPointExtension>
            <ns3:hr>158</ns3:hr>
          </ns3:TrackPointExtension>
        </extensions>
      </trkpt>
      <trkpt lat="24.4887076131999492645263671875" lon="118.10489659197628498077392578125">
        <ele>5</ele>
        <time>2024-11-17T12:54:52.000Z</time>
        <extensions>
          <ns3:TrackPointExtension>
            <ns3:hr>158</ns3:hr>
          </ns3:TrackPointExtension>
        </extensions>
      </trkpt>
      <trkpt lat="24.48873887769877910614013671875" lon="118.10490463860332965850830078125">
        <ele>5</ele>
        <time>2024-11-17T12:54:53.000Z</time>
        <extensions>
          <ns3:TrackPointExtension>
            <ns3:hr>157</ns3:hr>
          </ns3:TrackPointExtension>
        </extensions>
      </trkpt>
      <trkpt lat="24.48877072893083095550537109375" lon="118.10491184704005718231201171875">
        <ele>4.80000019073486328125</ele>
        <time>2024-11-17T12:54:54.000Z</time>
        <extensions>
          <ns3:TrackPointExtension>
            <ns3:hr>156</ns3:hr>
          </ns3:TrackPointExtension>
        </extensions>
      </trkpt>
      <trkpt lat="24.4888035021722316741943359375" lon="118.104918301105499267578125">
        <ele>4.80000019073486328125</ele>
        <time>2024-11-17T12:54:55.000Z</time>
        <extensions>
          <ns3:TrackPointExtension>
            <ns3:hr>156</ns3:hr>
          </ns3:TrackPointExtension>
        </extensions>
      </trkpt>
      <trkpt lat="24.4888363592326641082763671875" lon="118.10492374934256076812744140625">
        <ele>4.599999904632568359375</ele>
        <time>2024-11-17T12:54:56.000Z</time>
        <extensions>
          <ns3:TrackPointExtension>
            <ns3:hr>156</ns3:hr>
          </ns3:TrackPointExtension>
        </extensions>
      </trkpt>
      <trkpt lat="24.488868378102779388427734375" lon="118.104928024113178253173828125">
        <ele>4.400000095367431640625</ele>
        <time>2024-11-17T12:54:57.000Z</time>
        <extensions>
          <ns3:TrackPointExtension>
            <ns3:hr>156</ns3:hr>
          </ns3:TrackPointExtension>
        </extensions>
      </trkpt>
      <trkpt lat="24.48889981023967266082763671875" lon="118.1049308739602565765380859375">
        <ele>4.599999904632568359375</ele>
        <time>2024-11-17T12:54:58.000Z</time>
        <extensions>
          <ns3:TrackPointExtension>
            <ns3:hr>156</ns3:hr>
          </ns3:TrackPointExtension>
        </extensions>
      </trkpt>
      <trkpt lat="24.488930739462375640869140625" lon="118.10493162833154201507568359375">
        <ele>4.599999904632568359375</ele>
        <time>2024-11-17T12:54:59.000Z</time>
        <extensions>
          <ns3:TrackPointExtension>
            <ns3:hr>154</ns3:hr>
          </ns3:TrackPointExtension>
        </extensions>
      </trkpt>
      <trkpt lat="24.4889612495899200439453125" lon="118.104930706322193145751953125">
        <ele>4.80000019073486328125</ele>
        <time>2024-11-17T12:55:00.000Z</time>
        <extensions>
          <ns3:TrackPointExtension>
            <ns3:hr>154</ns3:hr>
          </ns3:TrackPointExtension>
        </extensions>
      </trkpt>
      <trkpt lat="24.48899184353649616241455078125" lon="118.10492877848446369171142578125">
        <ele>4.80000019073486328125</ele>
        <time>2024-11-17T12:55:01.000Z</time>
        <extensions>
          <ns3:TrackPointExtension>
            <ns3:hr>154</ns3:hr>
          </ns3:TrackPointExtension>
        </extensions>
      </trkpt>
      <trkpt lat="24.489022605121135711669921875" lon="118.10492559336125850677490234375">
        <ele>4.599999904632568359375</ele>
        <time>2024-11-17T12:55:02.000Z</time>
        <extensions>
          <ns3:TrackPointExtension>
            <ns3:hr>154</ns3:hr>
          </ns3:TrackPointExtension>
        </extensions>
      </trkpt>
      <trkpt lat="24.48905353434383869171142578125" lon="118.104920648038387298583984375">
        <ele>4.400000095367431640625</ele>
        <time>2024-11-17T12:55:03.000Z</time>
        <extensions>
          <ns3:TrackPointExtension>
            <ns3:hr>154</ns3:hr>
          </ns3:TrackPointExtension>
        </extensions>
      </trkpt>
      <trkpt lat="24.4890841282904148101806640625" lon="118.10491452924907207489013671875">
        <ele>4</ele>
        <time>2024-11-17T12:55:04.000Z</time>
        <extensions>
          <ns3:TrackPointExtension>
            <ns3:hr>154</ns3:hr>
          </ns3:TrackPointExtension>
        </extensions>
      </trkpt>
      <trkpt lat="24.48911455459892749786376953125" lon="118.1049077399075031280517578125">
        <ele>3.7999999523162841796875</ele>
        <time>2024-11-17T12:55:05.000Z</time>
        <extensions>
          <ns3:TrackPointExtension>
            <ns3:hr>154</ns3:hr>
          </ns3:TrackPointExtension>
        </extensions>
      </trkpt>
      <trkpt lat="24.48914405889809131622314453125" lon="118.1049000285565853118896484375">
        <ele>3.599999904632568359375</ele>
        <time>2024-11-17T12:55:06.000Z</time>
        <extensions>
          <ns3:TrackPointExtension>
            <ns3:hr>154</ns3:hr>
          </ns3:TrackPointExtension>
        </extensions>
      </trkpt>
      <trkpt lat="24.4891731441020965576171875" lon="118.104891143739223480224609375">
        <ele>3.599999904632568359375</ele>
        <time>2024-11-17T12:55:07.000Z</time>
        <extensions>
          <ns3:TrackPointExtension>
            <ns3:hr>154</ns3:hr>
          </ns3:TrackPointExtension>
        </extensions>
      </trkpt>
      <trkpt lat="24.4892028160393238067626953125" lon="118.1048809178173542022705078125">
        <ele>3.7999999523162841796875</ele>
        <time>2024-11-17T12:55:08.000Z</time>
        <extensions>
          <ns3:TrackPointExtension>
            <ns3:hr>154</ns3:hr>
          </ns3:TrackPointExtension>
        </extensions>
      </trkpt>
      <trkpt lat="24.48923273943364620208740234375" lon="118.10486909933388233184814453125">
        <ele>3.7999999523162841796875</ele>
        <time>2024-11-17T12:55:09.000Z</time>
        <extensions>
          <ns3:TrackPointExtension>
            <ns3:hr>154</ns3:hr>
          </ns3:TrackPointExtension>
        </extensions>
      </trkpt>
      <trkpt lat="24.48926232755184173583984375" lon="118.1048557721078395843505859375">
        <ele>3.7999999523162841796875</ele>
        <time>2024-11-17T12:55:10.000Z</time>
        <extensions>
          <ns3:TrackPointExtension>
            <ns3:hr>154</ns3:hr>
          </ns3:TrackPointExtension>
        </extensions>
      </trkpt>
      <trkpt lat="24.48929107747972011566162109375" lon="118.10484127141535282135009765625">
        <ele>4</ele>
        <time>2024-11-17T12:55:11.000Z</time>
        <extensions>
          <ns3:TrackPointExtension>
            <ns3:hr>155</ns3:hr>
          </ns3:TrackPointExtension>
        </extensions>
      </trkpt>
      <trkpt lat="24.48931957595050334930419921875" lon="118.1048259325325489044189453125">
        <ele>4</ele>
        <time>2024-11-17T12:55:12.000Z</time>
        <extensions>
          <ns3:TrackPointExtension>
            <ns3:hr>155</ns3:hr>
          </ns3:TrackPointExtension>
        </extensions>
      </trkpt>
      <trkpt lat="24.48934824205935001373291015625" lon="118.104811012744903564453125">
        <ele>4</ele>
        <time>2024-11-17T12:55:13.000Z</time>
        <extensions>
          <ns3:TrackPointExtension>
            <ns3:hr>155</ns3:hr>
          </ns3:TrackPointExtension>
        </extensions>
      </trkpt>
      <trkpt lat="24.48937724344432353973388671875" lon="118.10479667969048023223876953125">
        <ele>3.7999999523162841796875</ele>
        <time>2024-11-17T12:55:14.000Z</time>
        <extensions>
          <ns3:TrackPointExtension>
            <ns3:hr>155</ns3:hr>
          </ns3:TrackPointExtension>
        </extensions>
      </trkpt>
      <trkpt lat="24.4894066639244556427001953125" lon="118.1047820113599300384521484375">
        <ele>3.599999904632568359375</ele>
        <time>2024-11-17T12:55:15.000Z</time>
        <extensions>
          <ns3:TrackPointExtension>
            <ns3:hr>155</ns3:hr>
          </ns3:TrackPointExtension>
        </extensions>
      </trkpt>
      <trkpt lat="24.4894368387758731842041015625" lon="118.104766421020030975341796875">
        <ele>3.400000095367431640625</ele>
        <time>2024-11-17T12:55:16.000Z</time>
        <extensions>
          <ns3:TrackPointExtension>
            <ns3:hr>155</ns3:hr>
          </ns3:TrackPointExtension>
        </extensions>
      </trkpt>
      <trkpt lat="24.489467181265354156494140625" lon="118.1047504954040050506591796875">
        <ele>3.2000000476837158203125</ele>
        <time>2024-11-17T12:55:17.000Z</time>
        <extensions>
          <ns3:TrackPointExtension>
            <ns3:hr>155</ns3:hr>
          </ns3:TrackPointExtension>
        </extensions>
      </trkpt>
      <trkpt lat="24.48949702084064483642578125" lon="118.1047357432544231414794921875">
        <ele>3.2000000476837158203125</ele>
        <time>2024-11-17T12:55:18.000Z</time>
        <extensions>
          <ns3:TrackPointExtension>
            <ns3:hr>155</ns3:hr>
          </ns3:TrackPointExtension>
        </extensions>
      </trkpt>
      <trkpt lat="24.48952610604465007781982421875" lon="118.10472275130450725555419921875">
        <ele>3</ele>
        <time>2024-11-17T12:55:19.000Z</time>
        <extensions>
          <ns3:TrackPointExtension>
            <ns3:hr>156</ns3:hr>
          </ns3:TrackPointExtension>
        </extensions>
      </trkpt>
      <trkpt lat="24.48955527506768703460693359375" lon="118.10470950789749622344970703125">
        <ele>2.7999999523162841796875</ele>
        <time>2024-11-17T12:55:20.000Z</time>
        <extensions>
          <ns3:TrackPointExtension>
            <ns3:hr>156</ns3:hr>
          </ns3:TrackPointExtension>
        </extensions>
      </trkpt>
      <trkpt lat="24.48958494700491428375244140625" lon="118.1046945042908191680908203125">
        <ele>2.7999999523162841796875</ele>
        <time>2024-11-17T12:55:21.000Z</time>
        <extensions>
          <ns3:TrackPointExtension>
            <ns3:hr>156</ns3:hr>
          </ns3:TrackPointExtension>
        </extensions>
      </trkpt>
      <trkpt lat="24.489614032208919525146484375" lon="118.10467782430350780487060546875">
        <ele>2.7999999523162841796875</ele>
        <time>2024-11-17T12:55:22.000Z</time>
        <extensions>
          <ns3:TrackPointExtension>
            <ns3:hr>156</ns3:hr>
          </ns3:TrackPointExtension>
        </extensions>
      </trkpt>
      <trkpt lat="24.48964110575616359710693359375" lon="118.10466013848781585693359375">
        <ele>3</ele>
        <time>2024-11-17T12:55:23.000Z</time>
        <extensions>
          <ns3:TrackPointExtension>
            <ns3:hr>156</ns3:hr>
          </ns3:TrackPointExtension>
        </extensions>
      </trkpt>
      <trkpt lat="24.4896666705608367919921875" lon="118.1046415306627750396728515625">
        <ele>3</ele>
        <time>2024-11-17T12:55:24.000Z</time>
        <extensions>
          <ns3:TrackPointExtension>
            <ns3:hr>156</ns3:hr>
          </ns3:TrackPointExtension>
        </extensions>
      </trkpt>
      <trkpt lat="24.48969148099422454833984375" lon="118.10462267138063907623291015625">
        <ele>3.2000000476837158203125</ele>
        <time>2024-11-17T12:55:25.000Z</time>
        <extensions>
          <ns3:TrackPointExtension>
            <ns3:hr>156</ns3:hr>
          </ns3:TrackPointExtension>
        </extensions>
      </trkpt>
      <trkpt lat="24.48971570469439029693603515625" lon="118.1046033091843128204345703125">
        <ele>3.2000000476837158203125</ele>
        <time>2024-11-17T12:55:26.000Z</time>
        <extensions>
          <ns3:TrackPointExtension>
            <ns3:hr>156</ns3:hr>
          </ns3:TrackPointExtension>
        </extensions>
      </trkpt>
      <trkpt lat="24.48973976075649261474609375" lon="118.10458294115960597991943359375">
        <ele>3.400000095367431640625</ele>
        <time>2024-11-17T12:55:27.000Z</time>
        <extensions>
          <ns3:TrackPointExtension>
            <ns3:hr>156</ns3:hr>
          </ns3:TrackPointExtension>
        </extensions>
      </trkpt>
      <trkpt lat="24.48976247571408748626708984375" lon="118.104560561478137969970703125">
        <ele>3.599999904632568359375</ele>
        <time>2024-11-17T12:55:28.000Z</time>
        <extensions>
          <ns3:TrackPointExtension>
            <ns3:hr>156</ns3:hr>
          </ns3:TrackPointExtension>
        </extensions>
      </trkpt>
      <trkpt lat="24.489783681929111480712890625" lon="118.1045352481305599212646484375">
        <ele>3.7999999523162841796875</ele>
        <time>2024-11-17T12:55:29.000Z</time>
        <extensions>
          <ns3:TrackPointExtension>
            <ns3:hr>156</ns3:hr>
          </ns3:TrackPointExtension>
        </extensions>
      </trkpt>
      <trkpt lat="24.48980337940156459808349609375" lon="118.10450750403106212615966796875">
        <ele>4</ele>
        <time>2024-11-17T12:55:30.000Z</time>
        <extensions>
          <ns3:TrackPointExtension>
            <ns3:hr>156</ns3:hr>
          </ns3:TrackPointExtension>
        </extensions>
      </trkpt>
      <trkpt lat="24.4898220710456371307373046875" lon="118.10447908937931060791015625">
        <ele>4.19999980926513671875</ele>
        <time>2024-11-17T12:55:31.000Z</time>
        <extensions>
          <ns3:TrackPointExtension>
            <ns3:hr>156</ns3:hr>
          </ns3:TrackPointExtension>
        </extensions>
      </trkpt>
      <trkpt lat="24.48983992449939250946044921875" lon="118.10445117764174938201904296875">
        <ele>4.19999980926513671875</ele>
        <time>2024-11-17T12:55:32.000Z</time>
        <extensions>
          <ns3:TrackPointExtension>
            <ns3:hr>157</ns3:hr>
          </ns3:TrackPointExtension>
        </extensions>
      </trkpt>
      <trkpt lat="24.489857442677021026611328125" lon="118.10442318208515644073486328125">
        <ele>4.400000095367431640625</ele>
        <time>2024-11-17T12:55:33.000Z</time>
        <extensions>
          <ns3:TrackPointExtension>
            <ns3:hr>157</ns3:hr>
          </ns3:TrackPointExtension>
        </extensions>
      </trkpt>
      <trkpt lat="24.4898750446736812591552734375" lon="118.10439485125243663787841796875">
        <ele>4.599999904632568359375</ele>
        <time>2024-11-17T12:55:34.000Z</time>
        <extensions>
          <ns3:TrackPointExtension>
            <ns3:hr>158</ns3:hr>
          </ns3:TrackPointExtension>
        </extensions>
      </trkpt>
      <trkpt lat="24.48989273048937320709228515625" lon="118.10436635278165340423583984375">
        <ele>4.80000019073486328125</ele>
        <time>2024-11-17T12:55:35.000Z</time>
        <extensions>
          <ns3:TrackPointExtension>
            <ns3:hr>158</ns3:hr>
          </ns3:TrackPointExtension>
        </extensions>
      </trkpt>
      <trkpt lat="24.4899102486670017242431640625" lon="118.10433802194893360137939453125">
        <ele>4.80000019073486328125</ele>
        <time>2024-11-17T12:55:36.000Z</time>
        <extensions>
          <ns3:TrackPointExtension>
            <ns3:hr>158</ns3:hr>
          </ns3:TrackPointExtension>
        </extensions>
      </trkpt>
      <trkpt lat="24.48992759920656681060791015625" lon="118.10430969111621379852294921875">
        <ele>5</ele>
        <time>2024-11-17T12:55:37.000Z</time>
        <extensions>
          <ns3:TrackPointExtension>
            <ns3:hr>158</ns3:hr>
          </ns3:TrackPointExtension>
        </extensions>
      </trkpt>
      <trkpt lat="24.4899447821080684661865234375" lon="118.1042811088263988494873046875">
        <ele>5.19999980926513671875</ele>
        <time>2024-11-17T12:55:38.000Z</time>
        <extensions>
          <ns3:TrackPointExtension>
            <ns3:hr>158</ns3:hr>
          </ns3:TrackPointExtension>
        </extensions>
      </trkpt>
      <trkpt lat="24.4899612106382846832275390625" lon="118.10425219126045703887939453125">
        <ele>5.19999980926513671875</ele>
        <time>2024-11-17T12:55:39.000Z</time>
        <extensions>
          <ns3:TrackPointExtension>
            <ns3:hr>158</ns3:hr>
          </ns3:TrackPointExtension>
        </extensions>
      </trkpt>
      <trkpt lat="24.4899762980639934539794921875" lon="118.1042231060564517974853515625">
        <ele>5.400000095367431640625</ele>
        <time>2024-11-17T12:55:40.000Z</time>
        <extensions>
          <ns3:TrackPointExtension>
            <ns3:hr>160</ns3:hr>
          </ns3:TrackPointExtension>
        </extensions>
      </trkpt>
      <trkpt lat="24.48999029584228992462158203125" lon="118.104193098843097686767578125">
        <ele>5.400000095367431640625</ele>
        <time>2024-11-17T12:55:41.000Z</time>
        <extensions>
          <ns3:TrackPointExtension>
            <ns3:hr>160</ns3:hr>
          </ns3:TrackPointExtension>
        </extensions>
      </trkpt>
      <trkpt lat="24.490003287792205810546875" lon="118.104162253439426422119140625">
        <ele>5.400000095367431640625</ele>
        <time>2024-11-17T12:55:42.000Z</time>
        <extensions>
          <ns3:TrackPointExtension>
            <ns3:hr>160</ns3:hr>
          </ns3:TrackPointExtension>
        </extensions>
      </trkpt>
      <trkpt lat="24.49001611210405826568603515625" lon="118.104130737483501434326171875">
        <ele>5.400000095367431640625</ele>
        <time>2024-11-17T12:55:43.000Z</time>
        <extensions>
          <ns3:TrackPointExtension>
            <ns3:hr>160</ns3:hr>
          </ns3:TrackPointExtension>
        </extensions>
      </trkpt>
      <trkpt lat="24.4900289364159107208251953125" lon="118.1040987186133861541748046875">
        <ele>5.19999980926513671875</ele>
        <time>2024-11-17T12:55:44.000Z</time>
        <extensions>
          <ns3:TrackPointExtension>
            <ns3:hr>160</ns3:hr>
          </ns3:TrackPointExtension>
        </extensions>
      </trkpt>
      <trkpt lat="24.4900413416326045989990234375" lon="118.104066364467144012451171875">
        <ele>5.19999980926513671875</ele>
        <time>2024-11-17T12:55:45.000Z</time>
        <extensions>
          <ns3:TrackPointExtension>
            <ns3:hr>160</ns3:hr>
          </ns3:TrackPointExtension>
        </extensions>
      </trkpt>
      <trkpt lat="24.49005282483994960784912109375" lon="118.1040336750447750091552734375">
        <ele>5.19999980926513671875</ele>
        <time>2024-11-17T12:55:46.000Z</time>
        <extensions>
          <ns3:TrackPointExtension>
            <ns3:hr>160</ns3:hr>
          </ns3:TrackPointExtension>
        </extensions>
      </trkpt>
      <trkpt lat="24.49006305076181888580322265625" lon="118.10400039888918399810791015625">
        <ele>5.19999980926513671875</ele>
        <time>2024-11-17T12:55:47.000Z</time>
        <extensions>
          <ns3:TrackPointExtension>
            <ns3:hr>160</ns3:hr>
          </ns3:TrackPointExtension>
        </extensions>
      </trkpt>
      <trkpt lat="24.4900725223124027252197265625" lon="118.10396611690521240234375">
        <ele>5.19999980926513671875</ele>
        <time>2024-11-17T12:55:48.000Z</time>
        <extensions>
          <ns3:TrackPointExtension>
            <ns3:hr>159</ns3:hr>
          </ns3:TrackPointExtension>
        </extensions>
      </trkpt>
      <trkpt lat="24.49008115567266941070556640625" lon="118.10393166728317737579345703125">
        <ele>5</ele>
        <time>2024-11-17T12:55:49.000Z</time>
        <extensions>
          <ns3:TrackPointExtension>
            <ns3:hr>159</ns3:hr>
          </ns3:TrackPointExtension>
        </extensions>
      </trkpt>
      <trkpt lat="24.49008869938552379608154296875" lon="118.1038982234895229339599609375">
        <ele>5</ele>
        <time>2024-11-17T12:55:50.000Z</time>
        <extensions>
          <ns3:TrackPointExtension>
            <ns3:hr>159</ns3:hr>
          </ns3:TrackPointExtension>
        </extensions>
      </trkpt>
      <trkpt lat="24.4900956563651561737060546875" lon="118.10386578552424907684326171875">
        <ele>5</ele>
        <time>2024-11-17T12:55:51.000Z</time>
        <extensions>
          <ns3:TrackPointExtension>
            <ns3:hr>159</ns3:hr>
          </ns3:TrackPointExtension>
        </extensions>
      </trkpt>
      <trkpt lat="24.4901026971638202667236328125" lon="118.10383443720638751983642578125">
        <ele>5</ele>
        <time>2024-11-17T12:55:52.000Z</time>
        <extensions>
          <ns3:TrackPointExtension>
            <ns3:hr>159</ns3:hr>
          </ns3:TrackPointExtension>
        </extensions>
      </trkpt>
      <trkpt lat="24.49010998941957950592041015625" lon="118.1038038432598114013671875">
        <ele>5</ele>
        <time>2024-11-17T12:55:53.000Z</time>
        <extensions>
          <ns3:TrackPointExtension>
            <ns3:hr>159</ns3:hr>
          </ns3:TrackPointExtension>
        </extensions>
      </trkpt>
      <trkpt lat="24.49011686258018016815185546875" lon="118.1037728302180767059326171875">
        <ele>5</ele>
        <time>2024-11-17T12:55:54.000Z</time>
        <extensions>
          <ns3:TrackPointExtension>
            <ns3:hr>159</ns3:hr>
          </ns3:TrackPointExtension>
        </extensions>
      </trkpt>
      <trkpt lat="24.4901224784553050994873046875" lon="118.10374123044312000274658203125">
        <ele>5</ele>
        <time>2024-11-17T12:55:55.000Z</time>
        <extensions>
          <ns3:TrackPointExtension>
            <ns3:hr>159</ns3:hr>
          </ns3:TrackPointExtension>
        </extensions>
      </trkpt>
      <trkpt lat="24.49012675322592258453369140625" lon="118.103708960115909576416015625">
        <ele>5</ele>
        <time>2024-11-17T12:55:56.000Z</time>
        <extensions>
          <ns3:TrackPointExtension>
            <ns3:hr>159</ns3:hr>
          </ns3:TrackPointExtension>
        </extensions>
      </trkpt>
      <trkpt lat="24.49013010598719120025634765625" lon="118.10367643833160400390625">
        <ele>5</ele>
        <time>2024-11-17T12:55:57.000Z</time>
        <extensions>
          <ns3:TrackPointExtension>
            <ns3:hr>159</ns3:hr>
          </ns3:TrackPointExtension>
        </extensions>
      </trkpt>
      <trkpt lat="24.4901328720152378082275390625" lon="118.10364366509020328521728515625">
        <ele>5</ele>
        <time>2024-11-17T12:55:58.000Z</time>
        <extensions>
          <ns3:TrackPointExtension>
            <ns3:hr>159</ns3:hr>
          </ns3:TrackPointExtension>
        </extensions>
      </trkpt>
      <trkpt lat="24.49013530276715755462646484375" lon="118.10361114330589771270751953125">
        <ele>5</ele>
        <time>2024-11-17T12:55:59.000Z</time>
        <extensions>
          <ns3:TrackPointExtension>
            <ns3:hr>158</ns3:hr>
          </ns3:TrackPointExtension>
        </extensions>
      </trkpt>
      <trkpt lat="24.4901368953287601470947265625" lon="118.10357912443578243255615234375">
        <ele>5.19999980926513671875</ele>
        <time>2024-11-17T12:56:00.000Z</time>
        <extensions>
          <ns3:TrackPointExtension>
            <ns3:hr>158</ns3:hr>
          </ns3:TrackPointExtension>
        </extensions>
      </trkpt>
      <trkpt lat="24.49013714678585529327392578125" lon="118.10354769229888916015625">
        <ele>5.400000095367431640625</ele>
        <time>2024-11-17T12:56:01.000Z</time>
        <extensions>
          <ns3:TrackPointExtension>
            <ns3:hr>158</ns3:hr>
          </ns3:TrackPointExtension>
        </extensions>
      </trkpt>
      <trkpt lat="24.49013580568134784698486328125" lon="118.10351617634296417236328125">
        <ele>5.400000095367431640625</ele>
        <time>2024-11-17T12:56:02.000Z</time>
        <extensions>
          <ns3:TrackPointExtension>
            <ns3:hr>158</ns3:hr>
          </ns3:TrackPointExtension>
        </extensions>
      </trkpt>
      <trkpt lat="24.490132369101047515869140625" lon="118.10348424129188060760498046875">
        <ele>5.599999904632568359375</ele>
        <time>2024-11-17T12:56:03.000Z</time>
        <extensions>
          <ns3:TrackPointExtension>
            <ns3:hr>158</ns3:hr>
          </ns3:TrackPointExtension>
        </extensions>
      </trkpt>
      <trkpt lat="24.4901268370449542999267578125" lon="118.10345180332660675048828125">
        <ele>5.599999904632568359375</ele>
        <time>2024-11-17T12:56:04.000Z</time>
        <extensions>
          <ns3:TrackPointExtension>
            <ns3:hr>158</ns3:hr>
          </ns3:TrackPointExtension>
        </extensions>
      </trkpt>
      <trkpt lat="24.49011988006532192230224609375" lon="118.10341903008520603179931640625">
        <ele>5.80000019073486328125</ele>
        <time>2024-11-17T12:56:05.000Z</time>
        <extensions>
          <ns3:TrackPointExtension>
            <ns3:hr>158</ns3:hr>
          </ns3:TrackPointExtension>
        </extensions>
      </trkpt>
      <trkpt lat="24.49011200107634067535400390625" lon="118.1033859215676784515380859375">
        <ele>6</ele>
        <time>2024-11-17T12:56:06.000Z</time>
        <extensions>
          <ns3:TrackPointExtension>
            <ns3:hr>158</ns3:hr>
          </ns3:TrackPointExtension>
        </extensions>
      </trkpt>
      <trkpt lat="24.49010361917316913604736328125" lon="118.10335247777402400970458984375">
        <ele>6</ele>
        <time>2024-11-17T12:56:07.000Z</time>
        <extensions>
          <ns3:TrackPointExtension>
            <ns3:hr>157</ns3:hr>
          </ns3:TrackPointExtension>
        </extensions>
      </trkpt>
      <trkpt lat="24.4900946505367755889892578125" lon="118.1033192016184329986572265625">
        <ele>6.19999980926513671875</ele>
        <time>2024-11-17T12:56:08.000Z</time>
        <extensions>
          <ns3:TrackPointExtension>
            <ns3:hr>157</ns3:hr>
          </ns3:TrackPointExtension>
        </extensions>
      </trkpt>
      <trkpt lat="24.49008534662425518035888671875" lon="118.10328642837703227996826171875">
        <ele>6.19999980926513671875</ele>
        <time>2024-11-17T12:56:09.000Z</time>
        <extensions>
          <ns3:TrackPointExtension>
            <ns3:hr>157</ns3:hr>
          </ns3:TrackPointExtension>
        </extensions>
      </trkpt>
      <trkpt lat="24.4900758750736713409423828125" lon="118.10325323604047298431396484375">
        <ele>6.400000095367431640625</ele>
        <time>2024-11-17T12:56:10.000Z</time>
        <extensions>
          <ns3:TrackPointExtension>
            <ns3:hr>157</ns3:hr>
          </ns3:TrackPointExtension>
        </extensions>
      </trkpt>
      <trkpt lat="24.4900663197040557861328125" lon="118.10321903787553310394287109375">
        <ele>6.400000095367431640625</ele>
        <time>2024-11-17T12:56:11.000Z</time>
        <extensions>
          <ns3:TrackPointExtension>
            <ns3:hr>157</ns3:hr>
          </ns3:TrackPointExtension>
        </extensions>
      </trkpt>
      <trkpt lat="24.49005651287734508514404296875" lon="118.10318500734865665435791015625">
        <ele>6.599999904632568359375</ele>
        <time>2024-11-17T12:56:12.000Z</time>
        <extensions>
          <ns3:TrackPointExtension>
            <ns3:hr>157</ns3:hr>
          </ns3:TrackPointExtension>
        </extensions>
      </trkpt>
      <trkpt lat="24.49004578404128551483154296875" lon="118.1031520664691925048828125">
        <ele>6.599999904632568359375</ele>
        <time>2024-11-17T12:56:13.000Z</time>
        <extensions>
          <ns3:TrackPointExtension>
            <ns3:hr>157</ns3:hr>
          </ns3:TrackPointExtension>
        </extensions>
      </trkpt>
      <trkpt lat="24.4900343008339405059814453125" lon="118.1031200475990772247314453125">
        <ele>6.599999904632568359375</ele>
        <time>2024-11-17T12:56:14.000Z</time>
        <extensions>
          <ns3:TrackPointExtension>
            <ns3:hr>157</ns3:hr>
          </ns3:TrackPointExtension>
        </extensions>
      </trkpt>
      <trkpt lat="24.49002164416015148162841796875" lon="118.10308828018605709075927734375">
        <ele>6.80000019073486328125</ele>
        <time>2024-11-17T12:56:15.000Z</time>
        <extensions>
          <ns3:TrackPointExtension>
            <ns3:hr>158</ns3:hr>
          </ns3:TrackPointExtension>
        </extensions>
      </trkpt>
      <trkpt lat="24.49000798165798187255859375" lon="118.10305709950625896453857421875">
        <ele>6.80000019073486328125</ele>
        <time>2024-11-17T12:56:16.000Z</time>
        <extensions>
          <ns3:TrackPointExtension>
            <ns3:hr>158</ns3:hr>
          </ns3:TrackPointExtension>
        </extensions>
      </trkpt>
      <trkpt lat="24.48999348096549510955810546875" lon="118.1030258350074291229248046875">
        <ele>6.80000019073486328125</ele>
        <time>2024-11-17T12:56:17.000Z</time>
        <extensions>
          <ns3:TrackPointExtension>
            <ns3:hr>158</ns3:hr>
          </ns3:TrackPointExtension>
        </extensions>
      </trkpt>
      <trkpt lat="24.48997805826365947723388671875" lon="118.10299406759440898895263671875">
        <ele>7</ele>
        <time>2024-11-17T12:56:18.000Z</time>
        <extensions>
          <ns3:TrackPointExtension>
            <ns3:hr>158</ns3:hr>
          </ns3:TrackPointExtension>
        </extensions>
      </trkpt>
      <trkpt lat="24.48996146209537982940673828125" lon="118.10296288691461086273193359375">
        <ele>7</ele>
        <time>2024-11-17T12:56:19.000Z</time>
        <extensions>
          <ns3:TrackPointExtension>
            <ns3:hr>158</ns3:hr>
          </ns3:TrackPointExtension>
        </extensions>
      </trkpt>
      <trkpt lat="24.48994352482259273529052734375" lon="118.102933131158351898193359375">
        <ele>7</ele>
        <time>2024-11-17T12:56:20.000Z</time>
        <extensions>
          <ns3:TrackPointExtension>
            <ns3:hr>158</ns3:hr>
          </ns3:TrackPointExtension>
        </extensions>
      </trkpt>
      <trkpt lat="24.48992474935948848724365234375" lon="118.10290454886853694915771484375">
        <ele>7</ele>
        <time>2024-11-17T12:56:21.000Z</time>
        <extensions>
          <ns3:TrackPointExtension>
            <ns3:hr>158</ns3:hr>
          </ns3:TrackPointExtension>
        </extensions>
      </trkpt>
      <trkpt lat="24.4899055548012256622314453125" lon="118.10287605039775371551513671875">
        <ele>7</ele>
        <time>2024-11-17T12:56:22.000Z</time>
        <extensions>
          <ns3:TrackPointExtension>
            <ns3:hr>158</ns3:hr>
          </ns3:TrackPointExtension>
        </extensions>
      </trkpt>
      <trkpt lat="24.48988585732877254486083984375" lon="118.1028481386601924896240234375">
        <ele>7</ele>
        <time>2024-11-17T12:56:23.000Z</time>
        <extensions>
          <ns3:TrackPointExtension>
            <ns3:hr>158</ns3:hr>
          </ns3:TrackPointExtension>
        </extensions>
      </trkpt>
      <trkpt lat="24.4898649863898754119873046875" lon="118.102821148931980133056640625">
        <ele>7</ele>
        <time>2024-11-17T12:56:24.000Z</time>
        <extensions>
          <ns3:TrackPointExtension>
            <ns3:hr>158</ns3:hr>
          </ns3:TrackPointExtension>
        </extensions>
      </trkpt>
      <trkpt lat="24.48984294198453426361083984375" lon="118.102794997394084930419921875">
        <ele>7</ele>
        <time>2024-11-17T12:56:25.000Z</time>
        <extensions>
          <ns3:TrackPointExtension>
            <ns3:hr>158</ns3:hr>
          </ns3:TrackPointExtension>
        </extensions>
      </trkpt>
      <trkpt lat="24.48982064612209796905517578125" lon="118.10276892967522144317626953125">
        <ele>7</ele>
        <time>2024-11-17T12:56:26.000Z</time>
        <extensions>
          <ns3:TrackPointExtension>
            <ns3:hr>158</ns3:hr>
          </ns3:TrackPointExtension>
        </extensions>
      </trkpt>
      <trkpt lat="24.4897986017167568206787109375" lon="118.1027428619563579559326171875">
        <ele>7.19999980926513671875</ele>
        <time>2024-11-17T12:56:27.000Z</time>
        <extensions>
          <ns3:TrackPointExtension>
            <ns3:hr>158</ns3:hr>
          </ns3:TrackPointExtension>
        </extensions>
      </trkpt>
      <trkpt lat="24.4897764734923839569091796875" lon="118.102717213332653045654296875">
        <ele>7.19999980926513671875</ele>
        <time>2024-11-17T12:56:28.000Z</time>
        <extensions>
          <ns3:TrackPointExtension>
            <ns3:hr>158</ns3:hr>
          </ns3:TrackPointExtension>
        </extensions>
      </trkpt>
      <trkpt lat="24.48975392617285251617431640625" lon="118.10269181616604328155517578125">
        <ele>7.19999980926513671875</ele>
        <time>2024-11-17T12:56:29.000Z</time>
        <extensions>
          <ns3:TrackPointExtension>
            <ns3:hr>158</ns3:hr>
          </ns3:TrackPointExtension>
        </extensions>
      </trkpt>
      <trkpt lat="24.48973079212009906768798828125" lon="118.1026670895516872406005859375">
        <ele>7.400000095367431640625</ele>
        <time>2024-11-17T12:56:30.000Z</time>
        <extensions>
          <ns3:TrackPointExtension>
            <ns3:hr>158</ns3:hr>
          </ns3:TrackPointExtension>
        </extensions>
      </trkpt>
      <trkpt lat="24.4897070713341236114501953125" lon="118.102644123136997222900390625">
        <ele>7.400000095367431640625</ele>
        <time>2024-11-17T12:56:31.000Z</time>
        <extensions>
          <ns3:TrackPointExtension>
            <ns3:hr>158</ns3:hr>
          </ns3:TrackPointExtension>
        </extensions>
      </trkpt>
      <trkpt lat="24.48968267999589443206787109375" lon="118.10262358747422695159912109375">
        <ele>7.599999904632568359375</ele>
        <time>2024-11-17T12:56:32.000Z</time>
        <extensions>
          <ns3:TrackPointExtension>
            <ns3:hr>158</ns3:hr>
          </ns3:TrackPointExtension>
        </extensions>
      </trkpt>
      <trkpt lat="24.4896571151912212371826171875" lon="118.10260464437305927276611328125">
        <ele>7.599999904632568359375</ele>
        <time>2024-11-17T12:56:33.000Z</time>
        <extensions>
          <ns3:TrackPointExtension>
            <ns3:hr>158</ns3:hr>
          </ns3:TrackPointExtension>
        </extensions>
      </trkpt>
      <trkpt lat="24.48963020928204059600830078125" lon="118.1025862880051136016845703125">
        <ele>7.80000019073486328125</ele>
        <time>2024-11-17T12:56:34.000Z</time>
        <extensions>
          <ns3:TrackPointExtension>
            <ns3:hr>158</ns3:hr>
          </ns3:TrackPointExtension>
        </extensions>
      </trkpt>
      <trkpt lat="24.48960162699222564697265625" lon="118.102568350732326507568359375">
        <ele>7.80000019073486328125</ele>
        <time>2024-11-17T12:56:35.000Z</time>
        <extensions>
          <ns3:TrackPointExtension>
            <ns3:hr>158</ns3:hr>
          </ns3:TrackPointExtension>
        </extensions>
      </trkpt>
      <trkpt lat="24.489571787416934967041015625" lon="118.1025507487356662750244140625">
        <ele>8</ele>
        <time>2024-11-17T12:56:36.000Z</time>
        <extensions>
          <ns3:TrackPointExtension>
            <ns3:hr>158</ns3:hr>
          </ns3:TrackPointExtension>
        </extensions>
      </trkpt>
      <trkpt lat="24.48954069055616855621337890625" lon="118.10253306291997432708740234375">
        <ele>8</ele>
        <time>2024-11-17T12:56:37.000Z</time>
        <extensions>
          <ns3:TrackPointExtension>
            <ns3:hr>158</ns3:hr>
          </ns3:TrackPointExtension>
        </extensions>
      </trkpt>
      <trkpt lat="24.48950984515249729156494140625" lon="118.1025148741900920867919921875">
        <ele>8</ele>
        <time>2024-11-17T12:56:38.000Z</time>
        <extensions>
          <ns3:TrackPointExtension>
            <ns3:hr>158</ns3:hr>
          </ns3:TrackPointExtension>
        </extensions>
      </trkpt>
      <trkpt lat="24.48948050849139690399169921875" lon="118.1024960987269878387451171875">
        <ele>8</ele>
        <time>2024-11-17T12:56:39.000Z</time>
        <extensions>
          <ns3:TrackPointExtension>
            <ns3:hr>158</ns3:hr>
          </ns3:TrackPointExtension>
        </extensions>
      </trkpt>
      <trkpt lat="24.48945251293480396270751953125" lon="118.1024773232638835906982421875">
        <ele>8.19999980926513671875</ele>
        <time>2024-11-17T12:56:40.000Z</time>
        <extensions>
          <ns3:TrackPointExtension>
            <ns3:hr>158</ns3:hr>
          </ns3:TrackPointExtension>
        </extensions>
      </trkpt>
      <trkpt lat="24.489424936473369598388671875" lon="118.102459050714969635009765625">
        <ele>8.19999980926513671875</ele>
        <time>2024-11-17T12:56:41.000Z</time>
        <extensions>
          <ns3:TrackPointExtension>
            <ns3:hr>158</ns3:hr>
          </ns3:TrackPointExtension>
        </extensions>
      </trkpt>
      <trkpt lat="24.4893966056406497955322265625" lon="118.10244195163249969482421875">
        <ele>8.19999980926513671875</ele>
        <time>2024-11-17T12:56:42.000Z</time>
        <extensions>
          <ns3:TrackPointExtension>
            <ns3:hr>158</ns3:hr>
          </ns3:TrackPointExtension>
        </extensions>
      </trkpt>
      <trkpt lat="24.48936752043664455413818359375" lon="118.10242711566388607025146484375">
        <ele>8.19999980926513671875</ele>
        <time>2024-11-17T12:56:43.000Z</time>
        <extensions>
          <ns3:TrackPointExtension>
            <ns3:hr>158</ns3:hr>
          </ns3:TrackPointExtension>
        </extensions>
      </trkpt>
      <trkpt lat="24.48933742940425872802734375" lon="118.10241512954235076904296875">
        <ele>8.3999996185302734375</ele>
        <time>2024-11-17T12:56:44.000Z</time>
        <extensions>
          <ns3:TrackPointExtension>
            <ns3:hr>158</ns3:hr>
          </ns3:TrackPointExtension>
        </extensions>
      </trkpt>
      <trkpt lat="24.489306248724460601806640625" lon="118.1024052388966083526611328125">
        <ele>8.3999996185302734375</ele>
        <time>2024-11-17T12:56:45.000Z</time>
        <extensions>
          <ns3:TrackPointExtension>
            <ns3:hr>158</ns3:hr>
          </ns3:TrackPointExtension>
        </extensions>
      </trkpt>
      <trkpt lat="24.4892742298543453216552734375" lon="118.102397024631500244140625">
        <ele>8.3999996185302734375</ele>
        <time>2024-11-17T12:56:46.000Z</time>
        <extensions>
          <ns3:TrackPointExtension>
            <ns3:hr>158</ns3:hr>
          </ns3:TrackPointExtension>
        </extensions>
      </trkpt>
      <trkpt lat="24.48924229480326175689697265625" lon="118.10239057056605815887451171875">
        <ele>8.6000003814697265625</ele>
        <time>2024-11-17T12:56:47.000Z</time>
        <extensions>
          <ns3:TrackPointExtension>
            <ns3:hr>158</ns3:hr>
          </ns3:TrackPointExtension>
        </extensions>
      </trkpt>
      <trkpt lat="24.48921027593314647674560546875" lon="118.10238562524318695068359375">
        <ele>9</ele>
        <time>2024-11-17T12:56:48.000Z</time>
        <extensions>
          <ns3:TrackPointExtension>
            <ns3:hr>158</ns3:hr>
          </ns3:TrackPointExtension>
        </extensions>
      </trkpt>
      <trkpt lat="24.4891776703298091888427734375" lon="118.10238101519644260406494140625">
        <ele>9.19999980926513671875</ele>
        <time>2024-11-17T12:56:49.000Z</time>
        <extensions>
          <ns3:TrackPointExtension>
            <ns3:hr>158</ns3:hr>
          </ns3:TrackPointExtension>
        </extensions>
      </trkpt>
      <trkpt lat="24.48914472945034503936767578125" lon="118.10237615369260311126708984375">
        <ele>9.3999996185302734375</ele>
        <time>2024-11-17T12:56:50.000Z</time>
        <extensions>
          <ns3:TrackPointExtension>
            <ns3:hr>157</ns3:hr>
          </ns3:TrackPointExtension>
        </extensions>
      </trkpt>
      <trkpt lat="24.48911187238991260528564453125" lon="118.10237179510295391082763671875">
        <ele>9.6000003814697265625</ele>
        <time>2024-11-17T12:56:51.000Z</time>
        <extensions>
          <ns3:TrackPointExtension>
            <ns3:hr>157</ns3:hr>
          </ns3:TrackPointExtension>
        </extensions>
      </trkpt>
      <trkpt lat="24.4890787638723850250244140625" lon="118.10236894525587558746337890625">
        <ele>9.80000019073486328125</ele>
        <time>2024-11-17T12:56:52.000Z</time>
        <extensions>
          <ns3:TrackPointExtension>
            <ns3:hr>157</ns3:hr>
          </ns3:TrackPointExtension>
        </extensions>
      </trkpt>
      <trkpt lat="24.48904515244066715240478515625" lon="118.10236743651330471038818359375">
        <ele>10</ele>
        <time>2024-11-17T12:56:53.000Z</time>
        <extensions>
          <ns3:TrackPointExtension>
            <ns3:hr>157</ns3:hr>
          </ns3:TrackPointExtension>
        </extensions>
      </trkpt>
      <trkpt lat="24.4890113733708858489990234375" lon="118.10236676596105098724365234375">
        <ele>10.19999980926513671875</ele>
        <time>2024-11-17T12:56:54.000Z</time>
        <extensions>
          <ns3:TrackPointExtension>
            <ns3:hr>157</ns3:hr>
          </ns3:TrackPointExtension>
        </extensions>
      </trkpt>
      <trkpt lat="24.48897801339626312255859375" lon="118.1023660115897655487060546875">
        <ele>10.3999996185302734375</ele>
        <time>2024-11-17T12:56:55.000Z</time>
        <extensions>
          <ns3:TrackPointExtension>
            <ns3:hr>157</ns3:hr>
          </ns3:TrackPointExtension>
        </extensions>
      </trkpt>
      <trkpt lat="24.4889453239738941192626953125" lon="118.1023653410375118255615234375">
        <ele>10.6000003814697265625</ele>
        <time>2024-11-17T12:56:56.000Z</time>
        <extensions>
          <ns3:TrackPointExtension>
            <ns3:hr>157</ns3:hr>
          </ns3:TrackPointExtension>
        </extensions>
      </trkpt>
      <trkpt lat="24.48891288600862026214599609375" lon="118.1023650057613849639892578125">
        <ele>10.6000003814697265625</ele>
        <time>2024-11-17T12:56:57.000Z</time>
        <extensions>
          <ns3:TrackPointExtension>
            <ns3:hr>157</ns3:hr>
          </ns3:TrackPointExtension>
        </extensions>
      </trkpt>
      <trkpt lat="24.48888069950044155120849609375" lon="118.10236550867557525634765625">
        <ele>10.80000019073486328125</ele>
        <time>2024-11-17T12:56:58.000Z</time>
        <extensions>
          <ns3:TrackPointExtension>
            <ns3:hr>157</ns3:hr>
          </ns3:TrackPointExtension>
        </extensions>
      </trkpt>
      <trkpt lat="24.4888484291732311248779296875" lon="118.10236693359911441802978515625">
        <ele>10.80000019073486328125</ele>
        <time>2024-11-17T12:56:59.000Z</time>
        <extensions>
          <ns3:TrackPointExtension>
            <ns3:hr>157</ns3:hr>
          </ns3:TrackPointExtension>
        </extensions>
      </trkpt>
      <trkpt lat="24.4888165779411792755126953125" lon="118.10236877761781215667724609375">
        <ele>11</ele>
        <time>2024-11-17T12:57:00.000Z</time>
        <extensions>
          <ns3:TrackPointExtension>
            <ns3:hr>157</ns3:hr>
          </ns3:TrackPointExtension>
        </extensions>
      </trkpt>
      <trkpt lat="24.48878489434719085693359375" lon="118.1023710407316684722900390625">
        <ele>11</ele>
        <time>2024-11-17T12:57:01.000Z</time>
        <extensions>
          <ns3:TrackPointExtension>
            <ns3:hr>157</ns3:hr>
          </ns3:TrackPointExtension>
        </extensions>
      </trkpt>
      <trkpt lat="24.488753378391265869140625" lon="118.1023740582168102264404296875">
        <ele>11</ele>
        <time>2024-11-17T12:57:02.000Z</time>
        <extensions>
          <ns3:TrackPointExtension>
            <ns3:hr>157</ns3:hr>
          </ns3:TrackPointExtension>
        </extensions>
      </trkpt>
      <trkpt lat="24.48872194625437259674072265625" lon="118.102378584444522857666015625">
        <ele>11</ele>
        <time>2024-11-17T12:57:03.000Z</time>
        <extensions>
          <ns3:TrackPointExtension>
            <ns3:hr>157</ns3:hr>
          </ns3:TrackPointExtension>
        </extensions>
      </trkpt>
      <trkpt lat="24.48869043029844760894775390625" lon="118.1023847870528697967529296875">
        <ele>10.80000019073486328125</ele>
        <time>2024-11-17T12:57:04.000Z</time>
        <extensions>
          <ns3:TrackPointExtension>
            <ns3:hr>157</ns3:hr>
          </ns3:TrackPointExtension>
        </extensions>
      </trkpt>
      <trkpt lat="24.4886586628854274749755859375" lon="118.10239140875637531280517578125">
        <ele>10.80000019073486328125</ele>
        <time>2024-11-17T12:57:05.000Z</time>
        <extensions>
          <ns3:TrackPointExtension>
            <ns3:hr>157</ns3:hr>
          </ns3:TrackPointExtension>
        </extensions>
      </trkpt>
      <trkpt lat="24.488626308739185333251953125" lon="118.10239794664084911346435546875">
        <ele>10.6000003814697265625</ele>
        <time>2024-11-17T12:57:06.000Z</time>
        <extensions>
          <ns3:TrackPointExtension>
            <ns3:hr>157</ns3:hr>
          </ns3:TrackPointExtension>
        </extensions>
      </trkpt>
      <trkpt lat="24.488594122231006622314453125" lon="118.10240515507757663726806640625">
        <ele>10.6000003814697265625</ele>
        <time>2024-11-17T12:57:07.000Z</time>
        <extensions>
          <ns3:TrackPointExtension>
            <ns3:hr>157</ns3:hr>
          </ns3:TrackPointExtension>
        </extensions>
      </trkpt>
      <trkpt lat="24.4885627739131450653076171875" lon="118.10241420753300189971923828125">
        <ele>10.6000003814697265625</ele>
        <time>2024-11-17T12:57:08.000Z</time>
        <extensions>
          <ns3:TrackPointExtension>
            <ns3:hr>157</ns3:hr>
          </ns3:TrackPointExtension>
        </extensions>
      </trkpt>
      <trkpt lat="24.488532431423664093017578125" lon="118.10242476873099803924560546875">
        <ele>10.6000003814697265625</ele>
        <time>2024-11-17T12:57:09.000Z</time>
        <extensions>
          <ns3:TrackPointExtension>
            <ns3:hr>158</ns3:hr>
          </ns3:TrackPointExtension>
        </extensions>
      </trkpt>
      <trkpt lat="24.48850301094353199005126953125" lon="118.1024367548525333404541015625">
        <ele>10.6000003814697265625</ele>
        <time>2024-11-17T12:57:10.000Z</time>
        <extensions>
          <ns3:TrackPointExtension>
            <ns3:hr>158</ns3:hr>
          </ns3:TrackPointExtension>
        </extensions>
      </trkpt>
      <trkpt lat="24.48847451247274875640869140625" lon="118.1024501658976078033447265625">
        <ele>10.6000003814697265625</ele>
        <time>2024-11-17T12:57:11.000Z</time>
        <extensions>
          <ns3:TrackPointExtension>
            <ns3:hr>158</ns3:hr>
          </ns3:TrackPointExtension>
        </extensions>
      </trkpt>
      <trkpt lat="24.48844584636390209197998046875" lon="118.1024649180471897125244140625">
        <ele>10.6000003814697265625</ele>
        <time>2024-11-17T12:57:12.000Z</time>
        <extensions>
          <ns3:TrackPointExtension>
            <ns3:hr>158</ns3:hr>
          </ns3:TrackPointExtension>
        </extensions>
      </trkpt>
      <trkpt lat="24.48841701261699199676513671875" lon="118.10247992165386676788330078125">
        <ele>10.80000019073486328125</ele>
        <time>2024-11-17T12:57:13.000Z</time>
        <extensions>
          <ns3:TrackPointExtension>
            <ns3:hr>158</ns3:hr>
          </ns3:TrackPointExtension>
        </extensions>
      </trkpt>
      <trkpt lat="24.48838817887008190155029296875" lon="118.102494589984416961669921875">
        <ele>10.80000019073486328125</ele>
        <time>2024-11-17T12:57:14.000Z</time>
        <extensions>
          <ns3:TrackPointExtension>
            <ns3:hr>158</ns3:hr>
          </ns3:TrackPointExtension>
        </extensions>
      </trkpt>
      <trkpt lat="24.48835909366607666015625" lon="118.1025091744959354400634765625">
        <ele>10.6000003814697265625</ele>
        <time>2024-11-17T12:57:15.000Z</time>
        <extensions>
          <ns3:TrackPointExtension>
            <ns3:hr>158</ns3:hr>
          </ns3:TrackPointExtension>
        </extensions>
      </trkpt>
      <trkpt lat="24.48832950554788112640380859375" lon="118.10252401046454906463623046875">
        <ele>10.6000003814697265625</ele>
        <time>2024-11-17T12:57:16.000Z</time>
        <extensions>
          <ns3:TrackPointExtension>
            <ns3:hr>158</ns3:hr>
          </ns3:TrackPointExtension>
        </extensions>
      </trkpt>
      <trkpt lat="24.48830000124871730804443359375" lon="118.102539516985416412353515625">
        <ele>10.3999996185302734375</ele>
        <time>2024-11-17T12:57:17.000Z</time>
        <extensions>
          <ns3:TrackPointExtension>
            <ns3:hr>159</ns3:hr>
          </ns3:TrackPointExtension>
        </extensions>
      </trkpt>
      <trkpt lat="24.4882719218730926513671875" lon="118.102556951344013214111328125">
        <ele>10.3999996185302734375</ele>
        <time>2024-11-17T12:57:18.000Z</time>
        <extensions>
          <ns3:TrackPointExtension>
            <ns3:hr>159</ns3:hr>
          </ns3:TrackPointExtension>
        </extensions>
      </trkpt>
      <trkpt lat="24.4882456026971340179443359375" lon="118.10257731936872005462646484375">
        <ele>10.19999980926513671875</ele>
        <time>2024-11-17T12:57:19.000Z</time>
        <extensions>
          <ns3:TrackPointExtension>
            <ns3:hr>159</ns3:hr>
          </ns3:TrackPointExtension>
        </extensions>
      </trkpt>
      <trkpt lat="24.488220624625682830810546875" lon="118.10260011814534664154052734375">
        <ele>10</ele>
        <time>2024-11-17T12:57:20.000Z</time>
        <extensions>
          <ns3:TrackPointExtension>
            <ns3:hr>159</ns3:hr>
          </ns3:TrackPointExtension>
        </extensions>
      </trkpt>
      <trkpt lat="24.4881963171064853668212890625" lon="118.1026238389313220977783203125">
        <ele>9.6000003814697265625</ele>
        <time>2024-11-17T12:57:21.000Z</time>
        <extensions>
          <ns3:TrackPointExtension>
            <ns3:hr>159</ns3:hr>
          </ns3:TrackPointExtension>
        </extensions>
      </trkpt>
      <trkpt lat="24.488172344863414764404296875" lon="118.102647475898265838623046875">
        <ele>9.3999996185302734375</ele>
        <time>2024-11-17T12:57:22.000Z</time>
        <extensions>
          <ns3:TrackPointExtension>
            <ns3:hr>159</ns3:hr>
          </ns3:TrackPointExtension>
        </extensions>
      </trkpt>
      <trkpt lat="24.48814862407743930816650390625" lon="118.1026717834174633026123046875">
        <ele>8.80000019073486328125</ele>
        <time>2024-11-17T12:57:23.000Z</time>
        <extensions>
          <ns3:TrackPointExtension>
            <ns3:hr>159</ns3:hr>
          </ns3:TrackPointExtension>
        </extensions>
      </trkpt>
      <trkpt lat="24.48812549002468585968017578125" lon="118.10269718058407306671142578125">
        <ele>8.3999996185302734375</ele>
        <time>2024-11-17T12:57:24.000Z</time>
        <extensions>
          <ns3:TrackPointExtension>
            <ns3:hr>159</ns3:hr>
          </ns3:TrackPointExtension>
        </extensions>
      </trkpt>
      <trkpt lat="24.4881029427051544189453125" lon="118.1027234159409999847412109375">
        <ele>7.80000019073486328125</ele>
        <time>2024-11-17T12:57:25.000Z</time>
        <extensions>
          <ns3:TrackPointExtension>
            <ns3:hr>159</ns3:hr>
          </ns3:TrackPointExtension>
        </extensions>
      </trkpt>
      <trkpt lat="24.48808106593787670135498046875" lon="118.10274981893599033355712890625">
        <ele>7.400000095367431640625</ele>
        <time>2024-11-17T12:57:26.000Z</time>
        <extensions>
          <ns3:TrackPointExtension>
            <ns3:hr>159</ns3:hr>
          </ns3:TrackPointExtension>
        </extensions>
      </trkpt>
      <trkpt lat="24.48805944062769412994384765625" lon="118.1027763895690441131591796875">
        <ele>7.19999980926513671875</ele>
        <time>2024-11-17T12:57:27.000Z</time>
        <extensions>
          <ns3:TrackPointExtension>
            <ns3:hr>159</ns3:hr>
          </ns3:TrackPointExtension>
        </extensions>
      </trkpt>
      <trkpt lat="24.48803848586976528167724609375" lon="118.102803044021129608154296875">
        <ele>7</ele>
        <time>2024-11-17T12:57:28.000Z</time>
        <extensions>
          <ns3:TrackPointExtension>
            <ns3:hr>159</ns3:hr>
          </ns3:TrackPointExtension>
        </extensions>
      </trkpt>
      <trkpt lat="24.4880182854831218719482421875" lon="118.1028300337493419647216796875">
        <ele>7</ele>
        <time>2024-11-17T12:57:29.000Z</time>
        <extensions>
          <ns3:TrackPointExtension>
            <ns3:hr>159</ns3:hr>
          </ns3:TrackPointExtension>
        </extensions>
      </trkpt>
      <trkpt lat="24.48799758218228816986083984375" lon="118.10285777784883975982666015625">
        <ele>6.80000019073486328125</ele>
        <time>2024-11-17T12:57:30.000Z</time>
        <extensions>
          <ns3:TrackPointExtension>
            <ns3:hr>159</ns3:hr>
          </ns3:TrackPointExtension>
        </extensions>
      </trkpt>
      <trkpt lat="24.4879760406911373138427734375" lon="118.102885521948337554931640625">
        <ele>6.599999904632568359375</ele>
        <time>2024-11-17T12:57:31.000Z</time>
        <extensions>
          <ns3:TrackPointExtension>
            <ns3:hr>159</ns3:hr>
          </ns3:TrackPointExtension>
        </extensions>
      </trkpt>
      <trkpt lat="24.48795466683804988861083984375" lon="118.10291276313364505767822265625">
        <ele>6.599999904632568359375</ele>
        <time>2024-11-17T12:57:32.000Z</time>
        <extensions>
          <ns3:TrackPointExtension>
            <ns3:hr>159</ns3:hr>
          </ns3:TrackPointExtension>
        </extensions>
      </trkpt>
      <trkpt lat="24.48793371208012104034423828125" lon="118.10293958522379398345947265625">
        <ele>6.80000019073486328125</ele>
        <time>2024-11-17T12:57:33.000Z</time>
        <extensions>
          <ns3:TrackPointExtension>
            <ns3:hr>159</ns3:hr>
          </ns3:TrackPointExtension>
        </extensions>
      </trkpt>
      <trkpt lat="24.48791309259831905364990234375" lon="118.10296640731394290924072265625">
        <ele>7</ele>
        <time>2024-11-17T12:57:34.000Z</time>
        <extensions>
          <ns3:TrackPointExtension>
            <ns3:hr>159</ns3:hr>
          </ns3:TrackPointExtension>
        </extensions>
      </trkpt>
      <trkpt lat="24.4878942333161830902099609375" lon="118.10299373231828212738037109375">
        <ele>7.19999980926513671875</ele>
        <time>2024-11-17T12:57:35.000Z</time>
        <extensions>
          <ns3:TrackPointExtension>
            <ns3:hr>159</ns3:hr>
          </ns3:TrackPointExtension>
        </extensions>
      </trkpt>
      <trkpt lat="24.48787830770015716552734375" lon="118.10302290134131908416748046875">
        <ele>7.400000095367431640625</ele>
        <time>2024-11-17T12:57:36.000Z</time>
        <extensions>
          <ns3:TrackPointExtension>
            <ns3:hr>159</ns3:hr>
          </ns3:TrackPointExtension>
        </extensions>
      </trkpt>
      <trkpt lat="24.48786556720733642578125" lon="118.103053830564022064208984375">
        <ele>7.400000095367431640625</ele>
        <time>2024-11-17T12:57:37.000Z</time>
        <extensions>
          <ns3:TrackPointExtension>
            <ns3:hr>160</ns3:hr>
          </ns3:TrackPointExtension>
        </extensions>
      </trkpt>
      <trkpt lat="24.4878546707332134246826171875" lon="118.10308459214866161346435546875">
        <ele>7.599999904632568359375</ele>
        <time>2024-11-17T12:57:38.000Z</time>
        <extensions>
          <ns3:TrackPointExtension>
            <ns3:hr>160</ns3:hr>
          </ns3:TrackPointExtension>
        </extensions>
      </trkpt>
      <trkpt lat="24.48784335516393184661865234375" lon="118.1031143479049205780029296875">
        <ele>8</ele>
        <time>2024-11-17T12:57:39.000Z</time>
        <extensions>
          <ns3:TrackPointExtension>
            <ns3:hr>160</ns3:hr>
          </ns3:TrackPointExtension>
        </extensions>
      </trkpt>
      <trkpt lat="24.48783094994723796844482421875" lon="118.10314477421343326568603515625">
        <ele>8.6000003814697265625</ele>
        <time>2024-11-17T12:57:40.000Z</time>
        <extensions>
          <ns3:TrackPointExtension>
            <ns3:hr>160</ns3:hr>
          </ns3:TrackPointExtension>
        </extensions>
      </trkpt>
      <trkpt lat="24.48781888000667095184326171875" lon="118.10317645780742168426513671875">
        <ele>9</ele>
        <time>2024-11-17T12:57:41.000Z</time>
        <extensions>
          <ns3:TrackPointExtension>
            <ns3:hr>160</ns3:hr>
          </ns3:TrackPointExtension>
        </extensions>
      </trkpt>
      <trkpt lat="24.48780764825642108917236328125" lon="118.10320914722979068756103515625">
        <ele>9.6000003814697265625</ele>
        <time>2024-11-17T12:57:42.000Z</time>
        <extensions>
          <ns3:TrackPointExtension>
            <ns3:hr>160</ns3:hr>
          </ns3:TrackPointExtension>
        </extensions>
      </trkpt>
      <trkpt lat="24.4877970032393932342529296875" lon="118.10324259102344512939453125">
        <ele>10.19999980926513671875</ele>
        <time>2024-11-17T12:57:43.000Z</time>
        <extensions>
          <ns3:TrackPointExtension>
            <ns3:hr>161</ns3:hr>
          </ns3:TrackPointExtension>
        </extensions>
      </trkpt>
      <trkpt lat="24.4877872802317142486572265625" lon="118.10327611863613128662109375">
        <ele>10.80000019073486328125</ele>
        <time>2024-11-17T12:57:44.000Z</time>
        <extensions>
          <ns3:TrackPointExtension>
            <ns3:hr>161</ns3:hr>
          </ns3:TrackPointExtension>
        </extensions>
      </trkpt>
      <trkpt lat="24.48777881450951099395751953125" lon="118.10330922715365886688232421875">
        <ele>11.19999980926513671875</ele>
        <time>2024-11-17T12:57:45.000Z</time>
        <extensions>
          <ns3:TrackPointExtension>
            <ns3:hr>162</ns3:hr>
          </ns3:TrackPointExtension>
        </extensions>
      </trkpt>
      <trkpt lat="24.48777127079665660858154296875" lon="118.10334208421409130096435546875">
        <ele>11.6000003814697265625</ele>
        <time>2024-11-17T12:57:46.000Z</time>
        <extensions>
          <ns3:TrackPointExtension>
            <ns3:hr>162</ns3:hr>
          </ns3:TrackPointExtension>
        </extensions>
      </trkpt>
      <trkpt lat="24.487764649093151092529296875" lon="118.1033751927316188812255859375">
        <ele>12</ele>
        <time>2024-11-17T12:57:47.000Z</time>
        <extensions>
          <ns3:TrackPointExtension>
            <ns3:hr>162</ns3:hr>
          </ns3:TrackPointExtension>
        </extensions>
      </trkpt>
      <trkpt lat="24.4877591170370578765869140625" lon="118.103408552706241607666015625">
        <ele>12</ele>
        <time>2024-11-17T12:57:48.000Z</time>
        <extensions>
          <ns3:TrackPointExtension>
            <ns3:hr>162</ns3:hr>
          </ns3:TrackPointExtension>
        </extensions>
      </trkpt>
      <trkpt lat="24.4877542555332183837890625" lon="118.10344199649989604949951171875">
        <ele>11.80000019073486328125</ele>
        <time>2024-11-17T12:57:49.000Z</time>
        <extensions>
          <ns3:TrackPointExtension>
            <ns3:hr>162</ns3:hr>
          </ns3:TrackPointExtension>
        </extensions>
      </trkpt>
      <trkpt lat="24.48774956166744232177734375" lon="118.103475272655487060546875">
        <ele>11.6000003814697265625</ele>
        <time>2024-11-17T12:57:50.000Z</time>
        <extensions>
          <ns3:TrackPointExtension>
            <ns3:hr>162</ns3:hr>
          </ns3:TrackPointExtension>
        </extensions>
      </trkpt>
      <trkpt lat="24.48774528689682483673095703125" lon="118.1035082973539829254150390625">
        <ele>11.6000003814697265625</ele>
        <time>2024-11-17T12:57:51.000Z</time>
        <extensions>
          <ns3:TrackPointExtension>
            <ns3:hr>162</ns3:hr>
          </ns3:TrackPointExtension>
        </extensions>
      </trkpt>
      <trkpt lat="24.487742520868778228759765625" lon="118.1035414896905422210693359375">
        <ele>11.3999996185302734375</ele>
        <time>2024-11-17T12:57:52.000Z</time>
        <extensions>
          <ns3:TrackPointExtension>
            <ns3:hr>161</ns3:hr>
          </ns3:TrackPointExtension>
        </extensions>
      </trkpt>
      <trkpt lat="24.4877410121262073516845703125" lon="118.10357543639838695526123046875">
        <ele>11.19999980926513671875</ele>
        <time>2024-11-17T12:57:53.000Z</time>
        <extensions>
          <ns3:TrackPointExtension>
            <ns3:hr>161</ns3:hr>
          </ns3:TrackPointExtension>
        </extensions>
      </trkpt>
      <trkpt lat="24.4877403415739536285400390625" lon="118.1036105565726757049560546875">
        <ele>11.19999980926513671875</ele>
        <time>2024-11-17T12:57:54.000Z</time>
        <extensions>
          <ns3:TrackPointExtension>
            <ns3:hr>161</ns3:hr>
          </ns3:TrackPointExtension>
        </extensions>
      </trkpt>
      <trkpt lat="24.48774025775492191314697265625" lon="118.10364584438502788543701171875">
        <ele>11</ele>
        <time>2024-11-17T12:57:55.000Z</time>
        <extensions>
          <ns3:TrackPointExtension>
            <ns3:hr>161</ns3:hr>
          </ns3:TrackPointExtension>
        </extensions>
      </trkpt>
      <trkpt lat="24.4877406768500804901123046875" lon="118.10368037782609462738037109375">
        <ele>10.6000003814697265625</ele>
        <time>2024-11-17T12:57:56.000Z</time>
        <extensions>
          <ns3:TrackPointExtension>
            <ns3:hr>161</ns3:hr>
          </ns3:TrackPointExtension>
        </extensions>
      </trkpt>
      <trkpt lat="24.48774210177361965179443359375" lon="118.1037141568958759307861328125">
        <ele>10.19999980926513671875</ele>
        <time>2024-11-17T12:57:57.000Z</time>
        <extensions>
          <ns3:TrackPointExtension>
            <ns3:hr>161</ns3:hr>
          </ns3:TrackPointExtension>
        </extensions>
      </trkpt>
      <trkpt lat="24.4877447001636028289794921875" lon="118.1037475168704986572265625">
        <ele>9.80000019073486328125</ele>
        <time>2024-11-17T12:57:58.000Z</time>
        <extensions>
          <ns3:TrackPointExtension>
            <ns3:hr>161</ns3:hr>
          </ns3:TrackPointExtension>
        </extensions>
      </trkpt>
      <trkpt lat="24.48774830438196659088134765625" lon="118.10378062538802623748779296875">
        <ele>9.19999980926513671875</ele>
        <time>2024-11-17T12:57:59.000Z</time>
        <extensions>
          <ns3:TrackPointExtension>
            <ns3:hr>161</ns3:hr>
          </ns3:TrackPointExtension>
        </extensions>
      </trkpt>
      <trkpt lat="24.4877529144287109375" lon="118.1038137339055538177490234375">
        <ele>9</ele>
        <time>2024-11-17T12:58:00.000Z</time>
        <extensions>
          <ns3:TrackPointExtension>
            <ns3:hr>161</ns3:hr>
          </ns3:TrackPointExtension>
        </extensions>
      </trkpt>
      <trkpt lat="24.4877584464848041534423828125" lon="118.103847093880176544189453125">
        <ele>8.6000003814697265625</ele>
        <time>2024-11-17T12:58:01.000Z</time>
        <extensions>
          <ns3:TrackPointExtension>
            <ns3:hr>161</ns3:hr>
          </ns3:TrackPointExtension>
        </extensions>
      </trkpt>
      <trkpt lat="24.48776456527411937713623046875" lon="118.10388087294995784759521484375">
        <ele>8.3999996185302734375</ele>
        <time>2024-11-17T12:58:02.000Z</time>
        <extensions>
          <ns3:TrackPointExtension>
            <ns3:hr>161</ns3:hr>
          </ns3:TrackPointExtension>
        </extensions>
      </trkpt>
      <trkpt lat="24.4877711869776248931884765625" lon="118.103914819657802581787109375">
        <ele>8.19999980926513671875</ele>
        <time>2024-11-17T12:58:03.000Z</time>
        <extensions>
          <ns3:TrackPointExtension>
            <ns3:hr>161</ns3:hr>
          </ns3:TrackPointExtension>
        </extensions>
      </trkpt>
      <trkpt lat="24.48777831159532070159912109375" lon="118.10394876636564731597900390625">
        <ele>8</ele>
        <time>2024-11-17T12:58:04.000Z</time>
        <extensions>
          <ns3:TrackPointExtension>
            <ns3:hr>161</ns3:hr>
          </ns3:TrackPointExtension>
        </extensions>
      </trkpt>
      <trkpt lat="24.48778602294623851776123046875" lon="118.1039820425212383270263671875">
        <ele>7.599999904632568359375</ele>
        <time>2024-11-17T12:58:05.000Z</time>
        <extensions>
          <ns3:TrackPointExtension>
            <ns3:hr>161</ns3:hr>
          </ns3:TrackPointExtension>
        </extensions>
      </trkpt>
      <trkpt lat="24.4877943210303783416748046875" lon="118.10401431284844875335693359375">
        <ele>7.400000095367431640625</ele>
        <time>2024-11-17T12:58:06.000Z</time>
        <extensions>
          <ns3:TrackPointExtension>
            <ns3:hr>161</ns3:hr>
          </ns3:TrackPointExtension>
        </extensions>
      </trkpt>
      <trkpt lat="24.48780412785708904266357421875" lon="118.1040460802614688873291015625">
        <ele>7.19999980926513671875</ele>
        <time>2024-11-17T12:58:07.000Z</time>
        <extensions>
          <ns3:TrackPointExtension>
            <ns3:hr>161</ns3:hr>
          </ns3:TrackPointExtension>
        </extensions>
      </trkpt>
      <trkpt lat="24.48781661689281463623046875" lon="118.1040772609412670135498046875">
        <ele>7</ele>
        <time>2024-11-17T12:58:08.000Z</time>
        <extensions>
          <ns3:TrackPointExtension>
            <ns3:hr>161</ns3:hr>
          </ns3:TrackPointExtension>
        </extensions>
      </trkpt>
      <trkpt lat="24.48783212341368198394775390625" lon="118.10410768724977970123291015625">
        <ele>6.80000019073486328125</ele>
        <time>2024-11-17T12:58:09.000Z</time>
        <extensions>
          <ns3:TrackPointExtension>
            <ns3:hr>161</ns3:hr>
          </ns3:TrackPointExtension>
        </extensions>
      </trkpt>
      <trkpt lat="24.4878489710390567779541015625" lon="118.10413786210119724273681640625">
        <ele>6.599999904632568359375</ele>
        <time>2024-11-17T12:58:10.000Z</time>
        <extensions>
          <ns3:TrackPointExtension>
            <ns3:hr>160</ns3:hr>
          </ns3:TrackPointExtension>
        </extensions>
      </trkpt>
      <trkpt lat="24.48786531575024127960205078125" lon="118.10416820459067821502685546875">
        <ele>6.400000095367431640625</ele>
        <time>2024-11-17T12:58:11.000Z</time>
        <extensions>
          <ns3:TrackPointExtension>
            <ns3:hr>160</ns3:hr>
          </ns3:TrackPointExtension>
        </extensions>
      </trkpt>
      <trkpt lat="24.4878811575472354888916015625" lon="118.10419871471822261810302734375">
        <ele>6.19999980926513671875</ele>
        <time>2024-11-17T12:58:12.000Z</time>
        <extensions>
          <ns3:TrackPointExtension>
            <ns3:hr>160</ns3:hr>
          </ns3:TrackPointExtension>
        </extensions>
      </trkpt>
      <trkpt lat="24.4878965802490711212158203125" lon="118.10422905720770359039306640625">
        <ele>6</ele>
        <time>2024-11-17T12:58:13.000Z</time>
        <extensions>
          <ns3:TrackPointExtension>
            <ns3:hr>160</ns3:hr>
          </ns3:TrackPointExtension>
        </extensions>
      </trkpt>
      <trkpt lat="24.48791191913187503814697265625" lon="118.10425914824008941650390625">
        <ele>6</ele>
        <time>2024-11-17T12:58:14.000Z</time>
        <extensions>
          <ns3:TrackPointExtension>
            <ns3:hr>160</ns3:hr>
          </ns3:TrackPointExtension>
        </extensions>
      </trkpt>
      <trkpt lat="24.48792792856693267822265625" lon="118.10428957454860210418701171875">
        <ele>6</ele>
        <time>2024-11-17T12:58:15.000Z</time>
        <extensions>
          <ns3:TrackPointExtension>
            <ns3:hr>160</ns3:hr>
          </ns3:TrackPointExtension>
        </extensions>
      </trkpt>
      <trkpt lat="24.487944357097148895263671875" lon="118.10432041995227336883544921875">
        <ele>6</ele>
        <time>2024-11-17T12:58:16.000Z</time>
        <extensions>
          <ns3:TrackPointExtension>
            <ns3:hr>160</ns3:hr>
          </ns3:TrackPointExtension>
        </extensions>
      </trkpt>
      <trkpt lat="24.48796153999865055084228515625" lon="118.10435143299400806427001953125">
        <ele>6</ele>
        <time>2024-11-17T12:58:17.000Z</time>
        <extensions>
          <ns3:TrackPointExtension>
            <ns3:hr>160</ns3:hr>
          </ns3:TrackPointExtension>
        </extensions>
      </trkpt>
      <trkpt lat="24.48797914199531078338623046875" lon="118.10438160784542560577392578125">
        <ele>6</ele>
        <time>2024-11-17T12:58:18.000Z</time>
        <extensions>
          <ns3:TrackPointExtension>
            <ns3:hr>160</ns3:hr>
          </ns3:TrackPointExtension>
        </extensions>
      </trkpt>
      <trkpt lat="24.48799724690616130828857421875" lon="118.10441077686846256256103515625">
        <ele>6</ele>
        <time>2024-11-17T12:58:19.000Z</time>
        <extensions>
          <ns3:TrackPointExtension>
            <ns3:hr>160</ns3:hr>
          </ns3:TrackPointExtension>
        </extensions>
      </trkpt>
      <trkpt lat="24.4880159385502338409423828125" lon="118.10443885624408721923828125">
        <ele>6</ele>
        <time>2024-11-17T12:58:20.000Z</time>
        <extensions>
          <ns3:TrackPointExtension>
            <ns3:hr>160</ns3:hr>
          </ns3:TrackPointExtension>
        </extensions>
      </trkpt>
      <trkpt lat="24.4880353845655918121337890625" lon="118.1044663488864898681640625">
        <ele>6</ele>
        <time>2024-11-17T12:58:21.000Z</time>
        <extensions>
          <ns3:TrackPointExtension>
            <ns3:hr>160</ns3:hr>
          </ns3:TrackPointExtension>
        </extensions>
      </trkpt>
      <trkpt lat="24.48805575259029865264892578125" lon="118.10449342243373394012451171875">
        <ele>6</ele>
        <time>2024-11-17T12:58:22.000Z</time>
        <extensions>
          <ns3:TrackPointExtension>
            <ns3:hr>160</ns3:hr>
          </ns3:TrackPointExtension>
        </extensions>
      </trkpt>
      <trkpt lat="24.48807721026241779327392578125" lon="118.10451932251453399658203125">
        <ele>6.19999980926513671875</ele>
        <time>2024-11-17T12:58:23.000Z</time>
        <extensions>
          <ns3:TrackPointExtension>
            <ns3:hr>160</ns3:hr>
          </ns3:TrackPointExtension>
        </extensions>
      </trkpt>
      <trkpt lat="24.4880994223058223724365234375" lon="118.10454337857663631439208984375">
        <ele>6.599999904632568359375</ele>
        <time>2024-11-17T12:58:24.000Z</time>
        <extensions>
          <ns3:TrackPointExtension>
            <ns3:hr>160</ns3:hr>
          </ns3:TrackPointExtension>
        </extensions>
      </trkpt>
      <trkpt lat="24.4881222210824489593505859375" lon="118.10456617735326290130615234375">
        <ele>6.80000019073486328125</ele>
        <time>2024-11-17T12:58:25.000Z</time>
        <extensions>
          <ns3:TrackPointExtension>
            <ns3:hr>160</ns3:hr>
          </ns3:TrackPointExtension>
        </extensions>
      </trkpt>
      <trkpt lat="24.488144852221012115478515625" lon="118.10458864085376262664794921875">
        <ele>7</ele>
        <time>2024-11-17T12:58:26.000Z</time>
        <extensions>
          <ns3:TrackPointExtension>
            <ns3:hr>160</ns3:hr>
          </ns3:TrackPointExtension>
        </extensions>
      </trkpt>
      <trkpt lat="24.48816773481667041778564453125" lon="118.10461043380200862884521484375">
        <ele>7.19999980926513671875</ele>
        <time>2024-11-17T12:58:27.000Z</time>
        <extensions>
          <ns3:TrackPointExtension>
            <ns3:hr>160</ns3:hr>
          </ns3:TrackPointExtension>
        </extensions>
      </trkpt>
      <trkpt lat="24.48819153942167758941650390625" lon="118.1046318076550960540771484375">
        <ele>7.19999980926513671875</ele>
        <time>2024-11-17T12:58:28.000Z</time>
        <extensions>
          <ns3:TrackPointExtension>
            <ns3:hr>160</ns3:hr>
          </ns3:TrackPointExtension>
        </extensions>
      </trkpt>
      <trkpt lat="24.48821634985506534576416015625" lon="118.1046536006033420562744140625">
        <ele>7</ele>
        <time>2024-11-17T12:58:29.000Z</time>
        <extensions>
          <ns3:TrackPointExtension>
            <ns3:hr>160</ns3:hr>
          </ns3:TrackPointExtension>
        </extensions>
      </trkpt>
      <trkpt lat="24.488242082297801971435546875" lon="118.10467530973255634307861328125">
        <ele>6.80000019073486328125</ele>
        <time>2024-11-17T12:58:30.000Z</time>
        <extensions>
          <ns3:TrackPointExtension>
            <ns3:hr>160</ns3:hr>
          </ns3:TrackPointExtension>
        </extensions>
      </trkpt>
      <trkpt lat="24.4882690720260143280029296875" lon="118.1046958453953266143798828125">
        <ele>6.599999904632568359375</ele>
        <time>2024-11-17T12:58:31.000Z</time>
        <extensions>
          <ns3:TrackPointExtension>
            <ns3:hr>160</ns3:hr>
          </ns3:TrackPointExtension>
        </extensions>
      </trkpt>
      <trkpt lat="24.488297067582607269287109375" lon="118.10471554286777973175048828125">
        <ele>6.599999904632568359375</ele>
        <time>2024-11-17T12:58:32.000Z</time>
        <extensions>
          <ns3:TrackPointExtension>
            <ns3:hr>160</ns3:hr>
          </ns3:TrackPointExtension>
        </extensions>
      </trkpt>
      <trkpt lat="24.4883255660533905029296875" lon="118.1047347374260425567626953125">
        <ele>6.400000095367431640625</ele>
        <time>2024-11-17T12:58:33.000Z</time>
        <extensions>
          <ns3:TrackPointExtension>
            <ns3:hr>160</ns3:hr>
          </ns3:TrackPointExtension>
        </extensions>
      </trkpt>
      <trkpt lat="24.4883550703525543212890625" lon="118.10475359670817852020263671875">
        <ele>6</ele>
        <time>2024-11-17T12:58:34.000Z</time>
        <extensions>
          <ns3:TrackPointExtension>
            <ns3:hr>160</ns3:hr>
          </ns3:TrackPointExtension>
        </extensions>
      </trkpt>
      <trkpt lat="24.488384909927845001220703125" lon="118.10477170161902904510498046875">
        <ele>5.80000019073486328125</ele>
        <time>2024-11-17T12:58:35.000Z</time>
        <extensions>
          <ns3:TrackPointExtension>
            <ns3:hr>160</ns3:hr>
          </ns3:TrackPointExtension>
        </extensions>
      </trkpt>
      <trkpt lat="24.48841533623635768890380859375" lon="118.1047883816063404083251953125">
        <ele>5.599999904632568359375</ele>
        <time>2024-11-17T12:58:36.000Z</time>
        <extensions>
          <ns3:TrackPointExtension>
            <ns3:hr>160</ns3:hr>
          </ns3:TrackPointExtension>
        </extensions>
      </trkpt>
      <trkpt lat="24.48844601400196552276611328125" lon="118.1048031337559223175048828125">
        <ele>5.400000095367431640625</ele>
        <time>2024-11-17T12:58:37.000Z</time>
        <extensions>
          <ns3:TrackPointExtension>
            <ns3:hr>159</ns3:hr>
          </ns3:TrackPointExtension>
        </extensions>
      </trkpt>
      <trkpt lat="24.48847685940563678741455078125" lon="118.10481646098196506500244140625">
        <ele>5.19999980926513671875</ele>
        <time>2024-11-17T12:58:38.000Z</time>
        <extensions>
          <ns3:TrackPointExtension>
            <ns3:hr>159</ns3:hr>
          </ns3:TrackPointExtension>
        </extensions>
      </trkpt>
      <trkpt lat="24.48850753717124462127685546875" lon="118.10482869856059551239013671875">
        <ele>5</ele>
        <time>2024-11-17T12:58:39.000Z</time>
        <extensions>
          <ns3:TrackPointExtension>
            <ns3:hr>159</ns3:hr>
          </ns3:TrackPointExtension>
        </extensions>
      </trkpt>
      <trkpt lat="24.48853813111782073974609375" lon="118.1048396788537502288818359375">
        <ele>5</ele>
        <time>2024-11-17T12:58:40.000Z</time>
        <extensions>
          <ns3:TrackPointExtension>
            <ns3:hr>160</ns3:hr>
          </ns3:TrackPointExtension>
        </extensions>
      </trkpt>
      <trkpt lat="24.48856939561665058135986328125" lon="118.104850240051746368408203125">
        <ele>5</ele>
        <time>2024-11-17T12:58:41.000Z</time>
        <extensions>
          <ns3:TrackPointExtension>
            <ns3:hr>160</ns3:hr>
          </ns3:TrackPointExtension>
        </extensions>
      </trkpt>
      <trkpt lat="24.48860141448676586151123046875" lon="118.1048604659736156463623046875">
        <ele>5</ele>
        <time>2024-11-17T12:58:42.000Z</time>
        <extensions>
          <ns3:TrackPointExtension>
            <ns3:hr>160</ns3:hr>
          </ns3:TrackPointExtension>
        </extensions>
      </trkpt>
      <trkpt lat="24.48863326571881771087646484375" lon="118.104870356619358062744140625">
        <ele>5</ele>
        <time>2024-11-17T12:58:43.000Z</time>
        <extensions>
          <ns3:TrackPointExtension>
            <ns3:hr>160</ns3:hr>
          </ns3:TrackPointExtension>
        </extensions>
      </trkpt>
      <trkpt lat="24.48866478167474269866943359375" lon="118.10487966053187847137451171875">
        <ele>5</ele>
        <time>2024-11-17T12:58:44.000Z</time>
        <extensions>
          <ns3:TrackPointExtension>
            <ns3:hr>160</ns3:hr>
          </ns3:TrackPointExtension>
        </extensions>
      </trkpt>
      <trkpt lat="24.48869629763066768646240234375" lon="118.10488888062536716461181640625">
        <ele>5</ele>
        <time>2024-11-17T12:58:45.000Z</time>
        <extensions>
          <ns3:TrackPointExtension>
            <ns3:hr>160</ns3:hr>
          </ns3:TrackPointExtension>
        </extensions>
      </trkpt>
      <trkpt lat="24.4887278974056243896484375" lon="118.10489927418529987335205078125">
        <ele>5</ele>
        <time>2024-11-17T12:58:46.000Z</time>
        <extensions>
          <ns3:TrackPointExtension>
            <ns3:hr>160</ns3:hr>
          </ns3:TrackPointExtension>
        </extensions>
      </trkpt>
      <trkpt lat="24.48876000009477138519287109375" lon="118.10491050593554973602294921875">
        <ele>4.80000019073486328125</ele>
        <time>2024-11-17T12:58:47.000Z</time>
        <extensions>
          <ns3:TrackPointExtension>
            <ns3:hr>161</ns3:hr>
          </ns3:TrackPointExtension>
        </extensions>
      </trkpt>
      <trkpt lat="24.488792605698108673095703125" lon="118.10492089949548244476318359375">
        <ele>4.80000019073486328125</ele>
        <time>2024-11-17T12:58:48.000Z</time>
        <extensions>
          <ns3:TrackPointExtension>
            <ns3:hr>161</ns3:hr>
          </ns3:TrackPointExtension>
        </extensions>
      </trkpt>
      <trkpt lat="24.4888252951204776763916015625" lon="118.104929029941558837890625">
        <ele>4.599999904632568359375</ele>
        <time>2024-11-17T12:58:49.000Z</time>
        <extensions>
          <ns3:TrackPointExtension>
            <ns3:hr>161</ns3:hr>
          </ns3:TrackPointExtension>
        </extensions>
      </trkpt>
      <trkpt lat="24.48885773308575153350830078125" lon="118.10493363998830318450927734375">
        <ele>4.599999904632568359375</ele>
        <time>2024-11-17T12:58:50.000Z</time>
        <extensions>
          <ns3:TrackPointExtension>
            <ns3:hr>161</ns3:hr>
          </ns3:TrackPointExtension>
        </extensions>
      </trkpt>
      <trkpt lat="24.488889835774898529052734375" lon="118.10493414290249347686767578125">
        <ele>4.400000095367431640625</ele>
        <time>2024-11-17T12:58:51.000Z</time>
        <extensions>
          <ns3:TrackPointExtension>
            <ns3:hr>161</ns3:hr>
          </ns3:TrackPointExtension>
        </extensions>
      </trkpt>
      <trkpt lat="24.4889221899211406707763671875" lon="118.10493146069347858428955078125">
        <ele>4.599999904632568359375</ele>
        <time>2024-11-17T12:58:52.000Z</time>
        <extensions>
          <ns3:TrackPointExtension>
            <ns3:hr>161</ns3:hr>
          </ns3:TrackPointExtension>
        </extensions>
      </trkpt>
      <trkpt lat="24.48895462788641452789306640625" lon="118.1049271859228610992431640625">
        <ele>4.80000019073486328125</ele>
        <time>2024-11-17T12:58:53.000Z</time>
        <extensions>
          <ns3:TrackPointExtension>
            <ns3:hr>160</ns3:hr>
          </ns3:TrackPointExtension>
        </extensions>
      </trkpt>
      <trkpt lat="24.48898664675652980804443359375" lon="118.10492207296192646026611328125">
        <ele>4.80000019073486328125</ele>
        <time>2024-11-17T12:58:54.000Z</time>
        <extensions>
          <ns3:TrackPointExtension>
            <ns3:hr>160</ns3:hr>
          </ns3:TrackPointExtension>
        </extensions>
      </trkpt>
      <trkpt lat="24.48901799507439136505126953125" lon="118.10491628944873809814453125">
        <ele>4.80000019073486328125</ele>
        <time>2024-11-17T12:58:55.000Z</time>
        <extensions>
          <ns3:TrackPointExtension>
            <ns3:hr>160</ns3:hr>
          </ns3:TrackPointExtension>
        </extensions>
      </trkpt>
      <trkpt lat="24.48904884047806262969970703125" lon="118.10490983538329601287841796875">
        <ele>4.400000095367431640625</ele>
        <time>2024-11-17T12:58:56.000Z</time>
        <extensions>
          <ns3:TrackPointExtension>
            <ns3:hr>160</ns3:hr>
          </ns3:TrackPointExtension>
        </extensions>
      </trkpt>
      <trkpt lat="24.48907935060560703277587890625" lon="118.10490279458463191986083984375">
        <ele>4.19999980926513671875</ele>
        <time>2024-11-17T12:58:57.000Z</time>
        <extensions>
          <ns3:TrackPointExtension>
            <ns3:hr>160</ns3:hr>
          </ns3:TrackPointExtension>
        </extensions>
      </trkpt>
      <trkpt lat="24.48910986073315143585205078125" lon="118.1048955023288726806640625">
        <ele>4</ele>
        <time>2024-11-17T12:58:58.000Z</time>
        <extensions>
          <ns3:TrackPointExtension>
            <ns3:hr>160</ns3:hr>
          </ns3:TrackPointExtension>
        </extensions>
      </trkpt>
      <trkpt lat="24.48914020322263240814208984375" lon="118.10488804243505001068115234375">
        <ele>3.7999999523162841796875</ele>
        <time>2024-11-17T12:58:59.000Z</time>
        <extensions>
          <ns3:TrackPointExtension>
            <ns3:hr>157</ns3:hr>
          </ns3:TrackPointExtension>
        </extensions>
      </trkpt>
      <trkpt lat="24.489170797169208526611328125" lon="118.10488007962703704833984375">
        <ele>3.7999999523162841796875</ele>
        <time>2024-11-17T12:59:00.000Z</time>
        <extensions>
          <ns3:TrackPointExtension>
            <ns3:hr>157</ns3:hr>
          </ns3:TrackPointExtension>
        </extensions>
      </trkpt>
      <trkpt lat="24.4892014749348163604736328125" lon="118.10487111099064350128173828125">
        <ele>3.7999999523162841796875</ele>
        <time>2024-11-17T12:59:01.000Z</time>
        <extensions>
          <ns3:TrackPointExtension>
            <ns3:hr>157</ns3:hr>
          </ns3:TrackPointExtension>
        </extensions>
      </trkpt>
      <trkpt lat="24.4892319850623607635498046875" lon="118.10486130416393280029296875">
        <ele>4</ele>
        <time>2024-11-17T12:59:02.000Z</time>
        <extensions>
          <ns3:TrackPointExtension>
            <ns3:hr>157</ns3:hr>
          </ns3:TrackPointExtension>
        </extensions>
      </trkpt>
      <trkpt lat="24.48926207609474658966064453125" lon="118.1048507429659366607666015625">
        <ele>4</ele>
        <time>2024-11-17T12:59:03.000Z</time>
        <extensions>
          <ns3:TrackPointExtension>
            <ns3:hr>157</ns3:hr>
          </ns3:TrackPointExtension>
        </extensions>
      </trkpt>
      <trkpt lat="24.48929183185100555419921875" lon="118.10483892448246479034423828125">
        <ele>4</ele>
        <time>2024-11-17T12:59:04.000Z</time>
        <extensions>
          <ns3:TrackPointExtension>
            <ns3:hr>157</ns3:hr>
          </ns3:TrackPointExtension>
        </extensions>
      </trkpt>
      <trkpt lat="24.4893215037882328033447265625" lon="118.1048259325325489044189453125">
        <ele>4</ele>
        <time>2024-11-17T12:59:05.000Z</time>
        <extensions>
          <ns3:TrackPointExtension>
            <ns3:hr>157</ns3:hr>
          </ns3:TrackPointExtension>
        </extensions>
      </trkpt>
      <trkpt lat="24.4893516786396503448486328125" lon="118.1048121862113475799560546875">
        <ele>4</ele>
        <time>2024-11-17T12:59:06.000Z</time>
        <extensions>
          <ns3:TrackPointExtension>
            <ns3:hr>157</ns3:hr>
          </ns3:TrackPointExtension>
        </extensions>
      </trkpt>
      <trkpt lat="24.48938227258622646331787109375" lon="118.10479802079498767852783203125">
        <ele>3.7999999523162841796875</ele>
        <time>2024-11-17T12:59:07.000Z</time>
        <extensions>
          <ns3:TrackPointExtension>
            <ns3:hr>157</ns3:hr>
          </ns3:TrackPointExtension>
        </extensions>
      </trkpt>
      <trkpt lat="24.4894126988947391510009765625" lon="118.104784190654754638671875">
        <ele>3.400000095367431640625</ele>
        <time>2024-11-17T12:59:08.000Z</time>
        <extensions>
          <ns3:TrackPointExtension>
            <ns3:hr>157</ns3:hr>
          </ns3:TrackPointExtension>
        </extensions>
      </trkpt>
      <trkpt lat="24.48944211937487125396728515625" lon="118.10477069579064846038818359375">
        <ele>3.2000000476837158203125</ele>
        <time>2024-11-17T12:59:09.000Z</time>
        <extensions>
          <ns3:TrackPointExtension>
            <ns3:hr>157</ns3:hr>
          </ns3:TrackPointExtension>
        </extensions>
      </trkpt>
      <trkpt lat="24.48947019875049591064453125" lon="118.10475669801235198974609375">
        <ele>3.2000000476837158203125</ele>
        <time>2024-11-17T12:59:10.000Z</time>
        <extensions>
          <ns3:TrackPointExtension>
            <ns3:hr>156</ns3:hr>
          </ns3:TrackPointExtension>
        </extensions>
      </trkpt>
      <trkpt lat="24.4894976913928985595703125" lon="118.1047411076724529266357421875">
        <ele>3</ele>
        <time>2024-11-17T12:59:11.000Z</time>
        <extensions>
          <ns3:TrackPointExtension>
            <ns3:hr>156</ns3:hr>
          </ns3:TrackPointExtension>
        </extensions>
      </trkpt>
      <trkpt lat="24.48952510021626949310302734375" lon="118.10472392477095127105712890625">
        <ele>3</ele>
        <time>2024-11-17T12:59:12.000Z</time>
        <extensions>
          <ns3:TrackPointExtension>
            <ns3:hr>156</ns3:hr>
          </ns3:TrackPointExtension>
        </extensions>
      </trkpt>
      <trkpt lat="24.4895525090396404266357421875" lon="118.1047055684030055999755859375">
        <ele>2.7999999523162841796875</ele>
        <time>2024-11-17T12:59:13.000Z</time>
        <extensions>
          <ns3:TrackPointExtension>
            <ns3:hr>156</ns3:hr>
          </ns3:TrackPointExtension>
        </extensions>
      </trkpt>
      <trkpt lat="24.48957941494882106781005859375" lon="118.104686625301837921142578125">
        <ele>2.7999999523162841796875</ele>
        <time>2024-11-17T12:59:14.000Z</time>
        <extensions>
          <ns3:TrackPointExtension>
            <ns3:hr>157</ns3:hr>
          </ns3:TrackPointExtension>
        </extensions>
      </trkpt>
      <trkpt lat="24.48960556648671627044677734375" lon="118.1046675145626068115234375">
        <ele>3</ele>
        <time>2024-11-17T12:59:15.000Z</time>
        <extensions>
          <ns3:TrackPointExtension>
            <ns3:hr>157</ns3:hr>
          </ns3:TrackPointExtension>
        </extensions>
      </trkpt>
      <trkpt lat="24.4896312989294528961181640625" lon="118.1046482361853122711181640625">
        <ele>3</ele>
        <time>2024-11-17T12:59:16.000Z</time>
        <extensions>
          <ns3:TrackPointExtension>
            <ns3:hr>157</ns3:hr>
          </ns3:TrackPointExtension>
        </extensions>
      </trkpt>
      <trkpt lat="24.48965686373412609100341796875" lon="118.10462837107479572296142578125">
        <ele>3.2000000476837158203125</ele>
        <time>2024-11-17T12:59:17.000Z</time>
        <extensions>
          <ns3:TrackPointExtension>
            <ns3:hr>157</ns3:hr>
          </ns3:TrackPointExtension>
        </extensions>
      </trkpt>
      <trkpt lat="24.48968200944364070892333984375" lon="118.104607500135898590087890625">
        <ele>3.400000095367431640625</ele>
        <time>2024-11-17T12:59:18.000Z</time>
        <extensions>
          <ns3:TrackPointExtension>
            <ns3:hr>157</ns3:hr>
          </ns3:TrackPointExtension>
        </extensions>
      </trkpt>
      <trkpt lat="24.48970648460090160369873046875" lon="118.104585371911525726318359375">
        <ele>3.400000095367431640625</ele>
        <time>2024-11-17T12:59:19.000Z</time>
        <extensions>
          <ns3:TrackPointExtension>
            <ns3:hr>157</ns3:hr>
          </ns3:TrackPointExtension>
        </extensions>
      </trkpt>
      <trkpt lat="24.4897302053868770599365234375" lon="118.104561902582645416259765625">
        <ele>3.599999904632568359375</ele>
        <time>2024-11-17T12:59:20.000Z</time>
        <extensions>
          <ns3:TrackPointExtension>
            <ns3:hr>157</ns3:hr>
          </ns3:TrackPointExtension>
        </extensions>
      </trkpt>
      <trkpt lat="24.48975275270640850067138671875" lon="118.1045379303395748138427734375">
        <ele>3.7999999523162841796875</ele>
        <time>2024-11-17T12:59:21.000Z</time>
        <extensions>
          <ns3:TrackPointExtension>
            <ns3:hr>156</ns3:hr>
          </ns3:TrackPointExtension>
        </extensions>
      </trkpt>
      <trkpt lat="24.489774294197559356689453125" lon="118.10451420955359935760498046875">
        <ele>4</ele>
        <time>2024-11-17T12:59:22.000Z</time>
        <extensions>
          <ns3:TrackPointExtension>
            <ns3:hr>156</ns3:hr>
          </ns3:TrackPointExtension>
        </extensions>
      </trkpt>
      <trkpt lat="24.489795751869678497314453125" lon="118.10448990203440189361572265625">
        <ele>4.19999980926513671875</ele>
        <time>2024-11-17T12:59:23.000Z</time>
        <extensions>
          <ns3:TrackPointExtension>
            <ns3:hr>156</ns3:hr>
          </ns3:TrackPointExtension>
        </extensions>
      </trkpt>
      <trkpt lat="24.48981712572276592254638671875" lon="118.1044651754200458526611328125">
        <ele>4.400000095367431640625</ele>
        <time>2024-11-17T12:59:24.000Z</time>
        <extensions>
          <ns3:TrackPointExtension>
            <ns3:hr>157</ns3:hr>
          </ns3:TrackPointExtension>
        </extensions>
      </trkpt>
      <trkpt lat="24.48983841575682163238525390625" lon="118.104439862072467803955078125">
        <ele>4.400000095367431640625</ele>
        <time>2024-11-17T12:59:25.000Z</time>
        <extensions>
          <ns3:TrackPointExtension>
            <ns3:hr>157</ns3:hr>
          </ns3:TrackPointExtension>
        </extensions>
      </trkpt>
      <trkpt lat="24.48985920287668704986572265625" lon="118.104413710534572601318359375">
        <ele>4.400000095367431640625</ele>
        <time>2024-11-17T12:59:26.000Z</time>
        <extensions>
          <ns3:TrackPointExtension>
            <ns3:hr>157</ns3:hr>
          </ns3:TrackPointExtension>
        </extensions>
      </trkpt>
      <trkpt lat="24.4898790679872035980224609375" lon="118.10438680462539196014404296875">
        <ele>4.599999904632568359375</ele>
        <time>2024-11-17T12:59:27.000Z</time>
        <extensions>
          <ns3:TrackPointExtension>
            <ns3:hr>157</ns3:hr>
          </ns3:TrackPointExtension>
        </extensions>
      </trkpt>
      <trkpt lat="24.48989843018352985382080078125" lon="118.1043595634400844573974609375">
        <ele>4.80000019073486328125</ele>
        <time>2024-11-17T12:59:28.000Z</time>
        <extensions>
          <ns3:TrackPointExtension>
            <ns3:hr>157</ns3:hr>
          </ns3:TrackPointExtension>
        </extensions>
      </trkpt>
      <trkpt lat="24.4899179600179195404052734375" lon="118.1043322384357452392578125">
        <ele>4.80000019073486328125</ele>
        <time>2024-11-17T12:59:29.000Z</time>
        <extensions>
          <ns3:TrackPointExtension>
            <ns3:hr>156</ns3:hr>
          </ns3:TrackPointExtension>
        </extensions>
      </trkpt>
      <trkpt lat="24.4899374060332775115966796875" lon="118.1043054163455963134765625">
        <ele>5</ele>
        <time>2024-11-17T12:59:30.000Z</time>
        <extensions>
          <ns3:TrackPointExtension>
            <ns3:hr>156</ns3:hr>
          </ns3:TrackPointExtension>
        </extensions>
      </trkpt>
      <trkpt lat="24.48995643295347690582275390625" lon="118.10427934862673282623291015625">
        <ele>5.19999980926513671875</ele>
        <time>2024-11-17T12:59:31.000Z</time>
        <extensions>
          <ns3:TrackPointExtension>
            <ns3:hr>156</ns3:hr>
          </ns3:TrackPointExtension>
        </extensions>
      </trkpt>
      <trkpt lat="24.4899746216833591461181640625" lon="118.10425235889852046966552734375">
        <ele>5.19999980926513671875</ele>
        <time>2024-11-17T12:59:32.000Z</time>
        <extensions>
          <ns3:TrackPointExtension>
            <ns3:hr>156</ns3:hr>
          </ns3:TrackPointExtension>
        </extensions>
      </trkpt>
      <trkpt lat="24.4899910502135753631591796875" lon="118.104223273694515228271484375">
        <ele>5.400000095367431640625</ele>
        <time>2024-11-17T12:59:33.000Z</time>
        <extensions>
          <ns3:TrackPointExtension>
            <ns3:hr>156</ns3:hr>
          </ns3:TrackPointExtension>
        </extensions>
      </trkpt>
      <trkpt lat="24.49000555090606212615966796875" lon="118.1041925959289073944091796875">
        <ele>5.400000095367431640625</ele>
        <time>2024-11-17T12:59:34.000Z</time>
        <extensions>
          <ns3:TrackPointExtension>
            <ns3:hr>156</ns3:hr>
          </ns3:TrackPointExtension>
        </extensions>
      </trkpt>
      <trkpt lat="24.49001845903694629669189453125" lon="118.10416099615395069122314453125">
        <ele>5.400000095367431640625</ele>
        <time>2024-11-17T12:59:35.000Z</time>
        <extensions>
          <ns3:TrackPointExtension>
            <ns3:hr>156</ns3:hr>
          </ns3:TrackPointExtension>
        </extensions>
      </trkpt>
      <trkpt lat="24.49003036133944988250732421875" lon="118.10412847436964511871337890625">
        <ele>5.19999980926513671875</ele>
        <time>2024-11-17T12:59:36.000Z</time>
        <extensions>
          <ns3:TrackPointExtension>
            <ns3:hr>155</ns3:hr>
          </ns3:TrackPointExtension>
        </extensions>
      </trkpt>
      <trkpt lat="24.49004150927066802978515625" lon="118.10409486293792724609375">
        <ele>5.19999980926513671875</ele>
        <time>2024-11-17T12:59:37.000Z</time>
        <extensions>
          <ns3:TrackPointExtension>
            <ns3:hr>155</ns3:hr>
          </ns3:TrackPointExtension>
        </extensions>
      </trkpt>
      <trkpt lat="24.49005198664963245391845703125" lon="118.1040604971349239349365234375">
        <ele>5.19999980926513671875</ele>
        <time>2024-11-17T12:59:38.000Z</time>
        <extensions>
          <ns3:TrackPointExtension>
            <ns3:hr>155</ns3:hr>
          </ns3:TrackPointExtension>
        </extensions>
      </trkpt>
      <trkpt lat="24.49006137438118457794189453125" lon="118.10402587987482547760009765625">
        <ele>5.19999980926513671875</ele>
        <time>2024-11-17T12:59:39.000Z</time>
        <extensions>
          <ns3:TrackPointExtension>
            <ns3:hr>154</ns3:hr>
          </ns3:TrackPointExtension>
        </extensions>
      </trkpt>
      <trkpt lat="24.49006925337016582489013671875" lon="118.103990592062473297119140625">
        <ele>5.19999980926513671875</ele>
        <time>2024-11-17T12:59:40.000Z</time>
        <extensions>
          <ns3:TrackPointExtension>
            <ns3:hr>154</ns3:hr>
          </ns3:TrackPointExtension>
        </extensions>
      </trkpt>
      <trkpt lat="24.4900758750736713409423828125" lon="118.10395513661205768585205078125">
        <ele>5.19999980926513671875</ele>
        <time>2024-11-17T12:59:41.000Z</time>
        <extensions>
          <ns3:TrackPointExtension>
            <ns3:hr>154</ns3:hr>
          </ns3:TrackPointExtension>
        </extensions>
      </trkpt>
      <trkpt lat="24.49008174240589141845703125" lon="118.103920184075832366943359375">
        <ele>5</ele>
        <time>2024-11-17T12:59:42.000Z</time>
        <extensions>
          <ns3:TrackPointExtension>
            <ns3:hr>154</ns3:hr>
          </ns3:TrackPointExtension>
        </extensions>
      </trkpt>
      <trkpt lat="24.4900872744619846343994140625" lon="118.103885650634765625">
        <ele>5</ele>
        <time>2024-11-17T12:59:43.000Z</time>
        <extensions>
          <ns3:TrackPointExtension>
            <ns3:hr>154</ns3:hr>
          </ns3:TrackPointExtension>
        </extensions>
      </trkpt>
      <trkpt lat="24.49009305797517299652099609375" lon="118.10385086573660373687744140625">
        <ele>5</ele>
        <time>2024-11-17T12:59:44.000Z</time>
        <extensions>
          <ns3:TrackPointExtension>
            <ns3:hr>154</ns3:hr>
          </ns3:TrackPointExtension>
        </extensions>
      </trkpt>
      <trkpt lat="24.490098841488361358642578125" lon="118.1038164161145687103271484375">
        <ele>5</ele>
        <time>2024-11-17T12:59:45.000Z</time>
        <extensions>
          <ns3:TrackPointExtension>
            <ns3:hr>154</ns3:hr>
          </ns3:TrackPointExtension>
        </extensions>
      </trkpt>
      <trkpt lat="24.490104205906391143798828125" lon="118.10378246940672397613525390625">
        <ele>5</ele>
        <time>2024-11-17T12:59:46.000Z</time>
        <extensions>
          <ns3:TrackPointExtension>
            <ns3:hr>156</ns3:hr>
          </ns3:TrackPointExtension>
        </extensions>
      </trkpt>
      <trkpt lat="24.49010881595313549041748046875" lon="118.10374894179403781890869140625">
        <ele>5</ele>
        <time>2024-11-17T12:59:47.000Z</time>
        <extensions>
          <ns3:TrackPointExtension>
            <ns3:hr>156</ns3:hr>
          </ns3:TrackPointExtension>
        </extensions>
      </trkpt>
      <trkpt lat="24.4901124201714992523193359375" lon="118.10371591709554195404052734375">
        <ele>5</ele>
        <time>2024-11-17T12:59:48.000Z</time>
        <extensions>
          <ns3:TrackPointExtension>
            <ns3:hr>156</ns3:hr>
          </ns3:TrackPointExtension>
        </extensions>
      </trkpt>
      <trkpt lat="24.490114934742450714111328125" lon="118.103682808578014373779296875">
        <ele>5</ele>
        <time>2024-11-17T12:59:49.000Z</time>
        <extensions>
          <ns3:TrackPointExtension>
            <ns3:hr>156</ns3:hr>
          </ns3:TrackPointExtension>
        </extensions>
      </trkpt>
      <trkpt lat="24.490116275846958160400390625" lon="118.10364886187016963958740234375">
        <ele>5</ele>
        <time>2024-11-17T12:59:50.000Z</time>
        <extensions>
          <ns3:TrackPointExtension>
            <ns3:hr>156</ns3:hr>
          </ns3:TrackPointExtension>
        </extensions>
      </trkpt>
      <trkpt lat="24.49011661112308502197265625" lon="118.10361483134329319000244140625">
        <ele>5.19999980926513671875</ele>
        <time>2024-11-17T12:59:51.000Z</time>
        <extensions>
          <ns3:TrackPointExtension>
            <ns3:hr>156</ns3:hr>
          </ns3:TrackPointExtension>
        </extensions>
      </trkpt>
      <trkpt lat="24.49011661112308502197265625" lon="118.10358180664479732513427734375">
        <ele>5.19999980926513671875</ele>
        <time>2024-11-17T12:59:52.000Z</time>
        <extensions>
          <ns3:TrackPointExtension>
            <ns3:hr>156</ns3:hr>
          </ns3:TrackPointExtension>
        </extensions>
      </trkpt>
      <trkpt lat="24.490116275846958160400390625" lon="118.10354970395565032958984375">
        <ele>5.400000095367431640625</ele>
        <time>2024-11-17T12:59:53.000Z</time>
        <extensions>
          <ns3:TrackPointExtension>
            <ns3:hr>156</ns3:hr>
          </ns3:TrackPointExtension>
        </extensions>
      </trkpt>
      <trkpt lat="24.49011535383760929107666015625" lon="118.10351760126650333404541015625">
        <ele>5.599999904632568359375</ele>
        <time>2024-11-17T12:59:54.000Z</time>
        <extensions>
          <ns3:TrackPointExtension>
            <ns3:hr>156</ns3:hr>
          </ns3:TrackPointExtension>
        </extensions>
      </trkpt>
      <trkpt lat="24.4901134259998798370361328125" lon="118.10348474420607089996337890625">
        <ele>5.599999904632568359375</ele>
        <time>2024-11-17T12:59:55.000Z</time>
        <extensions>
          <ns3:TrackPointExtension>
            <ns3:hr>156</ns3:hr>
          </ns3:TrackPointExtension>
        </extensions>
      </trkpt>
      <trkpt lat="24.49011049233376979827880859375" lon="118.10345155186951160430908203125">
        <ele>5.80000019073486328125</ele>
        <time>2024-11-17T12:59:56.000Z</time>
        <extensions>
          <ns3:TrackPointExtension>
            <ns3:hr>156</ns3:hr>
          </ns3:TrackPointExtension>
        </extensions>
      </trkpt>
      <trkpt lat="24.4901067204773426055908203125" lon="118.1034187786281108856201171875">
        <ele>5.80000019073486328125</ele>
        <time>2024-11-17T12:59:57.000Z</time>
        <extensions>
          <ns3:TrackPointExtension>
            <ns3:hr>156</ns3:hr>
          </ns3:TrackPointExtension>
        </extensions>
      </trkpt>
      <trkpt lat="24.49010244570672512054443359375" lon="118.10338667593896389007568359375">
        <ele>6</ele>
        <time>2024-11-17T12:59:58.000Z</time>
        <extensions>
          <ns3:TrackPointExtension>
            <ns3:hr>156</ns3:hr>
          </ns3:TrackPointExtension>
        </extensions>
      </trkpt>
      <trkpt lat="24.49009741656482219696044921875" lon="118.10335524380207061767578125">
        <ele>6</ele>
        <time>2024-11-17T12:59:59.000Z</time>
        <extensions>
          <ns3:TrackPointExtension>
            <ns3:hr>156</ns3:hr>
          </ns3:TrackPointExtension>
        </extensions>
      </trkpt>
      <trkpt lat="24.49009104631841182708740234375" lon="118.10332381166517734527587890625">
        <ele>6.19999980926513671875</ele>
        <time>2024-11-17T13:00:00.000Z</time>
        <extensions>
          <ns3:TrackPointExtension>
            <ns3:hr>156</ns3:hr>
          </ns3:TrackPointExtension>
        </extensions>
      </trkpt>
      <trkpt lat="24.4900832511484622955322265625" lon="118.103292547166347503662109375">
        <ele>6.19999980926513671875</ele>
        <time>2024-11-17T13:00:01.000Z</time>
        <extensions>
          <ns3:TrackPointExtension>
            <ns3:hr>156</ns3:hr>
          </ns3:TrackPointExtension>
        </extensions>
      </trkpt>
      <trkpt lat="24.49007478542625904083251953125" lon="118.1032615341246128082275390625">
        <ele>6.400000095367431640625</ele>
        <time>2024-11-17T13:00:02.000Z</time>
        <extensions>
          <ns3:TrackPointExtension>
            <ns3:hr>156</ns3:hr>
          </ns3:TrackPointExtension>
        </extensions>
      </trkpt>
      <trkpt lat="24.49006606824696063995361328125" lon="118.103230856359004974365234375">
        <ele>6.400000095367431640625</ele>
        <time>2024-11-17T13:00:03.000Z</time>
        <extensions>
          <ns3:TrackPointExtension>
            <ns3:hr>156</ns3:hr>
          </ns3:TrackPointExtension>
        </extensions>
      </trkpt>
      <trkpt lat="24.4900564290583133697509765625" lon="118.10320059768855571746826171875">
        <ele>6.400000095367431640625</ele>
        <time>2024-11-17T13:00:04.000Z</time>
        <extensions>
          <ns3:TrackPointExtension>
            <ns3:hr>156</ns3:hr>
          </ns3:TrackPointExtension>
        </extensions>
      </trkpt>
      <trkpt lat="24.49004511348903179168701171875" lon="118.10317059047520160675048828125">
        <ele>6.599999904632568359375</ele>
        <time>2024-11-17T13:00:05.000Z</time>
        <extensions>
          <ns3:TrackPointExtension>
            <ns3:hr>156</ns3:hr>
          </ns3:TrackPointExtension>
        </extensions>
      </trkpt>
      <trkpt lat="24.4900326244533061981201171875" lon="118.1031404994428157806396484375">
        <ele>6.599999904632568359375</ele>
        <time>2024-11-17T13:00:06.000Z</time>
        <extensions>
          <ns3:TrackPointExtension>
            <ns3:hr>156</ns3:hr>
          </ns3:TrackPointExtension>
        </extensions>
      </trkpt>
      <trkpt lat="24.490019716322422027587890625" lon="118.1031099893152713775634765625">
        <ele>6.599999904632568359375</ele>
        <time>2024-11-17T13:00:07.000Z</time>
        <extensions>
          <ns3:TrackPointExtension>
            <ns3:hr>156</ns3:hr>
          </ns3:TrackPointExtension>
        </extensions>
      </trkpt>
      <trkpt lat="24.4900061376392841339111328125" lon="118.10307922773063182830810546875">
        <ele>6.80000019073486328125</ele>
        <time>2024-11-17T13:00:08.000Z</time>
        <extensions>
          <ns3:TrackPointExtension>
            <ns3:hr>156</ns3:hr>
          </ns3:TrackPointExtension>
        </extensions>
      </trkpt>
      <trkpt lat="24.4899913854897022247314453125" lon="118.1030486337840557098388671875">
        <ele>6.80000019073486328125</ele>
        <time>2024-11-17T13:00:09.000Z</time>
        <extensions>
          <ns3:TrackPointExtension>
            <ns3:hr>157</ns3:hr>
          </ns3:TrackPointExtension>
        </extensions>
      </trkpt>
      <trkpt lat="24.4899756275117397308349609375" lon="118.10301871038973331451416015625">
        <ele>6.80000019073486328125</ele>
        <time>2024-11-17T13:00:10.000Z</time>
        <extensions>
          <ns3:TrackPointExtension>
            <ns3:hr>157</ns3:hr>
          </ns3:TrackPointExtension>
        </extensions>
      </trkpt>
      <trkpt lat="24.48995961807668209075927734375" lon="118.102990128099918365478515625">
        <ele>6.80000019073486328125</ele>
        <time>2024-11-17T13:00:11.000Z</time>
        <extensions>
          <ns3:TrackPointExtension>
            <ns3:hr>157</ns3:hr>
          </ns3:TrackPointExtension>
        </extensions>
      </trkpt>
      <trkpt lat="24.48994302190840244293212890625" lon="118.1029624678194522857666015625">
        <ele>7</ele>
        <time>2024-11-17T13:00:12.000Z</time>
        <extensions>
          <ns3:TrackPointExtension>
            <ns3:hr>157</ns3:hr>
          </ns3:TrackPointExtension>
        </extensions>
      </trkpt>
      <trkpt lat="24.4899256713688373565673828125" lon="118.1029346399009227752685546875">
        <ele>7</ele>
        <time>2024-11-17T13:00:13.000Z</time>
        <extensions>
          <ns3:TrackPointExtension>
            <ns3:hr>157</ns3:hr>
          </ns3:TrackPointExtension>
        </extensions>
      </trkpt>
      <trkpt lat="24.4899072311818599700927734375" lon="118.10290622524917125701904296875">
        <ele>7</ele>
        <time>2024-11-17T13:00:14.000Z</time>
        <extensions>
          <ns3:TrackPointExtension>
            <ns3:hr>157</ns3:hr>
          </ns3:TrackPointExtension>
        </extensions>
      </trkpt>
      <trkpt lat="24.48988770134747028350830078125" lon="118.10287781059741973876953125">
        <ele>7</ele>
        <time>2024-11-17T13:00:15.000Z</time>
        <extensions>
          <ns3:TrackPointExtension>
            <ns3:hr>157</ns3:hr>
          </ns3:TrackPointExtension>
        </extensions>
      </trkpt>
      <trkpt lat="24.489867500960826873779296875" lon="118.10285006649792194366455078125">
        <ele>7</ele>
        <time>2024-11-17T13:00:16.000Z</time>
        <extensions>
          <ns3:TrackPointExtension>
            <ns3:hr>157</ns3:hr>
          </ns3:TrackPointExtension>
        </extensions>
      </trkpt>
      <trkpt lat="24.4898472167551517486572265625" lon="118.10282324440777301788330078125">
        <ele>7</ele>
        <time>2024-11-17T13:00:17.000Z</time>
        <extensions>
          <ns3:TrackPointExtension>
            <ns3:hr>157</ns3:hr>
          </ns3:TrackPointExtension>
        </extensions>
      </trkpt>
      <trkpt lat="24.48982701636850833892822265625" lon="118.10279709286987781524658203125">
        <ele>7</ele>
        <time>2024-11-17T13:00:18.000Z</time>
        <extensions>
          <ns3:TrackPointExtension>
            <ns3:hr>157</ns3:hr>
          </ns3:TrackPointExtension>
        </extensions>
      </trkpt>
      <trkpt lat="24.4898061454296112060546875" lon="118.1027716957032680511474609375">
        <ele>7.19999980926513671875</ele>
        <time>2024-11-17T13:00:19.000Z</time>
        <extensions>
          <ns3:TrackPointExtension>
            <ns3:hr>157</ns3:hr>
          </ns3:TrackPointExtension>
        </extensions>
      </trkpt>
      <trkpt lat="24.48978393338620662689208984375" lon="118.1027472205460071563720703125">
        <ele>7.19999980926513671875</ele>
        <time>2024-11-17T13:00:20.000Z</time>
        <extensions>
          <ns3:TrackPointExtension>
            <ns3:hr>157</ns3:hr>
          </ns3:TrackPointExtension>
        </extensions>
      </trkpt>
      <trkpt lat="24.48976046405732631683349609375" lon="118.102723918855190277099609375">
        <ele>7.19999980926513671875</ele>
        <time>2024-11-17T13:00:21.000Z</time>
        <extensions>
          <ns3:TrackPointExtension>
            <ns3:hr>157</ns3:hr>
          </ns3:TrackPointExtension>
        </extensions>
      </trkpt>
      <trkpt lat="24.4897365756332874298095703125" lon="118.1027019582688808441162109375">
        <ele>7.400000095367431640625</ele>
        <time>2024-11-17T13:00:22.000Z</time>
        <extensions>
          <ns3:TrackPointExtension>
            <ns3:hr>157</ns3:hr>
          </ns3:TrackPointExtension>
        </extensions>
      </trkpt>
      <trkpt lat="24.48971218429505825042724609375" lon="118.10268058441579341888427734375">
        <ele>7.400000095367431640625</ele>
        <time>2024-11-17T13:00:23.000Z</time>
        <extensions>
          <ns3:TrackPointExtension>
            <ns3:hr>156</ns3:hr>
          </ns3:TrackPointExtension>
        </extensions>
      </trkpt>
      <trkpt lat="24.48968687094748020172119140625" lon="118.10265921056270599365234375">
        <ele>7.599999904632568359375</ele>
        <time>2024-11-17T13:00:24.000Z</time>
        <extensions>
          <ns3:TrackPointExtension>
            <ns3:hr>156</ns3:hr>
          </ns3:TrackPointExtension>
        </extensions>
      </trkpt>
      <trkpt lat="24.48966063559055328369140625" lon="118.1026379205286502838134765625">
        <ele>7.599999904632568359375</ele>
        <time>2024-11-17T13:00:25.000Z</time>
        <extensions>
          <ns3:TrackPointExtension>
            <ns3:hr>156</ns3:hr>
          </ns3:TrackPointExtension>
        </extensions>
      </trkpt>
      <trkpt lat="24.4896344840526580810546875" lon="118.10261688195168972015380859375">
        <ele>7.80000019073486328125</ele>
        <time>2024-11-17T13:00:26.000Z</time>
        <extensions>
          <ns3:TrackPointExtension>
            <ns3:hr>156</ns3:hr>
          </ns3:TrackPointExtension>
        </extensions>
      </trkpt>
      <trkpt lat="24.4896085001528263092041015625" lon="118.10259617865085601806640625">
        <ele>7.80000019073486328125</ele>
        <time>2024-11-17T13:00:27.000Z</time>
        <extensions>
          <ns3:TrackPointExtension>
            <ns3:hr>156</ns3:hr>
          </ns3:TrackPointExtension>
        </extensions>
      </trkpt>
      <trkpt lat="24.48958243243396282196044921875" lon="118.1025753915309906005859375">
        <ele>8</ele>
        <time>2024-11-17T13:00:28.000Z</time>
        <extensions>
          <ns3:TrackPointExtension>
            <ns3:hr>156</ns3:hr>
          </ns3:TrackPointExtension>
        </extensions>
      </trkpt>
      <trkpt lat="24.4895558618009090423583984375" lon="118.10255418531596660614013671875">
        <ele>8</ele>
        <time>2024-11-17T13:00:29.000Z</time>
        <extensions>
          <ns3:TrackPointExtension>
            <ns3:hr>156</ns3:hr>
          </ns3:TrackPointExtension>
        </extensions>
      </trkpt>
      <trkpt lat="24.48952862061560153961181640625" lon="118.10253323055803775787353515625">
        <ele>8</ele>
        <time>2024-11-17T13:00:30.000Z</time>
        <extensions>
          <ns3:TrackPointExtension>
            <ns3:hr>156</ns3:hr>
          </ns3:TrackPointExtension>
        </extensions>
      </trkpt>
      <trkpt lat="24.4895008765161037445068359375" lon="118.10251361690461635589599609375">
        <ele>8</ele>
        <time>2024-11-17T13:00:31.000Z</time>
        <extensions>
          <ns3:TrackPointExtension>
            <ns3:hr>156</ns3:hr>
          </ns3:TrackPointExtension>
        </extensions>
      </trkpt>
      <trkpt lat="24.48947296477854251861572265625" lon="118.102495931088924407958984375">
        <ele>8.19999980926513671875</ele>
        <time>2024-11-17T13:00:32.000Z</time>
        <extensions>
          <ns3:TrackPointExtension>
            <ns3:hr>156</ns3:hr>
          </ns3:TrackPointExtension>
        </extensions>
      </trkpt>
      <trkpt lat="24.4894448854029178619384765625" lon="118.1024800054728984832763671875">
        <ele>8.19999980926513671875</ele>
        <time>2024-11-17T13:00:33.000Z</time>
        <extensions>
          <ns3:TrackPointExtension>
            <ns3:hr>156</ns3:hr>
          </ns3:TrackPointExtension>
        </extensions>
      </trkpt>
      <trkpt lat="24.4894167222082614898681640625" lon="118.1024654209613800048828125">
        <ele>8.19999980926513671875</ele>
        <time>2024-11-17T13:00:34.000Z</time>
        <extensions>
          <ns3:TrackPointExtension>
            <ns3:hr>156</ns3:hr>
          </ns3:TrackPointExtension>
        </extensions>
      </trkpt>
      <trkpt lat="24.48938847519457340240478515625" lon="118.10245242901146411895751953125">
        <ele>8.19999980926513671875</ele>
        <time>2024-11-17T13:00:35.000Z</time>
        <extensions>
          <ns3:TrackPointExtension>
            <ns3:hr>156</ns3:hr>
          </ns3:TrackPointExtension>
        </extensions>
      </trkpt>
      <trkpt lat="24.4893593899905681610107421875" lon="118.10244102962315082550048828125">
        <ele>8.3999996185302734375</ele>
        <time>2024-11-17T13:00:36.000Z</time>
        <extensions>
          <ns3:TrackPointExtension>
            <ns3:hr>156</ns3:hr>
          </ns3:TrackPointExtension>
        </extensions>
      </trkpt>
      <trkpt lat="24.489329047501087188720703125" lon="118.1024307198822498321533203125">
        <ele>8.3999996185302734375</ele>
        <time>2024-11-17T13:00:37.000Z</time>
        <extensions>
          <ns3:TrackPointExtension>
            <ns3:hr>156</ns3:hr>
          </ns3:TrackPointExtension>
        </extensions>
      </trkpt>
      <trkpt lat="24.48929728008806705474853515625" lon="118.10242108069360256195068359375">
        <ele>8.3999996185302734375</ele>
        <time>2024-11-17T13:00:38.000Z</time>
        <extensions>
          <ns3:TrackPointExtension>
            <ns3:hr>156</ns3:hr>
          </ns3:TrackPointExtension>
        </extensions>
      </trkpt>
      <trkpt lat="24.48926542885601520538330078125" lon="118.102412782609462738037109375">
        <ele>8.6000003814697265625</ele>
        <time>2024-11-17T13:00:39.000Z</time>
        <extensions>
          <ns3:TrackPointExtension>
            <ns3:hr>156</ns3:hr>
          </ns3:TrackPointExtension>
        </extensions>
      </trkpt>
      <trkpt lat="24.48923416435718536376953125" lon="118.10240649618208408355712890625">
        <ele>8.80000019073486328125</ele>
        <time>2024-11-17T13:00:40.000Z</time>
        <extensions>
          <ns3:TrackPointExtension>
            <ns3:hr>156</ns3:hr>
          </ns3:TrackPointExtension>
        </extensions>
      </trkpt>
      <trkpt lat="24.48920323513448238372802734375" lon="118.1024015508592128753662109375">
        <ele>9</ele>
        <time>2024-11-17T13:00:41.000Z</time>
        <extensions>
          <ns3:TrackPointExtension>
            <ns3:hr>156</ns3:hr>
          </ns3:TrackPointExtension>
        </extensions>
      </trkpt>
      <trkpt lat="24.48917171917855739593505859375" lon="118.10239744372665882110595703125">
        <ele>9.19999980926513671875</ele>
        <time>2024-11-17T13:00:42.000Z</time>
        <extensions>
          <ns3:TrackPointExtension>
            <ns3:hr>156</ns3:hr>
          </ns3:TrackPointExtension>
        </extensions>
      </trkpt>
      <trkpt lat="24.489139281213283538818359375" lon="118.10239392332732677459716796875">
        <ele>9.3999996185302734375</ele>
        <time>2024-11-17T13:00:43.000Z</time>
        <extensions>
          <ns3:TrackPointExtension>
            <ns3:hr>156</ns3:hr>
          </ns3:TrackPointExtension>
        </extensions>
      </trkpt>
      <trkpt lat="24.4891065917909145355224609375" lon="118.10239057056605815887451171875">
        <ele>9.6000003814697265625</ele>
        <time>2024-11-17T13:00:44.000Z</time>
        <extensions>
          <ns3:TrackPointExtension>
            <ns3:hr>156</ns3:hr>
          </ns3:TrackPointExtension>
        </extensions>
      </trkpt>
      <trkpt lat="24.4890744052827358245849609375" lon="118.102385960519313812255859375">
        <ele>9.80000019073486328125</ele>
        <time>2024-11-17T13:00:45.000Z</time>
        <extensions>
          <ns3:TrackPointExtension>
            <ns3:hr>156</ns3:hr>
          </ns3:TrackPointExtension>
        </extensions>
      </trkpt>
      <trkpt lat="24.489042721688747406005859375" lon="118.1023795902729034423828125">
        <ele>10</ele>
        <time>2024-11-17T13:00:46.000Z</time>
        <extensions>
          <ns3:TrackPointExtension>
            <ns3:hr>156</ns3:hr>
          </ns3:TrackPointExtension>
        </extensions>
      </trkpt>
      <trkpt lat="24.48901128955185413360595703125" lon="118.10237196274101734161376953125">
        <ele>10.19999980926513671875</ele>
        <time>2024-11-17T13:00:47.000Z</time>
        <extensions>
          <ns3:TrackPointExtension>
            <ns3:hr>156</ns3:hr>
          </ns3:TrackPointExtension>
        </extensions>
      </trkpt>
      <trkpt lat="24.48898027651011943817138671875" lon="118.102364838123321533203125">
        <ele>10.3999996185302734375</ele>
        <time>2024-11-17T13:00:48.000Z</time>
        <extensions>
          <ns3:TrackPointExtension>
            <ns3:hr>156</ns3:hr>
          </ns3:TrackPointExtension>
        </extensions>
      </trkpt>
      <trkpt lat="24.48894959874451160430908203125" lon="118.102360479533672332763671875">
        <ele>10.6000003814697265625</ele>
        <time>2024-11-17T13:00:49.000Z</time>
        <extensions>
          <ns3:TrackPointExtension>
            <ns3:hr>156</ns3:hr>
          </ns3:TrackPointExtension>
        </extensions>
      </trkpt>
      <trkpt lat="24.48891858570277690887451171875" lon="118.10235989280045032501220703125">
        <ele>10.6000003814697265625</ele>
        <time>2024-11-17T13:00:50.000Z</time>
        <extensions>
          <ns3:TrackPointExtension>
            <ns3:hr>156</ns3:hr>
          </ns3:TrackPointExtension>
        </extensions>
      </trkpt>
      <trkpt lat="24.48888723738491535186767578125" lon="118.1023623235523700714111328125">
        <ele>10.80000019073486328125</ele>
        <time>2024-11-17T13:00:51.000Z</time>
        <extensions>
          <ns3:TrackPointExtension>
            <ns3:hr>156</ns3:hr>
          </ns3:TrackPointExtension>
        </extensions>
      </trkpt>
      <trkpt lat="24.48885622434318065643310546875" lon="118.10236559249460697174072265625">
        <ele>10.80000019073486328125</ele>
        <time>2024-11-17T13:00:52.000Z</time>
        <extensions>
          <ns3:TrackPointExtension>
            <ns3:hr>156</ns3:hr>
          </ns3:TrackPointExtension>
        </extensions>
      </trkpt>
      <trkpt lat="24.488825462758541107177734375" lon="118.10236844234168529510498046875">
        <ele>11</ele>
        <time>2024-11-17T13:00:53.000Z</time>
        <extensions>
          <ns3:TrackPointExtension>
            <ns3:hr>157</ns3:hr>
          </ns3:TrackPointExtension>
        </extensions>
      </trkpt>
      <trkpt lat="24.4887949526309967041015625" lon="118.10237095691263675689697265625">
        <ele>11</ele>
        <time>2024-11-17T13:00:54.000Z</time>
        <extensions>
          <ns3:TrackPointExtension>
            <ns3:hr>157</ns3:hr>
          </ns3:TrackPointExtension>
        </extensions>
      </trkpt>
      <trkpt lat="24.48876502923667430877685546875" lon="118.10237380675971508026123046875">
        <ele>11</ele>
        <time>2024-11-17T13:00:55.000Z</time>
        <extensions>
          <ns3:TrackPointExtension>
            <ns3:hr>157</ns3:hr>
          </ns3:TrackPointExtension>
        </extensions>
      </trkpt>
      <trkpt lat="24.4887351058423519134521484375" lon="118.10237757861614227294921875">
        <ele>11</ele>
        <time>2024-11-17T13:00:56.000Z</time>
        <extensions>
          <ns3:TrackPointExtension>
            <ns3:hr>157</ns3:hr>
          </ns3:TrackPointExtension>
        </extensions>
      </trkpt>
      <trkpt lat="24.488704763352870941162109375" lon="118.10238285921514034271240234375">
        <ele>11</ele>
        <time>2024-11-17T13:00:57.000Z</time>
        <extensions>
          <ns3:TrackPointExtension>
            <ns3:hr>157</ns3:hr>
          </ns3:TrackPointExtension>
        </extensions>
      </trkpt>
      <trkpt lat="24.488673917949199676513671875" lon="118.10238956473767757415771484375">
        <ele>10.80000019073486328125</ele>
        <time>2024-11-17T13:00:58.000Z</time>
        <extensions>
          <ns3:TrackPointExtension>
            <ns3:hr>156</ns3:hr>
          </ns3:TrackPointExtension>
        </extensions>
      </trkpt>
      <trkpt lat="24.48864349164068698883056640625" lon="118.10239744372665882110595703125">
        <ele>10.80000019073486328125</ele>
        <time>2024-11-17T13:00:59.000Z</time>
        <extensions>
          <ns3:TrackPointExtension>
            <ns3:hr>157</ns3:hr>
          </ns3:TrackPointExtension>
        </extensions>
      </trkpt>
      <trkpt lat="24.48861365206539630889892578125" lon="118.1024059094488620758056640625">
        <ele>10.6000003814697265625</ele>
        <time>2024-11-17T13:01:00.000Z</time>
        <extensions>
          <ns3:TrackPointExtension>
            <ns3:hr>157</ns3:hr>
          </ns3:TrackPointExtension>
        </extensions>
      </trkpt>
      <trkpt lat="24.488584063947200775146484375" lon="118.10241512954235076904296875">
        <ele>10.6000003814697265625</ele>
        <time>2024-11-17T13:01:01.000Z</time>
        <extensions>
          <ns3:TrackPointExtension>
            <ns3:hr>157</ns3:hr>
          </ns3:TrackPointExtension>
        </extensions>
      </trkpt>
      <trkpt lat="24.4885540567338466644287109375" lon="118.10242527164518833160400390625">
        <ele>10.6000003814697265625</ele>
        <time>2024-11-17T13:01:02.000Z</time>
        <extensions>
          <ns3:TrackPointExtension>
            <ns3:hr>157</ns3:hr>
          </ns3:TrackPointExtension>
        </extensions>
      </trkpt>
      <trkpt lat="24.48852396570146083831787109375" lon="118.1024367548525333404541015625">
        <ele>10.6000003814697265625</ele>
        <time>2024-11-17T13:01:03.000Z</time>
        <extensions>
          <ns3:TrackPointExtension>
            <ns3:hr>157</ns3:hr>
          </ns3:TrackPointExtension>
        </extensions>
      </trkpt>
      <trkpt lat="24.4884943775832653045654296875" lon="118.1024491600692272186279296875">
        <ele>10.6000003814697265625</ele>
        <time>2024-11-17T13:01:04.000Z</time>
        <extensions>
          <ns3:TrackPointExtension>
            <ns3:hr>156</ns3:hr>
          </ns3:TrackPointExtension>
        </extensions>
      </trkpt>
      <trkpt lat="24.48846571147441864013671875" lon="118.10246181674301624298095703125">
        <ele>10.6000003814697265625</ele>
        <time>2024-11-17T13:01:05.000Z</time>
        <extensions>
          <ns3:TrackPointExtension>
            <ns3:hr>156</ns3:hr>
          </ns3:TrackPointExtension>
        </extensions>
      </trkpt>
      <trkpt lat="24.488436877727508544921875" lon="118.102475143969058990478515625">
        <ele>10.80000019073486328125</ele>
        <time>2024-11-17T13:01:06.000Z</time>
        <extensions>
          <ns3:TrackPointExtension>
            <ns3:hr>156</ns3:hr>
          </ns3:TrackPointExtension>
        </extensions>
      </trkpt>
      <trkpt lat="24.4884078763425350189208984375" lon="118.102489225566387176513671875">
        <ele>10.80000019073486328125</ele>
        <time>2024-11-17T13:01:07.000Z</time>
        <extensions>
          <ns3:TrackPointExtension>
            <ns3:hr>156</ns3:hr>
          </ns3:TrackPointExtension>
        </extensions>
      </trkpt>
      <trkpt lat="24.48837912641465663909912109375" lon="118.1025041453540325164794921875">
        <ele>10.80000019073486328125</ele>
        <time>2024-11-17T13:01:08.000Z</time>
        <extensions>
          <ns3:TrackPointExtension>
            <ns3:hr>156</ns3:hr>
          </ns3:TrackPointExtension>
        </extensions>
      </trkpt>
      <trkpt lat="24.488350711762905120849609375" lon="118.102520070970058441162109375">
        <ele>10.6000003814697265625</ele>
        <time>2024-11-17T13:01:09.000Z</time>
        <extensions>
          <ns3:TrackPointExtension>
            <ns3:hr>156</ns3:hr>
          </ns3:TrackPointExtension>
        </extensions>
      </trkpt>
      <trkpt lat="24.4883227162063121795654296875" lon="118.1025366671383380889892578125">
        <ele>10.6000003814697265625</ele>
        <time>2024-11-17T13:01:10.000Z</time>
        <extensions>
          <ns3:TrackPointExtension>
            <ns3:hr>156</ns3:hr>
          </ns3:TrackPointExtension>
        </extensions>
      </trkpt>
      <trkpt lat="24.4882948882877826690673828125" lon="118.10255435295403003692626953125">
        <ele>10.3999996185302734375</ele>
        <time>2024-11-17T13:01:11.000Z</time>
        <extensions>
          <ns3:TrackPointExtension>
            <ns3:hr>156</ns3:hr>
          </ns3:TrackPointExtension>
        </extensions>
      </trkpt>
      <trkpt lat="24.48826781474053859710693359375" lon="118.1025732122361660003662109375">
        <ele>10.19999980926513671875</ele>
        <time>2024-11-17T13:01:12.000Z</time>
        <extensions>
          <ns3:TrackPointExtension>
            <ns3:hr>156</ns3:hr>
          </ns3:TrackPointExtension>
        </extensions>
      </trkpt>
      <trkpt lat="24.48824149556457996368408203125" lon="118.1025929935276508331298828125">
        <ele>10.19999980926513671875</ele>
        <time>2024-11-17T13:01:13.000Z</time>
        <extensions>
          <ns3:TrackPointExtension>
            <ns3:hr>156</ns3:hr>
          </ns3:TrackPointExtension>
        </extensions>
      </trkpt>
      <trkpt lat="24.4882154278457164764404296875" lon="118.1026131100952625274658203125">
        <ele>9.80000019073486328125</ele>
        <time>2024-11-17T13:01:14.000Z</time>
        <extensions>
          <ns3:TrackPointExtension>
            <ns3:hr>156</ns3:hr>
          </ns3:TrackPointExtension>
        </extensions>
      </trkpt>
      <trkpt lat="24.4881899468600749969482421875" lon="118.10263347811996936798095703125">
        <ele>9.6000003814697265625</ele>
        <time>2024-11-17T13:01:15.000Z</time>
        <extensions>
          <ns3:TrackPointExtension>
            <ns3:hr>156</ns3:hr>
          </ns3:TrackPointExtension>
        </extensions>
      </trkpt>
      <trkpt lat="24.488164968788623809814453125" lon="118.1026546843349933624267578125">
        <ele>9.19999980926513671875</ele>
        <time>2024-11-17T13:01:16.000Z</time>
        <extensions>
          <ns3:TrackPointExtension>
            <ns3:hr>156</ns3:hr>
          </ns3:TrackPointExtension>
        </extensions>
      </trkpt>
      <trkpt lat="24.488140828907489776611328125" lon="118.1026768125593662261962890625">
        <ele>8.80000019073486328125</ele>
        <time>2024-11-17T13:01:17.000Z</time>
        <extensions>
          <ns3:TrackPointExtension>
            <ns3:hr>156</ns3:hr>
          </ns3:TrackPointExtension>
        </extensions>
      </trkpt>
      <trkpt lat="24.48811761103570461273193359375" lon="118.1026992760598659515380859375">
        <ele>8.19999980926513671875</ele>
        <time>2024-11-17T13:01:18.000Z</time>
        <extensions>
          <ns3:TrackPointExtension>
            <ns3:hr>156</ns3:hr>
          </ns3:TrackPointExtension>
        </extensions>
      </trkpt>
      <trkpt lat="24.48809497989714145660400390625" lon="118.10272266156971454620361328125">
        <ele>7.80000019073486328125</ele>
        <time>2024-11-17T13:01:19.000Z</time>
        <extensions>
          <ns3:TrackPointExtension>
            <ns3:hr>157</ns3:hr>
          </ns3:TrackPointExtension>
        </extensions>
      </trkpt>
      <trkpt lat="24.48807276785373687744140625" lon="118.1027472205460071563720703125">
        <ele>7.400000095367431640625</ele>
        <time>2024-11-17T13:01:20.000Z</time>
        <extensions>
          <ns3:TrackPointExtension>
            <ns3:hr>157</ns3:hr>
          </ns3:TrackPointExtension>
        </extensions>
      </trkpt>
      <trkpt lat="24.48805139400064945220947265625" lon="118.102772198617458343505859375">
        <ele>7.19999980926513671875</ele>
        <time>2024-11-17T13:01:21.000Z</time>
        <extensions>
          <ns3:TrackPointExtension>
            <ns3:hr>157</ns3:hr>
          </ns3:TrackPointExtension>
        </extensions>
      </trkpt>
      <trkpt lat="24.4880310259759426116943359375" lon="118.10279759578406810760498046875">
        <ele>7</ele>
        <time>2024-11-17T13:01:22.000Z</time>
        <extensions>
          <ns3:TrackPointExtension>
            <ns3:hr>157</ns3:hr>
          </ns3:TrackPointExtension>
        </extensions>
      </trkpt>
      <trkpt lat="24.488011412322521209716796875" lon="118.10282441787421703338623046875">
        <ele>6.80000019073486328125</ele>
        <time>2024-11-17T13:01:23.000Z</time>
        <extensions>
          <ns3:TrackPointExtension>
            <ns3:hr>157</ns3:hr>
          </ns3:TrackPointExtension>
        </extensions>
      </trkpt>
      <trkpt lat="24.48799230158329010009765625" lon="118.10285274870693683624267578125">
        <ele>6.80000019073486328125</ele>
        <time>2024-11-17T13:01:24.000Z</time>
        <extensions>
          <ns3:TrackPointExtension>
            <ns3:hr>157</ns3:hr>
          </ns3:TrackPointExtension>
        </extensions>
      </trkpt>
      <trkpt lat="24.48797411285340785980224609375" lon="118.10288124717772006988525390625">
        <ele>6.599999904632568359375</ele>
        <time>2024-11-17T13:01:25.000Z</time>
        <extensions>
          <ns3:TrackPointExtension>
            <ns3:hr>157</ns3:hr>
          </ns3:TrackPointExtension>
        </extensions>
      </trkpt>
      <trkpt lat="24.4879567623138427734375" lon="118.102908991277217864990234375">
        <ele>6.599999904632568359375</ele>
        <time>2024-11-17T13:01:26.000Z</time>
        <extensions>
          <ns3:TrackPointExtension>
            <ns3:hr>157</ns3:hr>
          </ns3:TrackPointExtension>
        </extensions>
      </trkpt>
      <trkpt lat="24.4879401661455631256103515625" lon="118.10293656773865222930908203125">
        <ele>6.80000019073486328125</ele>
        <time>2024-11-17T13:01:27.000Z</time>
        <extensions>
          <ns3:TrackPointExtension>
            <ns3:hr>157</ns3:hr>
          </ns3:TrackPointExtension>
        </extensions>
      </trkpt>
      <trkpt lat="24.48792390525341033935546875" lon="118.1029648147523403167724609375">
        <ele>7</ele>
        <time>2024-11-17T13:01:28.000Z</time>
        <extensions>
          <ns3:TrackPointExtension>
            <ns3:hr>157</ns3:hr>
          </ns3:TrackPointExtension>
        </extensions>
      </trkpt>
      <trkpt lat="24.4879076443612575531005859375" lon="118.1029938161373138427734375">
        <ele>7.19999980926513671875</ele>
        <time>2024-11-17T13:01:29.000Z</time>
        <extensions>
          <ns3:TrackPointExtension>
            <ns3:hr>157</ns3:hr>
          </ns3:TrackPointExtension>
        </extensions>
      </trkpt>
      <trkpt lat="24.4878912158310413360595703125" lon="118.10302390716969966888427734375">
        <ele>7.400000095367431640625</ele>
        <time>2024-11-17T13:01:30.000Z</time>
        <extensions>
          <ns3:TrackPointExtension>
            <ns3:hr>157</ns3:hr>
          </ns3:TrackPointExtension>
        </extensions>
      </trkpt>
      <trkpt lat="24.4878749549388885498046875" lon="118.10305492021143436431884765625">
        <ele>7.599999904632568359375</ele>
        <time>2024-11-17T13:01:31.000Z</time>
        <extensions>
          <ns3:TrackPointExtension>
            <ns3:hr>157</ns3:hr>
          </ns3:TrackPointExtension>
        </extensions>
      </trkpt>
      <trkpt lat="24.4878596998751163482666015625" lon="118.1030865199863910675048828125">
        <ele>7.599999904632568359375</ele>
        <time>2024-11-17T13:01:32.000Z</time>
        <extensions>
          <ns3:TrackPointExtension>
            <ns3:hr>157</ns3:hr>
          </ns3:TrackPointExtension>
        </extensions>
      </trkpt>
      <trkpt lat="24.4878459535539150238037109375" lon="118.10311795212328433990478515625">
        <ele>8</ele>
        <time>2024-11-17T13:01:33.000Z</time>
        <extensions>
          <ns3:TrackPointExtension>
            <ns3:hr>157</ns3:hr>
          </ns3:TrackPointExtension>
        </extensions>
      </trkpt>
      <trkpt lat="24.487833715975284576416015625" lon="118.10314896516501903533935546875">
        <ele>8.6000003814697265625</ele>
        <time>2024-11-17T13:01:34.000Z</time>
        <extensions>
          <ns3:TrackPointExtension>
            <ns3:hr>157</ns3:hr>
          </ns3:TrackPointExtension>
        </extensions>
      </trkpt>
      <trkpt lat="24.4878224842250347137451171875" lon="118.10317997820675373077392578125">
        <ele>9.19999980926513671875</ele>
        <time>2024-11-17T13:01:35.000Z</time>
        <extensions>
          <ns3:TrackPointExtension>
            <ns3:hr>157</ns3:hr>
          </ns3:TrackPointExtension>
        </extensions>
      </trkpt>
      <trkpt lat="24.4878114201128482818603515625" lon="118.1032112427055835723876953125">
        <ele>9.6000003814697265625</ele>
        <time>2024-11-17T13:01:36.000Z</time>
        <extensions>
          <ns3:TrackPointExtension>
            <ns3:hr>157</ns3:hr>
          </ns3:TrackPointExtension>
        </extensions>
      </trkpt>
      <trkpt lat="24.4878003560006618499755859375" lon="118.1032430939376354217529296875">
        <ele>10.19999980926513671875</ele>
        <time>2024-11-17T13:01:37.000Z</time>
        <extensions>
          <ns3:TrackPointExtension>
            <ns3:hr>157</ns3:hr>
          </ns3:TrackPointExtension>
        </extensions>
      </trkpt>
      <trkpt lat="24.4877892918884754180908203125" lon="118.10327502898871898651123046875">
        <ele>10.6000003814697265625</ele>
        <time>2024-11-17T13:01:38.000Z</time>
        <extensions>
          <ns3:TrackPointExtension>
            <ns3:hr>157</ns3:hr>
          </ns3:TrackPointExtension>
        </extensions>
      </trkpt>
      <trkpt lat="24.4877778925001621246337890625" lon="118.1033064611256122589111328125">
        <ele>11</ele>
        <time>2024-11-17T13:01:39.000Z</time>
        <extensions>
          <ns3:TrackPointExtension>
            <ns3:hr>157</ns3:hr>
          </ns3:TrackPointExtension>
        </extensions>
      </trkpt>
      <trkpt lat="24.487766660749912261962890625" lon="118.1033373065292835235595703125">
        <ele>11.3999996185302734375</ele>
        <time>2024-11-17T13:01:40.000Z</time>
        <extensions>
          <ns3:TrackPointExtension>
            <ns3:hr>157</ns3:hr>
          </ns3:TrackPointExtension>
        </extensions>
      </trkpt>
      <trkpt lat="24.48775651864707469940185546875" lon="118.10336790047585964202880859375">
        <ele>11.80000019073486328125</ele>
        <time>2024-11-17T13:01:41.000Z</time>
        <extensions>
          <ns3:TrackPointExtension>
            <ns3:hr>157</ns3:hr>
          </ns3:TrackPointExtension>
        </extensions>
      </trkpt>
      <trkpt lat="24.48774863965809345245361328125" lon="118.103399164974689483642578125">
        <ele>12</ele>
        <time>2024-11-17T13:01:42.000Z</time>
        <extensions>
          <ns3:TrackPointExtension>
            <ns3:hr>157</ns3:hr>
          </ns3:TrackPointExtension>
        </extensions>
      </trkpt>
      <trkpt lat="24.48774327524006366729736328125" lon="118.1034311838448047637939453125">
        <ele>11.80000019073486328125</ele>
        <time>2024-11-17T13:01:43.000Z</time>
        <extensions>
          <ns3:TrackPointExtension>
            <ns3:hr>157</ns3:hr>
          </ns3:TrackPointExtension>
        </extensions>
      </trkpt>
      <trkpt lat="24.487739503383636474609375" lon="118.1034637056291103363037109375">
        <ele>11.6000003814697265625</ele>
        <time>2024-11-17T13:01:44.000Z</time>
        <extensions>
          <ns3:TrackPointExtension>
            <ns3:hr>157</ns3:hr>
          </ns3:TrackPointExtension>
        </extensions>
      </trkpt>
      <trkpt lat="24.4877363182604312896728515625" lon="118.10349731706082820892333984375">
        <ele>11.3999996185302734375</ele>
        <time>2024-11-17T13:01:45.000Z</time>
        <extensions>
          <ns3:TrackPointExtension>
            <ns3:hr>157</ns3:hr>
          </ns3:TrackPointExtension>
        </extensions>
      </trkpt>
      <trkpt lat="24.48773346841335296630859375" lon="118.103531934320926666259765625">
        <ele>11.3999996185302734375</ele>
        <time>2024-11-17T13:01:46.000Z</time>
        <extensions>
          <ns3:TrackPointExtension>
            <ns3:hr>157</ns3:hr>
          </ns3:TrackPointExtension>
        </extensions>
      </trkpt>
      <trkpt lat="24.48773170821368694305419921875" lon="118.10356655158102512359619140625">
        <ele>11.19999980926513671875</ele>
        <time>2024-11-17T13:01:47.000Z</time>
        <extensions>
          <ns3:TrackPointExtension>
            <ns3:hr>157</ns3:hr>
          </ns3:TrackPointExtension>
        </extensions>
      </trkpt>
      <trkpt lat="24.4877312891185283660888671875" lon="118.10360066592693328857421875">
        <ele>11</ele>
        <time>2024-11-17T13:01:48.000Z</time>
        <extensions>
          <ns3:TrackPointExtension>
            <ns3:hr>157</ns3:hr>
          </ns3:TrackPointExtension>
        </extensions>
      </trkpt>
      <trkpt lat="24.487731792032718658447265625" lon="118.10363419353961944580078125">
        <ele>11</ele>
        <time>2024-11-17T13:01:49.000Z</time>
        <extensions>
          <ns3:TrackPointExtension>
            <ns3:hr>157</ns3:hr>
          </ns3:TrackPointExtension>
        </extensions>
      </trkpt>
      <trkpt lat="24.487733133137226104736328125" lon="118.10366746969521045684814453125">
        <ele>10.80000019073486328125</ele>
        <time>2024-11-17T13:01:50.000Z</time>
        <extensions>
          <ns3:TrackPointExtension>
            <ns3:hr>158</ns3:hr>
          </ns3:TrackPointExtension>
        </extensions>
      </trkpt>
      <trkpt lat="24.4877356477081775665283203125" lon="118.10370099730789661407470703125">
        <ele>10.3999996185302734375</ele>
        <time>2024-11-17T13:01:51.000Z</time>
        <extensions>
          <ns3:TrackPointExtension>
            <ns3:hr>158</ns3:hr>
          </ns3:TrackPointExtension>
        </extensions>
      </trkpt>
      <trkpt lat="24.48773958720266819000244140625" lon="118.10373477637767791748046875">
        <ele>9.80000019073486328125</ele>
        <time>2024-11-17T13:01:52.000Z</time>
        <extensions>
          <ns3:TrackPointExtension>
            <ns3:hr>158</ns3:hr>
          </ns3:TrackPointExtension>
        </extensions>
      </trkpt>
      <trkpt lat="24.48774511925876140594482421875" lon="118.10376855544745922088623046875">
        <ele>9.3999996185302734375</ele>
        <time>2024-11-17T13:01:53.000Z</time>
        <extensions>
          <ns3:TrackPointExtension>
            <ns3:hr>158</ns3:hr>
          </ns3:TrackPointExtension>
        </extensions>
      </trkpt>
      <trkpt lat="24.48775199241936206817626953125" lon="118.10380208306014537811279296875">
        <ele>9</ele>
        <time>2024-11-17T13:01:54.000Z</time>
        <extensions>
          <ns3:TrackPointExtension>
            <ns3:hr>158</ns3:hr>
          </ns3:TrackPointExtension>
        </extensions>
      </trkpt>
      <trkpt lat="24.48775970377027988433837890625" lon="118.1038348563015460968017578125">
        <ele>8.80000019073486328125</ele>
        <time>2024-11-17T13:01:55.000Z</time>
        <extensions>
          <ns3:TrackPointExtension>
            <ns3:hr>158</ns3:hr>
          </ns3:TrackPointExtension>
        </extensions>
      </trkpt>
      <trkpt lat="24.48776825331151485443115234375" lon="118.10386762954294681549072265625">
        <ele>8.6000003814697265625</ele>
        <time>2024-11-17T13:01:56.000Z</time>
        <extensions>
          <ns3:TrackPointExtension>
            <ns3:hr>158</ns3:hr>
          </ns3:TrackPointExtension>
        </extensions>
      </trkpt>
      <trkpt lat="24.4877775572240352630615234375" lon="118.10390115715563297271728515625">
        <ele>8.19999980926513671875</ele>
        <time>2024-11-17T13:01:57.000Z</time>
        <extensions>
          <ns3:TrackPointExtension>
            <ns3:hr>158</ns3:hr>
          </ns3:TrackPointExtension>
        </extensions>
      </trkpt>
      <trkpt lat="24.487787447869777679443359375" lon="118.10393451713025569915771484375">
        <ele>8</ele>
        <time>2024-11-17T13:01:58.000Z</time>
        <extensions>
          <ns3:TrackPointExtension>
            <ns3:hr>158</ns3:hr>
          </ns3:TrackPointExtension>
        </extensions>
      </trkpt>
      <trkpt lat="24.4877973385155200958251953125" lon="118.10396754182875156402587890625">
        <ele>7.80000019073486328125</ele>
        <time>2024-11-17T13:01:59.000Z</time>
        <extensions>
          <ns3:TrackPointExtension>
            <ns3:hr>158</ns3:hr>
          </ns3:TrackPointExtension>
        </extensions>
      </trkpt>
      <trkpt lat="24.48780714534223079681396484375" lon="118.103999979794025421142578125">
        <ele>7.599999904632568359375</ele>
        <time>2024-11-17T13:02:00.000Z</time>
        <extensions>
          <ns3:TrackPointExtension>
            <ns3:hr>158</ns3:hr>
          </ns3:TrackPointExtension>
        </extensions>
      </trkpt>
      <trkpt lat="24.48781686834990978240966796875" lon="118.10403208248317241668701171875">
        <ele>7.400000095367431640625</ele>
        <time>2024-11-17T13:02:01.000Z</time>
        <extensions>
          <ns3:TrackPointExtension>
            <ns3:hr>158</ns3:hr>
          </ns3:TrackPointExtension>
        </extensions>
      </trkpt>
      <trkpt lat="24.4878271780908107757568359375" lon="118.1040638498961925506591796875">
        <ele>7.19999980926513671875</ele>
        <time>2024-11-17T13:02:02.000Z</time>
        <extensions>
          <ns3:TrackPointExtension>
            <ns3:hr>158</ns3:hr>
          </ns3:TrackPointExtension>
        </extensions>
      </trkpt>
      <trkpt lat="24.4878389127552509307861328125" lon="118.1040957011282444000244140625">
        <ele>6.80000019073486328125</ele>
        <time>2024-11-17T13:02:03.000Z</time>
        <extensions>
          <ns3:TrackPointExtension>
            <ns3:hr>158</ns3:hr>
          </ns3:TrackPointExtension>
        </extensions>
      </trkpt>
      <trkpt lat="24.4878513179719448089599609375" lon="118.1041275523602962493896484375">
        <ele>6.599999904632568359375</ele>
        <time>2024-11-17T13:02:04.000Z</time>
        <extensions>
          <ns3:TrackPointExtension>
            <ns3:hr>156</ns3:hr>
          </ns3:TrackPointExtension>
        </extensions>
      </trkpt>
      <trkpt lat="24.48786397464573383331298828125" lon="118.10415864922106266021728515625">
        <ele>6.400000095367431640625</ele>
        <time>2024-11-17T13:02:05.000Z</time>
        <extensions>
          <ns3:TrackPointExtension>
            <ns3:hr>156</ns3:hr>
          </ns3:TrackPointExtension>
        </extensions>
      </trkpt>
      <trkpt lat="24.48787738569080829620361328125" lon="118.10418848879635334014892578125">
        <ele>6.19999980926513671875</ele>
        <time>2024-11-17T13:02:06.000Z</time>
        <extensions>
          <ns3:TrackPointExtension>
            <ns3:hr>156</ns3:hr>
          </ns3:TrackPointExtension>
        </extensions>
      </trkpt>
      <trkpt lat="24.48789180256426334381103515625" lon="118.10421732254326343536376953125">
        <ele>6</ele>
        <time>2024-11-17T13:02:07.000Z</time>
        <extensions>
          <ns3:TrackPointExtension>
            <ns3:hr>156</ns3:hr>
          </ns3:TrackPointExtension>
        </extensions>
      </trkpt>
      <trkpt lat="24.48790655471384525299072265625" lon="118.10424531809985637664794921875">
        <ele>6</ele>
        <time>2024-11-17T13:02:08.000Z</time>
        <extensions>
          <ns3:TrackPointExtension>
            <ns3:hr>156</ns3:hr>
          </ns3:TrackPointExtension>
        </extensions>
      </trkpt>
      <trkpt lat="24.487921558320522308349609375" lon="118.104272894561290740966796875">
        <ele>6</ele>
        <time>2024-11-17T13:02:09.000Z</time>
        <extensions>
          <ns3:TrackPointExtension>
            <ns3:hr>156</ns3:hr>
          </ns3:TrackPointExtension>
        </extensions>
      </trkpt>
      <trkpt lat="24.48793731629848480224609375" lon="118.10430114157497882843017578125">
        <ele>6</ele>
        <time>2024-11-17T13:02:10.000Z</time>
        <extensions>
          <ns3:TrackPointExtension>
            <ns3:hr>156</ns3:hr>
          </ns3:TrackPointExtension>
        </extensions>
      </trkpt>
      <trkpt lat="24.48795382864773273468017578125" lon="118.10433031059801578521728515625">
        <ele>6</ele>
        <time>2024-11-17T13:02:11.000Z</time>
        <extensions>
          <ns3:TrackPointExtension>
            <ns3:hr>156</ns3:hr>
          </ns3:TrackPointExtension>
        </extensions>
      </trkpt>
      <trkpt lat="24.487971179187297821044921875" lon="118.10435973107814788818359375">
        <ele>6</ele>
        <time>2024-11-17T13:02:12.000Z</time>
        <extensions>
          <ns3:TrackPointExtension>
            <ns3:hr>156</ns3:hr>
          </ns3:TrackPointExtension>
        </extensions>
      </trkpt>
      <trkpt lat="24.4879887811839580535888671875" lon="118.10438915155827999114990234375">
        <ele>6</ele>
        <time>2024-11-17T13:02:13.000Z</time>
        <extensions>
          <ns3:TrackPointExtension>
            <ns3:hr>156</ns3:hr>
          </ns3:TrackPointExtension>
        </extensions>
      </trkpt>
      <trkpt lat="24.48800663463771343231201171875" lon="118.10441798530519008636474609375">
        <ele>6</ele>
        <time>2024-11-17T13:02:14.000Z</time>
        <extensions>
          <ns3:TrackPointExtension>
            <ns3:hr>156</ns3:hr>
          </ns3:TrackPointExtension>
        </extensions>
      </trkpt>
      <trkpt lat="24.4880251586437225341796875" lon="118.104445897042751312255859375">
        <ele>6</ele>
        <time>2024-11-17T13:02:15.000Z</time>
        <extensions>
          <ns3:TrackPointExtension>
            <ns3:hr>156</ns3:hr>
          </ns3:TrackPointExtension>
        </extensions>
      </trkpt>
      <trkpt lat="24.4880447722971439361572265625" lon="118.104473054409027099609375">
        <ele>6</ele>
        <time>2024-11-17T13:02:16.000Z</time>
        <extensions>
          <ns3:TrackPointExtension>
            <ns3:hr>156</ns3:hr>
          </ns3:TrackPointExtension>
        </extensions>
      </trkpt>
      <trkpt lat="24.4880655594170093536376953125" lon="118.10449962504208087921142578125">
        <ele>6</ele>
        <time>2024-11-17T13:02:17.000Z</time>
        <extensions>
          <ns3:TrackPointExtension>
            <ns3:hr>156</ns3:hr>
          </ns3:TrackPointExtension>
        </extensions>
      </trkpt>
      <trkpt lat="24.48808710090816020965576171875" lon="118.10452594421803951263427734375">
        <ele>6.400000095367431640625</ele>
        <time>2024-11-17T13:02:18.000Z</time>
        <extensions>
          <ns3:TrackPointExtension>
            <ns3:hr>156</ns3:hr>
          </ns3:TrackPointExtension>
        </extensions>
      </trkpt>
      <trkpt lat="24.48810939677059650421142578125" lon="118.10455176047980785369873046875">
        <ele>6.599999904632568359375</ele>
        <time>2024-11-17T13:02:19.000Z</time>
        <extensions>
          <ns3:TrackPointExtension>
            <ns3:hr>156</ns3:hr>
          </ns3:TrackPointExtension>
        </extensions>
      </trkpt>
      <trkpt lat="24.48813269846141338348388671875" lon="118.104576654732227325439453125">
        <ele>6.80000019073486328125</ele>
        <time>2024-11-17T13:02:20.000Z</time>
        <extensions>
          <ns3:TrackPointExtension>
            <ns3:hr>156</ns3:hr>
          </ns3:TrackPointExtension>
        </extensions>
      </trkpt>
      <trkpt lat="24.488156251609325408935546875" lon="118.10459970496594905853271484375">
        <ele>7.19999980926513671875</ele>
        <time>2024-11-17T13:02:21.000Z</time>
        <extensions>
          <ns3:TrackPointExtension>
            <ns3:hr>156</ns3:hr>
          </ns3:TrackPointExtension>
        </extensions>
      </trkpt>
      <trkpt lat="24.4881798885762691497802734375" lon="118.10462057590484619140625">
        <ele>7.19999980926513671875</ele>
        <time>2024-11-17T13:02:22.000Z</time>
        <extensions>
          <ns3:TrackPointExtension>
            <ns3:hr>156</ns3:hr>
          </ns3:TrackPointExtension>
        </extensions>
      </trkpt>
      <trkpt lat="24.4882036931812763214111328125" lon="118.1046398542821407318115234375">
        <ele>7</ele>
        <time>2024-11-17T13:02:23.000Z</time>
        <extensions>
          <ns3:TrackPointExtension>
            <ns3:hr>156</ns3:hr>
          </ns3:TrackPointExtension>
        </extensions>
      </trkpt>
      <trkpt lat="24.48822833597660064697265625" lon="118.104659132659435272216796875">
        <ele>6.80000019073486328125</ele>
        <time>2024-11-17T13:02:24.000Z</time>
        <extensions>
          <ns3:TrackPointExtension>
            <ns3:hr>156</ns3:hr>
          </ns3:TrackPointExtension>
        </extensions>
      </trkpt>
      <trkpt lat="24.48825406841933727264404296875" lon="118.104679249227046966552734375">
        <ele>6.80000019073486328125</ele>
        <time>2024-11-17T13:02:25.000Z</time>
        <extensions>
          <ns3:TrackPointExtension>
            <ns3:hr>156</ns3:hr>
          </ns3:TrackPointExtension>
        </extensions>
      </trkpt>
      <trkpt lat="24.48828089050948619842529296875" lon="118.10469978488981723785400390625">
        <ele>6.599999904632568359375</ele>
        <time>2024-11-17T13:02:26.000Z</time>
        <extensions>
          <ns3:TrackPointExtension>
            <ns3:hr>156</ns3:hr>
          </ns3:TrackPointExtension>
        </extensions>
      </trkpt>
      <trkpt lat="24.48830855078995227813720703125" lon="118.10471990145742893218994140625">
        <ele>6.400000095367431640625</ele>
        <time>2024-11-17T13:02:27.000Z</time>
        <extensions>
          <ns3:TrackPointExtension>
            <ns3:hr>156</ns3:hr>
          </ns3:TrackPointExtension>
        </extensions>
      </trkpt>
      <trkpt lat="24.48833671398460865020751953125" lon="118.10473850928246974945068359375">
        <ele>6.19999980926513671875</ele>
        <time>2024-11-17T13:02:28.000Z</time>
        <extensions>
          <ns3:TrackPointExtension>
            <ns3:hr>157</ns3:hr>
          </ns3:TrackPointExtension>
        </extensions>
      </trkpt>
      <trkpt lat="24.4883646257221698760986328125" lon="118.1047558598220348358154296875">
        <ele>6</ele>
        <time>2024-11-17T13:02:29.000Z</time>
        <extensions>
          <ns3:TrackPointExtension>
            <ns3:hr>157</ns3:hr>
          </ns3:TrackPointExtension>
        </extensions>
      </trkpt>
      <trkpt lat="24.48839203454554080963134765625" lon="118.10477253980934619903564453125">
        <ele>5.80000019073486328125</ele>
        <time>2024-11-17T13:02:30.000Z</time>
        <extensions>
          <ns3:TrackPointExtension>
            <ns3:hr>157</ns3:hr>
          </ns3:TrackPointExtension>
        </extensions>
      </trkpt>
      <trkpt lat="24.4884192757308483123779296875" lon="118.10478863306343555450439453125">
        <ele>5.599999904632568359375</ele>
        <time>2024-11-17T13:02:31.000Z</time>
        <extensions>
          <ns3:TrackPointExtension>
            <ns3:hr>157</ns3:hr>
          </ns3:TrackPointExtension>
        </extensions>
      </trkpt>
      <trkpt lat="24.48844685219228267669677734375" lon="118.10480372048914432525634765625">
        <ele>5.400000095367431640625</ele>
        <time>2024-11-17T13:02:32.000Z</time>
        <extensions>
          <ns3:TrackPointExtension>
            <ns3:hr>157</ns3:hr>
          </ns3:TrackPointExtension>
        </extensions>
      </trkpt>
      <trkpt lat="24.4884749315679073333740234375" lon="118.10481746681034564971923828125">
        <ele>5.19999980926513671875</ele>
        <time>2024-11-17T13:02:33.000Z</time>
        <extensions>
          <ns3:TrackPointExtension>
            <ns3:hr>157</ns3:hr>
          </ns3:TrackPointExtension>
        </extensions>
      </trkpt>
      <trkpt lat="24.48850401677191257476806640625" lon="118.10483003966510295867919921875">
        <ele>5</ele>
        <time>2024-11-17T13:02:34.000Z</time>
        <extensions>
          <ns3:TrackPointExtension>
            <ns3:hr>157</ns3:hr>
          </ns3:TrackPointExtension>
        </extensions>
      </trkpt>
      <trkpt lat="24.48853385634720325469970703125" lon="118.10484127141535282135009765625">
        <ele>5</ele>
        <time>2024-11-17T13:02:35.000Z</time>
        <extensions>
          <ns3:TrackPointExtension>
            <ns3:hr>157</ns3:hr>
          </ns3:TrackPointExtension>
        </extensions>
      </trkpt>
      <trkpt lat="24.4885644502937793731689453125" lon="118.1048510782420635223388671875">
        <ele>5</ele>
        <time>2024-11-17T13:02:36.000Z</time>
        <extensions>
          <ns3:TrackPointExtension>
            <ns3:hr>158</ns3:hr>
          </ns3:TrackPointExtension>
        </extensions>
      </trkpt>
      <trkpt lat="24.48859521187841892242431640625" lon="118.10486004687845706939697265625">
        <ele>5</ele>
        <time>2024-11-17T13:02:37.000Z</time>
        <extensions>
          <ns3:TrackPointExtension>
            <ns3:hr>158</ns3:hr>
          </ns3:TrackPointExtension>
        </extensions>
      </trkpt>
      <trkpt lat="24.48862572200596332550048828125" lon="118.10486842878162860870361328125">
        <ele>5</ele>
        <time>2024-11-17T13:02:38.000Z</time>
        <extensions>
          <ns3:TrackPointExtension>
            <ns3:hr>158</ns3:hr>
          </ns3:TrackPointExtension>
        </extensions>
      </trkpt>
      <trkpt lat="24.4886556454002857208251953125" lon="118.1048765592277050018310546875">
        <ele>5</ele>
        <time>2024-11-17T13:02:39.000Z</time>
        <extensions>
          <ns3:TrackPointExtension>
            <ns3:hr>158</ns3:hr>
          </ns3:TrackPointExtension>
        </extensions>
      </trkpt>
      <trkpt lat="24.488685317337512969970703125" lon="118.10488452203571796417236328125">
        <ele>5</ele>
        <time>2024-11-17T13:02:40.000Z</time>
        <extensions>
          <ns3:TrackPointExtension>
            <ns3:hr>158</ns3:hr>
          </ns3:TrackPointExtension>
        </extensions>
      </trkpt>
      <trkpt lat="24.48871507309377193450927734375" lon="118.10489214956760406494140625">
        <ele>5</ele>
        <time>2024-11-17T13:02:41.000Z</time>
        <extensions>
          <ns3:TrackPointExtension>
            <ns3:hr>158</ns3:hr>
          </ns3:TrackPointExtension>
        </extensions>
      </trkpt>
      <trkpt lat="24.48874508030712604522705078125" lon="118.1048986874520778656005859375">
        <ele>5</ele>
        <time>2024-11-17T13:02:42.000Z</time>
        <extensions>
          <ns3:TrackPointExtension>
            <ns3:hr>158</ns3:hr>
          </ns3:TrackPointExtension>
        </extensions>
      </trkpt>
      <trkpt lat="24.48877508752048015594482421875" lon="118.10490329749882221221923828125">
        <ele>4.80000019073486328125</ele>
        <time>2024-11-17T13:02:43.000Z</time>
        <extensions>
          <ns3:TrackPointExtension>
            <ns3:hr>158</ns3:hr>
          </ns3:TrackPointExtension>
        </extensions>
      </trkpt>
      <trkpt lat="24.4888056814670562744140625" lon="118.1049053929746150970458984375">
        <ele>4.80000019073486328125</ele>
        <time>2024-11-17T13:02:44.000Z</time>
        <extensions>
          <ns3:TrackPointExtension>
            <ns3:hr>158</ns3:hr>
          </ns3:TrackPointExtension>
        </extensions>
      </trkpt>
      <trkpt lat="24.4888363592326641082763671875" lon="118.1049060635268688201904296875">
        <ele>4.599999904632568359375</ele>
        <time>2024-11-17T13:02:45.000Z</time>
        <extensions>
          <ns3:TrackPointExtension>
            <ns3:hr>158</ns3:hr>
          </ns3:TrackPointExtension>
        </extensions>
      </trkpt>
      <trkpt lat="24.48886661790311336517333984375" lon="118.10490614734590053558349609375">
        <ele>4.599999904632568359375</ele>
        <time>2024-11-17T13:02:46.000Z</time>
        <extensions>
          <ns3:TrackPointExtension>
            <ns3:hr>158</ns3:hr>
          </ns3:TrackPointExtension>
        </extensions>
      </trkpt>
      <trkpt lat="24.48889620602130889892578125" lon="118.10490564443171024322509765625">
        <ele>4.599999904632568359375</ele>
        <time>2024-11-17T13:02:47.000Z</time>
        <extensions>
          <ns3:TrackPointExtension>
            <ns3:hr>158</ns3:hr>
          </ns3:TrackPointExtension>
        </extensions>
      </trkpt>
      <trkpt lat="24.48892529122531414031982421875" lon="118.10490447096526622772216796875">
        <ele>4.80000019073486328125</ele>
        <time>2024-11-17T13:02:48.000Z</time>
        <extensions>
          <ns3:TrackPointExtension>
            <ns3:hr>158</ns3:hr>
          </ns3:TrackPointExtension>
        </extensions>
      </trkpt>
      <trkpt lat="24.4889543764293193817138671875" lon="118.10490287840366363525390625">
        <ele>5</ele>
        <time>2024-11-17T13:02:49.000Z</time>
        <extensions>
          <ns3:TrackPointExtension>
            <ns3:hr>158</ns3:hr>
          </ns3:TrackPointExtension>
        </extensions>
      </trkpt>
      <trkpt lat="24.48898379690945148468017578125" lon="118.10490111820399761199951171875">
        <ele>5</ele>
        <time>2024-11-17T13:02:50.000Z</time>
        <extensions>
          <ns3:TrackPointExtension>
            <ns3:hr>158</ns3:hr>
          </ns3:TrackPointExtension>
        </extensions>
      </trkpt>
      <trkpt lat="24.4890137203037738800048828125" lon="118.10489927418529987335205078125">
        <ele>5</ele>
        <time>2024-11-17T13:02:51.000Z</time>
        <extensions>
          <ns3:TrackPointExtension>
            <ns3:hr>158</ns3:hr>
          </ns3:TrackPointExtension>
        </extensions>
      </trkpt>
      <trkpt lat="24.48904431425034999847412109375" lon="118.104896843433380126953125">
        <ele>4.599999904632568359375</ele>
        <time>2024-11-17T13:02:52.000Z</time>
        <extensions>
          <ns3:TrackPointExtension>
            <ns3:hr>158</ns3:hr>
          </ns3:TrackPointExtension>
        </extensions>
      </trkpt>
      <trkpt lat="24.48907499201595783233642578125" lon="118.10489340685307979583740234375">
        <ele>4.400000095367431640625</ele>
        <time>2024-11-17T13:02:53.000Z</time>
        <extensions>
          <ns3:TrackPointExtension>
            <ns3:hr>158</ns3:hr>
          </ns3:TrackPointExtension>
        </extensions>
      </trkpt>
      <trkpt lat="24.48910541832447052001953125" lon="118.1048886291682720184326171875">
        <ele>4</ele>
        <time>2024-11-17T13:02:54.000Z</time>
        <extensions>
          <ns3:TrackPointExtension>
            <ns3:hr>158</ns3:hr>
          </ns3:TrackPointExtension>
        </extensions>
      </trkpt>
      <trkpt lat="24.489135257899761199951171875" lon="118.1048829294741153717041015625">
        <ele>4</ele>
        <time>2024-11-17T13:02:55.000Z</time>
        <extensions>
          <ns3:TrackPointExtension>
            <ns3:hr>158</ns3:hr>
          </ns3:TrackPointExtension>
        </extensions>
      </trkpt>
      <trkpt lat="24.4891645945608615875244140625" lon="118.10487664304673671722412109375">
        <ele>4</ele>
        <time>2024-11-17T13:02:56.000Z</time>
        <extensions>
          <ns3:TrackPointExtension>
            <ns3:hr>158</ns3:hr>
          </ns3:TrackPointExtension>
        </extensions>
      </trkpt>
      <trkpt lat="24.4891940988600254058837890625" lon="118.10487010516226291656494140625">
        <ele>4</ele>
        <time>2024-11-17T13:02:57.000Z</time>
        <extensions>
          <ns3:TrackPointExtension>
            <ns3:hr>158</ns3:hr>
          </ns3:TrackPointExtension>
        </extensions>
      </trkpt>
      <trkpt lat="24.48922368697822093963623046875" lon="118.10486323200166225433349609375">
        <ele>4</ele>
        <time>2024-11-17T13:02:58.000Z</time>
        <extensions>
          <ns3:TrackPointExtension>
            <ns3:hr>158</ns3:hr>
          </ns3:TrackPointExtension>
        </extensions>
      </trkpt>
      <trkpt lat="24.48925369419157505035400390625" lon="118.10485501773655414581298828125">
        <ele>4</ele>
        <time>2024-11-17T13:02:59.000Z</time>
        <extensions>
          <ns3:TrackPointExtension>
            <ns3:hr>158</ns3:hr>
          </ns3:TrackPointExtension>
        </extensions>
      </trkpt>
      <trkpt lat="24.48928370140492916107177734375" lon="118.1048453785479068756103515625">
        <ele>4</ele>
        <time>2024-11-17T13:03:00.000Z</time>
        <extensions>
          <ns3:TrackPointExtension>
            <ns3:hr>158</ns3:hr>
          </ns3:TrackPointExtension>
        </extensions>
      </trkpt>
      <trkpt lat="24.489312954246997833251953125" lon="118.10483439825475215911865234375">
        <ele>4</ele>
        <time>2024-11-17T13:03:01.000Z</time>
        <extensions>
          <ns3:TrackPointExtension>
            <ns3:hr>158</ns3:hr>
          </ns3:TrackPointExtension>
        </extensions>
      </trkpt>
      <trkpt lat="24.48934136889874935150146484375" lon="118.10482249595224857330322265625">
        <ele>4</ele>
        <time>2024-11-17T13:03:02.000Z</time>
        <extensions>
          <ns3:TrackPointExtension>
            <ns3:hr>158</ns3:hr>
          </ns3:TrackPointExtension>
        </extensions>
      </trkpt>
      <trkpt lat="24.48936919681727886199951171875" lon="118.1048096716403961181640625">
        <ele>3.7999999523162841796875</ele>
        <time>2024-11-17T13:03:03.000Z</time>
        <extensions>
          <ns3:TrackPointExtension>
            <ns3:hr>157</ns3:hr>
          </ns3:TrackPointExtension>
        </extensions>
      </trkpt>
      <trkpt lat="24.48939685709774494171142578125" lon="118.10479617677628993988037109375">
        <ele>3.599999904632568359375</ele>
        <time>2024-11-17T13:03:04.000Z</time>
        <extensions>
          <ns3:TrackPointExtension>
            <ns3:hr>156</ns3:hr>
          </ns3:TrackPointExtension>
        </extensions>
      </trkpt>
      <trkpt lat="24.4894247688353061676025390625" lon="118.10478192754089832305908203125">
        <ele>3.400000095367431640625</ele>
        <time>2024-11-17T13:03:05.000Z</time>
        <extensions>
          <ns3:TrackPointExtension>
            <ns3:hr>156</ns3:hr>
          </ns3:TrackPointExtension>
        </extensions>
      </trkpt>
      <trkpt lat="24.48945251293480396270751953125" lon="118.1047669239342212677001953125">
        <ele>3.2000000476837158203125</ele>
        <time>2024-11-17T13:03:06.000Z</time>
        <extensions>
          <ns3:TrackPointExtension>
            <ns3:hr>156</ns3:hr>
          </ns3:TrackPointExtension>
        </extensions>
      </trkpt>
      <trkpt lat="24.48948000557720661163330078125" lon="118.1047518365085124969482421875">
        <ele>3.2000000476837158203125</ele>
        <time>2024-11-17T13:03:07.000Z</time>
        <extensions>
          <ns3:TrackPointExtension>
            <ns3:hr>156</ns3:hr>
          </ns3:TrackPointExtension>
        </extensions>
      </trkpt>
      <trkpt lat="24.489507414400577545166015625" lon="118.10473658144474029541015625">
        <ele>3</ele>
        <time>2024-11-17T13:03:08.000Z</time>
        <extensions>
          <ns3:TrackPointExtension>
            <ns3:hr>156</ns3:hr>
          </ns3:TrackPointExtension>
        </extensions>
      </trkpt>
      <trkpt lat="24.4895344041287899017333984375" lon="118.104720823466777801513671875">
        <ele>2.7999999523162841796875</ele>
        <time>2024-11-17T13:03:09.000Z</time>
        <extensions>
          <ns3:TrackPointExtension>
            <ns3:hr>155</ns3:hr>
          </ns3:TrackPointExtension>
        </extensions>
      </trkpt>
      <trkpt lat="24.48956139385700225830078125" lon="118.1047042272984981536865234375">
        <ele>2.7999999523162841796875</ele>
        <time>2024-11-17T13:03:10.000Z</time>
        <extensions>
          <ns3:TrackPointExtension>
            <ns3:hr>155</ns3:hr>
          </ns3:TrackPointExtension>
        </extensions>
      </trkpt>
      <trkpt lat="24.489588551223278045654296875" lon="118.1046864576637744903564453125">
        <ele>2.7999999523162841796875</ele>
        <time>2024-11-17T13:03:11.000Z</time>
        <extensions>
          <ns3:TrackPointExtension>
            <ns3:hr>155</ns3:hr>
          </ns3:TrackPointExtension>
        </extensions>
      </trkpt>
      <trkpt lat="24.48961545713245868682861328125" lon="118.10466810129582881927490234375">
        <ele>3</ele>
        <time>2024-11-17T13:03:12.000Z</time>
        <extensions>
          <ns3:TrackPointExtension>
            <ns3:hr>155</ns3:hr>
          </ns3:TrackPointExtension>
        </extensions>
      </trkpt>
      <trkpt lat="24.4896413572132587432861328125" lon="118.104649744927883148193359375">
        <ele>3</ele>
        <time>2024-11-17T13:03:13.000Z</time>
        <extensions>
          <ns3:TrackPointExtension>
            <ns3:hr>155</ns3:hr>
          </ns3:TrackPointExtension>
        </extensions>
      </trkpt>
      <trkpt lat="24.489666335284709930419921875" lon="118.1046308018267154693603515625">
        <ele>3.2000000476837158203125</ele>
        <time>2024-11-17T13:03:14.000Z</time>
        <extensions>
          <ns3:TrackPointExtension>
            <ns3:hr>155</ns3:hr>
          </ns3:TrackPointExtension>
        </extensions>
      </trkpt>
      <trkpt lat="24.48969039134681224822998046875" lon="118.104610852897167205810546875">
        <ele>3.2000000476837158203125</ele>
        <time>2024-11-17T13:03:15.000Z</time>
        <extensions>
          <ns3:TrackPointExtension>
            <ns3:hr>155</ns3:hr>
          </ns3:TrackPointExtension>
        </extensions>
      </trkpt>
      <trkpt lat="24.4897141121327877044677734375" lon="118.1045897305011749267578125">
        <ele>3.400000095367431640625</ele>
        <time>2024-11-17T13:03:16.000Z</time>
        <extensions>
          <ns3:TrackPointExtension>
            <ns3:hr>155</ns3:hr>
          </ns3:TrackPointExtension>
        </extensions>
      </trkpt>
      <trkpt lat="24.48973766528069972991943359375" lon="118.10456760227680206298828125">
        <ele>3.599999904632568359375</ele>
        <time>2024-11-17T13:03:17.000Z</time>
        <extensions>
          <ns3:TrackPointExtension>
            <ns3:hr>154</ns3:hr>
          </ns3:TrackPointExtension>
        </extensions>
      </trkpt>
      <trkpt lat="24.48976113460958003997802734375" lon="118.10454488731920719146728515625">
        <ele>3.7999999523162841796875</ele>
        <time>2024-11-17T13:03:18.000Z</time>
        <extensions>
          <ns3:TrackPointExtension>
            <ns3:hr>154</ns3:hr>
          </ns3:TrackPointExtension>
        </extensions>
      </trkpt>
      <trkpt lat="24.48978376574814319610595703125" lon="118.10452158562839031219482421875">
        <ele>3.7999999523162841796875</ele>
        <time>2024-11-17T13:03:19.000Z</time>
        <extensions>
          <ns3:TrackPointExtension>
            <ns3:hr>154</ns3:hr>
          </ns3:TrackPointExtension>
        </extensions>
      </trkpt>
      <trkpt lat="24.48980522342026233673095703125" lon="118.10449727810919284820556640625">
        <ele>4</ele>
        <time>2024-11-17T13:03:20.000Z</time>
        <extensions>
          <ns3:TrackPointExtension>
            <ns3:hr>154</ns3:hr>
          </ns3:TrackPointExtension>
        </extensions>
      </trkpt>
      <trkpt lat="24.4898260943591594696044921875" lon="118.104472048580646514892578125">
        <ele>4.19999980926513671875</ele>
        <time>2024-11-17T13:03:21.000Z</time>
        <extensions>
          <ns3:TrackPointExtension>
            <ns3:hr>154</ns3:hr>
          </ns3:TrackPointExtension>
        </extensions>
      </trkpt>
      <trkpt lat="24.48984663002192974090576171875" lon="118.10444631613790988922119140625">
        <ele>4.400000095367431640625</ele>
        <time>2024-11-17T13:03:22.000Z</time>
        <extensions>
          <ns3:TrackPointExtension>
            <ns3:hr>154</ns3:hr>
          </ns3:TrackPointExtension>
        </extensions>
      </trkpt>
      <trkpt lat="24.48986624367535114288330078125" lon="118.10441982932388782501220703125">
        <ele>4.400000095367431640625</ele>
        <time>2024-11-17T13:03:23.000Z</time>
        <extensions>
          <ns3:TrackPointExtension>
            <ns3:hr>154</ns3:hr>
          </ns3:TrackPointExtension>
        </extensions>
      </trkpt>
      <trkpt lat="24.48988485150039196014404296875" lon="118.10439216904342174530029296875">
        <ele>4.599999904632568359375</ele>
        <time>2024-11-17T13:03:24.000Z</time>
        <extensions>
          <ns3:TrackPointExtension>
            <ns3:hr>154</ns3:hr>
          </ns3:TrackPointExtension>
        </extensions>
      </trkpt>
      <trkpt lat="24.4899028725922107696533203125" lon="118.10436367057263851165771484375">
        <ele>4.599999904632568359375</ele>
        <time>2024-11-17T13:03:25.000Z</time>
        <extensions>
          <ns3:TrackPointExtension>
            <ns3:hr>154</ns3:hr>
          </ns3:TrackPointExtension>
        </extensions>
      </trkpt>
      <trkpt lat="24.4899199716746807098388671875" lon="118.1043350882828235626220703125">
        <ele>4.80000019073486328125</ele>
        <time>2024-11-17T13:03:26.000Z</time>
        <extensions>
          <ns3:TrackPointExtension>
            <ns3:hr>154</ns3:hr>
          </ns3:TrackPointExtension>
        </extensions>
      </trkpt>
      <trkpt lat="24.48993648402392864227294921875" lon="118.1043065898120403289794921875">
        <ele>5</ele>
        <time>2024-11-17T13:03:27.000Z</time>
        <extensions>
          <ns3:TrackPointExtension>
            <ns3:hr>155</ns3:hr>
          </ns3:TrackPointExtension>
        </extensions>
      </trkpt>
      <trkpt lat="24.4899528287351131439208984375" lon="118.10427767224609851837158203125">
        <ele>5.19999980926513671875</ele>
        <time>2024-11-17T13:03:28.000Z</time>
        <extensions>
          <ns3:TrackPointExtension>
            <ns3:hr>155</ns3:hr>
          </ns3:TrackPointExtension>
        </extensions>
      </trkpt>
      <trkpt lat="24.4899689219892024993896484375" lon="118.1042479164898395538330078125">
        <ele>5.19999980926513671875</ele>
        <time>2024-11-17T13:03:29.000Z</time>
        <extensions>
          <ns3:TrackPointExtension>
            <ns3:hr>156</ns3:hr>
          </ns3:TrackPointExtension>
        </extensions>
      </trkpt>
      <trkpt lat="24.48998409323394298553466796875" lon="118.1042174063622951507568359375">
        <ele>5.400000095367431640625</ele>
        <time>2024-11-17T13:03:30.000Z</time>
        <extensions>
          <ns3:TrackPointExtension>
            <ns3:hr>156</ns3:hr>
          </ns3:TrackPointExtension>
        </extensions>
      </trkpt>
      <trkpt lat="24.4899984262883663177490234375" lon="118.104187063872814178466796875">
        <ele>5.400000095367431640625</ele>
        <time>2024-11-17T13:03:31.000Z</time>
        <extensions>
          <ns3:TrackPointExtension>
            <ns3:hr>156</ns3:hr>
          </ns3:TrackPointExtension>
        </extensions>
      </trkpt>
      <trkpt lat="24.49001208879053592681884765625" lon="118.10415747575461864471435546875">
        <ele>5.400000095367431640625</ele>
        <time>2024-11-17T13:03:32.000Z</time>
        <extensions>
          <ns3:TrackPointExtension>
            <ns3:hr>156</ns3:hr>
          </ns3:TrackPointExtension>
        </extensions>
      </trkpt>
      <trkpt lat="24.49002499692142009735107421875" lon="118.10412813909351825714111328125">
        <ele>5.400000095367431640625</ele>
        <time>2024-11-17T13:03:33.000Z</time>
        <extensions>
          <ns3:TrackPointExtension>
            <ns3:hr>156</ns3:hr>
          </ns3:TrackPointExtension>
        </extensions>
      </trkpt>
      <trkpt lat="24.4900368154048919677734375" lon="118.10409813188016414642333984375">
        <ele>5.19999980926513671875</ele>
        <time>2024-11-17T13:03:34.000Z</time>
        <extensions>
          <ns3:TrackPointExtension>
            <ns3:hr>157</ns3:hr>
          </ns3:TrackPointExtension>
        </extensions>
      </trkpt>
      <trkpt lat="24.49004729278385639190673828125" lon="118.10406661592423915863037109375">
        <ele>5.19999980926513671875</ele>
        <time>2024-11-17T13:03:35.000Z</time>
        <extensions>
          <ns3:TrackPointExtension>
            <ns3:hr>157</ns3:hr>
          </ns3:TrackPointExtension>
        </extensions>
      </trkpt>
      <trkpt lat="24.49005651287734508514404296875" lon="118.1040340103209018707275390625">
        <ele>5.19999980926513671875</ele>
        <time>2024-11-17T13:03:36.000Z</time>
        <extensions>
          <ns3:TrackPointExtension>
            <ns3:hr>157</ns3:hr>
          </ns3:TrackPointExtension>
        </extensions>
      </trkpt>
      <trkpt lat="24.49006439186632633209228515625" lon="118.104000985622406005859375">
        <ele>5.19999980926513671875</ele>
        <time>2024-11-17T13:03:37.000Z</time>
        <extensions>
          <ns3:TrackPointExtension>
            <ns3:hr>157</ns3:hr>
          </ns3:TrackPointExtension>
        </extensions>
      </trkpt>
      <trkpt lat="24.4900708459317684173583984375" lon="118.10396770946681499481201171875">
        <ele>5.19999980926513671875</ele>
        <time>2024-11-17T13:03:38.000Z</time>
        <extensions>
          <ns3:TrackPointExtension>
            <ns3:hr>157</ns3:hr>
          </ns3:TrackPointExtension>
        </extensions>
      </trkpt>
      <trkpt lat="24.49007629416882991790771484375" lon="118.1039337627589702606201171875">
        <ele>5.19999980926513671875</ele>
        <time>2024-11-17T13:03:39.000Z</time>
        <extensions>
          <ns3:TrackPointExtension>
            <ns3:hr>157</ns3:hr>
          </ns3:TrackPointExtension>
        </extensions>
      </trkpt>
      <trkpt lat="24.49008182622492313385009765625" lon="118.10389981605112552642822265625">
        <ele>5</ele>
        <time>2024-11-17T13:03:40.000Z</time>
        <extensions>
          <ns3:TrackPointExtension>
            <ns3:hr>157</ns3:hr>
          </ns3:TrackPointExtension>
        </extensions>
      </trkpt>
      <trkpt lat="24.4900869391858577728271484375" lon="118.10386628843843936920166015625">
        <ele>5</ele>
        <time>2024-11-17T13:03:41.000Z</time>
        <extensions>
          <ns3:TrackPointExtension>
            <ns3:hr>157</ns3:hr>
          </ns3:TrackPointExtension>
        </extensions>
      </trkpt>
      <trkpt lat="24.49009121395647525787353515625" lon="118.103832341730594635009765625">
        <ele>5</ele>
        <time>2024-11-17T13:03:42.000Z</time>
        <extensions>
          <ns3:TrackPointExtension>
            <ns3:hr>157</ns3:hr>
          </ns3:TrackPointExtension>
        </extensions>
      </trkpt>
      <trkpt lat="24.49009540490806102752685546875" lon="118.1037979759275913238525390625">
        <ele>5</ele>
        <time>2024-11-17T13:03:43.000Z</time>
        <extensions>
          <ns3:TrackPointExtension>
            <ns3:hr>157</ns3:hr>
          </ns3:TrackPointExtension>
        </extensions>
      </trkpt>
      <trkpt lat="24.490099847316741943359375" lon="118.1037634424865245819091796875">
        <ele>5</ele>
        <time>2024-11-17T13:03:44.000Z</time>
        <extensions>
          <ns3:TrackPointExtension>
            <ns3:hr>157</ns3:hr>
          </ns3:TrackPointExtension>
        </extensions>
      </trkpt>
      <trkpt lat="24.49010445736348628997802734375" lon="118.10372916050255298614501953125">
        <ele>5</ele>
        <time>2024-11-17T13:03:45.000Z</time>
        <extensions>
          <ns3:TrackPointExtension>
            <ns3:hr>157</ns3:hr>
          </ns3:TrackPointExtension>
        </extensions>
      </trkpt>
      <trkpt lat="24.49010881595313549041748046875" lon="118.10369613580405712127685546875">
        <ele>5</ele>
        <time>2024-11-17T13:03:46.000Z</time>
        <extensions>
          <ns3:TrackPointExtension>
            <ns3:hr>157</ns3:hr>
          </ns3:TrackPointExtension>
        </extensions>
      </trkpt>
      <trkpt lat="24.4901130907237529754638671875" lon="118.10366411693394184112548828125">
        <ele>5</ele>
        <time>2024-11-17T13:03:47.000Z</time>
        <extensions>
          <ns3:TrackPointExtension>
            <ns3:hr>157</ns3:hr>
          </ns3:TrackPointExtension>
        </extensions>
      </trkpt>
      <trkpt lat="24.49011719785630702972412109375" lon="118.10363193042576313018798828125">
        <ele>5</ele>
        <time>2024-11-17T13:03:48.000Z</time>
        <extensions>
          <ns3:TrackPointExtension>
            <ns3:hr>157</ns3:hr>
          </ns3:TrackPointExtension>
        </extensions>
      </trkpt>
      <trkpt lat="24.4901211373507976531982421875" lon="118.10359974391758441925048828125">
        <ele>5.19999980926513671875</ele>
        <time>2024-11-17T13:03:49.000Z</time>
        <extensions>
          <ns3:TrackPointExtension>
            <ns3:hr>157</ns3:hr>
          </ns3:TrackPointExtension>
        </extensions>
      </trkpt>
      <trkpt lat="24.49012440629303455352783203125" lon="118.103567473590373992919921875">
        <ele>5.19999980926513671875</ele>
        <time>2024-11-17T13:03:50.000Z</time>
        <extensions>
          <ns3:TrackPointExtension>
            <ns3:hr>157</ns3:hr>
          </ns3:TrackPointExtension>
        </extensions>
      </trkpt>
      <trkpt lat="24.4901265017688274383544921875" lon="118.1035357899963855743408203125">
        <ele>5.400000095367431640625</ele>
        <time>2024-11-17T13:03:51.000Z</time>
        <extensions>
          <ns3:TrackPointExtension>
            <ns3:hr>157</ns3:hr>
          </ns3:TrackPointExtension>
        </extensions>
      </trkpt>
      <trkpt lat="24.490127004683017730712890625" lon="118.1035046093165874481201171875">
        <ele>5.599999904632568359375</ele>
        <time>2024-11-17T13:03:52.000Z</time>
        <extensions>
          <ns3:TrackPointExtension>
            <ns3:hr>157</ns3:hr>
          </ns3:TrackPointExtension>
        </extensions>
      </trkpt>
      <trkpt lat="24.49012557975947856903076171875" lon="118.10347300954163074493408203125">
        <ele>5.599999904632568359375</ele>
        <time>2024-11-17T13:03:53.000Z</time>
        <extensions>
          <ns3:TrackPointExtension>
            <ns3:hr>158</ns3:hr>
          </ns3:TrackPointExtension>
        </extensions>
      </trkpt>
      <trkpt lat="24.49012205936014652252197265625" lon="118.10344048775732517242431640625">
        <ele>5.80000019073486328125</ele>
        <time>2024-11-17T13:03:54.000Z</time>
        <extensions>
          <ns3:TrackPointExtension>
            <ns3:hr>158</ns3:hr>
          </ns3:TrackPointExtension>
        </extensions>
      </trkpt>
      <trkpt lat="24.49011686258018016815185546875" lon="118.1034073792397975921630859375">
        <ele>5.80000019073486328125</ele>
        <time>2024-11-17T13:03:55.000Z</time>
        <extensions>
          <ns3:TrackPointExtension>
            <ns3:hr>158</ns3:hr>
          </ns3:TrackPointExtension>
        </extensions>
      </trkpt>
      <trkpt lat="24.49011032469570636749267578125" lon="118.10337443836033344268798828125">
        <ele>6</ele>
        <time>2024-11-17T13:03:56.000Z</time>
        <extensions>
          <ns3:TrackPointExtension>
            <ns3:hr>158</ns3:hr>
          </ns3:TrackPointExtension>
        </extensions>
      </trkpt>
      <trkpt lat="24.490102194249629974365234375" lon="118.10334141366183757781982421875">
        <ele>6.19999980926513671875</ele>
        <time>2024-11-17T13:03:57.000Z</time>
        <extensions>
          <ns3:TrackPointExtension>
            <ns3:hr>158</ns3:hr>
          </ns3:TrackPointExtension>
        </extensions>
      </trkpt>
      <trkpt lat="24.49009238742291927337646484375" lon="118.1033088080585002899169921875">
        <ele>6.19999980926513671875</ele>
        <time>2024-11-17T13:03:58.000Z</time>
        <extensions>
          <ns3:TrackPointExtension>
            <ns3:hr>158</ns3:hr>
          </ns3:TrackPointExtension>
        </extensions>
      </trkpt>
      <trkpt lat="24.490081407129764556884765625" lon="118.10327653773128986358642578125">
        <ele>6.19999980926513671875</ele>
        <time>2024-11-17T13:03:59.000Z</time>
        <extensions>
          <ns3:TrackPointExtension>
            <ns3:hr>158</ns3:hr>
          </ns3:TrackPointExtension>
        </extensions>
      </trkpt>
      <trkpt lat="24.49007009156048297882080078125" lon="118.10324435122311115264892578125">
        <ele>6.400000095367431640625</ele>
        <time>2024-11-17T13:04:00.000Z</time>
        <extensions>
          <ns3:TrackPointExtension>
            <ns3:hr>158</ns3:hr>
          </ns3:TrackPointExtension>
        </extensions>
      </trkpt>
      <trkpt lat="24.49005869217216968536376953125" lon="118.10321300290524959564208984375">
        <ele>6.400000095367431640625</ele>
        <time>2024-11-17T13:04:01.000Z</time>
        <extensions>
          <ns3:TrackPointExtension>
            <ns3:hr>158</ns3:hr>
          </ns3:TrackPointExtension>
        </extensions>
      </trkpt>
      <trkpt lat="24.490047208964824676513671875" lon="118.103182576596736907958984375">
        <ele>6.400000095367431640625</ele>
        <time>2024-11-17T13:04:02.000Z</time>
        <extensions>
          <ns3:TrackPointExtension>
            <ns3:hr>158</ns3:hr>
          </ns3:TrackPointExtension>
        </extensions>
      </trkpt>
      <trkpt lat="24.490035139024257659912109375" lon="118.10315139591693878173828125">
        <ele>6.599999904632568359375</ele>
        <time>2024-11-17T13:04:03.000Z</time>
        <extensions>
          <ns3:TrackPointExtension>
            <ns3:hr>158</ns3:hr>
          </ns3:TrackPointExtension>
        </extensions>
      </trkpt>
      <trkpt lat="24.4900222308933734893798828125" lon="118.10311912558972835540771484375">
        <ele>6.599999904632568359375</ele>
        <time>2024-11-17T13:04:04.000Z</time>
        <extensions>
          <ns3:TrackPointExtension>
            <ns3:hr>158</ns3:hr>
          </ns3:TrackPointExtension>
        </extensions>
      </trkpt>
      <trkpt lat="24.4900081492960453033447265625" lon="118.103086687624454498291015625">
        <ele>6.599999904632568359375</ele>
        <time>2024-11-17T13:04:05.000Z</time>
        <extensions>
          <ns3:TrackPointExtension>
            <ns3:hr>158</ns3:hr>
          </ns3:TrackPointExtension>
        </extensions>
      </trkpt>
      <trkpt lat="24.48999322950839996337890625" lon="118.10305525548756122589111328125">
        <ele>6.80000019073486328125</ele>
        <time>2024-11-17T13:04:06.000Z</time>
        <extensions>
          <ns3:TrackPointExtension>
            <ns3:hr>158</ns3:hr>
          </ns3:TrackPointExtension>
        </extensions>
      </trkpt>
      <trkpt lat="24.48997755534946918487548828125" lon="118.1030244939029216766357421875">
        <ele>6.80000019073486328125</ele>
        <time>2024-11-17T13:04:07.000Z</time>
        <extensions>
          <ns3:TrackPointExtension>
            <ns3:hr>157</ns3:hr>
          </ns3:TrackPointExtension>
        </extensions>
      </trkpt>
      <trkpt lat="24.48996162973344326019287109375" lon="118.10299406759440898895263671875">
        <ele>6.80000019073486328125</ele>
        <time>2024-11-17T13:04:08.000Z</time>
        <extensions>
          <ns3:TrackPointExtension>
            <ns3:hr>157</ns3:hr>
          </ns3:TrackPointExtension>
        </extensions>
      </trkpt>
      <trkpt lat="24.48994503356516361236572265625" lon="118.1029643118381500244140625">
        <ele>7</ele>
        <time>2024-11-17T13:04:09.000Z</time>
        <extensions>
          <ns3:TrackPointExtension>
            <ns3:hr>157</ns3:hr>
          </ns3:TrackPointExtension>
        </extensions>
      </trkpt>
      <trkpt lat="24.4899280183017253875732421875" lon="118.1029356457293033599853515625">
        <ele>7</ele>
        <time>2024-11-17T13:04:10.000Z</time>
        <extensions>
          <ns3:TrackPointExtension>
            <ns3:hr>157</ns3:hr>
          </ns3:TrackPointExtension>
        </extensions>
      </trkpt>
      <trkpt lat="24.48991016484797000885009765625" lon="118.1029074825346469879150390625">
        <ele>7</ele>
        <time>2024-11-17T13:04:11.000Z</time>
        <extensions>
          <ns3:TrackPointExtension>
            <ns3:hr>157</ns3:hr>
          </ns3:TrackPointExtension>
        </extensions>
      </trkpt>
      <trkpt lat="24.4898914732038974761962890625" lon="118.10287915170192718505859375">
        <ele>7</ele>
        <time>2024-11-17T13:04:12.000Z</time>
        <extensions>
          <ns3:TrackPointExtension>
            <ns3:hr>157</ns3:hr>
          </ns3:TrackPointExtension>
        </extensions>
      </trkpt>
      <trkpt lat="24.48987177573144435882568359375" lon="118.102850653231143951416015625">
        <ele>7</ele>
        <time>2024-11-17T13:04:13.000Z</time>
        <extensions>
          <ns3:TrackPointExtension>
            <ns3:hr>157</ns3:hr>
          </ns3:TrackPointExtension>
        </extensions>
      </trkpt>
      <trkpt lat="24.48985107243061065673828125" lon="118.10282290913164615631103515625">
        <ele>7</ele>
        <time>2024-11-17T13:04:14.000Z</time>
        <extensions>
          <ns3:TrackPointExtension>
            <ns3:hr>157</ns3:hr>
          </ns3:TrackPointExtension>
        </extensions>
      </trkpt>
      <trkpt lat="24.48982986621558666229248046875" lon="118.10279692523181438446044921875">
        <ele>7</ele>
        <time>2024-11-17T13:04:15.000Z</time>
        <extensions>
          <ns3:TrackPointExtension>
            <ns3:hr>157</ns3:hr>
          </ns3:TrackPointExtension>
        </extensions>
      </trkpt>
      <trkpt lat="24.4898083247244358062744140625" lon="118.102772533893585205078125">
        <ele>7</ele>
        <time>2024-11-17T13:04:16.000Z</time>
        <extensions>
          <ns3:TrackPointExtension>
            <ns3:hr>158</ns3:hr>
          </ns3:TrackPointExtension>
        </extensions>
      </trkpt>
      <trkpt lat="24.4897858612239360809326171875" lon="118.10274898074567317962646484375">
        <ele>7.19999980926513671875</ele>
        <time>2024-11-17T13:04:17.000Z</time>
        <extensions>
          <ns3:TrackPointExtension>
            <ns3:hr>158</ns3:hr>
          </ns3:TrackPointExtension>
        </extensions>
      </trkpt>
      <trkpt lat="24.48973699472844600677490234375" lon="118.10270220972597599029541015625">
        <ele>7.400000095367431640625</ele>
        <time>2024-11-17T13:04:18.000Z</time>
        <extensions>
          <ns3:TrackPointExtension>
            <ns3:hr>158</ns3:hr>
          </ns3:TrackPointExtension>
        </extensions>
      </trkpt>
      <trkpt lat="24.48971201665699481964111328125" lon="118.10267932713031768798828125">
        <ele>7.400000095367431640625</ele>
        <time>2024-11-17T13:04:20.000Z</time>
        <extensions>
          <ns3:TrackPointExtension>
            <ns3:hr>157</ns3:hr>
          </ns3:TrackPointExtension>
        </extensions>
      </trkpt>
      <trkpt lat="24.4896872900426387786865234375" lon="118.1026573665440082550048828125">
        <ele>7.599999904632568359375</ele>
        <time>2024-11-17T13:04:21.000Z</time>
        <extensions>
          <ns3:TrackPointExtension>
            <ns3:hr>157</ns3:hr>
          </ns3:TrackPointExtension>
        </extensions>
      </trkpt>
      <trkpt lat="24.48966206051409244537353515625" lon="118.10263582505285739898681640625">
        <ele>7.599999904632568359375</ele>
        <time>2024-11-17T13:04:22.000Z</time>
        <extensions>
          <ns3:TrackPointExtension>
            <ns3:hr>157</ns3:hr>
          </ns3:TrackPointExtension>
        </extensions>
      </trkpt>
      <trkpt lat="24.48963641189038753509521484375" lon="118.10261487029492855072021484375">
        <ele>7.80000019073486328125</ele>
        <time>2024-11-17T13:04:23.000Z</time>
        <extensions>
          <ns3:TrackPointExtension>
            <ns3:hr>157</ns3:hr>
          </ns3:TrackPointExtension>
        </extensions>
      </trkpt>
      <trkpt lat="24.48961026035249233245849609375" lon="118.10259542427957057952880859375">
        <ele>7.80000019073486328125</ele>
        <time>2024-11-17T13:04:24.000Z</time>
        <extensions>
          <ns3:TrackPointExtension>
            <ns3:hr>157</ns3:hr>
          </ns3:TrackPointExtension>
        </extensions>
      </trkpt>
      <trkpt lat="24.48958360590040683746337890625" lon="118.1025772355496883392333984375">
        <ele>8</ele>
        <time>2024-11-17T13:04:25.000Z</time>
        <extensions>
          <ns3:TrackPointExtension>
            <ns3:hr>157</ns3:hr>
          </ns3:TrackPointExtension>
        </extensions>
      </trkpt>
      <trkpt lat="24.489555694162845611572265625" lon="118.10255954973399639129638671875">
        <ele>8</ele>
        <time>2024-11-17T13:04:26.000Z</time>
        <extensions>
          <ns3:TrackPointExtension>
            <ns3:hr>157</ns3:hr>
          </ns3:TrackPointExtension>
        </extensions>
      </trkpt>
      <trkpt lat="24.48952660895884037017822265625" lon="118.1025416962802410125732421875">
        <ele>8</ele>
        <time>2024-11-17T13:04:27.000Z</time>
        <extensions>
          <ns3:TrackPointExtension>
            <ns3:hr>157</ns3:hr>
          </ns3:TrackPointExtension>
        </extensions>
      </trkpt>
      <trkpt lat="24.48949702084064483642578125" lon="118.10252375900745391845703125">
        <ele>8.19999980926513671875</ele>
        <time>2024-11-17T13:04:28.000Z</time>
        <extensions>
          <ns3:TrackPointExtension>
            <ns3:hr>157</ns3:hr>
          </ns3:TrackPointExtension>
        </extensions>
      </trkpt>
      <trkpt lat="24.4894676841795444488525390625" lon="118.10250724665820598602294921875">
        <ele>8.19999980926513671875</ele>
        <time>2024-11-17T13:04:29.000Z</time>
        <extensions>
          <ns3:TrackPointExtension>
            <ns3:hr>157</ns3:hr>
          </ns3:TrackPointExtension>
        </extensions>
      </trkpt>
      <trkpt lat="24.48943826369941234588623046875" lon="118.1024920754134654998779296875">
        <ele>8.19999980926513671875</ele>
        <time>2024-11-17T13:04:30.000Z</time>
        <extensions>
          <ns3:TrackPointExtension>
            <ns3:hr>157</ns3:hr>
          </ns3:TrackPointExtension>
        </extensions>
      </trkpt>
      <trkpt lat="24.48940792120993137359619140625" lon="118.10247707180678844451904296875">
        <ele>8.19999980926513671875</ele>
        <time>2024-11-17T13:04:31.000Z</time>
        <extensions>
          <ns3:TrackPointExtension>
            <ns3:hr>157</ns3:hr>
          </ns3:TrackPointExtension>
        </extensions>
      </trkpt>
      <trkpt lat="24.48937690816819667816162109375" lon="118.1024622358381748199462890625">
        <ele>8.3999996185302734375</ele>
        <time>2024-11-17T13:04:32.000Z</time>
        <extensions>
          <ns3:TrackPointExtension>
            <ns3:hr>157</ns3:hr>
          </ns3:TrackPointExtension>
        </extensions>
      </trkpt>
      <trkpt lat="24.48934623040258884429931640625" lon="118.10244874097406864166259765625">
        <ele>8.3999996185302734375</ele>
        <time>2024-11-17T13:04:33.000Z</time>
        <extensions>
          <ns3:TrackPointExtension>
            <ns3:hr>157</ns3:hr>
          </ns3:TrackPointExtension>
        </extensions>
      </trkpt>
      <trkpt lat="24.4893161393702030181884765625" lon="118.10243683867156505584716796875">
        <ele>8.3999996185302734375</ele>
        <time>2024-11-17T13:04:34.000Z</time>
        <extensions>
          <ns3:TrackPointExtension>
            <ns3:hr>157</ns3:hr>
          </ns3:TrackPointExtension>
        </extensions>
      </trkpt>
      <trkpt lat="24.489286132156848907470703125" lon="118.1024263612926006317138671875">
        <ele>8.6000003814697265625</ele>
        <time>2024-11-17T13:04:35.000Z</time>
        <extensions>
          <ns3:TrackPointExtension>
            <ns3:hr>157</ns3:hr>
          </ns3:TrackPointExtension>
        </extensions>
      </trkpt>
      <trkpt lat="24.48925587348639965057373046875" lon="118.1024169735610485076904296875">
        <ele>8.6000003814697265625</ele>
        <time>2024-11-17T13:04:36.000Z</time>
        <extensions>
          <ns3:TrackPointExtension>
            <ns3:hr>157</ns3:hr>
          </ns3:TrackPointExtension>
        </extensions>
      </trkpt>
      <trkpt lat="24.48922502808272838592529296875" lon="118.10240884311497211456298828125">
        <ele>8.80000019073486328125</ele>
        <time>2024-11-17T13:04:37.000Z</time>
        <extensions>
          <ns3:TrackPointExtension>
            <ns3:hr>157</ns3:hr>
          </ns3:TrackPointExtension>
        </extensions>
      </trkpt>
      <trkpt lat="24.4891937635838985443115234375" lon="118.1024022214114665985107421875">
        <ele>9</ele>
        <time>2024-11-17T13:04:38.000Z</time>
        <extensions>
          <ns3:TrackPointExtension>
            <ns3:hr>157</ns3:hr>
          </ns3:TrackPointExtension>
        </extensions>
      </trkpt>
      <trkpt lat="24.48916249908506870269775390625" lon="118.10239677317440509796142578125">
        <ele>9.19999980926513671875</ele>
        <time>2024-11-17T13:04:39.000Z</time>
        <extensions>
          <ns3:TrackPointExtension>
            <ns3:hr>157</ns3:hr>
          </ns3:TrackPointExtension>
        </extensions>
      </trkpt>
      <trkpt lat="24.489131234586238861083984375" lon="118.1023918278515338897705078125">
        <ele>9.3999996185302734375</ele>
        <time>2024-11-17T13:04:40.000Z</time>
        <extensions>
          <ns3:TrackPointExtension>
            <ns3:hr>157</ns3:hr>
          </ns3:TrackPointExtension>
        </extensions>
      </trkpt>
      <trkpt lat="24.489099718630313873291015625" lon="118.10238705016672611236572265625">
        <ele>9.80000019073486328125</ele>
        <time>2024-11-17T13:04:41.000Z</time>
        <extensions>
          <ns3:TrackPointExtension>
            <ns3:hr>157</ns3:hr>
          </ns3:TrackPointExtension>
        </extensions>
      </trkpt>
      <trkpt lat="24.4890683703124523162841796875" lon="118.10238202102482318878173828125">
        <ele>10</ele>
        <time>2024-11-17T13:04:42.000Z</time>
        <extensions>
          <ns3:TrackPointExtension>
            <ns3:hr>157</ns3:hr>
          </ns3:TrackPointExtension>
        </extensions>
      </trkpt>
      <trkpt lat="24.4890375249087810516357421875" lon="118.10237715952098369598388671875">
        <ele>10.19999980926513671875</ele>
        <time>2024-11-17T13:04:43.000Z</time>
        <extensions>
          <ns3:TrackPointExtension>
            <ns3:hr>156</ns3:hr>
          </ns3:TrackPointExtension>
        </extensions>
      </trkpt>
      <trkpt lat="24.489006511867046356201171875" lon="118.10237229801714420318603515625">
        <ele>10.3999996185302734375</ele>
        <time>2024-11-17T13:04:44.000Z</time>
        <extensions>
          <ns3:TrackPointExtension>
            <ns3:hr>156</ns3:hr>
          </ns3:TrackPointExtension>
        </extensions>
      </trkpt>
      <trkpt lat="24.48897524736821651458740234375" lon="118.1023676879703998565673828125">
        <ele>10.3999996185302734375</ele>
        <time>2024-11-17T13:04:45.000Z</time>
        <extensions>
          <ns3:TrackPointExtension>
            <ns3:hr>156</ns3:hr>
          </ns3:TrackPointExtension>
        </extensions>
      </trkpt>
      <trkpt lat="24.488943479955196380615234375" lon="118.10236441902816295623779296875">
        <ele>10.6000003814697265625</ele>
        <time>2024-11-17T13:04:46.000Z</time>
        <extensions>
          <ns3:TrackPointExtension>
            <ns3:hr>156</ns3:hr>
          </ns3:TrackPointExtension>
        </extensions>
      </trkpt>
      <trkpt lat="24.488911963999271392822265625" lon="118.10236341319978237152099609375">
        <ele>10.6000003814697265625</ele>
        <time>2024-11-17T13:04:47.000Z</time>
        <extensions>
          <ns3:TrackPointExtension>
            <ns3:hr>156</ns3:hr>
          </ns3:TrackPointExtension>
        </extensions>
      </trkpt>
      <trkpt lat="24.48888103477656841278076171875" lon="118.102364838123321533203125">
        <ele>10.80000019073486328125</ele>
        <time>2024-11-17T13:04:48.000Z</time>
        <extensions>
          <ns3:TrackPointExtension>
            <ns3:hr>156</ns3:hr>
          </ns3:TrackPointExtension>
        </extensions>
      </trkpt>
      <trkpt lat="24.48885060846805572509765625" lon="118.10236760415136814117431640625">
        <ele>10.80000019073486328125</ele>
        <time>2024-11-17T13:04:49.000Z</time>
        <extensions>
          <ns3:TrackPointExtension>
            <ns3:hr>156</ns3:hr>
          </ns3:TrackPointExtension>
        </extensions>
      </trkpt>
      <trkpt lat="24.48881976306438446044921875" lon="118.10237112455070018768310546875">
        <ele>11</ele>
        <time>2024-11-17T13:04:50.000Z</time>
        <extensions>
          <ns3:TrackPointExtension>
            <ns3:hr>156</ns3:hr>
          </ns3:TrackPointExtension>
        </extensions>
      </trkpt>
      <trkpt lat="24.488788582384586334228515625" lon="118.102375231683254241943359375">
        <ele>11</ele>
        <time>2024-11-17T13:04:51.000Z</time>
        <extensions>
          <ns3:TrackPointExtension>
            <ns3:hr>156</ns3:hr>
          </ns3:TrackPointExtension>
        </extensions>
      </trkpt>
      <trkpt lat="24.48875731788575649261474609375" lon="118.102379925549030303955078125">
        <ele>11</ele>
        <time>2024-11-17T13:04:52.000Z</time>
        <extensions>
          <ns3:TrackPointExtension>
            <ns3:hr>156</ns3:hr>
          </ns3:TrackPointExtension>
        </extensions>
      </trkpt>
      <trkpt lat="24.4887260533869266510009765625" lon="118.1023847870528697967529296875">
        <ele>11</ele>
        <time>2024-11-17T13:04:53.000Z</time>
        <extensions>
          <ns3:TrackPointExtension>
            <ns3:hr>156</ns3:hr>
          </ns3:TrackPointExtension>
        </extensions>
      </trkpt>
      <trkpt lat="24.48866327293217182159423828125" lon="118.10239769518375396728515625">
        <ele>10.80000019073486328125</ele>
        <time>2024-11-17T13:04:54.000Z</time>
        <extensions>
          <ns3:TrackPointExtension>
            <ns3:hr>156</ns3:hr>
          </ns3:TrackPointExtension>
        </extensions>
      </trkpt>
      <trkpt lat="24.48863276280462741851806640625" lon="118.10240565799176692962646484375">
        <ele>10.6000003814697265625</ele>
        <time>2024-11-17T13:04:55.000Z</time>
        <extensions>
          <ns3:TrackPointExtension>
            <ns3:hr>156</ns3:hr>
          </ns3:TrackPointExtension>
        </extensions>
      </trkpt>
      <trkpt lat="24.488602168858051300048828125" lon="118.10241420753300189971923828125">
        <ele>10.6000003814697265625</ele>
        <time>2024-11-17T13:04:56.000Z</time>
        <extensions>
          <ns3:TrackPointExtension>
            <ns3:hr>156</ns3:hr>
          </ns3:TrackPointExtension>
        </extensions>
      </trkpt>
      <trkpt lat="24.488571994006633758544921875" lon="118.10242342762649059295654296875">
        <ele>10.6000003814697265625</ele>
        <time>2024-11-17T13:04:57.000Z</time>
        <extensions>
          <ns3:TrackPointExtension>
            <ns3:hr>156</ns3:hr>
          </ns3:TrackPointExtension>
        </extensions>
      </trkpt>
      <trkpt lat="24.48854223825037479400634765625" lon="118.10243390500545501708984375">
        <ele>10.6000003814697265625</ele>
        <time>2024-11-17T13:04:58.000Z</time>
        <extensions>
          <ns3:TrackPointExtension>
            <ns3:hr>156</ns3:hr>
          </ns3:TrackPointExtension>
        </extensions>
      </trkpt>
      <trkpt lat="24.48851290158927440643310546875" lon="118.1024451367557048797607421875">
        <ele>10.6000003814697265625</ele>
        <time>2024-11-17T13:04:59.000Z</time>
        <extensions>
          <ns3:TrackPointExtension>
            <ns3:hr>156</ns3:hr>
          </ns3:TrackPointExtension>
        </extensions>
      </trkpt>
      <trkpt lat="24.4884838163852691650390625" lon="118.10245661996304988861083984375">
        <ele>10.6000003814697265625</ele>
        <time>2024-11-17T13:05:00.000Z</time>
        <extensions>
          <ns3:TrackPointExtension>
            <ns3:hr>156</ns3:hr>
          </ns3:TrackPointExtension>
        </extensions>
      </trkpt>
      <trkpt lat="24.48845498263835906982421875" lon="118.10246852226555347442626953125">
        <ele>10.80000019073486328125</ele>
        <time>2024-11-17T13:05:01.000Z</time>
        <extensions>
          <ns3:TrackPointExtension>
            <ns3:hr>156</ns3:hr>
          </ns3:TrackPointExtension>
        </extensions>
      </trkpt>
      <trkpt lat="24.48842681944370269775390625" lon="118.10248092748224735260009765625">
        <ele>10.80000019073486328125</ele>
        <time>2024-11-17T13:05:02.000Z</time>
        <extensions>
          <ns3:TrackPointExtension>
            <ns3:hr>156</ns3:hr>
          </ns3:TrackPointExtension>
        </extensions>
      </trkpt>
      <trkpt lat="24.488398991525173187255859375" lon="118.1024937517940998077392578125">
        <ele>10.80000019073486328125</ele>
        <time>2024-11-17T13:05:03.000Z</time>
        <extensions>
          <ns3:TrackPointExtension>
            <ns3:hr>156</ns3:hr>
          </ns3:TrackPointExtension>
        </extensions>
      </trkpt>
      <trkpt lat="24.48837124742567539215087890625" lon="118.10250758193433284759521484375">
        <ele>10.80000019073486328125</ele>
        <time>2024-11-17T13:05:04.000Z</time>
        <extensions>
          <ns3:TrackPointExtension>
            <ns3:hr>156</ns3:hr>
          </ns3:TrackPointExtension>
        </extensions>
      </trkpt>
      <trkpt lat="24.48834341950714588165283203125" lon="118.10252283699810504913330078125">
        <ele>10.6000003814697265625</ele>
        <time>2024-11-17T13:05:05.000Z</time>
        <extensions>
          <ns3:TrackPointExtension>
            <ns3:hr>156</ns3:hr>
          </ns3:TrackPointExtension>
        </extensions>
      </trkpt>
      <trkpt lat="24.48831617832183837890625" lon="118.102539516985416412353515625">
        <ele>10.6000003814697265625</ele>
        <time>2024-11-17T13:05:06.000Z</time>
        <extensions>
          <ns3:TrackPointExtension>
            <ns3:hr>156</ns3:hr>
          </ns3:TrackPointExtension>
        </extensions>
      </trkpt>
      <trkpt lat="24.4882895238697528839111328125" lon="118.10255737043917179107666015625">
        <ele>10.3999996185302734375</ele>
        <time>2024-11-17T13:05:07.000Z</time>
        <extensions>
          <ns3:TrackPointExtension>
            <ns3:hr>156</ns3:hr>
          </ns3:TrackPointExtension>
        </extensions>
      </trkpt>
      <trkpt lat="24.48826312087476253509521484375" lon="118.10257606208324432373046875">
        <ele>10.19999980926513671875</ele>
        <time>2024-11-17T13:05:08.000Z</time>
        <extensions>
          <ns3:TrackPointExtension>
            <ns3:hr>156</ns3:hr>
          </ns3:TrackPointExtension>
        </extensions>
      </trkpt>
      <trkpt lat="24.48823730461299419403076171875" lon="118.10259609483182430267333984375">
        <ele>10</ele>
        <time>2024-11-17T13:05:09.000Z</time>
        <extensions>
          <ns3:TrackPointExtension>
            <ns3:hr>156</ns3:hr>
          </ns3:TrackPointExtension>
        </extensions>
      </trkpt>
      <trkpt lat="24.48821232654154300689697265625" lon="118.10261704958975315093994140625">
        <ele>9.80000019073486328125</ele>
        <time>2024-11-17T13:05:10.000Z</time>
        <extensions>
          <ns3:TrackPointExtension>
            <ns3:hr>155</ns3:hr>
          </ns3:TrackPointExtension>
        </extensions>
      </trkpt>
      <trkpt lat="24.48818810284137725830078125" lon="118.1026385910809040069580078125">
        <ele>9.6000003814697265625</ele>
        <time>2024-11-17T13:05:11.000Z</time>
        <extensions>
          <ns3:TrackPointExtension>
            <ns3:hr>155</ns3:hr>
          </ns3:TrackPointExtension>
        </extensions>
      </trkpt>
      <trkpt lat="24.48816454969346523284912109375" lon="118.10266030021011829376220703125">
        <ele>9.19999980926513671875</ele>
        <time>2024-11-17T13:05:12.000Z</time>
        <extensions>
          <ns3:TrackPointExtension>
            <ns3:hr>155</ns3:hr>
          </ns3:TrackPointExtension>
        </extensions>
      </trkpt>
      <trkpt lat="24.48814124800264835357666015625" lon="118.10268242843449115753173828125">
        <ele>8.6000003814697265625</ele>
        <time>2024-11-17T13:05:13.000Z</time>
        <extensions>
          <ns3:TrackPointExtension>
            <ns3:hr>155</ns3:hr>
          </ns3:TrackPointExtension>
        </extensions>
      </trkpt>
      <trkpt lat="24.48811794631183147430419921875" lon="118.10270522721111774444580078125">
        <ele>8.19999980926513671875</ele>
        <time>2024-11-17T13:05:14.000Z</time>
        <extensions>
          <ns3:TrackPointExtension>
            <ns3:hr>155</ns3:hr>
          </ns3:TrackPointExtension>
        </extensions>
      </trkpt>
      <trkpt lat="24.488094560801982879638671875" lon="118.1027284450829029083251953125">
        <ele>7.599999904632568359375</ele>
        <time>2024-11-17T13:05:15.000Z</time>
        <extensions>
          <ns3:TrackPointExtension>
            <ns3:hr>153</ns3:hr>
          </ns3:TrackPointExtension>
        </extensions>
      </trkpt>
      <trkpt lat="24.48807184584438800811767578125" lon="118.1027519144117832183837890625">
        <ele>7.400000095367431640625</ele>
        <time>2024-11-17T13:05:16.000Z</time>
        <extensions>
          <ns3:TrackPointExtension>
            <ns3:hr>153</ns3:hr>
          </ns3:TrackPointExtension>
        </extensions>
      </trkpt>
      <trkpt lat="24.48804954998195171356201171875" lon="118.10277521610260009765625">
        <ele>7.19999980926513671875</ele>
        <time>2024-11-17T13:05:17.000Z</time>
        <extensions>
          <ns3:TrackPointExtension>
            <ns3:hr>153</ns3:hr>
          </ns3:TrackPointExtension>
        </extensions>
      </trkpt>
      <trkpt lat="24.48802725411951541900634765625" lon="118.1027981825172901153564453125">
        <ele>7</ele>
        <time>2024-11-17T13:05:18.000Z</time>
        <extensions>
          <ns3:TrackPointExtension>
            <ns3:hr>153</ns3:hr>
          </ns3:TrackPointExtension>
        </extensions>
      </trkpt>
      <trkpt lat="24.48800504207611083984375" lon="118.1028221547603607177734375">
        <ele>6.80000019073486328125</ele>
        <time>2024-11-17T13:05:19.000Z</time>
        <extensions>
          <ns3:TrackPointExtension>
            <ns3:hr>153</ns3:hr>
          </ns3:TrackPointExtension>
        </extensions>
      </trkpt>
      <trkpt lat="24.4879834167659282684326171875" lon="118.102847635746002197265625">
        <ele>6.599999904632568359375</ele>
        <time>2024-11-17T13:05:20.000Z</time>
        <extensions>
          <ns3:TrackPointExtension>
            <ns3:hr>153</ns3:hr>
          </ns3:TrackPointExtension>
        </extensions>
      </trkpt>
      <trkpt lat="24.48796321637928485870361328125" lon="118.10287504456937313079833984375">
        <ele>6.599999904632568359375</ele>
        <time>2024-11-17T13:05:21.000Z</time>
        <extensions>
          <ns3:TrackPointExtension>
            <ns3:hr>153</ns3:hr>
          </ns3:TrackPointExtension>
        </extensions>
      </trkpt>
      <trkpt lat="24.48794511146843433380126953125" lon="118.10290396213531494140625">
        <ele>6.599999904632568359375</ele>
        <time>2024-11-17T13:05:22.000Z</time>
        <extensions>
          <ns3:TrackPointExtension>
            <ns3:hr>153</ns3:hr>
          </ns3:TrackPointExtension>
        </extensions>
      </trkpt>
      <trkpt lat="24.4879285991191864013671875" lon="118.102933131158351898193359375">
        <ele>6.80000019073486328125</ele>
        <time>2024-11-17T13:05:23.000Z</time>
        <extensions>
          <ns3:TrackPointExtension>
            <ns3:hr>153</ns3:hr>
          </ns3:TrackPointExtension>
        </extensions>
      </trkpt>
      <trkpt lat="24.4879126735031604766845703125" lon="118.10296204872429370880126953125">
        <ele>7</ele>
        <time>2024-11-17T13:05:24.000Z</time>
        <extensions>
          <ns3:TrackPointExtension>
            <ns3:hr>155</ns3:hr>
          </ns3:TrackPointExtension>
        </extensions>
      </trkpt>
      <trkpt lat="24.48789666406810283660888671875" lon="118.10299088247120380401611328125">
        <ele>7.19999980926513671875</ele>
        <time>2024-11-17T13:05:25.000Z</time>
        <extensions>
          <ns3:TrackPointExtension>
            <ns3:hr>155</ns3:hr>
          </ns3:TrackPointExtension>
        </extensions>
      </trkpt>
      <trkpt lat="24.48788073845207691192626953125" lon="118.10301971621811389923095703125">
        <ele>7.400000095367431640625</ele>
        <time>2024-11-17T13:05:26.000Z</time>
        <extensions>
          <ns3:TrackPointExtension>
            <ns3:hr>155</ns3:hr>
          </ns3:TrackPointExtension>
        </extensions>
      </trkpt>
      <trkpt lat="24.4878653995692729949951171875" lon="118.103048466145992279052734375">
        <ele>7.400000095367431640625</ele>
        <time>2024-11-17T13:05:27.000Z</time>
        <extensions>
          <ns3:TrackPointExtension>
            <ns3:hr>155</ns3:hr>
          </ns3:TrackPointExtension>
        </extensions>
      </trkpt>
      <trkpt lat="24.48785039596259593963623046875" lon="118.10307671315968036651611328125">
        <ele>7.599999904632568359375</ele>
        <time>2024-11-17T13:05:28.000Z</time>
        <extensions>
          <ns3:TrackPointExtension>
            <ns3:hr>155</ns3:hr>
          </ns3:TrackPointExtension>
        </extensions>
      </trkpt>
      <trkpt lat="24.48783547617495059967041015625" lon="118.10310445725917816162109375">
        <ele>7.80000019073486328125</ele>
        <time>2024-11-17T13:05:29.000Z</time>
        <extensions>
          <ns3:TrackPointExtension>
            <ns3:hr>155</ns3:hr>
          </ns3:TrackPointExtension>
        </extensions>
      </trkpt>
      <trkpt lat="24.4878213107585906982421875" lon="118.10313253663480281829833984375">
        <ele>8.19999980926513671875</ele>
        <time>2024-11-17T13:05:30.000Z</time>
        <extensions>
          <ns3:TrackPointExtension>
            <ns3:hr>155</ns3:hr>
          </ns3:TrackPointExtension>
        </extensions>
      </trkpt>
      <trkpt lat="24.48780857026576995849609375" lon="118.103161789476871490478515625">
        <ele>8.80000019073486328125</ele>
        <time>2024-11-17T13:05:31.000Z</time>
        <extensions>
          <ns3:TrackPointExtension>
            <ns3:hr>155</ns3:hr>
          </ns3:TrackPointExtension>
        </extensions>
      </trkpt>
      <trkpt lat="24.4877973385155200958251953125" lon="118.1031921319663524627685546875">
        <ele>9.19999980926513671875</ele>
        <time>2024-11-17T13:05:32.000Z</time>
        <extensions>
          <ns3:TrackPointExtension>
            <ns3:hr>156</ns3:hr>
          </ns3:TrackPointExtension>
        </extensions>
      </trkpt>
      <trkpt lat="24.48778719641268253326416015625" lon="118.1032229773700237274169921875">
        <ele>9.80000019073486328125</ele>
        <time>2024-11-17T13:05:33.000Z</time>
        <extensions>
          <ns3:TrackPointExtension>
            <ns3:hr>156</ns3:hr>
          </ns3:TrackPointExtension>
        </extensions>
      </trkpt>
      <trkpt lat="24.48777772486209869384765625" lon="118.10325357131659984588623046875">
        <ele>10.19999980926513671875</ele>
        <time>2024-11-17T13:05:34.000Z</time>
        <extensions>
          <ns3:TrackPointExtension>
            <ns3:hr>156</ns3:hr>
          </ns3:TrackPointExtension>
        </extensions>
      </trkpt>
      <trkpt lat="24.4877691753208637237548828125" lon="118.1032836623489856719970703125">
        <ele>10.80000019073486328125</ele>
        <time>2024-11-17T13:05:35.000Z</time>
        <extensions>
          <ns3:TrackPointExtension>
            <ns3:hr>156</ns3:hr>
          </ns3:TrackPointExtension>
        </extensions>
      </trkpt>
      <trkpt lat="24.4877617992460727691650390625" lon="118.10331375338137149810791015625">
        <ele>11</ele>
        <time>2024-11-17T13:05:36.000Z</time>
        <extensions>
          <ns3:TrackPointExtension>
            <ns3:hr>156</ns3:hr>
          </ns3:TrackPointExtension>
        </extensions>
      </trkpt>
      <trkpt lat="24.487755596637725830078125" lon="118.10334426350891590118408203125">
        <ele>11.3999996185302734375</ele>
        <time>2024-11-17T13:05:37.000Z</time>
        <extensions>
          <ns3:TrackPointExtension>
            <ns3:hr>157</ns3:hr>
          </ns3:TrackPointExtension>
        </extensions>
      </trkpt>
      <trkpt lat="24.48775048367679119110107421875" lon="118.1033751927316188812255859375">
        <ele>11.80000019073486328125</ele>
        <time>2024-11-17T13:05:38.000Z</time>
        <extensions>
          <ns3:TrackPointExtension>
            <ns3:hr>157</ns3:hr>
          </ns3:TrackPointExtension>
        </extensions>
      </trkpt>
      <trkpt lat="24.4877462089061737060546875" lon="118.10340645723044872283935546875">
        <ele>11.80000019073486328125</ele>
        <time>2024-11-17T13:05:39.000Z</time>
        <extensions>
          <ns3:TrackPointExtension>
            <ns3:hr>157</ns3:hr>
          </ns3:TrackPointExtension>
        </extensions>
      </trkpt>
      <trkpt lat="24.48774310760200023651123046875" lon="118.10343847610056400299072265625">
        <ele>11.80000019073486328125</ele>
        <time>2024-11-17T13:05:40.000Z</time>
        <extensions>
          <ns3:TrackPointExtension>
            <ns3:hr>157</ns3:hr>
          </ns3:TrackPointExtension>
        </extensions>
      </trkpt>
      <trkpt lat="24.4877413474023342132568359375" lon="118.10347150079905986785888671875">
        <ele>11.6000003814697265625</ele>
        <time>2024-11-17T13:05:41.000Z</time>
        <extensions>
          <ns3:TrackPointExtension>
            <ns3:hr>157</ns3:hr>
          </ns3:TrackPointExtension>
        </extensions>
      </trkpt>
      <trkpt lat="24.4877406768500804901123046875" lon="118.10350536368787288665771484375">
        <ele>11.3999996185302734375</ele>
        <time>2024-11-17T13:05:42.000Z</time>
        <extensions>
          <ns3:TrackPointExtension>
            <ns3:hr>157</ns3:hr>
          </ns3:TrackPointExtension>
        </extensions>
      </trkpt>
      <trkpt lat="24.487740509212017059326171875" lon="118.103539310395717620849609375">
        <ele>11.3999996185302734375</ele>
        <time>2024-11-17T13:05:43.000Z</time>
        <extensions>
          <ns3:TrackPointExtension>
            <ns3:hr>156</ns3:hr>
          </ns3:TrackPointExtension>
        </extensions>
      </trkpt>
      <trkpt lat="24.487740509212017059326171875" lon="118.10357241891324520111083984375">
        <ele>11.19999980926513671875</ele>
        <time>2024-11-17T13:05:44.000Z</time>
        <extensions>
          <ns3:TrackPointExtension>
            <ns3:hr>156</ns3:hr>
          </ns3:TrackPointExtension>
        </extensions>
      </trkpt>
      <trkpt lat="24.48774017393589019775390625" lon="118.1036045216023921966552734375">
        <ele>11.19999980926513671875</ele>
        <time>2024-11-17T13:05:45.000Z</time>
        <extensions>
          <ns3:TrackPointExtension>
            <ns3:hr>156</ns3:hr>
          </ns3:TrackPointExtension>
        </extensions>
      </trkpt>
      <trkpt lat="24.48773925192654132843017578125" lon="118.10363628901541233062744140625">
        <ele>11</ele>
        <time>2024-11-17T13:05:46.000Z</time>
        <extensions>
          <ns3:TrackPointExtension>
            <ns3:hr>156</ns3:hr>
          </ns3:TrackPointExtension>
        </extensions>
      </trkpt>
      <trkpt lat="24.4877379946410655975341796875" lon="118.1036685593426227569580078125">
        <ele>10.80000019073486328125</ele>
        <time>2024-11-17T13:05:47.000Z</time>
        <extensions>
          <ns3:TrackPointExtension>
            <ns3:hr>156</ns3:hr>
          </ns3:TrackPointExtension>
        </extensions>
      </trkpt>
      <trkpt lat="24.487737827003002166748046875" lon="118.1037020869553089141845703125">
        <ele>10.3999996185302734375</ele>
        <time>2024-11-17T13:05:48.000Z</time>
        <extensions>
          <ns3:TrackPointExtension>
            <ns3:hr>156</ns3:hr>
          </ns3:TrackPointExtension>
        </extensions>
      </trkpt>
      <trkpt lat="24.48773941956460475921630859375" lon="118.1037359498441219329833984375">
        <ele>9.80000019073486328125</ele>
        <time>2024-11-17T13:05:49.000Z</time>
        <extensions>
          <ns3:TrackPointExtension>
            <ns3:hr>156</ns3:hr>
          </ns3:TrackPointExtension>
        </extensions>
      </trkpt>
      <trkpt lat="24.4877426885068416595458984375" lon="118.10376939363777637481689453125">
        <ele>9.3999996185302734375</ele>
        <time>2024-11-17T13:05:50.000Z</time>
        <extensions>
          <ns3:TrackPointExtension>
            <ns3:hr>156</ns3:hr>
          </ns3:TrackPointExtension>
        </extensions>
      </trkpt>
      <trkpt lat="24.48774755001068115234375" lon="118.1038026697933673858642578125">
        <ele>9</ele>
        <time>2024-11-17T13:05:51.000Z</time>
        <extensions>
          <ns3:TrackPointExtension>
            <ns3:hr>156</ns3:hr>
          </ns3:TrackPointExtension>
        </extensions>
      </trkpt>
      <trkpt lat="24.48775350116193294525146484375" lon="118.10383535921573638916015625">
        <ele>8.80000019073486328125</ele>
        <time>2024-11-17T13:05:52.000Z</time>
        <extensions>
          <ns3:TrackPointExtension>
            <ns3:hr>156</ns3:hr>
          </ns3:TrackPointExtension>
        </extensions>
      </trkpt>
      <trkpt lat="24.4877604581415653228759765625" lon="118.10386762954294681549072265625">
        <ele>8.6000003814697265625</ele>
        <time>2024-11-17T13:05:53.000Z</time>
        <extensions>
          <ns3:TrackPointExtension>
            <ns3:hr>156</ns3:hr>
          </ns3:TrackPointExtension>
        </extensions>
      </trkpt>
      <trkpt lat="24.48776842094957828521728515625" lon="118.10389948077499866485595703125">
        <ele>8.19999980926513671875</ele>
        <time>2024-11-17T13:05:54.000Z</time>
        <extensions>
          <ns3:TrackPointExtension>
            <ns3:hr>156</ns3:hr>
          </ns3:TrackPointExtension>
        </extensions>
      </trkpt>
      <trkpt lat="24.48777713812887668609619140625" lon="118.10393066145479679107666015625">
        <ele>8</ele>
        <time>2024-11-17T13:05:55.000Z</time>
        <extensions>
          <ns3:TrackPointExtension>
            <ns3:hr>157</ns3:hr>
          </ns3:TrackPointExtension>
        </extensions>
      </trkpt>
      <trkpt lat="24.4877866096794605255126953125" lon="118.1039612554013729095458984375">
        <ele>7.80000019073486328125</ele>
        <time>2024-11-17T13:05:56.000Z</time>
        <extensions>
          <ns3:TrackPointExtension>
            <ns3:hr>157</ns3:hr>
          </ns3:TrackPointExtension>
        </extensions>
      </trkpt>
      <trkpt lat="24.4877971708774566650390625" lon="118.10399134643375873565673828125">
        <ele>7.599999904632568359375</ele>
        <time>2024-11-17T13:05:57.000Z</time>
        <extensions>
          <ns3:TrackPointExtension>
            <ns3:hr>157</ns3:hr>
          </ns3:TrackPointExtension>
        </extensions>
      </trkpt>
      <trkpt lat="24.48780882172286510467529296875" lon="118.10402135364711284637451171875">
        <ele>7.400000095367431640625</ele>
        <time>2024-11-17T13:05:58.000Z</time>
        <extensions>
          <ns3:TrackPointExtension>
            <ns3:hr>157</ns3:hr>
          </ns3:TrackPointExtension>
        </extensions>
      </trkpt>
      <trkpt lat="24.487820975482463836669921875" lon="118.1040521152317523956298828125">
        <ele>7.19999980926513671875</ele>
        <time>2024-11-17T13:05:59.000Z</time>
        <extensions>
          <ns3:TrackPointExtension>
            <ns3:hr>157</ns3:hr>
          </ns3:TrackPointExtension>
        </extensions>
      </trkpt>
      <trkpt lat="24.4878332130610942840576171875" lon="118.10408337973058223724365234375">
        <ele>7</ele>
        <time>2024-11-17T13:06:00.000Z</time>
        <extensions>
          <ns3:TrackPointExtension>
            <ns3:hr>157</ns3:hr>
          </ns3:TrackPointExtension>
        </extensions>
      </trkpt>
      <trkpt lat="24.4878452830016613006591796875" lon="118.10411430895328521728515625">
        <ele>6.80000019073486328125</ele>
        <time>2024-11-17T13:06:01.000Z</time>
        <extensions>
          <ns3:TrackPointExtension>
            <ns3:hr>157</ns3:hr>
          </ns3:TrackPointExtension>
        </extensions>
      </trkpt>
      <trkpt lat="24.48785726912319660186767578125" lon="118.104144819080829620361328125">
        <ele>6.599999904632568359375</ele>
        <time>2024-11-17T13:06:02.000Z</time>
        <extensions>
          <ns3:TrackPointExtension>
            <ns3:hr>157</ns3:hr>
          </ns3:TrackPointExtension>
        </extensions>
      </trkpt>
      <trkpt lat="24.4878687523305416107177734375" lon="118.104175664484500885009765625">
        <ele>6.19999980926513671875</ele>
        <time>2024-11-17T13:06:03.000Z</time>
        <extensions>
          <ns3:TrackPointExtension>
            <ns3:hr>157</ns3:hr>
          </ns3:TrackPointExtension>
        </extensions>
      </trkpt>
      <trkpt lat="24.487879984080791473388671875" lon="118.10420692898333072662353515625">
        <ele>6</ele>
        <time>2024-11-17T13:06:04.000Z</time>
        <extensions>
          <ns3:TrackPointExtension>
            <ns3:hr>157</ns3:hr>
          </ns3:TrackPointExtension>
        </extensions>
      </trkpt>
      <trkpt lat="24.48789213784039020538330078125" lon="118.10423769056797027587890625">
        <ele>6</ele>
        <time>2024-11-17T13:06:05.000Z</time>
        <extensions>
          <ns3:TrackPointExtension>
            <ns3:hr>157</ns3:hr>
          </ns3:TrackPointExtension>
        </extensions>
      </trkpt>
      <trkpt lat="24.4879063032567501068115234375" lon="118.104267530143260955810546875">
        <ele>6</ele>
        <time>2024-11-17T13:06:06.000Z</time>
        <extensions>
          <ns3:TrackPointExtension>
            <ns3:hr>157</ns3:hr>
          </ns3:TrackPointExtension>
        </extensions>
      </trkpt>
      <trkpt lat="24.48792264796793460845947265625" lon="118.10429628007113933563232421875">
        <ele>6</ele>
        <time>2024-11-17T13:06:07.000Z</time>
        <extensions>
          <ns3:TrackPointExtension>
            <ns3:hr>157</ns3:hr>
          </ns3:TrackPointExtension>
        </extensions>
      </trkpt>
      <trkpt lat="24.4879408366978168487548828125" lon="118.10432486236095428466796875">
        <ele>6</ele>
        <time>2024-11-17T13:06:08.000Z</time>
        <extensions>
          <ns3:TrackPointExtension>
            <ns3:hr>158</ns3:hr>
          </ns3:TrackPointExtension>
        </extensions>
      </trkpt>
      <trkpt lat="24.48796011507511138916015625" lon="118.1043535284698009490966796875">
        <ele>6</ele>
        <time>2024-11-17T13:06:09.000Z</time>
        <extensions>
          <ns3:TrackPointExtension>
            <ns3:hr>158</ns3:hr>
          </ns3:TrackPointExtension>
        </extensions>
      </trkpt>
      <trkpt lat="24.48797914199531078338623046875" lon="118.10438144020736217498779296875">
        <ele>6</ele>
        <time>2024-11-17T13:06:10.000Z</time>
        <extensions>
          <ns3:TrackPointExtension>
            <ns3:hr>158</ns3:hr>
          </ns3:TrackPointExtension>
        </extensions>
      </trkpt>
      <trkpt lat="24.48799758218228816986083984375" lon="118.104408346116542816162109375">
        <ele>6</ele>
        <time>2024-11-17T13:06:11.000Z</time>
        <extensions>
          <ns3:TrackPointExtension>
            <ns3:hr>158</ns3:hr>
          </ns3:TrackPointExtension>
        </extensions>
      </trkpt>
      <trkpt lat="24.48801602236926555633544921875" lon="118.1044343300163745880126953125">
        <ele>6</ele>
        <time>2024-11-17T13:06:12.000Z</time>
        <extensions>
          <ns3:TrackPointExtension>
            <ns3:hr>158</ns3:hr>
          </ns3:TrackPointExtension>
        </extensions>
      </trkpt>
      <trkpt lat="24.48803496547043323516845703125" lon="118.1044601462781429290771484375">
        <ele>6</ele>
        <time>2024-11-17T13:06:13.000Z</time>
        <extensions>
          <ns3:TrackPointExtension>
            <ns3:hr>158</ns3:hr>
          </ns3:TrackPointExtension>
        </extensions>
      </trkpt>
      <trkpt lat="24.4880546629428863525390625" lon="118.1044869683682918548583984375">
        <ele>6</ele>
        <time>2024-11-17T13:06:14.000Z</time>
        <extensions>
          <ns3:TrackPointExtension>
            <ns3:hr>158</ns3:hr>
          </ns3:TrackPointExtension>
        </extensions>
      </trkpt>
      <trkpt lat="24.488075114786624908447265625" lon="118.1045144610106945037841796875">
        <ele>6.19999980926513671875</ele>
        <time>2024-11-17T13:06:15.000Z</time>
        <extensions>
          <ns3:TrackPointExtension>
            <ns3:hr>158</ns3:hr>
          </ns3:TrackPointExtension>
        </extensions>
      </trkpt>
      <trkpt lat="24.4880964048206806182861328125" lon="118.1045416183769702911376953125">
        <ele>6.400000095367431640625</ele>
        <time>2024-11-17T13:06:16.000Z</time>
        <extensions>
          <ns3:TrackPointExtension>
            <ns3:hr>158</ns3:hr>
          </ns3:TrackPointExtension>
        </extensions>
      </trkpt>
      <trkpt lat="24.48811828158795833587646484375" lon="118.1045677699148654937744140625">
        <ele>6.80000019073486328125</ele>
        <time>2024-11-17T13:06:17.000Z</time>
        <extensions>
          <ns3:TrackPointExtension>
            <ns3:hr>158</ns3:hr>
          </ns3:TrackPointExtension>
        </extensions>
      </trkpt>
      <trkpt lat="24.4881404936313629150390625" lon="118.10459316708147525787353515625">
        <ele>7</ele>
        <time>2024-11-17T13:06:18.000Z</time>
        <extensions>
          <ns3:TrackPointExtension>
            <ns3:hr>158</ns3:hr>
          </ns3:TrackPointExtension>
        </extensions>
      </trkpt>
      <trkpt lat="24.48816320858895778656005859375" lon="118.10461856424808502197265625">
        <ele>7.400000095367431640625</ele>
        <time>2024-11-17T13:06:19.000Z</time>
        <extensions>
          <ns3:TrackPointExtension>
            <ns3:hr>158</ns3:hr>
          </ns3:TrackPointExtension>
        </extensions>
      </trkpt>
      <trkpt lat="24.4881862588226795196533203125" lon="118.10464362613856792449951171875">
        <ele>7.400000095367431640625</ele>
        <time>2024-11-17T13:06:20.000Z</time>
        <extensions>
          <ns3:TrackPointExtension>
            <ns3:hr>159</ns3:hr>
          </ns3:TrackPointExtension>
        </extensions>
      </trkpt>
      <trkpt lat="24.488209895789623260498046875" lon="118.10466759838163852691650390625">
        <ele>7.19999980926513671875</ele>
        <time>2024-11-17T13:06:21.000Z</time>
        <extensions>
          <ns3:TrackPointExtension>
            <ns3:hr>159</ns3:hr>
          </ns3:TrackPointExtension>
        </extensions>
      </trkpt>
      <trkpt lat="24.48823462240397930145263671875" lon="118.10469022952020168304443359375">
        <ele>7.19999980926513671875</ele>
        <time>2024-11-17T13:06:22.000Z</time>
        <extensions>
          <ns3:TrackPointExtension>
            <ns3:hr>159</ns3:hr>
          </ns3:TrackPointExtension>
        </extensions>
      </trkpt>
      <trkpt lat="24.48826027102768421173095703125" lon="118.10471084900200366973876953125">
        <ele>7</ele>
        <time>2024-11-17T13:06:23.000Z</time>
        <extensions>
          <ns3:TrackPointExtension>
            <ns3:hr>159</ns3:hr>
          </ns3:TrackPointExtension>
        </extensions>
      </trkpt>
      <trkpt lat="24.488287009298801422119140625" lon="118.10472878627479076385498046875">
        <ele>6.80000019073486328125</ele>
        <time>2024-11-17T13:06:24.000Z</time>
        <extensions>
          <ns3:TrackPointExtension>
            <ns3:hr>159</ns3:hr>
          </ns3:TrackPointExtension>
        </extensions>
      </trkpt>
      <trkpt lat="24.4883146695792675018310546875" lon="118.104744963347911834716796875">
        <ele>6.599999904632568359375</ele>
        <time>2024-11-17T13:06:25.000Z</time>
        <extensions>
          <ns3:TrackPointExtension>
            <ns3:hr>159</ns3:hr>
          </ns3:TrackPointExtension>
        </extensions>
      </trkpt>
      <trkpt lat="24.48834232985973358154296875" lon="118.10476046986877918243408203125">
        <ele>6.400000095367431640625</ele>
        <time>2024-11-17T13:06:26.000Z</time>
        <extensions>
          <ns3:TrackPointExtension>
            <ns3:hr>159</ns3:hr>
          </ns3:TrackPointExtension>
        </extensions>
      </trkpt>
      <trkpt lat="24.48836990632116794586181640625" lon="118.1047753058373928070068359375">
        <ele>6.19999980926513671875</ele>
        <time>2024-11-17T13:06:27.000Z</time>
        <extensions>
          <ns3:TrackPointExtension>
            <ns3:hr>159</ns3:hr>
          </ns3:TrackPointExtension>
        </extensions>
      </trkpt>
      <trkpt lat="24.48839773423969745635986328125" lon="118.104788549244403839111328125">
        <ele>5.80000019073486328125</ele>
        <time>2024-11-17T13:06:28.000Z</time>
        <extensions>
          <ns3:TrackPointExtension>
            <ns3:hr>159</ns3:hr>
          </ns3:TrackPointExtension>
        </extensions>
      </trkpt>
      <trkpt lat="24.4884253107011318206787109375" lon="118.1048004515469074249267578125">
        <ele>5.599999904632568359375</ele>
        <time>2024-11-17T13:06:29.000Z</time>
        <extensions>
          <ns3:TrackPointExtension>
            <ns3:hr>159</ns3:hr>
          </ns3:TrackPointExtension>
        </extensions>
      </trkpt>
      <trkpt lat="24.4884531386196613311767578125" lon="118.10481210239231586456298828125">
        <ele>5.400000095367431640625</ele>
        <time>2024-11-17T13:06:30.000Z</time>
        <extensions>
          <ns3:TrackPointExtension>
            <ns3:hr>159</ns3:hr>
          </ns3:TrackPointExtension>
        </extensions>
      </trkpt>
      <trkpt lat="24.488482140004634857177734375" lon="118.10482433997094631195068359375">
        <ele>5.19999980926513671875</ele>
        <time>2024-11-17T13:06:31.000Z</time>
        <extensions>
          <ns3:TrackPointExtension>
            <ns3:hr>159</ns3:hr>
          </ns3:TrackPointExtension>
        </extensions>
      </trkpt>
      <trkpt lat="24.48851239867508411407470703125" lon="118.1048364937305450439453125">
        <ele>5</ele>
        <time>2024-11-17T13:06:32.000Z</time>
        <extensions>
          <ns3:TrackPointExtension>
            <ns3:hr>159</ns3:hr>
          </ns3:TrackPointExtension>
        </extensions>
      </trkpt>
      <trkpt lat="24.4885433278977870941162109375" lon="118.1048477254807949066162109375">
        <ele>5</ele>
        <time>2024-11-17T13:06:33.000Z</time>
        <extensions>
          <ns3:TrackPointExtension>
            <ns3:hr>159</ns3:hr>
          </ns3:TrackPointExtension>
        </extensions>
      </trkpt>
      <trkpt lat="24.4885735027492046356201171875" lon="118.1048581190407276153564453125">
        <ele>5</ele>
        <time>2024-11-17T13:06:34.000Z</time>
        <extensions>
          <ns3:TrackPointExtension>
            <ns3:hr>159</ns3:hr>
          </ns3:TrackPointExtension>
        </extensions>
      </trkpt>
      <trkpt lat="24.4886030070483684539794921875" lon="118.10486675240099430084228515625">
        <ele>5</ele>
        <time>2024-11-17T13:06:35.000Z</time>
        <extensions>
          <ns3:TrackPointExtension>
            <ns3:hr>160</ns3:hr>
          </ns3:TrackPointExtension>
        </extensions>
      </trkpt>
      <trkpt lat="24.48863326571881771087646484375" lon="118.10487337410449981689453125">
        <ele>5</ele>
        <time>2024-11-17T13:06:36.000Z</time>
        <extensions>
          <ns3:TrackPointExtension>
            <ns3:hr>160</ns3:hr>
          </ns3:TrackPointExtension>
        </extensions>
      </trkpt>
      <trkpt lat="24.48866511695086956024169921875" lon="118.1048789061605930328369140625">
        <ele>5</ele>
        <time>2024-11-17T13:06:37.000Z</time>
        <extensions>
          <ns3:TrackPointExtension>
            <ns3:hr>160</ns3:hr>
          </ns3:TrackPointExtension>
        </extensions>
      </trkpt>
      <trkpt lat="24.4886982254683971405029296875" lon="118.10488485731184482574462890625">
        <ele>5</ele>
        <time>2024-11-17T13:06:38.000Z</time>
        <extensions>
          <ns3:TrackPointExtension>
            <ns3:hr>160</ns3:hr>
          </ns3:TrackPointExtension>
        </extensions>
      </trkpt>
      <trkpt lat="24.48873099870979785919189453125" lon="118.10489214956760406494140625">
        <ele>5</ele>
        <time>2024-11-17T13:06:39.000Z</time>
        <extensions>
          <ns3:TrackPointExtension>
            <ns3:hr>157</ns3:hr>
          </ns3:TrackPointExtension>
        </extensions>
      </trkpt>
      <trkpt lat="24.4887622632086277008056640625" lon="118.10489977709949016571044921875">
        <ele>4.80000019073486328125</ele>
        <time>2024-11-17T13:06:40.000Z</time>
        <extensions>
          <ns3:TrackPointExtension>
            <ns3:hr>157</ns3:hr>
          </ns3:TrackPointExtension>
        </extensions>
      </trkpt>
      <trkpt lat="24.488792605698108673095703125" lon="118.1049063988029956817626953125">
        <ele>4.80000019073486328125</ele>
        <time>2024-11-17T13:06:41.000Z</time>
        <extensions>
          <ns3:TrackPointExtension>
            <ns3:hr>157</ns3:hr>
          </ns3:TrackPointExtension>
        </extensions>
      </trkpt>
      <trkpt lat="24.48882303200662136077880859375" lon="118.1049110926687717437744140625">
        <ele>4.599999904632568359375</ele>
        <time>2024-11-17T13:06:42.000Z</time>
        <extensions>
          <ns3:TrackPointExtension>
            <ns3:hr>157</ns3:hr>
          </ns3:TrackPointExtension>
        </extensions>
      </trkpt>
      <trkpt lat="24.488853625953197479248046875" lon="118.10491352342069149017333984375">
        <ele>4.599999904632568359375</ele>
        <time>2024-11-17T13:06:43.000Z</time>
        <extensions>
          <ns3:TrackPointExtension>
            <ns3:hr>157</ns3:hr>
          </ns3:TrackPointExtension>
        </extensions>
      </trkpt>
      <trkpt lat="24.4888843037188053131103515625" lon="118.10491402633488178253173828125">
        <ele>4.599999904632568359375</ele>
        <time>2024-11-17T13:06:44.000Z</time>
        <extensions>
          <ns3:TrackPointExtension>
            <ns3:hr>157</ns3:hr>
          </ns3:TrackPointExtension>
        </extensions>
      </trkpt>
      <trkpt lat="24.4889148138463497161865234375" lon="118.104913942515850067138671875">
        <ele>4.599999904632568359375</ele>
        <time>2024-11-17T13:06:45.000Z</time>
        <extensions>
          <ns3:TrackPointExtension>
            <ns3:hr>157</ns3:hr>
          </ns3:TrackPointExtension>
        </extensions>
      </trkpt>
      <trkpt lat="24.48894490487873554229736328125" lon="118.10491360723972320556640625">
        <ele>4.80000019073486328125</ele>
        <time>2024-11-17T13:06:46.000Z</time>
        <extensions>
          <ns3:TrackPointExtension>
            <ns3:hr>158</ns3:hr>
          </ns3:TrackPointExtension>
        </extensions>
      </trkpt>
      <trkpt lat="24.4889748282730579376220703125" lon="118.10491226613521575927734375">
        <ele>5</ele>
        <time>2024-11-17T13:06:47.000Z</time>
        <extensions>
          <ns3:TrackPointExtension>
            <ns3:hr>158</ns3:hr>
          </ns3:TrackPointExtension>
        </extensions>
      </trkpt>
      <trkpt lat="24.4890053384006023406982421875" lon="118.10490958392620086669921875">
        <ele>5</ele>
        <time>2024-11-17T13:06:48.000Z</time>
        <extensions>
          <ns3:TrackPointExtension>
            <ns3:hr>158</ns3:hr>
          </ns3:TrackPointExtension>
        </extensions>
      </trkpt>
      <trkpt lat="24.48903643526136875152587890625" lon="118.104905895888805389404296875">
        <ele>4.599999904632568359375</ele>
        <time>2024-11-17T13:06:49.000Z</time>
        <extensions>
          <ns3:TrackPointExtension>
            <ns3:hr>158</ns3:hr>
          </ns3:TrackPointExtension>
        </extensions>
      </trkpt>
      <trkpt lat="24.4890673644840717315673828125" lon="118.1049013696610927581787109375">
        <ele>4.400000095367431640625</ele>
        <time>2024-11-17T13:06:50.000Z</time>
        <extensions>
          <ns3:TrackPointExtension>
            <ns3:hr>158</ns3:hr>
          </ns3:TrackPointExtension>
        </extensions>
      </trkpt>
      <trkpt lat="24.48909795843064785003662109375" lon="118.10489625670015811920166015625">
        <ele>4</ele>
        <time>2024-11-17T13:06:51.000Z</time>
        <extensions>
          <ns3:TrackPointExtension>
            <ns3:hr>158</ns3:hr>
          </ns3:TrackPointExtension>
        </extensions>
      </trkpt>
      <trkpt lat="24.4891287200152873992919921875" lon="118.10489080846309661865234375">
        <ele>3.7999999523162841796875</ele>
        <time>2024-11-17T13:06:52.000Z</time>
        <extensions>
          <ns3:TrackPointExtension>
            <ns3:hr>158</ns3:hr>
          </ns3:TrackPointExtension>
        </extensions>
      </trkpt>
      <trkpt lat="24.48915981687605381011962890625" lon="118.1048849411308765411376953125">
        <ele>3.7999999523162841796875</ele>
        <time>2024-11-17T13:06:53.000Z</time>
        <extensions>
          <ns3:TrackPointExtension>
            <ns3:hr>158</ns3:hr>
          </ns3:TrackPointExtension>
        </extensions>
      </trkpt>
      <trkpt lat="24.48919099755585193634033203125" lon="118.104878403246402740478515625">
        <ele>3.7999999523162841796875</ele>
        <time>2024-11-17T13:06:54.000Z</time>
        <extensions>
          <ns3:TrackPointExtension>
            <ns3:hr>158</ns3:hr>
          </ns3:TrackPointExtension>
        </extensions>
      </trkpt>
      <trkpt lat="24.489221759140491485595703125" lon="118.10487161390483379364013671875">
        <ele>3.7999999523162841796875</ele>
        <time>2024-11-17T13:06:55.000Z</time>
        <extensions>
          <ns3:TrackPointExtension>
            <ns3:hr>156</ns3:hr>
          </ns3:TrackPointExtension>
        </extensions>
      </trkpt>
      <trkpt lat="24.48925218544900417327880859375" lon="118.10486407019197940826416015625">
        <ele>3.7999999523162841796875</ele>
        <time>2024-11-17T13:06:56.000Z</time>
        <extensions>
          <ns3:TrackPointExtension>
            <ns3:hr>156</ns3:hr>
          </ns3:TrackPointExtension>
        </extensions>
      </trkpt>
      <trkpt lat="24.489281438291072845458984375" lon="118.1048551015555858612060546875">
        <ele>3.7999999523162841796875</ele>
        <time>2024-11-17T13:06:57.000Z</time>
        <extensions>
          <ns3:TrackPointExtension>
            <ns3:hr>156</ns3:hr>
          </ns3:TrackPointExtension>
        </extensions>
      </trkpt>
      <trkpt lat="24.48930985294282436370849609375" lon="118.10484428890049457550048828125">
        <ele>3.7999999523162841796875</ele>
        <time>2024-11-17T13:06:58.000Z</time>
        <extensions>
          <ns3:TrackPointExtension>
            <ns3:hr>156</ns3:hr>
          </ns3:TrackPointExtension>
        </extensions>
      </trkpt>
      <trkpt lat="24.4893389381468296051025390625" lon="118.104832135140895843505859375">
        <ele>4</ele>
        <time>2024-11-17T13:06:59.000Z</time>
        <extensions>
          <ns3:TrackPointExtension>
            <ns3:hr>156</ns3:hr>
          </ns3:TrackPointExtension>
        </extensions>
      </trkpt>
      <trkpt lat="24.48936869390308856964111328125" lon="118.10482014901936054229736328125">
        <ele>3.599999904632568359375</ele>
        <time>2024-11-17T13:07:00.000Z</time>
        <extensions>
          <ns3:TrackPointExtension>
            <ns3:hr>156</ns3:hr>
          </ns3:TrackPointExtension>
        </extensions>
      </trkpt>
      <trkpt lat="24.48939786292612552642822265625" lon="118.1048088334500789642333984375">
        <ele>3.400000095367431640625</ele>
        <time>2024-11-17T13:07:01.000Z</time>
        <extensions>
          <ns3:TrackPointExtension>
            <ns3:hr>156</ns3:hr>
          </ns3:TrackPointExtension>
        </extensions>
      </trkpt>
      <trkpt lat="24.4894261099398136138916015625" lon="118.10479693114757537841796875">
        <ele>3.2000000476837158203125</ele>
        <time>2024-11-17T13:07:02.000Z</time>
        <extensions>
          <ns3:TrackPointExtension>
            <ns3:hr>156</ns3:hr>
          </ns3:TrackPointExtension>
        </extensions>
      </trkpt>
      <trkpt lat="24.48945410549640655517578125" lon="118.10478360392153263092041015625">
        <ele>3</ele>
        <time>2024-11-17T13:07:03.000Z</time>
        <extensions>
          <ns3:TrackPointExtension>
            <ns3:hr>156</ns3:hr>
          </ns3:TrackPointExtension>
        </extensions>
      </trkpt>
      <trkpt lat="24.4894824363291263580322265625" lon="118.10476885177195072174072265625">
        <ele>2.7999999523162841796875</ele>
        <time>2024-11-17T13:07:04.000Z</time>
        <extensions>
          <ns3:TrackPointExtension>
            <ns3:hr>156</ns3:hr>
          </ns3:TrackPointExtension>
        </extensions>
      </trkpt>
      <trkpt lat="24.48951043188571929931640625" lon="118.1047521717846393585205078125">
        <ele>2.7999999523162841796875</ele>
        <time>2024-11-17T13:07:05.000Z</time>
        <extensions>
          <ns3:TrackPointExtension>
            <ns3:hr>156</ns3:hr>
          </ns3:TrackPointExtension>
        </extensions>
      </trkpt>
      <trkpt lat="24.4895377568900585174560546875" lon="118.104734234511852264404296875">
        <ele>2.599999904632568359375</ele>
        <time>2024-11-17T13:07:06.000Z</time>
        <extensions>
          <ns3:TrackPointExtension>
            <ns3:hr>155</ns3:hr>
          </ns3:TrackPointExtension>
        </extensions>
      </trkpt>
      <trkpt lat="24.48956449516117572784423828125" lon="118.1047157943248748779296875">
        <ele>2.599999904632568359375</ele>
        <time>2024-11-17T13:07:07.000Z</time>
        <extensions>
          <ns3:TrackPointExtension>
            <ns3:hr>155</ns3:hr>
          </ns3:TrackPointExtension>
        </extensions>
      </trkpt>
      <trkpt lat="24.48959114961326122283935546875" lon="118.10469710268080234527587890625">
        <ele>2.599999904632568359375</ele>
        <time>2024-11-17T13:07:08.000Z</time>
        <extensions>
          <ns3:TrackPointExtension>
            <ns3:hr>155</ns3:hr>
          </ns3:TrackPointExtension>
        </extensions>
      </trkpt>
      <trkpt lat="24.48961763642728328704833984375" lon="118.10467799194157123565673828125">
        <ele>2.7999999523162841796875</ele>
        <time>2024-11-17T13:07:09.000Z</time>
        <extensions>
          <ns3:TrackPointExtension>
            <ns3:hr>155</ns3:hr>
          </ns3:TrackPointExtension>
        </extensions>
      </trkpt>
      <trkpt lat="24.48964378796517848968505859375" lon="118.1046582944691181182861328125">
        <ele>3</ele>
        <time>2024-11-17T13:07:10.000Z</time>
        <extensions>
          <ns3:TrackPointExtension>
            <ns3:hr>155</ns3:hr>
          </ns3:TrackPointExtension>
        </extensions>
      </trkpt>
      <trkpt lat="24.4896693527698516845703125" lon="118.10463775880634784698486328125">
        <ele>3</ele>
        <time>2024-11-17T13:07:11.000Z</time>
        <extensions>
          <ns3:TrackPointExtension>
            <ns3:hr>155</ns3:hr>
          </ns3:TrackPointExtension>
        </extensions>
      </trkpt>
      <trkpt lat="24.48969391174614429473876953125" lon="118.1046167202293872833251953125">
        <ele>3.2000000476837158203125</ele>
        <time>2024-11-17T13:07:12.000Z</time>
        <extensions>
          <ns3:TrackPointExtension>
            <ns3:hr>155</ns3:hr>
          </ns3:TrackPointExtension>
        </extensions>
      </trkpt>
      <trkpt lat="24.4897176325321197509765625" lon="118.1045949272811412811279296875">
        <ele>3.400000095367431640625</ele>
        <time>2024-11-17T13:07:13.000Z</time>
        <extensions>
          <ns3:TrackPointExtension>
            <ns3:hr>156</ns3:hr>
          </ns3:TrackPointExtension>
        </extensions>
      </trkpt>
      <trkpt lat="24.4897409342229366302490234375" lon="118.10457237996160984039306640625">
        <ele>3.599999904632568359375</ele>
        <time>2024-11-17T13:07:14.000Z</time>
        <extensions>
          <ns3:TrackPointExtension>
            <ns3:hr>157</ns3:hr>
          </ns3:TrackPointExtension>
        </extensions>
      </trkpt>
      <trkpt lat="24.48976381681859493255615234375" lon="118.10454924590885639190673828125">
        <ele>3.599999904632568359375</ele>
        <time>2024-11-17T13:07:15.000Z</time>
        <extensions>
          <ns3:TrackPointExtension>
            <ns3:hr>157</ns3:hr>
          </ns3:TrackPointExtension>
        </extensions>
      </trkpt>
      <trkpt lat="24.489786364138126373291015625" lon="118.10452577657997608184814453125">
        <ele>3.7999999523162841796875</ele>
        <time>2024-11-17T13:07:16.000Z</time>
        <extensions>
          <ns3:TrackPointExtension>
            <ns3:hr>157</ns3:hr>
          </ns3:TrackPointExtension>
        </extensions>
      </trkpt>
      <trkpt lat="24.4898086600005626678466796875" lon="118.10450188815593719482421875">
        <ele>4</ele>
        <time>2024-11-17T13:07:17.000Z</time>
        <extensions>
          <ns3:TrackPointExtension>
            <ns3:hr>157</ns3:hr>
          </ns3:TrackPointExtension>
        </extensions>
      </trkpt>
      <trkpt lat="24.48983036912977695465087890625" lon="118.10447682626545429229736328125">
        <ele>4.19999980926513671875</ele>
        <time>2024-11-17T13:07:18.000Z</time>
        <extensions>
          <ns3:TrackPointExtension>
            <ns3:hr>157</ns3:hr>
          </ns3:TrackPointExtension>
        </extensions>
      </trkpt>
      <trkpt lat="24.48985107243061065673828125" lon="118.10445067472755908966064453125">
        <ele>4.19999980926513671875</ele>
        <time>2024-11-17T13:07:19.000Z</time>
        <extensions>
          <ns3:TrackPointExtension>
            <ns3:hr>157</ns3:hr>
          </ns3:TrackPointExtension>
        </extensions>
      </trkpt>
      <trkpt lat="24.489870853722095489501953125" lon="118.10442402027547359466552734375">
        <ele>4.400000095367431640625</ele>
        <time>2024-11-17T13:07:20.000Z</time>
        <extensions>
          <ns3:TrackPointExtension>
            <ns3:hr>157</ns3:hr>
          </ns3:TrackPointExtension>
        </extensions>
      </trkpt>
      <trkpt lat="24.48989004828035831451416015625" lon="118.10439719818532466888427734375">
        <ele>4.599999904632568359375</ele>
        <time>2024-11-17T13:07:21.000Z</time>
        <extensions>
          <ns3:TrackPointExtension>
            <ns3:hr>157</ns3:hr>
          </ns3:TrackPointExtension>
        </extensions>
      </trkpt>
      <trkpt lat="24.48990865610539913177490234375" lon="118.1043697893619537353515625">
        <ele>4.599999904632568359375</ele>
        <time>2024-11-17T13:07:22.000Z</time>
        <extensions>
          <ns3:TrackPointExtension>
            <ns3:hr>157</ns3:hr>
          </ns3:TrackPointExtension>
        </extensions>
      </trkpt>
      <trkpt lat="24.4899268448352813720703125" lon="118.10434162616729736328125">
        <ele>4.80000019073486328125</ele>
        <time>2024-11-17T13:07:23.000Z</time>
        <extensions>
          <ns3:TrackPointExtension>
            <ns3:hr>157</ns3:hr>
          </ns3:TrackPointExtension>
        </extensions>
      </trkpt>
      <trkpt lat="24.48994402773678302764892578125" lon="118.1043126247823238372802734375">
        <ele>5</ele>
        <time>2024-11-17T13:07:24.000Z</time>
        <extensions>
          <ns3:TrackPointExtension>
            <ns3:hr>157</ns3:hr>
          </ns3:TrackPointExtension>
        </extensions>
      </trkpt>
      <trkpt lat="24.489960372447967529296875" lon="118.10428286902606487274169921875">
        <ele>5</ele>
        <time>2024-11-17T13:07:25.000Z</time>
        <extensions>
          <ns3:TrackPointExtension>
            <ns3:hr>158</ns3:hr>
          </ns3:TrackPointExtension>
        </extensions>
      </trkpt>
      <trkpt lat="24.4899756275117397308349609375" lon="118.104252777993679046630859375">
        <ele>5.19999980926513671875</ele>
        <time>2024-11-17T13:07:26.000Z</time>
        <extensions>
          <ns3:TrackPointExtension>
            <ns3:hr>158</ns3:hr>
          </ns3:TrackPointExtension>
        </extensions>
      </trkpt>
      <trkpt lat="24.48998979292809963226318359375" lon="118.10422235168516635894775390625">
        <ele>5.400000095367431640625</ele>
        <time>2024-11-17T13:07:27.000Z</time>
        <extensions>
          <ns3:TrackPointExtension>
            <ns3:hr>158</ns3:hr>
          </ns3:TrackPointExtension>
        </extensions>
      </trkpt>
      <trkpt lat="24.49000320397317409515380859375" lon="118.1041909195482730865478515625">
        <ele>5.400000095367431640625</ele>
        <time>2024-11-17T13:07:28.000Z</time>
        <extensions>
          <ns3:TrackPointExtension>
            <ns3:hr>158</ns3:hr>
          </ns3:TrackPointExtension>
        </extensions>
      </trkpt>
      <trkpt lat="24.49001602828502655029296875" lon="118.10415831394493579864501953125">
        <ele>5.400000095367431640625</ele>
        <time>2024-11-17T13:07:29.000Z</time>
        <extensions>
          <ns3:TrackPointExtension>
            <ns3:hr>158</ns3:hr>
          </ns3:TrackPointExtension>
        </extensions>
      </trkpt>
      <trkpt lat="24.49002801440656185150146484375" lon="118.10412461869418621063232421875">
        <ele>5.400000095367431640625</ele>
        <time>2024-11-17T13:07:30.000Z</time>
        <extensions>
          <ns3:TrackPointExtension>
            <ns3:hr>158</ns3:hr>
          </ns3:TrackPointExtension>
        </extensions>
      </trkpt>
      <trkpt lat="24.4900386594235897064208984375" lon="118.104089833796024322509765625">
        <ele>5.19999980926513671875</ele>
        <time>2024-11-17T13:07:31.000Z</time>
        <extensions>
          <ns3:TrackPointExtension>
            <ns3:hr>158</ns3:hr>
          </ns3:TrackPointExtension>
        </extensions>
      </trkpt>
      <trkpt lat="24.4900477118790149688720703125" lon="118.10405370779335498809814453125">
        <ele>5.19999980926513671875</ele>
        <time>2024-11-17T13:07:32.000Z</time>
        <extensions>
          <ns3:TrackPointExtension>
            <ns3:hr>159</ns3:hr>
          </ns3:TrackPointExtension>
        </extensions>
      </trkpt>
      <trkpt lat="24.49005584232509136199951171875" lon="118.1040172465145587921142578125">
        <ele>5.19999980926513671875</ele>
        <time>2024-11-17T13:07:33.000Z</time>
        <extensions>
          <ns3:TrackPointExtension>
            <ns3:hr>159</ns3:hr>
          </ns3:TrackPointExtension>
        </extensions>
      </trkpt>
      <trkpt lat="24.4900638051331043243408203125" lon="118.10398162342607975006103515625">
        <ele>5.19999980926513671875</ele>
        <time>2024-11-17T13:07:34.000Z</time>
        <extensions>
          <ns3:TrackPointExtension>
            <ns3:hr>159</ns3:hr>
          </ns3:TrackPointExtension>
        </extensions>
      </trkpt>
      <trkpt lat="24.49007126502692699432373046875" lon="118.10394658707082271575927734375">
        <ele>5.19999980926513671875</ele>
        <time>2024-11-17T13:07:35.000Z</time>
        <extensions>
          <ns3:TrackPointExtension>
            <ns3:hr>159</ns3:hr>
          </ns3:TrackPointExtension>
        </extensions>
      </trkpt>
      <trkpt lat="24.49007780291140079498291015625" lon="118.10391180217266082763671875">
        <ele>5</ele>
        <time>2024-11-17T13:07:36.000Z</time>
        <extensions>
          <ns3:TrackPointExtension>
            <ns3:hr>159</ns3:hr>
          </ns3:TrackPointExtension>
        </extensions>
      </trkpt>
      <trkpt lat="24.490084089338779449462890625" lon="118.10387735255062580108642578125">
        <ele>5</ele>
        <time>2024-11-17T13:07:37.000Z</time>
        <extensions>
          <ns3:TrackPointExtension>
            <ns3:hr>158</ns3:hr>
          </ns3:TrackPointExtension>
        </extensions>
      </trkpt>
      <trkpt lat="24.4900902919471263885498046875" lon="118.10384315438568592071533203125">
        <ele>5</ele>
        <time>2024-11-17T13:07:38.000Z</time>
        <extensions>
          <ns3:TrackPointExtension>
            <ns3:hr>158</ns3:hr>
          </ns3:TrackPointExtension>
        </extensions>
      </trkpt>
      <trkpt lat="24.490095488727092742919921875" lon="118.10380929149687290191650390625">
        <ele>5</ele>
        <time>2024-11-17T13:07:39.000Z</time>
        <extensions>
          <ns3:TrackPointExtension>
            <ns3:hr>158</ns3:hr>
          </ns3:TrackPointExtension>
        </extensions>
      </trkpt>
      <trkpt lat="24.49009917676448822021484375" lon="118.103776015341281890869140625">
        <ele>5</ele>
        <time>2024-11-17T13:07:40.000Z</time>
        <extensions>
          <ns3:TrackPointExtension>
            <ns3:hr>158</ns3:hr>
          </ns3:TrackPointExtension>
        </extensions>
      </trkpt>
      <trkpt lat="24.49010185897350311279296875" lon="118.1037429906427860260009765625">
        <ele>5</ele>
        <time>2024-11-17T13:07:41.000Z</time>
        <extensions>
          <ns3:TrackPointExtension>
            <ns3:hr>158</ns3:hr>
          </ns3:TrackPointExtension>
        </extensions>
      </trkpt>
      <trkpt lat="24.490104205906391143798828125" lon="118.103709630668163299560546875">
        <ele>5</ele>
        <time>2024-11-17T13:07:42.000Z</time>
        <extensions>
          <ns3:TrackPointExtension>
            <ns3:hr>158</ns3:hr>
          </ns3:TrackPointExtension>
        </extensions>
      </trkpt>
      <trkpt lat="24.490106217563152313232421875" lon="118.10367576777935028076171875">
        <ele>5</ele>
        <time>2024-11-17T13:07:43.000Z</time>
        <extensions>
          <ns3:TrackPointExtension>
            <ns3:hr>158</ns3:hr>
          </ns3:TrackPointExtension>
        </extensions>
      </trkpt>
      <trkpt lat="24.49010781012475490570068359375" lon="118.10364232398569583892822265625">
        <ele>5</ele>
        <time>2024-11-17T13:07:44.000Z</time>
        <extensions>
          <ns3:TrackPointExtension>
            <ns3:hr>158</ns3:hr>
          </ns3:TrackPointExtension>
        </extensions>
      </trkpt>
      <trkpt lat="24.49010915122926235198974609375" lon="118.103609047830104827880859375">
        <ele>5.19999980926513671875</ele>
        <time>2024-11-17T13:07:45.000Z</time>
        <extensions>
          <ns3:TrackPointExtension>
            <ns3:hr>158</ns3:hr>
          </ns3:TrackPointExtension>
        </extensions>
      </trkpt>
      <trkpt lat="24.49010998941957950592041015625" lon="118.10357543639838695526123046875">
        <ele>5.400000095367431640625</ele>
        <time>2024-11-17T13:07:46.000Z</time>
        <extensions>
          <ns3:TrackPointExtension>
            <ns3:hr>158</ns3:hr>
          </ns3:TrackPointExtension>
        </extensions>
      </trkpt>
      <trkpt lat="24.49010998941957950592041015625" lon="118.10354174114763736724853515625">
        <ele>5.400000095367431640625</ele>
        <time>2024-11-17T13:07:47.000Z</time>
        <extensions>
          <ns3:TrackPointExtension>
            <ns3:hr>158</ns3:hr>
          </ns3:TrackPointExtension>
        </extensions>
      </trkpt>
      <trkpt lat="24.49010864831507205963134765625" lon="118.10350838117301464080810546875">
        <ele>5.599999904632568359375</ele>
        <time>2024-11-17T13:07:48.000Z</time>
        <extensions>
          <ns3:TrackPointExtension>
            <ns3:hr>158</ns3:hr>
          </ns3:TrackPointExtension>
        </extensions>
      </trkpt>
      <trkpt lat="24.4901060499250888824462890625" lon="118.103474937379360198974609375">
        <ele>5.599999904632568359375</ele>
        <time>2024-11-17T13:07:49.000Z</time>
        <extensions>
          <ns3:TrackPointExtension>
            <ns3:hr>158</ns3:hr>
          </ns3:TrackPointExtension>
        </extensions>
      </trkpt>
      <trkpt lat="24.49010261334478855133056640625" lon="118.103441409766674041748046875">
        <ele>5.80000019073486328125</ele>
        <time>2024-11-17T13:07:50.000Z</time>
        <extensions>
          <ns3:TrackPointExtension>
            <ns3:hr>158</ns3:hr>
          </ns3:TrackPointExtension>
        </extensions>
      </trkpt>
      <trkpt lat="24.490098841488361358642578125" lon="118.10340813361108303070068359375">
        <ele>5.80000019073486328125</ele>
        <time>2024-11-17T13:07:51.000Z</time>
        <extensions>
          <ns3:TrackPointExtension>
            <ns3:hr>158</ns3:hr>
          </ns3:TrackPointExtension>
        </extensions>
      </trkpt>
      <trkpt lat="24.4900943152606487274169921875" lon="118.103375025093555450439453125">
        <ele>6</ele>
        <time>2024-11-17T13:07:52.000Z</time>
        <extensions>
          <ns3:TrackPointExtension>
            <ns3:hr>158</ns3:hr>
          </ns3:TrackPointExtension>
        </extensions>
      </trkpt>
      <trkpt lat="24.49008853174746036529541015625" lon="118.10334183275699615478515625">
        <ele>6</ele>
        <time>2024-11-17T13:07:53.000Z</time>
        <extensions>
          <ns3:TrackPointExtension>
            <ns3:hr>158</ns3:hr>
          </ns3:TrackPointExtension>
        </extensions>
      </trkpt>
      <trkpt lat="24.49008132331073284149169921875" lon="118.103308640420436859130859375">
        <ele>6.19999980926513671875</ele>
        <time>2024-11-17T13:07:54.000Z</time>
        <extensions>
          <ns3:TrackPointExtension>
            <ns3:hr>158</ns3:hr>
          </ns3:TrackPointExtension>
        </extensions>
      </trkpt>
      <trkpt lat="24.49007243849337100982666015625" lon="118.10327553190290927886962890625">
        <ele>6.19999980926513671875</ele>
        <time>2024-11-17T13:07:55.000Z</time>
        <extensions>
          <ns3:TrackPointExtension>
            <ns3:hr>158</ns3:hr>
          </ns3:TrackPointExtension>
        </extensions>
      </trkpt>
      <trkpt lat="24.49006204493343830108642578125" lon="118.10324267484247684478759765625">
        <ele>6.400000095367431640625</ele>
        <time>2024-11-17T13:07:56.000Z</time>
        <extensions>
          <ns3:TrackPointExtension>
            <ns3:hr>158</ns3:hr>
          </ns3:TrackPointExtension>
        </extensions>
      </trkpt>
      <trkpt lat="24.4900502264499664306640625" lon="118.10320998542010784149169921875">
        <ele>6.400000095367431640625</ele>
        <time>2024-11-17T13:07:57.000Z</time>
        <extensions>
          <ns3:TrackPointExtension>
            <ns3:hr>158</ns3:hr>
          </ns3:TrackPointExtension>
        </extensions>
      </trkpt>
      <trkpt lat="24.490037821233272552490234375" lon="118.10317746363580226898193359375">
        <ele>6.400000095367431640625</ele>
        <time>2024-11-17T13:07:58.000Z</time>
        <extensions>
          <ns3:TrackPointExtension>
            <ns3:hr>158</ns3:hr>
          </ns3:TrackPointExtension>
        </extensions>
      </trkpt>
      <trkpt lat="24.4900249131023883819580078125" lon="118.103145025670528411865234375">
        <ele>6.599999904632568359375</ele>
        <time>2024-11-17T13:07:59.000Z</time>
        <extensions>
          <ns3:TrackPointExtension>
            <ns3:hr>158</ns3:hr>
          </ns3:TrackPointExtension>
        </extensions>
      </trkpt>
      <trkpt lat="24.490011669695377349853515625" lon="118.1031130068004131317138671875">
        <ele>6.599999904632568359375</ele>
        <time>2024-11-17T13:08:00.000Z</time>
        <extensions>
          <ns3:TrackPointExtension>
            <ns3:hr>158</ns3:hr>
          </ns3:TrackPointExtension>
        </extensions>
      </trkpt>
      <trkpt lat="24.48999783955514430999755859375" lon="118.103081323206424713134765625">
        <ele>6.599999904632568359375</ele>
        <time>2024-11-17T13:08:01.000Z</time>
        <extensions>
          <ns3:TrackPointExtension>
            <ns3:hr>158</ns3:hr>
          </ns3:TrackPointExtension>
        </extensions>
      </trkpt>
      <trkpt lat="24.48998291976749897003173828125" lon="118.10304989106953144073486328125">
        <ele>6.80000019073486328125</ele>
        <time>2024-11-17T13:08:02.000Z</time>
        <extensions>
          <ns3:TrackPointExtension>
            <ns3:hr>158</ns3:hr>
          </ns3:TrackPointExtension>
        </extensions>
      </trkpt>
      <trkpt lat="24.48996699415147304534912109375" lon="118.10301871038973331451416015625">
        <ele>6.80000019073486328125</ele>
        <time>2024-11-17T13:08:03.000Z</time>
        <extensions>
          <ns3:TrackPointExtension>
            <ns3:hr>158</ns3:hr>
          </ns3:TrackPointExtension>
        </extensions>
      </trkpt>
      <trkpt lat="24.48995039798319339752197265625" lon="118.10298778116703033447265625">
        <ele>6.80000019073486328125</ele>
        <time>2024-11-17T13:08:04.000Z</time>
        <extensions>
          <ns3:TrackPointExtension>
            <ns3:hr>157</ns3:hr>
          </ns3:TrackPointExtension>
        </extensions>
      </trkpt>
      <trkpt lat="24.489933215081691741943359375" lon="118.10295701958239078521728515625">
        <ele>6.80000019073486328125</ele>
        <time>2024-11-17T13:08:05.000Z</time>
        <extensions>
          <ns3:TrackPointExtension>
            <ns3:hr>157</ns3:hr>
          </ns3:TrackPointExtension>
        </extensions>
      </trkpt>
      <trkpt lat="24.48991552926599979400634765625" lon="118.1029269285500049591064453125">
        <ele>7</ele>
        <time>2024-11-17T13:08:06.000Z</time>
        <extensions>
          <ns3:TrackPointExtension>
            <ns3:hr>157</ns3:hr>
          </ns3:TrackPointExtension>
        </extensions>
      </trkpt>
      <trkpt lat="24.48989742435514926910400390625" lon="118.10289734043180942535400390625">
        <ele>7</ele>
        <time>2024-11-17T13:08:07.000Z</time>
        <extensions>
          <ns3:TrackPointExtension>
            <ns3:hr>157</ns3:hr>
          </ns3:TrackPointExtension>
        </extensions>
      </trkpt>
      <trkpt lat="24.48987848125398159027099609375" lon="118.10286783613264560699462890625">
        <ele>7</ele>
        <time>2024-11-17T13:08:08.000Z</time>
        <extensions>
          <ns3:TrackPointExtension>
            <ns3:hr>157</ns3:hr>
          </ns3:TrackPointExtension>
        </extensions>
      </trkpt>
      <trkpt lat="24.48985920287668704986572265625" lon="118.10283891856670379638671875">
        <ele>7</ele>
        <time>2024-11-17T13:08:09.000Z</time>
        <extensions>
          <ns3:TrackPointExtension>
            <ns3:hr>157</ns3:hr>
          </ns3:TrackPointExtension>
        </extensions>
      </trkpt>
      <trkpt lat="24.4898395054042339324951171875" lon="118.10281033627688884735107421875">
        <ele>7</ele>
        <time>2024-11-17T13:08:10.000Z</time>
        <extensions>
          <ns3:TrackPointExtension>
            <ns3:hr>157</ns3:hr>
          </ns3:TrackPointExtension>
        </extensions>
      </trkpt>
      <trkpt lat="24.48981896974146366119384765625" lon="118.10278217308223247528076171875">
        <ele>7</ele>
        <time>2024-11-17T13:08:11.000Z</time>
        <extensions>
          <ns3:TrackPointExtension>
            <ns3:hr>157</ns3:hr>
          </ns3:TrackPointExtension>
        </extensions>
      </trkpt>
      <trkpt lat="24.48979801498353481292724609375" lon="118.102754764258861541748046875">
        <ele>7.19999980926513671875</ele>
        <time>2024-11-17T13:08:12.000Z</time>
        <extensions>
          <ns3:TrackPointExtension>
            <ns3:hr>158</ns3:hr>
          </ns3:TrackPointExtension>
        </extensions>
      </trkpt>
      <trkpt lat="24.48977597057819366455078125" lon="118.1027282774448394775390625">
        <ele>7.19999980926513671875</ele>
        <time>2024-11-17T13:08:13.000Z</time>
        <extensions>
          <ns3:TrackPointExtension>
            <ns3:hr>158</ns3:hr>
          </ns3:TrackPointExtension>
        </extensions>
      </trkpt>
      <trkpt lat="24.4897519983351230621337890625" lon="118.10270321555435657501220703125">
        <ele>7.19999980926513671875</ele>
        <time>2024-11-17T13:08:14.000Z</time>
        <extensions>
          <ns3:TrackPointExtension>
            <ns3:hr>158</ns3:hr>
          </ns3:TrackPointExtension>
        </extensions>
      </trkpt>
      <trkpt lat="24.48972634971141815185546875" lon="118.102680332958698272705078125">
        <ele>7.400000095367431640625</ele>
        <time>2024-11-17T13:08:15.000Z</time>
        <extensions>
          <ns3:TrackPointExtension>
            <ns3:hr>158</ns3:hr>
          </ns3:TrackPointExtension>
        </extensions>
      </trkpt>
      <trkpt lat="24.4896996952593326568603515625" lon="118.10265929438173770904541015625">
        <ele>7.400000095367431640625</ele>
        <time>2024-11-17T13:08:16.000Z</time>
        <extensions>
          <ns3:TrackPointExtension>
            <ns3:hr>158</ns3:hr>
          </ns3:TrackPointExtension>
        </extensions>
      </trkpt>
      <trkpt lat="24.48967270553112030029296875" lon="118.1026389263570308685302734375">
        <ele>7.599999904632568359375</ele>
        <time>2024-11-17T13:08:17.000Z</time>
        <extensions>
          <ns3:TrackPointExtension>
            <ns3:hr>158</ns3:hr>
          </ns3:TrackPointExtension>
        </extensions>
      </trkpt>
      <trkpt lat="24.4896457158029079437255859375" lon="118.10261839069426059722900390625">
        <ele>7.599999904632568359375</ele>
        <time>2024-11-17T13:08:18.000Z</time>
        <extensions>
          <ns3:TrackPointExtension>
            <ns3:hr>158</ns3:hr>
          </ns3:TrackPointExtension>
        </extensions>
      </trkpt>
      <trkpt lat="24.48961847461760044097900390625" lon="118.10259777121245861053466796875">
        <ele>7.80000019073486328125</ele>
        <time>2024-11-17T13:08:19.000Z</time>
        <extensions>
          <ns3:TrackPointExtension>
            <ns3:hr>158</ns3:hr>
          </ns3:TrackPointExtension>
        </extensions>
      </trkpt>
      <trkpt lat="24.48959064669907093048095703125" lon="118.10257798992097377777099609375">
        <ele>7.80000019073486328125</ele>
        <time>2024-11-17T13:08:20.000Z</time>
        <extensions>
          <ns3:TrackPointExtension>
            <ns3:hr>158</ns3:hr>
          </ns3:TrackPointExtension>
        </extensions>
      </trkpt>
      <trkpt lat="24.48956248350441455841064453125" lon="118.10255938209593296051025390625">
        <ele>8</ele>
        <time>2024-11-17T13:08:21.000Z</time>
        <extensions>
          <ns3:TrackPointExtension>
            <ns3:hr>158</ns3:hr>
          </ns3:TrackPointExtension>
        </extensions>
      </trkpt>
      <trkpt lat="24.4895340688526630401611328125" lon="118.1025420315563678741455078125">
        <ele>8</ele>
        <time>2024-11-17T13:08:22.000Z</time>
        <extensions>
          <ns3:TrackPointExtension>
            <ns3:hr>158</ns3:hr>
          </ns3:TrackPointExtension>
        </extensions>
      </trkpt>
      <trkpt lat="24.48950531892478466033935546875" lon="118.10252518393099308013916015625">
        <ele>8</ele>
        <time>2024-11-17T13:08:23.000Z</time>
        <extensions>
          <ns3:TrackPointExtension>
            <ns3:hr>158</ns3:hr>
          </ns3:TrackPointExtension>
        </extensions>
      </trkpt>
      <trkpt lat="24.4894760660827159881591796875" lon="118.10250858776271343231201171875">
        <ele>8.19999980926513671875</ele>
        <time>2024-11-17T13:08:24.000Z</time>
        <extensions>
          <ns3:TrackPointExtension>
            <ns3:hr>158</ns3:hr>
          </ns3:TrackPointExtension>
        </extensions>
      </trkpt>
      <trkpt lat="24.48944664560258388519287109375" lon="118.1024930812418460845947265625">
        <ele>8.19999980926513671875</ele>
        <time>2024-11-17T13:08:25.000Z</time>
        <extensions>
          <ns3:TrackPointExtension>
            <ns3:hr>158</ns3:hr>
          </ns3:TrackPointExtension>
        </extensions>
      </trkpt>
      <trkpt lat="24.48941697366535663604736328125" lon="118.10247874818742275238037109375">
        <ele>8.19999980926513671875</ele>
        <time>2024-11-17T13:08:26.000Z</time>
        <extensions>
          <ns3:TrackPointExtension>
            <ns3:hr>158</ns3:hr>
          </ns3:TrackPointExtension>
        </extensions>
      </trkpt>
      <trkpt lat="24.4893865473568439483642578125" lon="118.1024655885994434356689453125">
        <ele>8.3999996185302734375</ele>
        <time>2024-11-17T13:08:27.000Z</time>
        <extensions>
          <ns3:TrackPointExtension>
            <ns3:hr>158</ns3:hr>
          </ns3:TrackPointExtension>
        </extensions>
      </trkpt>
      <trkpt lat="24.48935561813414096832275390625" lon="118.10245377011597156524658203125">
        <ele>8.3999996185302734375</ele>
        <time>2024-11-17T13:08:28.000Z</time>
        <extensions>
          <ns3:TrackPointExtension>
            <ns3:hr>158</ns3:hr>
          </ns3:TrackPointExtension>
        </extensions>
      </trkpt>
      <trkpt lat="24.4893245212733745574951171875" lon="118.1024434603750705718994140625">
        <ele>8.3999996185302734375</ele>
        <time>2024-11-17T13:08:29.000Z</time>
        <extensions>
          <ns3:TrackPointExtension>
            <ns3:hr>159</ns3:hr>
          </ns3:TrackPointExtension>
        </extensions>
      </trkpt>
      <trkpt lat="24.48929275386035442352294921875" lon="118.10243382118642330169677734375">
        <ele>8.6000003814697265625</ele>
        <time>2024-11-17T13:08:30.000Z</time>
        <extensions>
          <ns3:TrackPointExtension>
            <ns3:hr>159</ns3:hr>
          </ns3:TrackPointExtension>
        </extensions>
      </trkpt>
      <trkpt lat="24.48926090262830257415771484375" lon="118.1024246849119663238525390625">
        <ele>8.6000003814697265625</ele>
        <time>2024-11-17T13:08:31.000Z</time>
        <extensions>
          <ns3:TrackPointExtension>
            <ns3:hr>159</ns3:hr>
          </ns3:TrackPointExtension>
        </extensions>
      </trkpt>
      <trkpt lat="24.4892294704914093017578125" lon="118.102416135370731353759765625">
        <ele>8.80000019073486328125</ele>
        <time>2024-11-17T13:08:32.000Z</time>
        <extensions>
          <ns3:TrackPointExtension>
            <ns3:hr>159</ns3:hr>
          </ns3:TrackPointExtension>
        </extensions>
      </trkpt>
      <trkpt lat="24.48919770307838916778564453125" lon="118.10240834020078182220458984375">
        <ele>9</ele>
        <time>2024-11-17T13:08:33.000Z</time>
        <extensions>
          <ns3:TrackPointExtension>
            <ns3:hr>159</ns3:hr>
          </ns3:TrackPointExtension>
        </extensions>
      </trkpt>
      <trkpt lat="24.489165432751178741455078125" lon="118.102401383221149444580078125">
        <ele>9.19999980926513671875</ele>
        <time>2024-11-17T13:08:34.000Z</time>
        <extensions>
          <ns3:TrackPointExtension>
            <ns3:hr>158</ns3:hr>
          </ns3:TrackPointExtension>
        </extensions>
      </trkpt>
      <trkpt lat="24.4891327433288097381591796875" lon="118.1023956835269927978515625">
        <ele>9.3999996185302734375</ele>
        <time>2024-11-17T13:08:35.000Z</time>
        <extensions>
          <ns3:TrackPointExtension>
            <ns3:hr>158</ns3:hr>
          </ns3:TrackPointExtension>
        </extensions>
      </trkpt>
      <trkpt lat="24.48910030536353588104248046875" lon="118.10239174403250217437744140625">
        <ele>9.80000019073486328125</ele>
        <time>2024-11-17T13:08:36.000Z</time>
        <extensions>
          <ns3:TrackPointExtension>
            <ns3:hr>158</ns3:hr>
          </ns3:TrackPointExtension>
        </extensions>
      </trkpt>
      <trkpt lat="24.48906828649342060089111328125" lon="118.10238855890929698944091796875">
        <ele>10</ele>
        <time>2024-11-17T13:08:37.000Z</time>
        <extensions>
          <ns3:TrackPointExtension>
            <ns3:hr>158</ns3:hr>
          </ns3:TrackPointExtension>
        </extensions>
      </trkpt>
      <trkpt lat="24.48903643526136875152587890625" lon="118.10238537378609180450439453125">
        <ele>10.19999980926513671875</ele>
        <time>2024-11-17T13:08:38.000Z</time>
        <extensions>
          <ns3:TrackPointExtension>
            <ns3:hr>158</ns3:hr>
          </ns3:TrackPointExtension>
        </extensions>
      </trkpt>
      <trkpt lat="24.489004500210285186767578125" lon="118.10238185338675975799560546875">
        <ele>10.3999996185302734375</ele>
        <time>2024-11-17T13:08:39.000Z</time>
        <extensions>
          <ns3:TrackPointExtension>
            <ns3:hr>158</ns3:hr>
          </ns3:TrackPointExtension>
        </extensions>
      </trkpt>
      <trkpt lat="24.48897290043532848358154296875" lon="118.10237816534936428070068359375">
        <ele>10.3999996185302734375</ele>
        <time>2024-11-17T13:08:40.000Z</time>
        <extensions>
          <ns3:TrackPointExtension>
            <ns3:hr>158</ns3:hr>
          </ns3:TrackPointExtension>
        </extensions>
      </trkpt>
      <trkpt lat="24.48894188739359378814697265625" lon="118.1023747287690639495849609375">
        <ele>10.6000003814697265625</ele>
        <time>2024-11-17T13:08:41.000Z</time>
        <extensions>
          <ns3:TrackPointExtension>
            <ns3:hr>158</ns3:hr>
          </ns3:TrackPointExtension>
        </extensions>
      </trkpt>
      <trkpt lat="24.4889107905328273773193359375" lon="118.102371878921985626220703125">
        <ele>10.6000003814697265625</ele>
        <time>2024-11-17T13:08:42.000Z</time>
        <extensions>
          <ns3:TrackPointExtension>
            <ns3:hr>158</ns3:hr>
          </ns3:TrackPointExtension>
        </extensions>
      </trkpt>
      <trkpt lat="24.48887952603399753570556640625" lon="118.10236944817006587982177734375">
        <ele>10.80000019073486328125</ele>
        <time>2024-11-17T13:08:43.000Z</time>
        <extensions>
          <ns3:TrackPointExtension>
            <ns3:hr>158</ns3:hr>
          </ns3:TrackPointExtension>
        </extensions>
      </trkpt>
      <trkpt lat="24.48884767480194568634033203125" lon="118.1023680232465267181396484375">
        <ele>10.80000019073486328125</ele>
        <time>2024-11-17T13:08:44.000Z</time>
        <extensions>
          <ns3:TrackPointExtension>
            <ns3:hr>158</ns3:hr>
          </ns3:TrackPointExtension>
        </extensions>
      </trkpt>
      <trkpt lat="24.48881548829376697540283203125" lon="118.10236827470362186431884765625">
        <ele>11</ele>
        <time>2024-11-17T13:08:45.000Z</time>
        <extensions>
          <ns3:TrackPointExtension>
            <ns3:hr>158</ns3:hr>
          </ns3:TrackPointExtension>
        </extensions>
      </trkpt>
      <trkpt lat="24.488783888518810272216796875" lon="118.10237045399844646453857421875">
        <ele>11</ele>
        <time>2024-11-17T13:08:46.000Z</time>
        <extensions>
          <ns3:TrackPointExtension>
            <ns3:hr>158</ns3:hr>
          </ns3:TrackPointExtension>
        </extensions>
      </trkpt>
      <trkpt lat="24.48875270783901214599609375" lon="118.1023747287690639495849609375">
        <ele>11</ele>
        <time>2024-11-17T13:08:47.000Z</time>
        <extensions>
          <ns3:TrackPointExtension>
            <ns3:hr>158</ns3:hr>
          </ns3:TrackPointExtension>
        </extensions>
      </trkpt>
      <trkpt lat="24.48872144334018230438232421875" lon="118.1023795902729034423828125">
        <ele>11</ele>
        <time>2024-11-17T13:08:48.000Z</time>
        <extensions>
          <ns3:TrackPointExtension>
            <ns3:hr>158</ns3:hr>
          </ns3:TrackPointExtension>
        </extensions>
      </trkpt>
      <trkpt lat="24.4886895082890987396240234375" lon="118.10238453559577465057373046875">
        <ele>10.80000019073486328125</ele>
        <time>2024-11-17T13:08:49.000Z</time>
        <extensions>
          <ns3:TrackPointExtension>
            <ns3:hr>158</ns3:hr>
          </ns3:TrackPointExtension>
        </extensions>
      </trkpt>
      <trkpt lat="24.48865723796188831329345703125" lon="118.102389983832836151123046875">
        <ele>10.80000019073486328125</ele>
        <time>2024-11-17T13:08:50.000Z</time>
        <extensions>
          <ns3:TrackPointExtension>
            <ns3:hr>158</ns3:hr>
          </ns3:TrackPointExtension>
        </extensions>
      </trkpt>
      <trkpt lat="24.48862505145370960235595703125" lon="118.1023965217173099517822265625">
        <ele>10.6000003814697265625</ele>
        <time>2024-11-17T13:08:51.000Z</time>
        <extensions>
          <ns3:TrackPointExtension>
            <ns3:hr>158</ns3:hr>
          </ns3:TrackPointExtension>
        </extensions>
      </trkpt>
      <trkpt lat="24.4885937869548797607421875" lon="118.10240448452532291412353515625">
        <ele>10.6000003814697265625</ele>
        <time>2024-11-17T13:08:52.000Z</time>
        <extensions>
          <ns3:TrackPointExtension>
            <ns3:hr>159</ns3:hr>
          </ns3:TrackPointExtension>
        </extensions>
      </trkpt>
      <trkpt lat="24.48856386356055736541748046875" lon="118.10241378843784332275390625">
        <ele>10.6000003814697265625</ele>
        <time>2024-11-17T13:08:53.000Z</time>
        <extensions>
          <ns3:TrackPointExtension>
            <ns3:hr>159</ns3:hr>
          </ns3:TrackPointExtension>
        </extensions>
      </trkpt>
      <trkpt lat="24.48853435926139354705810546875" lon="118.10242426581680774688720703125">
        <ele>10.6000003814697265625</ele>
        <time>2024-11-17T13:08:54.000Z</time>
        <extensions>
          <ns3:TrackPointExtension>
            <ns3:hr>157</ns3:hr>
          </ns3:TrackPointExtension>
        </extensions>
      </trkpt>
      <trkpt lat="24.4885047711431980133056640625" lon="118.1024357490241527557373046875">
        <ele>10.6000003814697265625</ele>
        <time>2024-11-17T13:08:55.000Z</time>
        <extensions>
          <ns3:TrackPointExtension>
            <ns3:hr>157</ns3:hr>
          </ns3:TrackPointExtension>
        </extensions>
      </trkpt>
      <trkpt lat="24.4884757697582244873046875" lon="118.102448992431163787841796875">
        <ele>10.6000003814697265625</ele>
        <time>2024-11-17T13:08:56.000Z</time>
        <extensions>
          <ns3:TrackPointExtension>
            <ns3:hr>157</ns3:hr>
          </ns3:TrackPointExtension>
        </extensions>
      </trkpt>
      <trkpt lat="24.48844752274453639984130859375" lon="118.10246382839977741241455078125">
        <ele>10.6000003814697265625</ele>
        <time>2024-11-17T13:08:57.000Z</time>
        <extensions>
          <ns3:TrackPointExtension>
            <ns3:hr>157</ns3:hr>
          </ns3:TrackPointExtension>
        </extensions>
      </trkpt>
      <trkpt lat="24.4884182699024677276611328125" lon="118.1024789996445178985595703125">
        <ele>10.80000019073486328125</ele>
        <time>2024-11-17T13:08:58.000Z</time>
        <extensions>
          <ns3:TrackPointExtension>
            <ns3:hr>157</ns3:hr>
          </ns3:TrackPointExtension>
        </extensions>
      </trkpt>
      <trkpt lat="24.488388597965240478515625" lon="118.10249383561313152313232421875">
        <ele>10.80000019073486328125</ele>
        <time>2024-11-17T13:08:59.000Z</time>
        <extensions>
          <ns3:TrackPointExtension>
            <ns3:hr>157</ns3:hr>
          </ns3:TrackPointExtension>
        </extensions>
      </trkpt>
      <trkpt lat="24.4883595965802669525146484375" lon="118.10250909067690372467041015625">
        <ele>10.6000003814697265625</ele>
        <time>2024-11-17T13:09:00.000Z</time>
        <extensions>
          <ns3:TrackPointExtension>
            <ns3:hr>157</ns3:hr>
          </ns3:TrackPointExtension>
        </extensions>
      </trkpt>
      <trkpt lat="24.4883310981094837188720703125" lon="118.10252535156905651092529296875">
        <ele>10.6000003814697265625</ele>
        <time>2024-11-17T13:09:01.000Z</time>
        <extensions>
          <ns3:TrackPointExtension>
            <ns3:hr>157</ns3:hr>
          </ns3:TrackPointExtension>
        </extensions>
      </trkpt>
      <trkpt lat="24.48830318637192249298095703125" lon="118.10254245065152645111083984375">
        <ele>10.3999996185302734375</ele>
        <time>2024-11-17T13:09:02.000Z</time>
        <extensions>
          <ns3:TrackPointExtension>
            <ns3:hr>158</ns3:hr>
          </ns3:TrackPointExtension>
        </extensions>
      </trkpt>
      <trkpt lat="24.488276280462741851806640625" lon="118.102560304105281829833984375">
        <ele>10.3999996185302734375</ele>
        <time>2024-11-17T13:09:03.000Z</time>
        <extensions>
          <ns3:TrackPointExtension>
            <ns3:hr>158</ns3:hr>
          </ns3:TrackPointExtension>
        </extensions>
      </trkpt>
      <trkpt lat="24.48824979364871978759765625" lon="118.102579079568386077880859375">
        <ele>10.19999980926513671875</ele>
        <time>2024-11-17T13:09:04.000Z</time>
        <extensions>
          <ns3:TrackPointExtension>
            <ns3:hr>158</ns3:hr>
          </ns3:TrackPointExtension>
        </extensions>
      </trkpt>
      <trkpt lat="24.4882236421108245849609375" lon="118.10259911231696605682373046875">
        <ele>10</ele>
        <time>2024-11-17T13:09:05.000Z</time>
        <extensions>
          <ns3:TrackPointExtension>
            <ns3:hr>156</ns3:hr>
          </ns3:TrackPointExtension>
        </extensions>
      </trkpt>
      <trkpt lat="24.4881979934871196746826171875" lon="118.10261989943683147430419921875">
        <ele>9.80000019073486328125</ele>
        <time>2024-11-17T13:09:06.000Z</time>
        <extensions>
          <ns3:TrackPointExtension>
            <ns3:hr>156</ns3:hr>
          </ns3:TrackPointExtension>
        </extensions>
      </trkpt>
      <trkpt lat="24.48817309923470020294189453125" lon="118.10264177620410919189453125">
        <ele>9.3999996185302734375</ele>
        <time>2024-11-17T13:09:07.000Z</time>
        <extensions>
          <ns3:TrackPointExtension>
            <ns3:hr>156</ns3:hr>
          </ns3:TrackPointExtension>
        </extensions>
      </trkpt>
      <trkpt lat="24.4881490431725978851318359375" lon="118.10266499407589435577392578125">
        <ele>9</ele>
        <time>2024-11-17T13:09:08.000Z</time>
        <extensions>
          <ns3:TrackPointExtension>
            <ns3:hr>156</ns3:hr>
          </ns3:TrackPointExtension>
        </extensions>
      </trkpt>
      <trkpt lat="24.4881259091198444366455078125" lon="118.10268938541412353515625">
        <ele>8.3999996185302734375</ele>
        <time>2024-11-17T13:09:09.000Z</time>
        <extensions>
          <ns3:TrackPointExtension>
            <ns3:hr>156</ns3:hr>
          </ns3:TrackPointExtension>
        </extensions>
      </trkpt>
      <trkpt lat="24.48810352943837642669677734375" lon="118.10271394439041614532470703125">
        <ele>8</ele>
        <time>2024-11-17T13:09:10.000Z</time>
        <extensions>
          <ns3:TrackPointExtension>
            <ns3:hr>156</ns3:hr>
          </ns3:TrackPointExtension>
        </extensions>
      </trkpt>
      <trkpt lat="24.48808123357594013214111328125" lon="118.10273825190961360931396484375">
        <ele>7.400000095367431640625</ele>
        <time>2024-11-17T13:09:11.000Z</time>
        <extensions>
          <ns3:TrackPointExtension>
            <ns3:hr>156</ns3:hr>
          </ns3:TrackPointExtension>
        </extensions>
      </trkpt>
      <trkpt lat="24.488058350980281829833984375" lon="118.10276255942881107330322265625">
        <ele>7.19999980926513671875</ele>
        <time>2024-11-17T13:09:12.000Z</time>
        <extensions>
          <ns3:TrackPointExtension>
            <ns3:hr>156</ns3:hr>
          </ns3:TrackPointExtension>
        </extensions>
      </trkpt>
      <trkpt lat="24.48803597129881381988525390625" lon="118.10278686694800853729248046875">
        <ele>7</ele>
        <time>2024-11-17T13:09:13.000Z</time>
        <extensions>
          <ns3:TrackPointExtension>
            <ns3:hr>156</ns3:hr>
          </ns3:TrackPointExtension>
        </extensions>
      </trkpt>
      <trkpt lat="24.48801451362669467926025390625" lon="118.10281150974333286285400390625">
        <ele>7</ele>
        <time>2024-11-17T13:09:14.000Z</time>
        <extensions>
          <ns3:TrackPointExtension>
            <ns3:hr>156</ns3:hr>
          </ns3:TrackPointExtension>
        </extensions>
      </trkpt>
      <trkpt lat="24.48799456469714641571044921875" lon="118.1028370745480060577392578125">
        <ele>6.80000019073486328125</ele>
        <time>2024-11-17T13:09:15.000Z</time>
        <extensions>
          <ns3:TrackPointExtension>
            <ns3:hr>156</ns3:hr>
          </ns3:TrackPointExtension>
        </extensions>
      </trkpt>
      <trkpt lat="24.4879763759672641754150390625" lon="118.10286414809525012969970703125">
        <ele>6.599999904632568359375</ele>
        <time>2024-11-17T13:09:16.000Z</time>
        <extensions>
          <ns3:TrackPointExtension>
            <ns3:hr>156</ns3:hr>
          </ns3:TrackPointExtension>
        </extensions>
      </trkpt>
      <trkpt lat="24.48795952834188938140869140625" lon="118.1028917245566844940185546875">
        <ele>6.599999904632568359375</ele>
        <time>2024-11-17T13:09:17.000Z</time>
        <extensions>
          <ns3:TrackPointExtension>
            <ns3:hr>156</ns3:hr>
          </ns3:TrackPointExtension>
        </extensions>
      </trkpt>
      <trkpt lat="24.48794326744973659515380859375" lon="118.1029192171990871429443359375">
        <ele>6.599999904632568359375</ele>
        <time>2024-11-17T13:09:18.000Z</time>
        <extensions>
          <ns3:TrackPointExtension>
            <ns3:hr>155</ns3:hr>
          </ns3:TrackPointExtension>
        </extensions>
      </trkpt>
      <trkpt lat="24.4879274256527423858642578125" lon="118.10294696129858493804931640625">
        <ele>6.80000019073486328125</ele>
        <time>2024-11-17T13:09:19.000Z</time>
        <extensions>
          <ns3:TrackPointExtension>
            <ns3:hr>155</ns3:hr>
          </ns3:TrackPointExtension>
        </extensions>
      </trkpt>
      <trkpt lat="24.48791141621768474578857421875" lon="118.10297512449324131011962890625">
        <ele>7</ele>
        <time>2024-11-17T13:09:20.000Z</time>
        <extensions>
          <ns3:TrackPointExtension>
            <ns3:hr>155</ns3:hr>
          </ns3:TrackPointExtension>
        </extensions>
      </trkpt>
      <trkpt lat="24.487895071506500244140625" lon="118.10300362296402454376220703125">
        <ele>7.19999980926513671875</ele>
        <time>2024-11-17T13:09:21.000Z</time>
        <extensions>
          <ns3:TrackPointExtension>
            <ns3:hr>155</ns3:hr>
          </ns3:TrackPointExtension>
        </extensions>
      </trkpt>
      <trkpt lat="24.48787855915725231170654296875" lon="118.10303270816802978515625">
        <ele>7.400000095367431640625</ele>
        <time>2024-11-17T13:09:22.000Z</time>
        <extensions>
          <ns3:TrackPointExtension>
            <ns3:hr>155</ns3:hr>
          </ns3:TrackPointExtension>
        </extensions>
      </trkpt>
      <trkpt lat="24.48786221444606781005859375" lon="118.10306212864816188812255859375">
        <ele>7.599999904632568359375</ele>
        <time>2024-11-17T13:09:23.000Z</time>
        <extensions>
          <ns3:TrackPointExtension>
            <ns3:hr>156</ns3:hr>
          </ns3:TrackPointExtension>
        </extensions>
      </trkpt>
      <trkpt lat="24.48784704320132732391357421875" lon="118.10309163294732570648193359375">
        <ele>7.80000019073486328125</ele>
        <time>2024-11-17T13:09:24.000Z</time>
        <extensions>
          <ns3:TrackPointExtension>
            <ns3:hr>156</ns3:hr>
          </ns3:TrackPointExtension>
        </extensions>
      </trkpt>
      <trkpt lat="24.4878335483372211456298828125" lon="118.10312130488455295562744140625">
        <ele>8</ele>
        <time>2024-11-17T13:09:25.000Z</time>
        <extensions>
          <ns3:TrackPointExtension>
            <ns3:hr>156</ns3:hr>
          </ns3:TrackPointExtension>
        </extensions>
      </trkpt>
      <trkpt lat="24.48782206512987613677978515625" lon="118.1031512282788753509521484375">
        <ele>8.6000003814697265625</ele>
        <time>2024-11-17T13:09:26.000Z</time>
        <extensions>
          <ns3:TrackPointExtension>
            <ns3:hr>156</ns3:hr>
          </ns3:TrackPointExtension>
        </extensions>
      </trkpt>
      <trkpt lat="24.4878117553889751434326171875" lon="118.10318131931126117706298828125">
        <ele>9</ele>
        <time>2024-11-17T13:09:27.000Z</time>
        <extensions>
          <ns3:TrackPointExtension>
            <ns3:hr>156</ns3:hr>
          </ns3:TrackPointExtension>
        </extensions>
      </trkpt>
      <trkpt lat="24.48780119419097900390625" lon="118.1032119132578372955322265625">
        <ele>9.6000003814697265625</ele>
        <time>2024-11-17T13:09:28.000Z</time>
        <extensions>
          <ns3:TrackPointExtension>
            <ns3:hr>156</ns3:hr>
          </ns3:TrackPointExtension>
        </extensions>
      </trkpt>
      <trkpt lat="24.487790130078792572021484375" lon="118.10324317775666713714599609375">
        <ele>10.19999980926513671875</ele>
        <time>2024-11-17T13:09:29.000Z</time>
        <extensions>
          <ns3:TrackPointExtension>
            <ns3:hr>156</ns3:hr>
          </ns3:TrackPointExtension>
        </extensions>
      </trkpt>
      <trkpt lat="24.48777973651885986328125" lon="118.10327502898871898651123046875">
        <ele>10.6000003814697265625</ele>
        <time>2024-11-17T13:09:30.000Z</time>
        <extensions>
          <ns3:TrackPointExtension>
            <ns3:hr>156</ns3:hr>
          </ns3:TrackPointExtension>
        </extensions>
      </trkpt>
      <trkpt lat="24.48777127079665660858154296875" lon="118.1033071316778659820556640625">
        <ele>11</ele>
        <time>2024-11-17T13:09:31.000Z</time>
        <extensions>
          <ns3:TrackPointExtension>
            <ns3:hr>156</ns3:hr>
          </ns3:TrackPointExtension>
        </extensions>
      </trkpt>
      <trkpt lat="24.48776431381702423095703125" lon="118.10333906672894954681396484375">
        <ele>11.3999996185302734375</ele>
        <time>2024-11-17T13:09:32.000Z</time>
        <extensions>
          <ns3:TrackPointExtension>
            <ns3:hr>158</ns3:hr>
          </ns3:TrackPointExtension>
        </extensions>
      </trkpt>
      <trkpt lat="24.48775785975158214569091796875" lon="118.10337075032293796539306640625">
        <ele>11.80000019073486328125</ele>
        <time>2024-11-17T13:09:33.000Z</time>
        <extensions>
          <ns3:TrackPointExtension>
            <ns3:hr>158</ns3:hr>
          </ns3:TrackPointExtension>
        </extensions>
      </trkpt>
      <trkpt lat="24.487751238048076629638671875" lon="118.10340243391692638397216796875">
        <ele>12</ele>
        <time>2024-11-17T13:09:34.000Z</time>
        <extensions>
          <ns3:TrackPointExtension>
            <ns3:hr>158</ns3:hr>
          </ns3:TrackPointExtension>
        </extensions>
      </trkpt>
      <trkpt lat="24.487745203077793121337890625" lon="118.1034348718822002410888671875">
        <ele>11.80000019073486328125</ele>
        <time>2024-11-17T13:09:35.000Z</time>
        <extensions>
          <ns3:TrackPointExtension>
            <ns3:hr>158</ns3:hr>
          </ns3:TrackPointExtension>
        </extensions>
      </trkpt>
      <trkpt lat="24.48774042539298534393310546875" lon="118.10346848331391811370849609375">
        <ele>11.6000003814697265625</ele>
        <time>2024-11-17T13:09:36.000Z</time>
        <extensions>
          <ns3:TrackPointExtension>
            <ns3:hr>158</ns3:hr>
          </ns3:TrackPointExtension>
        </extensions>
      </trkpt>
      <trkpt lat="24.487737156450748443603515625" lon="118.1035022623836994171142578125">
        <ele>11.3999996185302734375</ele>
        <time>2024-11-17T13:09:37.000Z</time>
        <extensions>
          <ns3:TrackPointExtension>
            <ns3:hr>159</ns3:hr>
          </ns3:TrackPointExtension>
        </extensions>
      </trkpt>
      <trkpt lat="24.48773489333689212799072265625" lon="118.10353604145348072052001953125">
        <ele>11.3999996185302734375</ele>
        <time>2024-11-17T13:09:38.000Z</time>
        <extensions>
          <ns3:TrackPointExtension>
            <ns3:hr>159</ns3:hr>
          </ns3:TrackPointExtension>
        </extensions>
      </trkpt>
      <trkpt lat="24.48773288168013095855712890625" lon="118.10356990434229373931884765625">
        <ele>11.19999980926513671875</ele>
        <time>2024-11-17T13:09:39.000Z</time>
        <extensions>
          <ns3:TrackPointExtension>
            <ns3:hr>159</ns3:hr>
          </ns3:TrackPointExtension>
        </extensions>
      </trkpt>
      <trkpt lat="24.48773137293756008148193359375" lon="118.10360393486917018890380859375">
        <ele>11</ele>
        <time>2024-11-17T13:09:40.000Z</time>
        <extensions>
          <ns3:TrackPointExtension>
            <ns3:hr>159</ns3:hr>
          </ns3:TrackPointExtension>
        </extensions>
      </trkpt>
      <trkpt lat="24.48773170821368694305419921875" lon="118.10363779775798320770263671875">
        <ele>11</ele>
        <time>2024-11-17T13:09:41.000Z</time>
        <extensions>
          <ns3:TrackPointExtension>
            <ns3:hr>159</ns3:hr>
          </ns3:TrackPointExtension>
        </extensions>
      </trkpt>
      <trkpt lat="24.48773439042270183563232421875" lon="118.10367107391357421875">
        <ele>10.80000019073486328125</ele>
        <time>2024-11-17T13:09:42.000Z</time>
        <extensions>
          <ns3:TrackPointExtension>
            <ns3:hr>159</ns3:hr>
          </ns3:TrackPointExtension>
        </extensions>
      </trkpt>
      <trkpt lat="24.48773791082203388214111328125" lon="118.10370435006916522979736328125">
        <ele>10.19999980926513671875</ele>
        <time>2024-11-17T13:09:43.000Z</time>
        <extensions>
          <ns3:TrackPointExtension>
            <ns3:hr>159</ns3:hr>
          </ns3:TrackPointExtension>
        </extensions>
      </trkpt>
      <trkpt lat="24.48774126358330249786376953125" lon="118.103737793862819671630859375">
        <ele>9.80000019073486328125</ele>
        <time>2024-11-17T13:09:44.000Z</time>
        <extensions>
          <ns3:TrackPointExtension>
            <ns3:hr>159</ns3:hr>
          </ns3:TrackPointExtension>
        </extensions>
      </trkpt>
      <trkpt lat="24.48774461634457111358642578125" lon="118.10377207584679126739501953125">
        <ele>9.3999996185302734375</ele>
        <time>2024-11-17T13:09:45.000Z</time>
        <extensions>
          <ns3:TrackPointExtension>
            <ns3:hr>159</ns3:hr>
          </ns3:TrackPointExtension>
        </extensions>
      </trkpt>
      <trkpt lat="24.4877487234771251678466796875" lon="118.10380644164979457855224609375">
        <ele>9</ele>
        <time>2024-11-17T13:09:46.000Z</time>
        <extensions>
          <ns3:TrackPointExtension>
            <ns3:hr>159</ns3:hr>
          </ns3:TrackPointExtension>
        </extensions>
      </trkpt>
      <trkpt lat="24.48775433935225009918212890625" lon="118.1038402207195758819580078125">
        <ele>8.80000019073486328125</ele>
        <time>2024-11-17T13:09:47.000Z</time>
        <extensions>
          <ns3:TrackPointExtension>
            <ns3:hr>159</ns3:hr>
          </ns3:TrackPointExtension>
        </extensions>
      </trkpt>
      <trkpt lat="24.4877617992460727691650390625" lon="118.10387399978935718536376953125">
        <ele>8.3999996185302734375</ele>
        <time>2024-11-17T13:09:48.000Z</time>
        <extensions>
          <ns3:TrackPointExtension>
            <ns3:hr>159</ns3:hr>
          </ns3:TrackPointExtension>
        </extensions>
      </trkpt>
      <trkpt lat="24.48777093552052974700927734375" lon="118.10390769504010677337646484375">
        <ele>8.19999980926513671875</ele>
        <time>2024-11-17T13:09:49.000Z</time>
        <extensions>
          <ns3:TrackPointExtension>
            <ns3:hr>161</ns3:hr>
          </ns3:TrackPointExtension>
        </extensions>
      </trkpt>
      <trkpt lat="24.4877810776233673095703125" lon="118.10394088737666606903076171875">
        <ele>8</ele>
        <time>2024-11-17T13:09:50.000Z</time>
        <extensions>
          <ns3:TrackPointExtension>
            <ns3:hr>161</ns3:hr>
          </ns3:TrackPointExtension>
        </extensions>
      </trkpt>
      <trkpt lat="24.4877913035452365875244140625" lon="118.1039736606180667877197265625">
        <ele>7.80000019073486328125</ele>
        <time>2024-11-17T13:09:51.000Z</time>
        <extensions>
          <ns3:TrackPointExtension>
            <ns3:hr>161</ns3:hr>
          </ns3:TrackPointExtension>
        </extensions>
      </trkpt>
      <trkpt lat="24.4878013618290424346923828125" lon="118.10400609858334064483642578125">
        <ele>7.599999904632568359375</ele>
        <time>2024-11-17T13:09:52.000Z</time>
        <extensions>
          <ns3:TrackPointExtension>
            <ns3:hr>161</ns3:hr>
          </ns3:TrackPointExtension>
        </extensions>
      </trkpt>
      <trkpt lat="24.48781125247478485107421875" lon="118.10403811745345592498779296875">
        <ele>7.19999980926513671875</ele>
        <time>2024-11-17T13:09:53.000Z</time>
        <extensions>
          <ns3:TrackPointExtension>
            <ns3:hr>161</ns3:hr>
          </ns3:TrackPointExtension>
        </extensions>
      </trkpt>
      <trkpt lat="24.48782089166343212127685546875" lon="118.104069717228412628173828125">
        <ele>7</ele>
        <time>2024-11-17T13:09:54.000Z</time>
        <extensions>
          <ns3:TrackPointExtension>
            <ns3:hr>161</ns3:hr>
          </ns3:TrackPointExtension>
        </extensions>
      </trkpt>
      <trkpt lat="24.4878308661282062530517578125" lon="118.10410114936530590057373046875">
        <ele>6.80000019073486328125</ele>
        <time>2024-11-17T13:09:55.000Z</time>
        <extensions>
          <ns3:TrackPointExtension>
            <ns3:hr>161</ns3:hr>
          </ns3:TrackPointExtension>
        </extensions>
      </trkpt>
      <trkpt lat="24.487841762602329254150390625" lon="118.10413308441638946533203125">
        <ele>6.599999904632568359375</ele>
        <time>2024-11-17T13:09:56.000Z</time>
        <extensions>
          <ns3:TrackPointExtension>
            <ns3:hr>161</ns3:hr>
          </ns3:TrackPointExtension>
        </extensions>
      </trkpt>
      <trkpt lat="24.48785391636192798614501953125" lon="118.10416552238166332244873046875">
        <ele>6.400000095367431640625</ele>
        <time>2024-11-17T13:09:57.000Z</time>
        <extensions>
          <ns3:TrackPointExtension>
            <ns3:hr>161</ns3:hr>
          </ns3:TrackPointExtension>
        </extensions>
      </trkpt>
      <trkpt lat="24.48786699213087558746337890625" lon="118.10419737361371517181396484375">
        <ele>6.19999980926513671875</ele>
        <time>2024-11-17T13:09:58.000Z</time>
        <extensions>
          <ns3:TrackPointExtension>
            <ns3:hr>160</ns3:hr>
          </ns3:TrackPointExtension>
        </extensions>
      </trkpt>
      <trkpt lat="24.48788090609014034271240234375" lon="118.104228638112545013427734375">
        <ele>6</ele>
        <time>2024-11-17T13:09:59.000Z</time>
        <extensions>
          <ns3:TrackPointExtension>
            <ns3:hr>160</ns3:hr>
          </ns3:TrackPointExtension>
        </extensions>
      </trkpt>
      <trkpt lat="24.4878955744206905364990234375" lon="118.10426007024943828582763671875">
        <ele>6</ele>
        <time>2024-11-17T13:10:00.000Z</time>
        <extensions>
          <ns3:TrackPointExtension>
            <ns3:hr>160</ns3:hr>
          </ns3:TrackPointExtension>
        </extensions>
      </trkpt>
      <trkpt lat="24.4879109971225261688232421875" lon="118.10429158620536327362060546875">
        <ele>6</ele>
        <time>2024-11-17T13:10:01.000Z</time>
        <extensions>
          <ns3:TrackPointExtension>
            <ns3:hr>160</ns3:hr>
          </ns3:TrackPointExtension>
        </extensions>
      </trkpt>
      <trkpt lat="24.48792667128145694732666015625" lon="118.10432209633290767669677734375">
        <ele>6</ele>
        <time>2024-11-17T13:10:02.000Z</time>
        <extensions>
          <ns3:TrackPointExtension>
            <ns3:hr>160</ns3:hr>
          </ns3:TrackPointExtension>
        </extensions>
      </trkpt>
      <trkpt lat="24.48794268071651458740234375" lon="118.10435160063207149505615234375">
        <ele>6</ele>
        <time>2024-11-17T13:10:03.000Z</time>
        <extensions>
          <ns3:TrackPointExtension>
            <ns3:hr>160</ns3:hr>
          </ns3:TrackPointExtension>
        </extensions>
      </trkpt>
      <trkpt lat="24.48795952834188938140869140625" lon="118.104380853474140167236328125">
        <ele>6</ele>
        <time>2024-11-17T13:10:04.000Z</time>
        <extensions>
          <ns3:TrackPointExtension>
            <ns3:hr>160</ns3:hr>
          </ns3:TrackPointExtension>
        </extensions>
      </trkpt>
      <trkpt lat="24.4879777170717716217041015625" lon="118.10440977104008197784423828125">
        <ele>6</ele>
        <time>2024-11-17T13:10:05.000Z</time>
        <extensions>
          <ns3:TrackPointExtension>
            <ns3:hr>160</ns3:hr>
          </ns3:TrackPointExtension>
        </extensions>
      </trkpt>
      <trkpt lat="24.48799741454422473907470703125" lon="118.1044376827776432037353515625">
        <ele>6</ele>
        <time>2024-11-17T13:10:06.000Z</time>
        <extensions>
          <ns3:TrackPointExtension>
            <ns3:hr>160</ns3:hr>
          </ns3:TrackPointExtension>
        </extensions>
      </trkpt>
      <trkpt lat="24.488018117845058441162109375" lon="118.10446433722972869873046875">
        <ele>6</ele>
        <time>2024-11-17T13:10:07.000Z</time>
        <extensions>
          <ns3:TrackPointExtension>
            <ns3:hr>160</ns3:hr>
          </ns3:TrackPointExtension>
        </extensions>
      </trkpt>
      <trkpt lat="24.48803932406008243560791015625" lon="118.1044903211295604705810546875">
        <ele>6</ele>
        <time>2024-11-17T13:10:08.000Z</time>
        <extensions>
          <ns3:TrackPointExtension>
            <ns3:hr>160</ns3:hr>
          </ns3:TrackPointExtension>
        </extensions>
      </trkpt>
      <trkpt lat="24.4880605302751064300537109375" lon="118.10451605357229709625244140625">
        <ele>6.19999980926513671875</ele>
        <time>2024-11-17T13:10:09.000Z</time>
        <extensions>
          <ns3:TrackPointExtension>
            <ns3:hr>160</ns3:hr>
          </ns3:TrackPointExtension>
        </extensions>
      </trkpt>
      <trkpt lat="24.48808207176625728607177734375" lon="118.10454078018665313720703125">
        <ele>6.400000095367431640625</ele>
        <time>2024-11-17T13:10:10.000Z</time>
        <extensions>
          <ns3:TrackPointExtension>
            <ns3:hr>160</ns3:hr>
          </ns3:TrackPointExtension>
        </extensions>
      </trkpt>
      <trkpt lat="24.488104619085788726806640625" lon="118.10456492006778717041015625">
        <ele>6.80000019073486328125</ele>
        <time>2024-11-17T13:10:11.000Z</time>
        <extensions>
          <ns3:TrackPointExtension>
            <ns3:hr>160</ns3:hr>
          </ns3:TrackPointExtension>
        </extensions>
      </trkpt>
      <trkpt lat="24.48812817223370075225830078125" lon="118.104588724672794342041015625">
        <ele>7</ele>
        <time>2024-11-17T13:10:12.000Z</time>
        <extensions>
          <ns3:TrackPointExtension>
            <ns3:hr>160</ns3:hr>
          </ns3:TrackPointExtension>
        </extensions>
      </trkpt>
      <trkpt lat="24.488152228295803070068359375" lon="118.10461185872554779052734375">
        <ele>7.19999980926513671875</ele>
        <time>2024-11-17T13:10:13.000Z</time>
        <extensions>
          <ns3:TrackPointExtension>
            <ns3:hr>160</ns3:hr>
          </ns3:TrackPointExtension>
        </extensions>
      </trkpt>
      <trkpt lat="24.4881762005388736724853515625" lon="118.10463390313088893890380859375">
        <ele>7.400000095367431640625</ele>
        <time>2024-11-17T13:10:14.000Z</time>
        <extensions>
          <ns3:TrackPointExtension>
            <ns3:hr>159</ns3:hr>
          </ns3:TrackPointExtension>
        </extensions>
      </trkpt>
      <trkpt lat="24.48820017278194427490234375" lon="118.10465485788881778717041015625">
        <ele>7.19999980926513671875</ele>
        <time>2024-11-17T13:10:15.000Z</time>
        <extensions>
          <ns3:TrackPointExtension>
            <ns3:hr>159</ns3:hr>
          </ns3:TrackPointExtension>
        </extensions>
      </trkpt>
      <trkpt lat="24.48822473175823688507080078125" lon="118.104675225913524627685546875">
        <ele>7.19999980926513671875</ele>
        <time>2024-11-17T13:10:16.000Z</time>
        <extensions>
          <ns3:TrackPointExtension>
            <ns3:hr>159</ns3:hr>
          </ns3:TrackPointExtension>
        </extensions>
      </trkpt>
      <trkpt lat="24.48825113475322723388671875" lon="118.1046948395669460296630859375">
        <ele>7</ele>
        <time>2024-11-17T13:10:17.000Z</time>
        <extensions>
          <ns3:TrackPointExtension>
            <ns3:hr>159</ns3:hr>
          </ns3:TrackPointExtension>
        </extensions>
      </trkpt>
      <trkpt lat="24.4882791303098201751708984375" lon="118.10471353121101856231689453125">
        <ele>6.80000019073486328125</ele>
        <time>2024-11-17T13:10:18.000Z</time>
        <extensions>
          <ns3:TrackPointExtension>
            <ns3:hr>159</ns3:hr>
          </ns3:TrackPointExtension>
        </extensions>
      </trkpt>
      <trkpt lat="24.48830737732350826263427734375" lon="118.10473146848380565643310546875">
        <ele>6.599999904632568359375</ele>
        <time>2024-11-17T13:10:19.000Z</time>
        <extensions>
          <ns3:TrackPointExtension>
            <ns3:hr>159</ns3:hr>
          </ns3:TrackPointExtension>
        </extensions>
      </trkpt>
      <trkpt lat="24.48833554051816463470458984375" lon="118.10474890284240245819091796875">
        <ele>6.400000095367431640625</ele>
        <time>2024-11-17T13:10:20.000Z</time>
        <extensions>
          <ns3:TrackPointExtension>
            <ns3:hr>158</ns3:hr>
          </ns3:TrackPointExtension>
        </extensions>
      </trkpt>
      <trkpt lat="24.4883639551699161529541015625" lon="118.10476516373455524444580078125">
        <ele>6</ele>
        <time>2024-11-17T13:10:21.000Z</time>
        <extensions>
          <ns3:TrackPointExtension>
            <ns3:hr>158</ns3:hr>
          </ns3:TrackPointExtension>
        </extensions>
      </trkpt>
      <trkpt lat="24.4883931241929531097412109375" lon="118.104780502617359161376953125">
        <ele>5.80000019073486328125</ele>
        <time>2024-11-17T13:10:22.000Z</time>
        <extensions>
          <ns3:TrackPointExtension>
            <ns3:hr>158</ns3:hr>
          </ns3:TrackPointExtension>
        </extensions>
      </trkpt>
      <trkpt lat="24.4884226284921169281005859375" lon="118.104795254766941070556640625">
        <ele>5.599999904632568359375</ele>
        <time>2024-11-17T13:10:23.000Z</time>
        <extensions>
          <ns3:TrackPointExtension>
            <ns3:hr>158</ns3:hr>
          </ns3:TrackPointExtension>
        </extensions>
      </trkpt>
      <trkpt lat="24.488451965153217315673828125" lon="118.1048096716403961181640625">
        <ele>5.400000095367431640625</ele>
        <time>2024-11-17T13:10:24.000Z</time>
        <extensions>
          <ns3:TrackPointExtension>
            <ns3:hr>158</ns3:hr>
          </ns3:TrackPointExtension>
        </extensions>
      </trkpt>
      <trkpt lat="24.4884809665381908416748046875" lon="118.10482316650450229644775390625">
        <ele>5.19999980926513671875</ele>
        <time>2024-11-17T13:10:25.000Z</time>
        <extensions>
          <ns3:TrackPointExtension>
            <ns3:hr>158</ns3:hr>
          </ns3:TrackPointExtension>
        </extensions>
      </trkpt>
      <trkpt lat="24.48851055465638637542724609375" lon="118.10483490116894245147705078125">
        <ele>5</ele>
        <time>2024-11-17T13:10:26.000Z</time>
        <extensions>
          <ns3:TrackPointExtension>
            <ns3:hr>158</ns3:hr>
          </ns3:TrackPointExtension>
        </extensions>
      </trkpt>
      <trkpt lat="24.48854106478393077850341796875" lon="118.1048440374433994293212890625">
        <ele>5</ele>
        <time>2024-11-17T13:10:27.000Z</time>
        <extensions>
          <ns3:TrackPointExtension>
            <ns3:hr>157</ns3:hr>
          </ns3:TrackPointExtension>
        </extensions>
      </trkpt>
      <trkpt lat="24.48857174254953861236572265625" lon="118.1048514135181903839111328125">
        <ele>5</ele>
        <time>2024-11-17T13:10:28.000Z</time>
        <extensions>
          <ns3:TrackPointExtension>
            <ns3:hr>157</ns3:hr>
          </ns3:TrackPointExtension>
        </extensions>
      </trkpt>
      <trkpt lat="24.48860242031514644622802734375" lon="118.1048579514026641845703125">
        <ele>5</ele>
        <time>2024-11-17T13:10:29.000Z</time>
        <extensions>
          <ns3:TrackPointExtension>
            <ns3:hr>157</ns3:hr>
          </ns3:TrackPointExtension>
        </extensions>
      </trkpt>
      <trkpt lat="24.48863376863300800323486328125" lon="118.104863651096820831298828125">
        <ele>5</ele>
        <time>2024-11-17T13:10:30.000Z</time>
        <extensions>
          <ns3:TrackPointExtension>
            <ns3:hr>159</ns3:hr>
          </ns3:TrackPointExtension>
        </extensions>
      </trkpt>
      <trkpt lat="24.4886653684079647064208984375" lon="118.10486859641969203948974609375">
        <ele>5</ele>
        <time>2024-11-17T13:10:31.000Z</time>
        <extensions>
          <ns3:TrackPointExtension>
            <ns3:hr>159</ns3:hr>
          </ns3:TrackPointExtension>
        </extensions>
      </trkpt>
      <trkpt lat="24.48869663290679454803466796875" lon="118.10487337410449981689453125">
        <ele>5</ele>
        <time>2024-11-17T13:10:32.000Z</time>
        <extensions>
          <ns3:TrackPointExtension>
            <ns3:hr>159</ns3:hr>
          </ns3:TrackPointExtension>
        </extensions>
      </trkpt>
      <trkpt lat="24.4887278974056243896484375" lon="118.1048785708844661712646484375">
        <ele>5</ele>
        <time>2024-11-17T13:10:33.000Z</time>
        <extensions>
          <ns3:TrackPointExtension>
            <ns3:hr>159</ns3:hr>
          </ns3:TrackPointExtension>
        </extensions>
      </trkpt>
      <trkpt lat="24.488759078085422515869140625" lon="118.104883767664432525634765625">
        <ele>4.80000019073486328125</ele>
        <time>2024-11-17T13:10:34.000Z</time>
        <extensions>
          <ns3:TrackPointExtension>
            <ns3:hr>159</ns3:hr>
          </ns3:TrackPointExtension>
        </extensions>
      </trkpt>
      <trkpt lat="24.488790929317474365234375" lon="118.104887790977954864501953125">
        <ele>4.80000019073486328125</ele>
        <time>2024-11-17T13:10:35.000Z</time>
        <extensions>
          <ns3:TrackPointExtension>
            <ns3:hr>159</ns3:hr>
          </ns3:TrackPointExtension>
        </extensions>
      </trkpt>
      <trkpt lat="24.488823115825653076171875" lon="118.104890473186969757080078125">
        <ele>4.599999904632568359375</ele>
        <time>2024-11-17T13:10:36.000Z</time>
        <extensions>
          <ns3:TrackPointExtension>
            <ns3:hr>159</ns3:hr>
          </ns3:TrackPointExtension>
        </extensions>
      </trkpt>
      <trkpt lat="24.4888551346957683563232421875" lon="118.10489214956760406494140625">
        <ele>4.599999904632568359375</ele>
        <time>2024-11-17T13:10:37.000Z</time>
        <extensions>
          <ns3:TrackPointExtension>
            <ns3:hr>159</ns3:hr>
          </ns3:TrackPointExtension>
        </extensions>
      </trkpt>
      <trkpt lat="24.48888681828975677490234375" lon="118.10489357449114322662353515625">
        <ele>4.80000019073486328125</ele>
        <time>2024-11-17T13:10:38.000Z</time>
        <extensions>
          <ns3:TrackPointExtension>
            <ns3:hr>158</ns3:hr>
          </ns3:TrackPointExtension>
        </extensions>
      </trkpt>
      <trkpt lat="24.4889188371598720550537109375" lon="118.10489508323371410369873046875">
        <ele>4.80000019073486328125</ele>
        <time>2024-11-17T13:10:39.000Z</time>
        <extensions>
          <ns3:TrackPointExtension>
            <ns3:hr>158</ns3:hr>
          </ns3:TrackPointExtension>
        </extensions>
      </trkpt>
      <trkpt lat="24.488951526582241058349609375" lon="118.10489642433822154998779296875">
        <ele>5</ele>
        <time>2024-11-17T13:10:40.000Z</time>
        <extensions>
          <ns3:TrackPointExtension>
            <ns3:hr>158</ns3:hr>
          </ns3:TrackPointExtension>
        </extensions>
      </trkpt>
      <trkpt lat="24.48898497037589550018310546875" lon="118.1048976816236972808837890625">
        <ele>5</ele>
        <time>2024-11-17T13:10:41.000Z</time>
        <extensions>
          <ns3:TrackPointExtension>
            <ns3:hr>158</ns3:hr>
          </ns3:TrackPointExtension>
        </extensions>
      </trkpt>
      <trkpt lat="24.48901782743632793426513671875" lon="118.10489793308079242706298828125">
        <ele>5</ele>
        <time>2024-11-17T13:10:42.000Z</time>
        <extensions>
          <ns3:TrackPointExtension>
            <ns3:hr>158</ns3:hr>
          </ns3:TrackPointExtension>
        </extensions>
      </trkpt>
      <trkpt lat="24.48904900811612606048583984375" lon="118.1048966757953166961669921875">
        <ele>4.599999904632568359375</ele>
        <time>2024-11-17T13:10:43.000Z</time>
        <extensions>
          <ns3:TrackPointExtension>
            <ns3:hr>158</ns3:hr>
          </ns3:TrackPointExtension>
        </extensions>
      </trkpt>
      <trkpt lat="24.489079602062702178955078125" lon="118.10489424504339694976806640625">
        <ele>4.19999980926513671875</ele>
        <time>2024-11-17T13:10:44.000Z</time>
        <extensions>
          <ns3:TrackPointExtension>
            <ns3:hr>160</ns3:hr>
          </ns3:TrackPointExtension>
        </extensions>
      </trkpt>
      <trkpt lat="24.4891106151044368743896484375" lon="118.1048906408250331878662109375">
        <ele>4</ele>
        <time>2024-11-17T13:10:45.000Z</time>
        <extensions>
          <ns3:TrackPointExtension>
            <ns3:hr>160</ns3:hr>
          </ns3:TrackPointExtension>
        </extensions>
      </trkpt>
      <trkpt lat="24.48914154432713985443115234375" lon="118.10488544404506683349609375">
        <ele>3.7999999523162841796875</ele>
        <time>2024-11-17T13:10:46.000Z</time>
        <extensions>
          <ns3:TrackPointExtension>
            <ns3:hr>160</ns3:hr>
          </ns3:TrackPointExtension>
        </extensions>
      </trkpt>
      <trkpt lat="24.4891723059117794036865234375" lon="118.104878403246402740478515625">
        <ele>3.7999999523162841796875</ele>
        <time>2024-11-17T13:10:47.000Z</time>
        <extensions>
          <ns3:TrackPointExtension>
            <ns3:hr>160</ns3:hr>
          </ns3:TrackPointExtension>
        </extensions>
      </trkpt>
      <trkpt lat="24.48920273222029209136962890625" lon="118.104869686067104339599609375">
        <ele>3.7999999523162841796875</ele>
        <time>2024-11-17T13:10:48.000Z</time>
        <extensions>
          <ns3:TrackPointExtension>
            <ns3:hr>160</ns3:hr>
          </ns3:TrackPointExtension>
        </extensions>
      </trkpt>
      <trkpt lat="24.4892326556146144866943359375" lon="118.10486004687845706939697265625">
        <ele>4</ele>
        <time>2024-11-17T13:10:49.000Z</time>
        <extensions>
          <ns3:TrackPointExtension>
            <ns3:hr>160</ns3:hr>
          </ns3:TrackPointExtension>
        </extensions>
      </trkpt>
      <trkpt lat="24.489262662827968597412109375" lon="118.1048499047756195068359375">
        <ele>4</ele>
        <time>2024-11-17T13:10:50.000Z</time>
        <extensions>
          <ns3:TrackPointExtension>
            <ns3:hr>160</ns3:hr>
          </ns3:TrackPointExtension>
        </extensions>
      </trkpt>
      <trkpt lat="24.48929275386035442352294921875" lon="118.10483875684440135955810546875">
        <ele>4</ele>
        <time>2024-11-17T13:10:51.000Z</time>
        <extensions>
          <ns3:TrackPointExtension>
            <ns3:hr>160</ns3:hr>
          </ns3:TrackPointExtension>
        </extensions>
      </trkpt>
      <trkpt lat="24.48932259343564510345458984375" lon="118.10482651926577091217041015625">
        <ele>4</ele>
        <time>2024-11-17T13:10:52.000Z</time>
        <extensions>
          <ns3:TrackPointExtension>
            <ns3:hr>160</ns3:hr>
          </ns3:TrackPointExtension>
        </extensions>
      </trkpt>
      <trkpt lat="24.489351846277713775634765625" lon="118.10481369495391845703125">
        <ele>4</ele>
        <time>2024-11-17T13:10:53.000Z</time>
        <extensions>
          <ns3:TrackPointExtension>
            <ns3:hr>159</ns3:hr>
          </ns3:TrackPointExtension>
        </extensions>
      </trkpt>
      <trkpt lat="24.4893805123865604400634765625" lon="118.10480070300400257110595703125">
        <ele>3.7999999523162841796875</ele>
        <time>2024-11-17T13:10:54.000Z</time>
        <extensions>
          <ns3:TrackPointExtension>
            <ns3:hr>159</ns3:hr>
          </ns3:TrackPointExtension>
        </extensions>
      </trkpt>
      <trkpt lat="24.489408843219280242919921875" lon="118.10478712432086467742919921875">
        <ele>3.400000095367431640625</ele>
        <time>2024-11-17T13:10:55.000Z</time>
        <extensions>
          <ns3:TrackPointExtension>
            <ns3:hr>159</ns3:hr>
          </ns3:TrackPointExtension>
        </extensions>
      </trkpt>
      <trkpt lat="24.489437006413936614990234375" lon="118.10477270744740962982177734375">
        <ele>3.2000000476837158203125</ele>
        <time>2024-11-17T13:10:56.000Z</time>
        <extensions>
          <ns3:TrackPointExtension>
            <ns3:hr>159</ns3:hr>
          </ns3:TrackPointExtension>
        </extensions>
      </trkpt>
      <trkpt lat="24.4894655048847198486328125" lon="118.10475745238363742828369140625">
        <ele>3.2000000476837158203125</ele>
        <time>2024-11-17T13:10:57.000Z</time>
        <extensions>
          <ns3:TrackPointExtension>
            <ns3:hr>159</ns3:hr>
          </ns3:TrackPointExtension>
        </extensions>
      </trkpt>
      <trkpt lat="24.48949375189840793609619140625" lon="118.10474119149148464202880859375">
        <ele>3.2000000476837158203125</ele>
        <time>2024-11-17T13:10:58.000Z</time>
        <extensions>
          <ns3:TrackPointExtension>
            <ns3:hr>159</ns3:hr>
          </ns3:TrackPointExtension>
        </extensions>
      </trkpt>
      <trkpt lat="24.4895213283598423004150390625" lon="118.10472375713288784027099609375">
        <ele>3</ele>
        <time>2024-11-17T13:10:59.000Z</time>
        <extensions>
          <ns3:TrackPointExtension>
            <ns3:hr>159</ns3:hr>
          </ns3:TrackPointExtension>
        </extensions>
      </trkpt>
      <trkpt lat="24.48954873718321323394775390625" lon="118.10470548458397388458251953125">
        <ele>2.7999999523162841796875</ele>
        <time>2024-11-17T13:11:00.000Z</time>
        <extensions>
          <ns3:TrackPointExtension>
            <ns3:hr>157</ns3:hr>
          </ns3:TrackPointExtension>
        </extensions>
      </trkpt>
      <trkpt lat="24.489576481282711029052734375" lon="118.10468696057796478271484375">
        <ele>2.7999999523162841796875</ele>
        <time>2024-11-17T13:11:01.000Z</time>
        <extensions>
          <ns3:TrackPointExtension>
            <ns3:hr>157</ns3:hr>
          </ns3:TrackPointExtension>
        </extensions>
      </trkpt>
      <trkpt lat="24.4896038062870502471923828125" lon="118.10466877184808254241943359375">
        <ele>3</ele>
        <time>2024-11-17T13:11:02.000Z</time>
        <extensions>
          <ns3:TrackPointExtension>
            <ns3:hr>157</ns3:hr>
          </ns3:TrackPointExtension>
        </extensions>
      </trkpt>
      <trkpt lat="24.4896302931010723114013671875" lon="118.10465066693723201751708984375">
        <ele>3</ele>
        <time>2024-11-17T13:11:03.000Z</time>
        <extensions>
          <ns3:TrackPointExtension>
            <ns3:hr>157</ns3:hr>
          </ns3:TrackPointExtension>
        </extensions>
      </trkpt>
      <trkpt lat="24.48965585790574550628662109375" lon="118.1046321429312229156494140625">
        <ele>3.2000000476837158203125</ele>
        <time>2024-11-17T13:11:04.000Z</time>
        <extensions>
          <ns3:TrackPointExtension>
            <ns3:hr>157</ns3:hr>
          </ns3:TrackPointExtension>
        </extensions>
      </trkpt>
      <trkpt lat="24.48968083597719669342041015625" lon="118.104612529277801513671875">
        <ele>3.2000000476837158203125</ele>
        <time>2024-11-17T13:11:05.000Z</time>
        <extensions>
          <ns3:TrackPointExtension>
            <ns3:hr>157</ns3:hr>
          </ns3:TrackPointExtension>
        </extensions>
      </trkpt>
      <trkpt lat="24.4897053949534893035888671875" lon="118.1045912392437458038330078125">
        <ele>3.400000095367431640625</ele>
        <time>2024-11-17T13:11:06.000Z</time>
        <extensions>
          <ns3:TrackPointExtension>
            <ns3:hr>157</ns3:hr>
          </ns3:TrackPointExtension>
        </extensions>
      </trkpt>
      <trkpt lat="24.4897288642823696136474609375" lon="118.1045687757432460784912109375">
        <ele>3.599999904632568359375</ele>
        <time>2024-11-17T13:11:07.000Z</time>
        <extensions>
          <ns3:TrackPointExtension>
            <ns3:hr>157</ns3:hr>
          </ns3:TrackPointExtension>
        </extensions>
      </trkpt>
      <trkpt lat="24.48975107632577419281005859375" lon="118.10454572550952434539794921875">
        <ele>3.7999999523162841796875</ele>
        <time>2024-11-17T13:11:08.000Z</time>
        <extensions>
          <ns3:TrackPointExtension>
            <ns3:hr>156</ns3:hr>
          </ns3:TrackPointExtension>
        </extensions>
      </trkpt>
      <trkpt lat="24.48977219872176647186279296875" lon="118.10452225618064403533935546875">
        <ele>4</ele>
        <time>2024-11-17T13:11:09.000Z</time>
        <extensions>
          <ns3:TrackPointExtension>
            <ns3:hr>156</ns3:hr>
          </ns3:TrackPointExtension>
        </extensions>
      </trkpt>
      <trkpt lat="24.4897927343845367431640625" lon="118.10449761338531970977783203125">
        <ele>4.19999980926513671875</ele>
        <time>2024-11-17T13:11:10.000Z</time>
        <extensions>
          <ns3:TrackPointExtension>
            <ns3:hr>155</ns3:hr>
          </ns3:TrackPointExtension>
        </extensions>
      </trkpt>
      <trkpt lat="24.48981293477118015289306640625" lon="118.1044718809425830841064453125">
        <ele>4.400000095367431640625</ele>
        <time>2024-11-17T13:11:11.000Z</time>
        <extensions>
          <ns3:TrackPointExtension>
            <ns3:hr>155</ns3:hr>
          </ns3:TrackPointExtension>
        </extensions>
      </trkpt>
      <trkpt lat="24.48983321897685527801513671875" lon="118.10444531030952930450439453125">
        <ele>4.400000095367431640625</ele>
        <time>2024-11-17T13:11:12.000Z</time>
        <extensions>
          <ns3:TrackPointExtension>
            <ns3:hr>155</ns3:hr>
          </ns3:TrackPointExtension>
        </extensions>
      </trkpt>
      <trkpt lat="24.48985350318253040313720703125" lon="118.104418404400348663330078125">
        <ele>4.400000095367431640625</ele>
        <time>2024-11-17T13:11:13.000Z</time>
        <extensions>
          <ns3:TrackPointExtension>
            <ns3:hr>155</ns3:hr>
          </ns3:TrackPointExtension>
        </extensions>
      </trkpt>
      <trkpt lat="24.48987294919788837432861328125" lon="118.1043914146721363067626953125">
        <ele>4.599999904632568359375</ele>
        <time>2024-11-17T13:11:14.000Z</time>
        <extensions>
          <ns3:TrackPointExtension>
            <ns3:hr>155</ns3:hr>
          </ns3:TrackPointExtension>
        </extensions>
      </trkpt>
      <trkpt lat="24.48989105410873889923095703125" lon="118.104363419115543365478515625">
        <ele>4.80000019073486328125</ele>
        <time>2024-11-17T13:11:15.000Z</time>
        <extensions>
          <ns3:TrackPointExtension>
            <ns3:hr>155</ns3:hr>
          </ns3:TrackPointExtension>
        </extensions>
      </trkpt>
      <trkpt lat="24.48990815319120883941650390625" lon="118.10433416627347469329833984375">
        <ele>4.80000019073486328125</ele>
        <time>2024-11-17T13:11:16.000Z</time>
        <extensions>
          <ns3:TrackPointExtension>
            <ns3:hr>155</ns3:hr>
          </ns3:TrackPointExtension>
        </extensions>
      </trkpt>
      <trkpt lat="24.4899250008165836334228515625" lon="118.10430415906012058258056640625">
        <ele>5</ele>
        <time>2024-11-17T13:11:17.000Z</time>
        <extensions>
          <ns3:TrackPointExtension>
            <ns3:hr>155</ns3:hr>
          </ns3:TrackPointExtension>
        </extensions>
      </trkpt>
      <trkpt lat="24.489941261708736419677734375" lon="118.1042733974754810333251953125">
        <ele>5.19999980926513671875</ele>
        <time>2024-11-17T13:11:18.000Z</time>
        <extensions>
          <ns3:TrackPointExtension>
            <ns3:hr>156</ns3:hr>
          </ns3:TrackPointExtension>
        </extensions>
      </trkpt>
      <trkpt lat="24.489956684410572052001953125" lon="118.10424230061471462249755859375">
        <ele>5.400000095367431640625</ele>
        <time>2024-11-17T13:11:19.000Z</time>
        <extensions>
          <ns3:TrackPointExtension>
            <ns3:hr>156</ns3:hr>
          </ns3:TrackPointExtension>
        </extensions>
      </trkpt>
      <trkpt lat="24.48997152037918567657470703125" lon="118.104211874306201934814453125">
        <ele>5.599999904632568359375</ele>
        <time>2024-11-17T13:11:20.000Z</time>
        <extensions>
          <ns3:TrackPointExtension>
            <ns3:hr>156</ns3:hr>
          </ns3:TrackPointExtension>
        </extensions>
      </trkpt>
      <trkpt lat="24.4899863563477993011474609375" lon="118.1041822023689746856689453125">
        <ele>5.400000095367431640625</ele>
        <time>2024-11-17T13:11:21.000Z</time>
        <extensions>
          <ns3:TrackPointExtension>
            <ns3:hr>157</ns3:hr>
          </ns3:TrackPointExtension>
        </extensions>
      </trkpt>
      <trkpt lat="24.490000940859317779541015625" lon="118.104152195155620574951171875">
        <ele>5.400000095367431640625</ele>
        <time>2024-11-17T13:11:22.000Z</time>
        <extensions>
          <ns3:TrackPointExtension>
            <ns3:hr>157</ns3:hr>
          </ns3:TrackPointExtension>
        </extensions>
      </trkpt>
      <trkpt lat="24.49001468718051910400390625" lon="118.10412101447582244873046875">
        <ele>5.400000095367431640625</ele>
        <time>2024-11-17T13:11:23.000Z</time>
        <extensions>
          <ns3:TrackPointExtension>
            <ns3:hr>157</ns3:hr>
          </ns3:TrackPointExtension>
        </extensions>
      </trkpt>
      <trkpt lat="24.4900275953114032745361328125" lon="118.1040886603295803070068359375">
        <ele>5.400000095367431640625</ele>
        <time>2024-11-17T13:11:24.000Z</time>
        <extensions>
          <ns3:TrackPointExtension>
            <ns3:hr>157</ns3:hr>
          </ns3:TrackPointExtension>
        </extensions>
      </trkpt>
      <trkpt lat="24.490039832890033721923828125" lon="118.1040559709072113037109375">
        <ele>5.19999980926513671875</ele>
        <time>2024-11-17T13:11:25.000Z</time>
        <extensions>
          <ns3:TrackPointExtension>
            <ns3:hr>157</ns3:hr>
          </ns3:TrackPointExtension>
        </extensions>
      </trkpt>
      <trkpt lat="24.49005148373544216156005859375" lon="118.10402311384677886962890625">
        <ele>5.19999980926513671875</ele>
        <time>2024-11-17T13:11:26.000Z</time>
        <extensions>
          <ns3:TrackPointExtension>
            <ns3:hr>157</ns3:hr>
          </ns3:TrackPointExtension>
        </extensions>
      </trkpt>
      <trkpt lat="24.49006271548569202423095703125" lon="118.103990256786346435546875">
        <ele>5.19999980926513671875</ele>
        <time>2024-11-17T13:11:27.000Z</time>
        <extensions>
          <ns3:TrackPointExtension>
            <ns3:hr>156</ns3:hr>
          </ns3:TrackPointExtension>
        </extensions>
      </trkpt>
      <trkpt lat="24.490073360502719879150390625" lon="118.10395681299269199371337890625">
        <ele>5.19999980926513671875</ele>
        <time>2024-11-17T13:11:28.000Z</time>
        <extensions>
          <ns3:TrackPointExtension>
            <ns3:hr>156</ns3:hr>
          </ns3:TrackPointExtension>
        </extensions>
      </trkpt>
      <trkpt lat="24.49008216150104999542236328125" lon="118.10392328538000583648681640625">
        <ele>5</ele>
        <time>2024-11-17T13:11:29.000Z</time>
        <extensions>
          <ns3:TrackPointExtension>
            <ns3:hr>156</ns3:hr>
          </ns3:TrackPointExtension>
        </extensions>
      </trkpt>
      <trkpt lat="24.4900886155664920806884765625" lon="118.10388959012925624847412109375">
        <ele>5</ele>
        <time>2024-11-17T13:11:30.000Z</time>
        <extensions>
          <ns3:TrackPointExtension>
            <ns3:hr>156</ns3:hr>
          </ns3:TrackPointExtension>
        </extensions>
      </trkpt>
      <trkpt lat="24.49009322561323642730712890625" lon="118.103855811059474945068359375">
        <ele>5</ele>
        <time>2024-11-17T13:11:31.000Z</time>
        <extensions>
          <ns3:TrackPointExtension>
            <ns3:hr>156</ns3:hr>
          </ns3:TrackPointExtension>
        </extensions>
      </trkpt>
      <trkpt lat="24.49009624309837818145751953125" lon="118.103821612894535064697265625">
        <ele>5</ele>
        <time>2024-11-17T13:11:32.000Z</time>
        <extensions>
          <ns3:TrackPointExtension>
            <ns3:hr>155</ns3:hr>
          </ns3:TrackPointExtension>
        </extensions>
      </trkpt>
      <trkpt lat="24.49009859003126621246337890625" lon="118.10378733091056346893310546875">
        <ele>5</ele>
        <time>2024-11-17T13:11:33.000Z</time>
        <extensions>
          <ns3:TrackPointExtension>
            <ns3:hr>155</ns3:hr>
          </ns3:TrackPointExtension>
        </extensions>
      </trkpt>
      <trkpt lat="24.4901011884212493896484375" lon="118.103753216564655303955078125">
        <ele>5</ele>
        <time>2024-11-17T13:11:34.000Z</time>
        <extensions>
          <ns3:TrackPointExtension>
            <ns3:hr>155</ns3:hr>
          </ns3:TrackPointExtension>
        </extensions>
      </trkpt>
      <trkpt lat="24.49010378681123256683349609375" lon="118.10371876694262027740478515625">
        <ele>5</ele>
        <time>2024-11-17T13:11:35.000Z</time>
        <extensions>
          <ns3:TrackPointExtension>
            <ns3:hr>155</ns3:hr>
          </ns3:TrackPointExtension>
        </extensions>
      </trkpt>
      <trkpt lat="24.49010596610605716705322265625" lon="118.10368406586349010467529296875">
        <ele>5</ele>
        <time>2024-11-17T13:11:36.000Z</time>
        <extensions>
          <ns3:TrackPointExtension>
            <ns3:hr>157</ns3:hr>
          </ns3:TrackPointExtension>
        </extensions>
      </trkpt>
      <trkpt lat="24.49010747484862804412841796875" lon="118.103649616241455078125">
        <ele>5</ele>
        <time>2024-11-17T13:11:37.000Z</time>
        <extensions>
          <ns3:TrackPointExtension>
            <ns3:hr>157</ns3:hr>
          </ns3:TrackPointExtension>
        </extensions>
      </trkpt>
      <trkpt lat="24.4901080615818500518798828125" lon="118.1036155857145786285400390625">
        <ele>5.19999980926513671875</ele>
        <time>2024-11-17T13:11:38.000Z</time>
        <extensions>
          <ns3:TrackPointExtension>
            <ns3:hr>157</ns3:hr>
          </ns3:TrackPointExtension>
        </extensions>
      </trkpt>
      <trkpt lat="24.49010764248669147491455078125" lon="118.1035817228257656097412109375">
        <ele>5.19999980926513671875</ele>
        <time>2024-11-17T13:11:39.000Z</time>
        <extensions>
          <ns3:TrackPointExtension>
            <ns3:hr>157</ns3:hr>
          </ns3:TrackPointExtension>
        </extensions>
      </trkpt>
      <trkpt lat="24.4901073910295963287353515625" lon="118.1035478599369525909423828125">
        <ele>5.400000095367431640625</ele>
        <time>2024-11-17T13:11:40.000Z</time>
        <extensions>
          <ns3:TrackPointExtension>
            <ns3:hr>157</ns3:hr>
          </ns3:TrackPointExtension>
        </extensions>
      </trkpt>
      <trkpt lat="24.49010730721056461334228515625" lon="118.10351357795298099517822265625">
        <ele>5.599999904632568359375</ele>
        <time>2024-11-17T13:11:41.000Z</time>
        <extensions>
          <ns3:TrackPointExtension>
            <ns3:hr>157</ns3:hr>
          </ns3:TrackPointExtension>
        </extensions>
      </trkpt>
      <trkpt lat="24.4901057146489620208740234375" lon="118.1034794636070728302001953125">
        <ele>5.599999904632568359375</ele>
        <time>2024-11-17T13:11:42.000Z</time>
        <extensions>
          <ns3:TrackPointExtension>
            <ns3:hr>157</ns3:hr>
          </ns3:TrackPointExtension>
        </extensions>
      </trkpt>
      <trkpt lat="24.49010278098285198211669921875" lon="118.1034457683563232421875">
        <ele>5.80000019073486328125</ele>
        <time>2024-11-17T13:11:43.000Z</time>
        <extensions>
          <ns3:TrackPointExtension>
            <ns3:hr>157</ns3:hr>
          </ns3:TrackPointExtension>
        </extensions>
      </trkpt>
      <trkpt lat="24.49009976349771022796630859375" lon="118.1034124083817005157470703125">
        <ele>5.80000019073486328125</ele>
        <time>2024-11-17T13:11:44.000Z</time>
        <extensions>
          <ns3:TrackPointExtension>
            <ns3:hr>157</ns3:hr>
          </ns3:TrackPointExtension>
        </extensions>
      </trkpt>
      <trkpt lat="24.49009649455547332763671875" lon="118.1033788807690143585205078125">
        <ele>6</ele>
        <time>2024-11-17T13:11:45.000Z</time>
        <extensions>
          <ns3:TrackPointExtension>
            <ns3:hr>157</ns3:hr>
          </ns3:TrackPointExtension>
        </extensions>
      </trkpt>
      <trkpt lat="24.49009238742291927337646484375" lon="118.10334543697535991668701171875">
        <ele>6</ele>
        <time>2024-11-17T13:11:46.000Z</time>
        <extensions>
          <ns3:TrackPointExtension>
            <ns3:hr>157</ns3:hr>
          </ns3:TrackPointExtension>
        </extensions>
      </trkpt>
      <trkpt lat="24.4900872744619846343994140625" lon="118.10331308282911777496337890625">
        <ele>6.19999980926513671875</ele>
        <time>2024-11-17T13:11:47.000Z</time>
        <extensions>
          <ns3:TrackPointExtension>
            <ns3:hr>157</ns3:hr>
          </ns3:TrackPointExtension>
        </extensions>
      </trkpt>
      <trkpt lat="24.4900802336633205413818359375" lon="118.10328139923512935638427734375">
        <ele>6.19999980926513671875</ele>
        <time>2024-11-17T13:11:48.000Z</time>
        <extensions>
          <ns3:TrackPointExtension>
            <ns3:hr>157</ns3:hr>
          </ns3:TrackPointExtension>
        </extensions>
      </trkpt>
      <trkpt lat="24.490070343017578125" lon="118.10325005091726779937744140625">
        <ele>6.400000095367431640625</ele>
        <time>2024-11-17T13:11:49.000Z</time>
        <extensions>
          <ns3:TrackPointExtension>
            <ns3:hr>155</ns3:hr>
          </ns3:TrackPointExtension>
        </extensions>
      </trkpt>
      <trkpt lat="24.49005785398185253143310546875" lon="118.1032191216945648193359375">
        <ele>6.400000095367431640625</ele>
        <time>2024-11-17T13:11:50.000Z</time>
        <extensions>
          <ns3:TrackPointExtension>
            <ns3:hr>155</ns3:hr>
          </ns3:TrackPointExtension>
        </extensions>
      </trkpt>
      <trkpt lat="24.4900443591177463531494140625" lon="118.1031887792050838470458984375">
        <ele>6.400000095367431640625</ele>
        <time>2024-11-17T13:11:51.000Z</time>
        <extensions>
          <ns3:TrackPointExtension>
            <ns3:hr>155</ns3:hr>
          </ns3:TrackPointExtension>
        </extensions>
      </trkpt>
      <trkpt lat="24.4900302775204181671142578125" lon="118.1031575985252857208251953125">
        <ele>6.599999904632568359375</ele>
        <time>2024-11-17T13:11:52.000Z</time>
        <extensions>
          <ns3:TrackPointExtension>
            <ns3:hr>155</ns3:hr>
          </ns3:TrackPointExtension>
        </extensions>
      </trkpt>
      <trkpt lat="24.49001611210405826568603515625" lon="118.103125579655170440673828125">
        <ele>6.599999904632568359375</ele>
        <time>2024-11-17T13:11:53.000Z</time>
        <extensions>
          <ns3:TrackPointExtension>
            <ns3:hr>155</ns3:hr>
          </ns3:TrackPointExtension>
        </extensions>
      </trkpt>
      <trkpt lat="24.49000169523060321807861328125" lon="118.10309364460408687591552734375">
        <ele>6.599999904632568359375</ele>
        <time>2024-11-17T13:11:54.000Z</time>
        <extensions>
          <ns3:TrackPointExtension>
            <ns3:hr>155</ns3:hr>
          </ns3:TrackPointExtension>
        </extensions>
      </trkpt>
      <trkpt lat="24.4899863563477993011474609375" lon="118.103062547743320465087890625">
        <ele>6.80000019073486328125</ele>
        <time>2024-11-17T13:11:55.000Z</time>
        <extensions>
          <ns3:TrackPointExtension>
            <ns3:hr>155</ns3:hr>
          </ns3:TrackPointExtension>
        </extensions>
      </trkpt>
      <trkpt lat="24.489969424903392791748046875" lon="118.1030318699777126312255859375">
        <ele>6.80000019073486328125</ele>
        <time>2024-11-17T13:11:56.000Z</time>
        <extensions>
          <ns3:TrackPointExtension>
            <ns3:hr>155</ns3:hr>
          </ns3:TrackPointExtension>
        </extensions>
      </trkpt>
      <trkpt lat="24.48995165526866912841796875" lon="118.10300110839307308197021484375">
        <ele>6.80000019073486328125</ele>
        <time>2024-11-17T13:11:57.000Z</time>
        <extensions>
          <ns3:TrackPointExtension>
            <ns3:hr>155</ns3:hr>
          </ns3:TrackPointExtension>
        </extensions>
      </trkpt>
      <trkpt lat="24.489934556186199188232421875" lon="118.1029711849987506866455078125">
        <ele>6.80000019073486328125</ele>
        <time>2024-11-17T13:11:58.000Z</time>
        <extensions>
          <ns3:TrackPointExtension>
            <ns3:hr>155</ns3:hr>
          </ns3:TrackPointExtension>
        </extensions>
      </trkpt>
      <trkpt lat="24.4899182952940464019775390625" lon="118.10294209979474544525146484375">
        <ele>6.80000019073486328125</ele>
        <time>2024-11-17T13:11:59.000Z</time>
        <extensions>
          <ns3:TrackPointExtension>
            <ns3:hr>155</ns3:hr>
          </ns3:TrackPointExtension>
        </extensions>
      </trkpt>
      <trkpt lat="24.48990161530673503875732421875" lon="118.10291309840977191925048828125">
        <ele>7</ele>
        <time>2024-11-17T13:12:00.000Z</time>
        <extensions>
          <ns3:TrackPointExtension>
            <ns3:hr>155</ns3:hr>
          </ns3:TrackPointExtension>
        </extensions>
      </trkpt>
      <trkpt lat="24.48988351039588451385498046875" lon="118.102884180843830108642578125">
        <ele>7</ele>
        <time>2024-11-17T13:12:01.000Z</time>
        <extensions>
          <ns3:TrackPointExtension>
            <ns3:hr>155</ns3:hr>
          </ns3:TrackPointExtension>
        </extensions>
      </trkpt>
      <trkpt lat="24.4898643158376216888427734375" lon="118.102855682373046875">
        <ele>7</ele>
        <time>2024-11-17T13:12:02.000Z</time>
        <extensions>
          <ns3:TrackPointExtension>
            <ns3:hr>155</ns3:hr>
          </ns3:TrackPointExtension>
        </extensions>
      </trkpt>
      <trkpt lat="24.48984478600323200225830078125" lon="118.10282760299742221832275390625">
        <ele>7</ele>
        <time>2024-11-17T13:12:03.000Z</time>
        <extensions>
          <ns3:TrackPointExtension>
            <ns3:hr>156</ns3:hr>
          </ns3:TrackPointExtension>
        </extensions>
      </trkpt>
      <trkpt lat="24.48982500471174716949462890625" lon="118.1028001941740512847900390625">
        <ele>7</ele>
        <time>2024-11-17T13:12:04.000Z</time>
        <extensions>
          <ns3:TrackPointExtension>
            <ns3:hr>156</ns3:hr>
          </ns3:TrackPointExtension>
        </extensions>
      </trkpt>
      <trkpt lat="24.48980472050607204437255859375" lon="118.10277429409325122833251953125">
        <ele>7.19999980926513671875</ele>
        <time>2024-11-17T13:12:05.000Z</time>
        <extensions>
          <ns3:TrackPointExtension>
            <ns3:hr>156</ns3:hr>
          </ns3:TrackPointExtension>
        </extensions>
      </trkpt>
      <trkpt lat="24.48978343047201633453369140625" lon="118.102750070393085479736328125">
        <ele>7.19999980926513671875</ele>
        <time>2024-11-17T13:12:06.000Z</time>
        <extensions>
          <ns3:TrackPointExtension>
            <ns3:hr>156</ns3:hr>
          </ns3:TrackPointExtension>
        </extensions>
      </trkpt>
      <trkpt lat="24.48976063169538974761962890625" lon="118.10272626578807830810546875">
        <ele>7.19999980926513671875</ele>
        <time>2024-11-17T13:12:07.000Z</time>
        <extensions>
          <ns3:TrackPointExtension>
            <ns3:hr>156</ns3:hr>
          </ns3:TrackPointExtension>
        </extensions>
      </trkpt>
      <trkpt lat="24.48973665945231914520263671875" lon="118.10270271264016628265380859375">
        <ele>7.400000095367431640625</ele>
        <time>2024-11-17T13:12:08.000Z</time>
        <extensions>
          <ns3:TrackPointExtension>
            <ns3:hr>156</ns3:hr>
          </ns3:TrackPointExtension>
        </extensions>
      </trkpt>
      <trkpt lat="24.4897124357521533966064453125" lon="118.10268008150160312652587890625">
        <ele>7.400000095367431640625</ele>
        <time>2024-11-17T13:12:09.000Z</time>
        <extensions>
          <ns3:TrackPointExtension>
            <ns3:hr>156</ns3:hr>
          </ns3:TrackPointExtension>
        </extensions>
      </trkpt>
      <trkpt lat="24.489688463509082794189453125" lon="118.1026580370962619781494140625">
        <ele>7.599999904632568359375</ele>
        <time>2024-11-17T13:12:10.000Z</time>
        <extensions>
          <ns3:TrackPointExtension>
            <ns3:hr>156</ns3:hr>
          </ns3:TrackPointExtension>
        </extensions>
      </trkpt>
      <trkpt lat="24.48966474272310733795166015625" lon="118.10263599269092082977294921875">
        <ele>7.599999904632568359375</ele>
        <time>2024-11-17T13:12:11.000Z</time>
        <extensions>
          <ns3:TrackPointExtension>
            <ns3:hr>156</ns3:hr>
          </ns3:TrackPointExtension>
        </extensions>
      </trkpt>
      <trkpt lat="24.4896403513848781585693359375" lon="118.10261453501880168914794921875">
        <ele>7.599999904632568359375</ele>
        <time>2024-11-17T13:12:12.000Z</time>
        <extensions>
          <ns3:TrackPointExtension>
            <ns3:hr>157</ns3:hr>
          </ns3:TrackPointExtension>
        </extensions>
      </trkpt>
      <trkpt lat="24.48961495421826839447021484375" lon="118.10259458608925342559814453125">
        <ele>7.80000019073486328125</ele>
        <time>2024-11-17T13:12:13.000Z</time>
        <extensions>
          <ns3:TrackPointExtension>
            <ns3:hr>157</ns3:hr>
          </ns3:TrackPointExtension>
        </extensions>
      </trkpt>
      <trkpt lat="24.48958821594715118408203125" lon="118.10257581062614917755126953125">
        <ele>7.80000019073486328125</ele>
        <time>2024-11-17T13:12:14.000Z</time>
        <extensions>
          <ns3:TrackPointExtension>
            <ns3:hr>157</ns3:hr>
          </ns3:TrackPointExtension>
        </extensions>
      </trkpt>
      <trkpt lat="24.489560388028621673583984375" lon="118.102557621896266937255859375">
        <ele>8</ele>
        <time>2024-11-17T13:12:15.000Z</time>
        <extensions>
          <ns3:TrackPointExtension>
            <ns3:hr>157</ns3:hr>
          </ns3:TrackPointExtension>
        </extensions>
      </trkpt>
      <trkpt lat="24.48953180573880672454833984375" lon="118.102539516985416412353515625">
        <ele>8</ele>
        <time>2024-11-17T13:12:16.000Z</time>
        <extensions>
          <ns3:TrackPointExtension>
            <ns3:hr>157</ns3:hr>
          </ns3:TrackPointExtension>
        </extensions>
      </trkpt>
      <trkpt lat="24.48950280435383319854736328125" lon="118.10252107679843902587890625">
        <ele>8</ele>
        <time>2024-11-17T13:12:17.000Z</time>
        <extensions>
          <ns3:TrackPointExtension>
            <ns3:hr>157</ns3:hr>
          </ns3:TrackPointExtension>
        </extensions>
      </trkpt>
      <trkpt lat="24.4894743897020816802978515625" lon="118.1025031395256519317626953125">
        <ele>8.19999980926513671875</ele>
        <time>2024-11-17T13:12:18.000Z</time>
        <extensions>
          <ns3:TrackPointExtension>
            <ns3:hr>157</ns3:hr>
          </ns3:TrackPointExtension>
        </extensions>
      </trkpt>
      <trkpt lat="24.4894465617835521697998046875" lon="118.10248696245253086090087890625">
        <ele>8.19999980926513671875</ele>
        <time>2024-11-17T13:12:19.000Z</time>
        <extensions>
          <ns3:TrackPointExtension>
            <ns3:hr>157</ns3:hr>
          </ns3:TrackPointExtension>
        </extensions>
      </trkpt>
      <trkpt lat="24.489418566226959228515625" lon="118.102472461760044097900390625">
        <ele>8.19999980926513671875</ele>
        <time>2024-11-17T13:12:20.000Z</time>
        <extensions>
          <ns3:TrackPointExtension>
            <ns3:hr>157</ns3:hr>
          </ns3:TrackPointExtension>
        </extensions>
      </trkpt>
      <trkpt lat="24.48938906192779541015625" lon="118.1024587154388427734375">
        <ele>8.19999980926513671875</ele>
        <time>2024-11-17T13:12:21.000Z</time>
        <extensions>
          <ns3:TrackPointExtension>
            <ns3:hr>157</ns3:hr>
          </ns3:TrackPointExtension>
        </extensions>
      </trkpt>
      <trkpt lat="24.489358551800251007080078125" lon="118.10244622640311717987060546875">
        <ele>8.3999996185302734375</ele>
        <time>2024-11-17T13:12:22.000Z</time>
        <extensions>
          <ns3:TrackPointExtension>
            <ns3:hr>157</ns3:hr>
          </ns3:TrackPointExtension>
        </extensions>
      </trkpt>
      <trkpt lat="24.4893278740346431732177734375" lon="118.1024360843002796173095703125">
        <ele>8.3999996185302734375</ele>
        <time>2024-11-17T13:12:23.000Z</time>
        <extensions>
          <ns3:TrackPointExtension>
            <ns3:hr>157</ns3:hr>
          </ns3:TrackPointExtension>
        </extensions>
      </trkpt>
      <trkpt lat="24.48929728008806705474853515625" lon="118.1024280376732349395751953125">
        <ele>8.3999996185302734375</ele>
        <time>2024-11-17T13:12:24.000Z</time>
        <extensions>
          <ns3:TrackPointExtension>
            <ns3:hr>157</ns3:hr>
          </ns3:TrackPointExtension>
        </extensions>
      </trkpt>
      <trkpt lat="24.48926660232245922088623046875" lon="118.1024216674268245697021484375">
        <ele>8.6000003814697265625</ele>
        <time>2024-11-17T13:12:25.000Z</time>
        <extensions>
          <ns3:TrackPointExtension>
            <ns3:hr>157</ns3:hr>
          </ns3:TrackPointExtension>
        </extensions>
      </trkpt>
      <trkpt lat="24.48923642747104167938232421875" lon="118.10241688974201679229736328125">
        <ele>8.80000019073486328125</ele>
        <time>2024-11-17T13:12:26.000Z</time>
        <extensions>
          <ns3:TrackPointExtension>
            <ns3:hr>157</ns3:hr>
          </ns3:TrackPointExtension>
        </extensions>
      </trkpt>
      <trkpt lat="24.48920667171478271484375" lon="118.102412782609462738037109375">
        <ele>9</ele>
        <time>2024-11-17T13:12:27.000Z</time>
        <extensions>
          <ns3:TrackPointExtension>
            <ns3:hr>157</ns3:hr>
          </ns3:TrackPointExtension>
        </extensions>
      </trkpt>
      <trkpt lat="24.48917658068239688873291015625" lon="118.10240683145821094512939453125">
        <ele>9.19999980926513671875</ele>
        <time>2024-11-17T13:12:28.000Z</time>
        <extensions>
          <ns3:TrackPointExtension>
            <ns3:hr>157</ns3:hr>
          </ns3:TrackPointExtension>
        </extensions>
      </trkpt>
      <trkpt lat="24.48914590291678905487060546875" lon="118.1023981980979442596435546875">
        <ele>9.3999996185302734375</ele>
        <time>2024-11-17T13:12:29.000Z</time>
        <extensions>
          <ns3:TrackPointExtension>
            <ns3:hr>157</ns3:hr>
          </ns3:TrackPointExtension>
        </extensions>
      </trkpt>
      <trkpt lat="24.4891153089702129364013671875" lon="118.102388642728328704833984375">
        <ele>9.6000003814697265625</ele>
        <time>2024-11-17T13:12:30.000Z</time>
        <extensions>
          <ns3:TrackPointExtension>
            <ns3:hr>157</ns3:hr>
          </ns3:TrackPointExtension>
        </extensions>
      </trkpt>
      <trkpt lat="24.48908505029976367950439453125" lon="118.1023797579109668731689453125">
        <ele>9.80000019073486328125</ele>
        <time>2024-11-17T13:12:31.000Z</time>
        <extensions>
          <ns3:TrackPointExtension>
            <ns3:hr>157</ns3:hr>
          </ns3:TrackPointExtension>
        </extensions>
      </trkpt>
      <trkpt lat="24.48905420489609241485595703125" lon="118.102372549474239349365234375">
        <ele>10</ele>
        <time>2024-11-17T13:12:32.000Z</time>
        <extensions>
          <ns3:TrackPointExtension>
            <ns3:hr>157</ns3:hr>
          </ns3:TrackPointExtension>
        </extensions>
      </trkpt>
      <trkpt lat="24.4890231080353260040283203125" lon="118.10236752033233642578125">
        <ele>10.19999980926513671875</ele>
        <time>2024-11-17T13:12:33.000Z</time>
        <extensions>
          <ns3:TrackPointExtension>
            <ns3:hr>157</ns3:hr>
          </ns3:TrackPointExtension>
        </extensions>
      </trkpt>
      <trkpt lat="24.48899234645068645477294921875" lon="118.10236391611397266387939453125">
        <ele>10.3999996185302734375</ele>
        <time>2024-11-17T13:12:34.000Z</time>
        <extensions>
          <ns3:TrackPointExtension>
            <ns3:hr>157</ns3:hr>
          </ns3:TrackPointExtension>
        </extensions>
      </trkpt>
      <trkpt lat="24.48896183632314205169677734375" lon="118.1023608148097991943359375">
        <ele>10.3999996185302734375</ele>
        <time>2024-11-17T13:12:35.000Z</time>
        <extensions>
          <ns3:TrackPointExtension>
            <ns3:hr>157</ns3:hr>
          </ns3:TrackPointExtension>
        </extensions>
      </trkpt>
      <trkpt lat="24.4889309071004390716552734375" lon="118.10235855169594287872314453125">
        <ele>10.6000003814697265625</ele>
        <time>2024-11-17T13:12:36.000Z</time>
        <extensions>
          <ns3:TrackPointExtension>
            <ns3:hr>158</ns3:hr>
          </ns3:TrackPointExtension>
        </extensions>
      </trkpt>
      <trkpt lat="24.4888997264206409454345703125" lon="118.10235721059143543243408203125">
        <ele>10.6000003814697265625</ele>
        <time>2024-11-17T13:12:37.000Z</time>
        <extensions>
          <ns3:TrackPointExtension>
            <ns3:hr>158</ns3:hr>
          </ns3:TrackPointExtension>
        </extensions>
      </trkpt>
      <trkpt lat="24.48886871337890625" lon="118.10235654003918170928955078125">
        <ele>10.80000019073486328125</ele>
        <time>2024-11-17T13:12:38.000Z</time>
        <extensions>
          <ns3:TrackPointExtension>
            <ns3:hr>158</ns3:hr>
          </ns3:TrackPointExtension>
        </extensions>
      </trkpt>
      <trkpt lat="24.4888373650610446929931640625" lon="118.10235637240111827850341796875">
        <ele>10.80000019073486328125</ele>
        <time>2024-11-17T13:12:39.000Z</time>
        <extensions>
          <ns3:TrackPointExtension>
            <ns3:hr>158</ns3:hr>
          </ns3:TrackPointExtension>
        </extensions>
      </trkpt>
      <trkpt lat="24.48880610056221485137939453125" lon="118.10235721059143543243408203125">
        <ele>11</ele>
        <time>2024-11-17T13:12:40.000Z</time>
        <extensions>
          <ns3:TrackPointExtension>
            <ns3:hr>158</ns3:hr>
          </ns3:TrackPointExtension>
        </extensions>
      </trkpt>
      <trkpt lat="24.48877525515854358673095703125" lon="118.10235922224819660186767578125">
        <ele>11</ele>
        <time>2024-11-17T13:12:41.000Z</time>
        <extensions>
          <ns3:TrackPointExtension>
            <ns3:hr>158</ns3:hr>
          </ns3:TrackPointExtension>
        </extensions>
      </trkpt>
      <trkpt lat="24.488744325935840606689453125" lon="118.10236307792365550994873046875">
        <ele>11</ele>
        <time>2024-11-17T13:12:42.000Z</time>
        <extensions>
          <ns3:TrackPointExtension>
            <ns3:hr>158</ns3:hr>
          </ns3:TrackPointExtension>
        </extensions>
      </trkpt>
      <trkpt lat="24.488712809979915618896484375" lon="118.10236894525587558746337890625">
        <ele>11</ele>
        <time>2024-11-17T13:12:43.000Z</time>
        <extensions>
          <ns3:TrackPointExtension>
            <ns3:hr>158</ns3:hr>
          </ns3:TrackPointExtension>
        </extensions>
      </trkpt>
      <trkpt lat="24.4886807911098003387451171875" lon="118.1023760698735713958740234375">
        <ele>10.80000019073486328125</ele>
        <time>2024-11-17T13:12:44.000Z</time>
        <extensions>
          <ns3:TrackPointExtension>
            <ns3:hr>158</ns3:hr>
          </ns3:TrackPointExtension>
        </extensions>
      </trkpt>
      <trkpt lat="24.48864877223968505859375" lon="118.10238403268158435821533203125">
        <ele>10.80000019073486328125</ele>
        <time>2024-11-17T13:12:45.000Z</time>
        <extensions>
          <ns3:TrackPointExtension>
            <ns3:hr>158</ns3:hr>
          </ns3:TrackPointExtension>
        </extensions>
      </trkpt>
      <trkpt lat="24.48861683718860149383544921875" lon="118.10239233076572418212890625">
        <ele>10.6000003814697265625</ele>
        <time>2024-11-17T13:12:46.000Z</time>
        <extensions>
          <ns3:TrackPointExtension>
            <ns3:hr>156</ns3:hr>
          </ns3:TrackPointExtension>
        </extensions>
      </trkpt>
      <trkpt lat="24.4885852374136447906494140625" lon="118.10240113176405429840087890625">
        <ele>10.6000003814697265625</ele>
        <time>2024-11-17T13:12:47.000Z</time>
        <extensions>
          <ns3:TrackPointExtension>
            <ns3:hr>156</ns3:hr>
          </ns3:TrackPointExtension>
        </extensions>
      </trkpt>
      <trkpt lat="24.48855414055287837982177734375" lon="118.10241102240979671478271484375">
        <ele>10.6000003814697265625</ele>
        <time>2024-11-17T13:12:48.000Z</time>
        <extensions>
          <ns3:TrackPointExtension>
            <ns3:hr>156</ns3:hr>
          </ns3:TrackPointExtension>
        </extensions>
      </trkpt>
      <trkpt lat="24.4885232113301753997802734375" lon="118.10242208652198314666748046875">
        <ele>10.6000003814697265625</ele>
        <time>2024-11-17T13:12:49.000Z</time>
        <extensions>
          <ns3:TrackPointExtension>
            <ns3:hr>156</ns3:hr>
          </ns3:TrackPointExtension>
        </extensions>
      </trkpt>
      <trkpt lat="24.48849261738359928131103515625" lon="118.10243398882448673248291015625">
        <ele>10.6000003814697265625</ele>
        <time>2024-11-17T13:12:50.000Z</time>
        <extensions>
          <ns3:TrackPointExtension>
            <ns3:hr>156</ns3:hr>
          </ns3:TrackPointExtension>
        </extensions>
      </trkpt>
      <trkpt lat="24.48846302926540374755859375" lon="118.10244656167924404144287109375">
        <ele>10.6000003814697265625</ele>
        <time>2024-11-17T13:12:51.000Z</time>
        <extensions>
          <ns3:TrackPointExtension>
            <ns3:hr>156</ns3:hr>
          </ns3:TrackPointExtension>
        </extensions>
      </trkpt>
      <trkpt lat="24.48843394406139850616455078125" lon="118.10245997272431850433349609375">
        <ele>10.6000003814697265625</ele>
        <time>2024-11-17T13:12:52.000Z</time>
        <extensions>
          <ns3:TrackPointExtension>
            <ns3:hr>156</ns3:hr>
          </ns3:TrackPointExtension>
        </extensions>
      </trkpt>
      <trkpt lat="24.48840477503836154937744140625" lon="118.10247489251196384429931640625">
        <ele>10.80000019073486328125</ele>
        <time>2024-11-17T13:12:53.000Z</time>
        <extensions>
          <ns3:TrackPointExtension>
            <ns3:hr>156</ns3:hr>
          </ns3:TrackPointExtension>
        </extensions>
      </trkpt>
      <trkpt lat="24.488376192748546600341796875" lon="118.10249157249927520751953125">
        <ele>10.80000019073486328125</ele>
        <time>2024-11-17T13:12:54.000Z</time>
        <extensions>
          <ns3:TrackPointExtension>
            <ns3:hr>156</ns3:hr>
          </ns3:TrackPointExtension>
        </extensions>
      </trkpt>
      <trkpt lat="24.48834844864904880523681640625" lon="118.102509342133998870849609375">
        <ele>10.6000003814697265625</ele>
        <time>2024-11-17T13:12:55.000Z</time>
        <extensions>
          <ns3:TrackPointExtension>
            <ns3:hr>157</ns3:hr>
          </ns3:TrackPointExtension>
        </extensions>
      </trkpt>
      <trkpt lat="24.48832045309245586395263671875" lon="118.1025279499590396881103515625">
        <ele>10.6000003814697265625</ele>
        <time>2024-11-17T13:12:56.000Z</time>
        <extensions>
          <ns3:TrackPointExtension>
            <ns3:hr>157</ns3:hr>
          </ns3:TrackPointExtension>
        </extensions>
      </trkpt>
      <trkpt lat="24.48829212225973606109619140625" lon="118.10254664160311222076416015625">
        <ele>10.3999996185302734375</ele>
        <time>2024-11-17T13:12:57.000Z</time>
        <extensions>
          <ns3:TrackPointExtension>
            <ns3:hr>157</ns3:hr>
          </ns3:TrackPointExtension>
        </extensions>
      </trkpt>
      <trkpt lat="24.48826429434120655059814453125" lon="118.10256524942815303802490234375">
        <ele>10.19999980926513671875</ele>
        <time>2024-11-17T13:12:58.000Z</time>
        <extensions>
          <ns3:TrackPointExtension>
            <ns3:hr>157</ns3:hr>
          </ns3:TrackPointExtension>
        </extensions>
      </trkpt>
      <trkpt lat="24.48823696933686733245849609375" lon="118.1025842763483524322509765625">
        <ele>10.19999980926513671875</ele>
        <time>2024-11-17T13:12:59.000Z</time>
        <extensions>
          <ns3:TrackPointExtension>
            <ns3:hr>157</ns3:hr>
          </ns3:TrackPointExtension>
        </extensions>
      </trkpt>
      <trkpt lat="24.48821048252284526824951171875" lon="118.102604560554027557373046875">
        <ele>10</ele>
        <time>2024-11-17T13:13:00.000Z</time>
        <extensions>
          <ns3:TrackPointExtension>
            <ns3:hr>157</ns3:hr>
          </ns3:TrackPointExtension>
        </extensions>
      </trkpt>
      <trkpt lat="24.488185085356235504150390625" lon="118.10262576676905155181884765625">
        <ele>9.6000003814697265625</ele>
        <time>2024-11-17T13:13:01.000Z</time>
        <extensions>
          <ns3:TrackPointExtension>
            <ns3:hr>157</ns3:hr>
          </ns3:TrackPointExtension>
        </extensions>
      </trkpt>
      <trkpt lat="24.4881607778370380401611328125" lon="118.10264739207923412322998046875">
        <ele>9.19999980926513671875</ele>
        <time>2024-11-17T13:13:02.000Z</time>
        <extensions>
          <ns3:TrackPointExtension>
            <ns3:hr>157</ns3:hr>
          </ns3:TrackPointExtension>
        </extensions>
      </trkpt>
      <trkpt lat="24.48813722468912601470947265625" lon="118.102669604122638702392578125">
        <ele>8.80000019073486328125</ele>
        <time>2024-11-17T13:13:03.000Z</time>
        <extensions>
          <ns3:TrackPointExtension>
            <ns3:hr>157</ns3:hr>
          </ns3:TrackPointExtension>
        </extensions>
      </trkpt>
      <trkpt lat="24.4881138391792774200439453125" lon="118.10269265435636043548583984375">
        <ele>8.19999980926513671875</ele>
        <time>2024-11-17T13:13:04.000Z</time>
        <extensions>
          <ns3:TrackPointExtension>
            <ns3:hr>157</ns3:hr>
          </ns3:TrackPointExtension>
        </extensions>
      </trkpt>
      <trkpt lat="24.4880907051265239715576171875" lon="118.10271687805652618408203125">
        <ele>7.599999904632568359375</ele>
        <time>2024-11-17T13:13:05.000Z</time>
        <extensions>
          <ns3:TrackPointExtension>
            <ns3:hr>157</ns3:hr>
          </ns3:TrackPointExtension>
        </extensions>
      </trkpt>
      <trkpt lat="24.4880679063498973846435546875" lon="118.10274210758507251739501953125">
        <ele>7.19999980926513671875</ele>
        <time>2024-11-17T13:13:06.000Z</time>
        <extensions>
          <ns3:TrackPointExtension>
            <ns3:hr>157</ns3:hr>
          </ns3:TrackPointExtension>
        </extensions>
      </trkpt>
      <trkpt lat="24.48804519139230251312255859375" lon="118.10276792384684085845947265625">
        <ele>7.19999980926513671875</ele>
        <time>2024-11-17T13:13:07.000Z</time>
        <extensions>
          <ns3:TrackPointExtension>
            <ns3:hr>157</ns3:hr>
          </ns3:TrackPointExtension>
        </extensions>
      </trkpt>
      <trkpt lat="24.48802256025373935699462890625" lon="118.102794326841831207275390625">
        <ele>7</ele>
        <time>2024-11-17T13:13:08.000Z</time>
        <extensions>
          <ns3:TrackPointExtension>
            <ns3:hr>157</ns3:hr>
          </ns3:TrackPointExtension>
        </extensions>
      </trkpt>
      <trkpt lat="24.4880008511245250701904296875" lon="118.102821148931980133056640625">
        <ele>6.80000019073486328125</ele>
        <time>2024-11-17T13:13:09.000Z</time>
        <extensions>
          <ns3:TrackPointExtension>
            <ns3:hr>157</ns3:hr>
          </ns3:TrackPointExtension>
        </extensions>
      </trkpt>
      <trkpt lat="24.4879803992807865142822265625" lon="118.102848641574382781982421875">
        <ele>6.599999904632568359375</ele>
        <time>2024-11-17T13:13:10.000Z</time>
        <extensions>
          <ns3:TrackPointExtension>
            <ns3:hr>157</ns3:hr>
          </ns3:TrackPointExtension>
        </extensions>
      </trkpt>
      <trkpt lat="24.487961120903491973876953125" lon="118.102877140045166015625">
        <ele>6.599999904632568359375</ele>
        <time>2024-11-17T13:13:11.000Z</time>
        <extensions>
          <ns3:TrackPointExtension>
            <ns3:hr>157</ns3:hr>
          </ns3:TrackPointExtension>
        </extensions>
      </trkpt>
      <trkpt lat="24.487942345440387725830078125" lon="118.10290622524917125701904296875">
        <ele>6.599999904632568359375</ele>
        <time>2024-11-17T13:13:12.000Z</time>
        <extensions>
          <ns3:TrackPointExtension>
            <ns3:hr>157</ns3:hr>
          </ns3:TrackPointExtension>
        </extensions>
      </trkpt>
      <trkpt lat="24.48792398907244205474853515625" lon="118.10293539427220821380615234375">
        <ele>6.80000019073486328125</ele>
        <time>2024-11-17T13:13:13.000Z</time>
        <extensions>
          <ns3:TrackPointExtension>
            <ns3:hr>157</ns3:hr>
          </ns3:TrackPointExtension>
        </extensions>
      </trkpt>
      <trkpt lat="24.48790605179965496063232421875" lon="118.102964647114276885986328125">
        <ele>7</ele>
        <time>2024-11-17T13:13:14.000Z</time>
        <extensions>
          <ns3:TrackPointExtension>
            <ns3:hr>157</ns3:hr>
          </ns3:TrackPointExtension>
        </extensions>
      </trkpt>
      <trkpt lat="24.48788844980299472808837890625" lon="118.10299373231828212738037109375">
        <ele>7.19999980926513671875</ele>
        <time>2024-11-17T13:13:15.000Z</time>
        <extensions>
          <ns3:TrackPointExtension>
            <ns3:hr>157</ns3:hr>
          </ns3:TrackPointExtension>
        </extensions>
      </trkpt>
      <trkpt lat="24.48787160217761993408203125" lon="118.10302239842712879180908203125">
        <ele>7.19999980926513671875</ele>
        <time>2024-11-17T13:13:16.000Z</time>
        <extensions>
          <ns3:TrackPointExtension>
            <ns3:hr>157</ns3:hr>
          </ns3:TrackPointExtension>
        </extensions>
      </trkpt>
      <trkpt lat="24.48785576038062572479248046875" lon="118.10305081307888031005859375">
        <ele>7.400000095367431640625</ele>
        <time>2024-11-17T13:13:17.000Z</time>
        <extensions>
          <ns3:TrackPointExtension>
            <ns3:hr>157</ns3:hr>
          </ns3:TrackPointExtension>
        </extensions>
      </trkpt>
      <trkpt lat="24.48784050531685352325439453125" lon="118.10307989828288555145263671875">
        <ele>7.599999904632568359375</ele>
        <time>2024-11-17T13:13:18.000Z</time>
        <extensions>
          <ns3:TrackPointExtension>
            <ns3:hr>157</ns3:hr>
          </ns3:TrackPointExtension>
        </extensions>
      </trkpt>
      <trkpt lat="24.4878255017101764678955078125" lon="118.10310990549623966217041015625">
        <ele>7.80000019073486328125</ele>
        <time>2024-11-17T13:13:19.000Z</time>
        <extensions>
          <ns3:TrackPointExtension>
            <ns3:hr>157</ns3:hr>
          </ns3:TrackPointExtension>
        </extensions>
      </trkpt>
      <trkpt lat="24.4878107495605945587158203125" lon="118.10314066708087921142578125">
        <ele>8.3999996185302734375</ele>
        <time>2024-11-17T13:13:20.000Z</time>
        <extensions>
          <ns3:TrackPointExtension>
            <ns3:hr>157</ns3:hr>
          </ns3:TrackPointExtension>
        </extensions>
      </trkpt>
      <trkpt lat="24.48779675178229808807373046875" lon="118.1031723506748676300048828125">
        <ele>8.80000019073486328125</ele>
        <time>2024-11-17T13:13:21.000Z</time>
        <extensions>
          <ns3:TrackPointExtension>
            <ns3:hr>157</ns3:hr>
          </ns3:TrackPointExtension>
        </extensions>
      </trkpt>
      <trkpt lat="24.487784095108509063720703125" lon="118.1032048724591732025146484375">
        <ele>9.3999996185302734375</ele>
        <time>2024-11-17T13:13:22.000Z</time>
        <extensions>
          <ns3:TrackPointExtension>
            <ns3:hr>157</ns3:hr>
          </ns3:TrackPointExtension>
        </extensions>
      </trkpt>
      <trkpt lat="24.48777345009148120880126953125" lon="118.1032377295196056365966796875">
        <ele>10</ele>
        <time>2024-11-17T13:13:23.000Z</time>
        <extensions>
          <ns3:TrackPointExtension>
            <ns3:hr>158</ns3:hr>
          </ns3:TrackPointExtension>
        </extensions>
      </trkpt>
      <trkpt lat="24.48776439763605594635009765625" lon="118.10327083803713321685791015625">
        <ele>10.3999996185302734375</ele>
        <time>2024-11-17T13:13:24.000Z</time>
        <extensions>
          <ns3:TrackPointExtension>
            <ns3:hr>158</ns3:hr>
          </ns3:TrackPointExtension>
        </extensions>
      </trkpt>
      <trkpt lat="24.48775651864707469940185546875" lon="118.1033041141927242279052734375">
        <ele>11</ele>
        <time>2024-11-17T13:13:25.000Z</time>
        <extensions>
          <ns3:TrackPointExtension>
            <ns3:hr>158</ns3:hr>
          </ns3:TrackPointExtension>
        </extensions>
      </trkpt>
      <trkpt lat="24.487749896943569183349609375" lon="118.1033373065292835235595703125">
        <ele>11.3999996185302734375</ele>
        <time>2024-11-17T13:13:26.000Z</time>
        <extensions>
          <ns3:TrackPointExtension>
            <ns3:hr>158</ns3:hr>
          </ns3:TrackPointExtension>
        </extensions>
      </trkpt>
      <trkpt lat="24.4877447001636028289794921875" lon="118.10337058268487453460693359375">
        <ele>11.80000019073486328125</ele>
        <time>2024-11-17T13:13:27.000Z</time>
        <extensions>
          <ns3:TrackPointExtension>
            <ns3:hr>158</ns3:hr>
          </ns3:TrackPointExtension>
        </extensions>
      </trkpt>
      <trkpt lat="24.48773992247879505157470703125" lon="118.103403858840465545654296875">
        <ele>11.80000019073486328125</ele>
        <time>2024-11-17T13:13:28.000Z</time>
        <extensions>
          <ns3:TrackPointExtension>
            <ns3:hr>158</ns3:hr>
          </ns3:TrackPointExtension>
        </extensions>
      </trkpt>
      <trkpt lat="24.48773472569882869720458984375" lon="118.10343679971992969512939453125">
        <ele>11.6000003814697265625</ele>
        <time>2024-11-17T13:13:29.000Z</time>
        <extensions>
          <ns3:TrackPointExtension>
            <ns3:hr>158</ns3:hr>
          </ns3:TrackPointExtension>
        </extensions>
      </trkpt>
      <trkpt lat="24.48772936128079891204833984375" lon="118.10347015969455242156982421875">
        <ele>11.6000003814697265625</ele>
        <time>2024-11-17T13:13:30.000Z</time>
        <extensions>
          <ns3:TrackPointExtension>
            <ns3:hr>158</ns3:hr>
          </ns3:TrackPointExtension>
        </extensions>
      </trkpt>
      <trkpt lat="24.48772517032921314239501953125" lon="118.10350477695465087890625">
        <ele>11.3999996185302734375</ele>
        <time>2024-11-17T13:13:31.000Z</time>
        <extensions>
          <ns3:TrackPointExtension>
            <ns3:hr>158</ns3:hr>
          </ns3:TrackPointExtension>
        </extensions>
      </trkpt>
      <trkpt lat="24.48772232048213481903076171875" lon="118.10354040004312992095947265625">
        <ele>11.19999980926513671875</ele>
        <time>2024-11-17T13:13:32.000Z</time>
        <extensions>
          <ns3:TrackPointExtension>
            <ns3:hr>158</ns3:hr>
          </ns3:TrackPointExtension>
        </extensions>
      </trkpt>
      <trkpt lat="24.4877208955585956573486328125" lon="118.10357610695064067840576171875">
        <ele>11</ele>
        <time>2024-11-17T13:13:33.000Z</time>
        <extensions>
          <ns3:TrackPointExtension>
            <ns3:hr>158</ns3:hr>
          </ns3:TrackPointExtension>
        </extensions>
      </trkpt>
      <trkpt lat="24.48772081173956394195556640625" lon="118.10361131094396114349365234375">
        <ele>11</ele>
        <time>2024-11-17T13:13:34.000Z</time>
        <extensions>
          <ns3:TrackPointExtension>
            <ns3:hr>158</ns3:hr>
          </ns3:TrackPointExtension>
        </extensions>
      </trkpt>
      <trkpt lat="24.48772181756794452667236328125" lon="118.1036457605659961700439453125">
        <ele>10.80000019073486328125</ele>
        <time>2024-11-17T13:13:35.000Z</time>
        <extensions>
          <ns3:TrackPointExtension>
            <ns3:hr>158</ns3:hr>
          </ns3:TrackPointExtension>
        </extensions>
      </trkpt>
      <trkpt lat="24.48772349394857883453369140625" lon="118.10368071310222148895263671875">
        <ele>10.6000003814697265625</ele>
        <time>2024-11-17T13:13:36.000Z</time>
        <extensions>
          <ns3:TrackPointExtension>
            <ns3:hr>158</ns3:hr>
          </ns3:TrackPointExtension>
        </extensions>
      </trkpt>
      <trkpt lat="24.48772634379565715789794921875" lon="118.103717006742954254150390625">
        <ele>10</ele>
        <time>2024-11-17T13:13:37.000Z</time>
        <extensions>
          <ns3:TrackPointExtension>
            <ns3:hr>158</ns3:hr>
          </ns3:TrackPointExtension>
        </extensions>
      </trkpt>
      <trkpt lat="24.487729780375957489013671875" lon="118.10375346802175045013427734375">
        <ele>9.6000003814697265625</ele>
        <time>2024-11-17T13:13:38.000Z</time>
        <extensions>
          <ns3:TrackPointExtension>
            <ns3:hr>158</ns3:hr>
          </ns3:TrackPointExtension>
        </extensions>
      </trkpt>
      <trkpt lat="24.48773321695625782012939453125" lon="118.10378883965313434600830078125">
        <ele>9</ele>
        <time>2024-11-17T13:13:39.000Z</time>
        <extensions>
          <ns3:TrackPointExtension>
            <ns3:hr>158</ns3:hr>
          </ns3:TrackPointExtension>
        </extensions>
      </trkpt>
      <trkpt lat="24.48773757554590702056884765625" lon="118.10382354073226451873779296875">
        <ele>8.80000019073486328125</ele>
        <time>2024-11-17T13:13:40.000Z</time>
        <extensions>
          <ns3:TrackPointExtension>
            <ns3:hr>158</ns3:hr>
          </ns3:TrackPointExtension>
        </extensions>
      </trkpt>
      <trkpt lat="24.48774327524006366729736328125" lon="118.10385815799236297607421875">
        <ele>8.6000003814697265625</ele>
        <time>2024-11-17T13:13:41.000Z</time>
        <extensions>
          <ns3:TrackPointExtension>
            <ns3:hr>158</ns3:hr>
          </ns3:TrackPointExtension>
        </extensions>
      </trkpt>
      <trkpt lat="24.4877493940293788909912109375" lon="118.10389243997633457183837890625">
        <ele>8.3999996185302734375</ele>
        <time>2024-11-17T13:13:42.000Z</time>
        <extensions>
          <ns3:TrackPointExtension>
            <ns3:hr>158</ns3:hr>
          </ns3:TrackPointExtension>
        </extensions>
      </trkpt>
      <trkpt lat="24.48775551281869411468505859375" lon="118.103926219046115875244140625">
        <ele>8</ele>
        <time>2024-11-17T13:13:43.000Z</time>
        <extensions>
          <ns3:TrackPointExtension>
            <ns3:hr>158</ns3:hr>
          </ns3:TrackPointExtension>
        </extensions>
      </trkpt>
      <trkpt lat="24.48776221834123134613037109375" lon="118.10395983047783374786376953125">
        <ele>7.80000019073486328125</ele>
        <time>2024-11-17T13:13:44.000Z</time>
        <extensions>
          <ns3:TrackPointExtension>
            <ns3:hr>158</ns3:hr>
          </ns3:TrackPointExtension>
        </extensions>
      </trkpt>
      <trkpt lat="24.48777026496827602386474609375" lon="118.1039934419095516204833984375">
        <ele>7.599999904632568359375</ele>
        <time>2024-11-17T13:13:45.000Z</time>
        <extensions>
          <ns3:TrackPointExtension>
            <ns3:hr>156</ns3:hr>
          </ns3:TrackPointExtension>
        </extensions>
      </trkpt>
      <trkpt lat="24.48777982033789157867431640625" lon="118.10402722097933292388916015625">
        <ele>7.400000095367431640625</ele>
        <time>2024-11-17T13:13:46.000Z</time>
        <extensions>
          <ns3:TrackPointExtension>
            <ns3:hr>156</ns3:hr>
          </ns3:TrackPointExtension>
        </extensions>
      </trkpt>
      <trkpt lat="24.4877909682691097259521484375" lon="118.1040615029633045196533203125">
        <ele>7.19999980926513671875</ele>
        <time>2024-11-17T13:13:47.000Z</time>
        <extensions>
          <ns3:TrackPointExtension>
            <ns3:hr>156</ns3:hr>
          </ns3:TrackPointExtension>
        </extensions>
      </trkpt>
      <trkpt lat="24.48780312202870845794677734375" lon="118.10409612022340297698974609375">
        <ele>6.80000019073486328125</ele>
        <time>2024-11-17T13:13:48.000Z</time>
        <extensions>
          <ns3:TrackPointExtension>
            <ns3:hr>156</ns3:hr>
          </ns3:TrackPointExtension>
        </extensions>
      </trkpt>
      <trkpt lat="24.48781603015959262847900390625" lon="118.10413098894059658050537109375">
        <ele>6.599999904632568359375</ele>
        <time>2024-11-17T13:13:49.000Z</time>
        <extensions>
          <ns3:TrackPointExtension>
            <ns3:hr>156</ns3:hr>
          </ns3:TrackPointExtension>
        </extensions>
      </trkpt>
      <trkpt lat="24.487830363214015960693359375" lon="118.10416501946747303009033203125">
        <ele>6.400000095367431640625</ele>
        <time>2024-11-17T13:13:50.000Z</time>
        <extensions>
          <ns3:TrackPointExtension>
            <ns3:hr>156</ns3:hr>
          </ns3:TrackPointExtension>
        </extensions>
      </trkpt>
      <trkpt lat="24.48784637264907360076904296875" lon="118.104197122156620025634765625">
        <ele>6.19999980926513671875</ele>
        <time>2024-11-17T13:13:51.000Z</time>
        <extensions>
          <ns3:TrackPointExtension>
            <ns3:hr>157</ns3:hr>
          </ns3:TrackPointExtension>
        </extensions>
      </trkpt>
      <trkpt lat="24.487863220274448394775390625" lon="118.1042281351983547210693359375">
        <ele>6</ele>
        <time>2024-11-17T13:13:52.000Z</time>
        <extensions>
          <ns3:TrackPointExtension>
            <ns3:hr>157</ns3:hr>
          </ns3:TrackPointExtension>
        </extensions>
      </trkpt>
      <trkpt lat="24.48787990026175975799560546875" lon="118.10425939969718456268310546875">
        <ele>6</ele>
        <time>2024-11-17T13:13:53.000Z</time>
        <extensions>
          <ns3:TrackPointExtension>
            <ns3:hr>157</ns3:hr>
          </ns3:TrackPointExtension>
        </extensions>
      </trkpt>
      <trkpt lat="24.48789666406810283660888671875" lon="118.104290664196014404296875">
        <ele>6</ele>
        <time>2024-11-17T13:13:54.000Z</time>
        <extensions>
          <ns3:TrackPointExtension>
            <ns3:hr>157</ns3:hr>
          </ns3:TrackPointExtension>
        </extensions>
      </trkpt>
      <trkpt lat="24.48791460134088993072509765625" lon="118.1043210066854953765869140625">
        <ele>6</ele>
        <time>2024-11-17T13:13:55.000Z</time>
        <extensions>
          <ns3:TrackPointExtension>
            <ns3:hr>157</ns3:hr>
          </ns3:TrackPointExtension>
        </extensions>
      </trkpt>
      <trkpt lat="24.48793354444205760955810546875" lon="118.10435009188950061798095703125">
        <ele>6</ele>
        <time>2024-11-17T13:13:56.000Z</time>
        <extensions>
          <ns3:TrackPointExtension>
            <ns3:hr>157</ns3:hr>
          </ns3:TrackPointExtension>
        </extensions>
      </trkpt>
      <trkpt lat="24.4879535771906375885009765625" lon="118.10437842272222042083740234375">
        <ele>6</ele>
        <time>2024-11-17T13:13:57.000Z</time>
        <extensions>
          <ns3:TrackPointExtension>
            <ns3:hr>157</ns3:hr>
          </ns3:TrackPointExtension>
        </extensions>
      </trkpt>
      <trkpt lat="24.48797461576759815216064453125" lon="118.10440641827881336212158203125">
        <ele>6</ele>
        <time>2024-11-17T13:13:58.000Z</time>
        <extensions>
          <ns3:TrackPointExtension>
            <ns3:hr>157</ns3:hr>
          </ns3:TrackPointExtension>
        </extensions>
      </trkpt>
      <trkpt lat="24.48799674399197101593017578125" lon="118.1044341623783111572265625">
        <ele>6</ele>
        <time>2024-11-17T13:13:59.000Z</time>
        <extensions>
          <ns3:TrackPointExtension>
            <ns3:hr>157</ns3:hr>
          </ns3:TrackPointExtension>
        </extensions>
      </trkpt>
      <trkpt lat="24.4880189560353755950927734375" lon="118.104461319744586944580078125">
        <ele>6</ele>
        <time>2024-11-17T13:14:00.000Z</time>
        <extensions>
          <ns3:TrackPointExtension>
            <ns3:hr>157</ns3:hr>
          </ns3:TrackPointExtension>
        </extensions>
      </trkpt>
      <trkpt lat="24.48804032988846302032470703125" lon="118.10448839329183101654052734375">
        <ele>6</ele>
        <time>2024-11-17T13:14:01.000Z</time>
        <extensions>
          <ns3:TrackPointExtension>
            <ns3:hr>158</ns3:hr>
          </ns3:TrackPointExtension>
        </extensions>
      </trkpt>
      <trkpt lat="24.488061368465423583984375" lon="118.104515969753265380859375">
        <ele>6.19999980926513671875</ele>
        <time>2024-11-17T13:14:02.000Z</time>
        <extensions>
          <ns3:TrackPointExtension>
            <ns3:hr>158</ns3:hr>
          </ns3:TrackPointExtension>
        </extensions>
      </trkpt>
      <trkpt lat="24.48808341287076473236083984375" lon="118.10454304330050945281982421875">
        <ele>6.599999904632568359375</ele>
        <time>2024-11-17T13:14:03.000Z</time>
        <extensions>
          <ns3:TrackPointExtension>
            <ns3:hr>158</ns3:hr>
          </ns3:TrackPointExtension>
        </extensions>
      </trkpt>
      <trkpt lat="24.488106630742549896240234375" lon="118.1045687757432460784912109375">
        <ele>6.80000019073486328125</ele>
        <time>2024-11-17T13:14:04.000Z</time>
        <extensions>
          <ns3:TrackPointExtension>
            <ns3:hr>158</ns3:hr>
          </ns3:TrackPointExtension>
        </extensions>
      </trkpt>
      <trkpt lat="24.48813051916658878326416015625" lon="118.10459266416728496551513671875">
        <ele>7</ele>
        <time>2024-11-17T13:14:05.000Z</time>
        <extensions>
          <ns3:TrackPointExtension>
            <ns3:hr>158</ns3:hr>
          </ns3:TrackPointExtension>
        </extensions>
      </trkpt>
      <trkpt lat="24.48815516196191310882568359375" lon="118.1046157144010066986083984375">
        <ele>7.19999980926513671875</ele>
        <time>2024-11-17T13:14:06.000Z</time>
        <extensions>
          <ns3:TrackPointExtension>
            <ns3:hr>158</ns3:hr>
          </ns3:TrackPointExtension>
        </extensions>
      </trkpt>
      <trkpt lat="24.48818081058561801910400390625" lon="118.10463868081569671630859375">
        <ele>7.400000095367431640625</ele>
        <time>2024-11-17T13:14:07.000Z</time>
        <extensions>
          <ns3:TrackPointExtension>
            <ns3:hr>158</ns3:hr>
          </ns3:TrackPointExtension>
        </extensions>
      </trkpt>
      <trkpt lat="24.4882070459425449371337890625" lon="118.10466147959232330322265625">
        <ele>7.19999980926513671875</ele>
        <time>2024-11-17T13:14:08.000Z</time>
        <extensions>
          <ns3:TrackPointExtension>
            <ns3:hr>158</ns3:hr>
          </ns3:TrackPointExtension>
        </extensions>
      </trkpt>
      <trkpt lat="24.48823311366140842437744140625" lon="118.1046827696263790130615234375">
        <ele>7</ele>
        <time>2024-11-17T13:14:09.000Z</time>
        <extensions>
          <ns3:TrackPointExtension>
            <ns3:hr>158</ns3:hr>
          </ns3:TrackPointExtension>
        </extensions>
      </trkpt>
      <trkpt lat="24.48825943283736705780029296875" lon="118.1047022156417369842529296875">
        <ele>7</ele>
        <time>2024-11-17T13:14:10.000Z</time>
        <extensions>
          <ns3:TrackPointExtension>
            <ns3:hr>158</ns3:hr>
          </ns3:TrackPointExtension>
        </extensions>
      </trkpt>
      <trkpt lat="24.488286674022674560546875" lon="118.1047209911048412322998046875">
        <ele>6.80000019073486328125</ele>
        <time>2024-11-17T13:14:11.000Z</time>
        <extensions>
          <ns3:TrackPointExtension>
            <ns3:hr>158</ns3:hr>
          </ns3:TrackPointExtension>
        </extensions>
      </trkpt>
      <trkpt lat="24.4883153401315212249755859375" lon="118.1047397665679454803466796875">
        <ele>6.599999904632568359375</ele>
        <time>2024-11-17T13:14:12.000Z</time>
        <extensions>
          <ns3:TrackPointExtension>
            <ns3:hr>158</ns3:hr>
          </ns3:TrackPointExtension>
        </extensions>
      </trkpt>
      <trkpt lat="24.4883448444306850433349609375" lon="118.10475795529782772064208984375">
        <ele>6.19999980926513671875</ele>
        <time>2024-11-17T13:14:13.000Z</time>
        <extensions>
          <ns3:TrackPointExtension>
            <ns3:hr>158</ns3:hr>
          </ns3:TrackPointExtension>
        </extensions>
      </trkpt>
      <trkpt lat="24.488374851644039154052734375" lon="118.104774467647075653076171875">
        <ele>6</ele>
        <time>2024-11-17T13:14:14.000Z</time>
        <extensions>
          <ns3:TrackPointExtension>
            <ns3:hr>158</ns3:hr>
          </ns3:TrackPointExtension>
        </extensions>
      </trkpt>
      <trkpt lat="24.48840494267642498016357421875" lon="118.104789555072784423828125">
        <ele>5.80000019073486328125</ele>
        <time>2024-11-17T13:14:15.000Z</time>
        <extensions>
          <ns3:TrackPointExtension>
            <ns3:hr>158</ns3:hr>
          </ns3:TrackPointExtension>
        </extensions>
      </trkpt>
      <trkpt lat="24.48843528516590595245361328125" lon="118.1048031337559223175048828125">
        <ele>5.599999904632568359375</ele>
        <time>2024-11-17T13:14:16.000Z</time>
        <extensions>
          <ns3:TrackPointExtension>
            <ns3:hr>159</ns3:hr>
          </ns3:TrackPointExtension>
        </extensions>
      </trkpt>
      <trkpt lat="24.48846629820764064788818359375" lon="118.10481528751552104949951171875">
        <ele>5.19999980926513671875</ele>
        <time>2024-11-17T13:14:17.000Z</time>
        <extensions>
          <ns3:TrackPointExtension>
            <ns3:hr>159</ns3:hr>
          </ns3:TrackPointExtension>
        </extensions>
      </trkpt>
      <trkpt lat="24.4884977303445339202880859375" lon="118.1048262678086757659912109375">
        <ele>5</ele>
        <time>2024-11-17T13:14:18.000Z</time>
        <extensions>
          <ns3:TrackPointExtension>
            <ns3:hr>159</ns3:hr>
          </ns3:TrackPointExtension>
        </extensions>
      </trkpt>
      <trkpt lat="24.48852949775755405426025390625" lon="118.104836829006671905517578125">
        <ele>5</ele>
        <time>2024-11-17T13:14:19.000Z</time>
        <extensions>
          <ns3:TrackPointExtension>
            <ns3:hr>159</ns3:hr>
          </ns3:TrackPointExtension>
        </extensions>
      </trkpt>
      <trkpt lat="24.488561265170574188232421875" lon="118.1048470549285411834716796875">
        <ele>5</ele>
        <time>2024-11-17T13:14:20.000Z</time>
        <extensions>
          <ns3:TrackPointExtension>
            <ns3:hr>159</ns3:hr>
          </ns3:TrackPointExtension>
        </extensions>
      </trkpt>
      <trkpt lat="24.4885929487645626068115234375" lon="118.10485652647912502288818359375">
        <ele>5</ele>
        <time>2024-11-17T13:14:21.000Z</time>
        <extensions>
          <ns3:TrackPointExtension>
            <ns3:hr>159</ns3:hr>
          </ns3:TrackPointExtension>
        </extensions>
      </trkpt>
      <trkpt lat="24.48862421326339244842529296875" lon="118.10486557893455028533935546875">
        <ele>5</ele>
        <time>2024-11-17T13:14:22.000Z</time>
        <extensions>
          <ns3:TrackPointExtension>
            <ns3:hr>159</ns3:hr>
          </ns3:TrackPointExtension>
        </extensions>
      </trkpt>
      <trkpt lat="24.48865589685738086700439453125" lon="118.1048748828470706939697265625">
        <ele>5</ele>
        <time>2024-11-17T13:14:23.000Z</time>
        <extensions>
          <ns3:TrackPointExtension>
            <ns3:hr>159</ns3:hr>
          </ns3:TrackPointExtension>
        </extensions>
      </trkpt>
      <trkpt lat="24.48868791572749614715576171875" lon="118.10488385148346424102783203125">
        <ele>5</ele>
        <time>2024-11-17T13:14:24.000Z</time>
        <extensions>
          <ns3:TrackPointExtension>
            <ns3:hr>159</ns3:hr>
          </ns3:TrackPointExtension>
        </extensions>
      </trkpt>
      <trkpt lat="24.4887198507785797119140625" lon="118.10489214956760406494140625">
        <ele>5</ele>
        <time>2024-11-17T13:14:25.000Z</time>
        <extensions>
          <ns3:TrackPointExtension>
            <ns3:hr>159</ns3:hr>
          </ns3:TrackPointExtension>
        </extensions>
      </trkpt>
      <trkpt lat="24.4887515343725681304931640625" lon="118.10489927418529987335205078125">
        <ele>4.80000019073486328125</ele>
        <time>2024-11-17T13:14:26.000Z</time>
        <extensions>
          <ns3:TrackPointExtension>
            <ns3:hr>159</ns3:hr>
          </ns3:TrackPointExtension>
        </extensions>
      </trkpt>
      <trkpt lat="24.48878355324268341064453125" lon="118.1049048900604248046875">
        <ele>4.80000019073486328125</ele>
        <time>2024-11-17T13:14:27.000Z</time>
        <extensions>
          <ns3:TrackPointExtension>
            <ns3:hr>159</ns3:hr>
          </ns3:TrackPointExtension>
        </extensions>
      </trkpt>
      <trkpt lat="24.488816075026988983154296875" lon="118.10490950010716915130615234375">
        <ele>4.599999904632568359375</ele>
        <time>2024-11-17T13:14:28.000Z</time>
        <extensions>
          <ns3:TrackPointExtension>
            <ns3:hr>159</ns3:hr>
          </ns3:TrackPointExtension>
        </extensions>
      </trkpt>
      <trkpt lat="24.48884884826838970184326171875" lon="118.10491352342069149017333984375">
        <ele>4.599999904632568359375</ele>
        <time>2024-11-17T13:14:29.000Z</time>
        <extensions>
          <ns3:TrackPointExtension>
            <ns3:hr>159</ns3:hr>
          </ns3:TrackPointExtension>
        </extensions>
      </trkpt>
      <trkpt lat="24.4888812862336635589599609375" lon="118.1049169600009918212890625">
        <ele>4.599999904632568359375</ele>
        <time>2024-11-17T13:14:30.000Z</time>
        <extensions>
          <ns3:TrackPointExtension>
            <ns3:hr>159</ns3:hr>
          </ns3:TrackPointExtension>
        </extensions>
      </trkpt>
      <trkpt lat="24.48891338892281055450439453125" lon="118.10491972602903842926025390625">
        <ele>4.599999904632568359375</ele>
        <time>2024-11-17T13:14:31.000Z</time>
        <extensions>
          <ns3:TrackPointExtension>
            <ns3:hr>159</ns3:hr>
          </ns3:TrackPointExtension>
        </extensions>
      </trkpt>
      <trkpt lat="24.48894582688808441162109375" lon="118.1049208156764507293701171875">
        <ele>4.80000019073486328125</ele>
        <time>2024-11-17T13:14:32.000Z</time>
        <extensions>
          <ns3:TrackPointExtension>
            <ns3:hr>159</ns3:hr>
          </ns3:TrackPointExtension>
        </extensions>
      </trkpt>
      <trkpt lat="24.48897876776754856109619140625" lon="118.10491922311484813690185546875">
        <ele>4.80000019073486328125</ele>
        <time>2024-11-17T13:14:33.000Z</time>
        <extensions>
          <ns3:TrackPointExtension>
            <ns3:hr>159</ns3:hr>
          </ns3:TrackPointExtension>
        </extensions>
      </trkpt>
      <trkpt lat="24.48901154100894927978515625" lon="118.10491486452519893646240234375">
        <ele>4.80000019073486328125</ele>
        <time>2024-11-17T13:14:34.000Z</time>
        <extensions>
          <ns3:TrackPointExtension>
            <ns3:hr>159</ns3:hr>
          </ns3:TrackPointExtension>
        </extensions>
      </trkpt>
      <trkpt lat="24.48904372751712799072265625" lon="118.1049089133739471435546875">
        <ele>4.599999904632568359375</ele>
        <time>2024-11-17T13:14:35.000Z</time>
        <extensions>
          <ns3:TrackPointExtension>
            <ns3:hr>159</ns3:hr>
          </ns3:TrackPointExtension>
        </extensions>
      </trkpt>
      <trkpt lat="24.48907566256821155548095703125" lon="118.104902207851409912109375">
        <ele>4.19999980926513671875</ele>
        <time>2024-11-17T13:14:36.000Z</time>
        <extensions>
          <ns3:TrackPointExtension>
            <ns3:hr>159</ns3:hr>
          </ns3:TrackPointExtension>
        </extensions>
      </trkpt>
      <trkpt lat="24.4891075976192951202392578125" lon="118.10489508323371410369873046875">
        <ele>4</ele>
        <time>2024-11-17T13:14:37.000Z</time>
        <extensions>
          <ns3:TrackPointExtension>
            <ns3:hr>159</ns3:hr>
          </ns3:TrackPointExtension>
        </extensions>
      </trkpt>
      <trkpt lat="24.4891391135752201080322265625" lon="118.10488737188279628753662109375">
        <ele>3.7999999523162841796875</ele>
        <time>2024-11-17T13:14:38.000Z</time>
        <extensions>
          <ns3:TrackPointExtension>
            <ns3:hr>159</ns3:hr>
          </ns3:TrackPointExtension>
        </extensions>
      </trkpt>
      <trkpt lat="24.489170126616954803466796875" lon="118.10487932525575160980224609375">
        <ele>3.7999999523162841796875</ele>
        <time>2024-11-17T13:14:39.000Z</time>
        <extensions>
          <ns3:TrackPointExtension>
            <ns3:hr>159</ns3:hr>
          </ns3:TrackPointExtension>
        </extensions>
      </trkpt>
      <trkpt lat="24.48920105583965778350830078125" lon="118.1048713624477386474609375">
        <ele>3.7999999523162841796875</ele>
        <time>2024-11-17T13:14:40.000Z</time>
        <extensions>
          <ns3:TrackPointExtension>
            <ns3:hr>159</ns3:hr>
          </ns3:TrackPointExtension>
        </extensions>
      </trkpt>
      <trkpt lat="24.48923206888139247894287109375" lon="118.1048638187348842620849609375">
        <ele>3.7999999523162841796875</ele>
        <time>2024-11-17T13:14:41.000Z</time>
        <extensions>
          <ns3:TrackPointExtension>
            <ns3:hr>159</ns3:hr>
          </ns3:TrackPointExtension>
        </extensions>
      </trkpt>
      <trkpt lat="24.48926241137087345123291015625" lon="118.104856275022029876708984375">
        <ele>3.7999999523162841796875</ele>
        <time>2024-11-17T13:14:42.000Z</time>
        <extensions>
          <ns3:TrackPointExtension>
            <ns3:hr>159</ns3:hr>
          </ns3:TrackPointExtension>
        </extensions>
      </trkpt>
      <trkpt lat="24.48929250240325927734375" lon="118.10484797693789005279541015625">
        <ele>3.7999999523162841796875</ele>
        <time>2024-11-17T13:14:43.000Z</time>
        <extensions>
          <ns3:TrackPointExtension>
            <ns3:hr>159</ns3:hr>
          </ns3:TrackPointExtension>
        </extensions>
      </trkpt>
      <trkpt lat="24.48932292871177196502685546875" lon="118.1048390083014965057373046875">
        <ele>3.7999999523162841796875</ele>
        <time>2024-11-17T13:14:44.000Z</time>
        <extensions>
          <ns3:TrackPointExtension>
            <ns3:hr>159</ns3:hr>
          </ns3:TrackPointExtension>
        </extensions>
      </trkpt>
      <trkpt lat="24.489354193210601806640625" lon="118.104829452931880950927734375">
        <ele>3.7999999523162841796875</ele>
        <time>2024-11-17T13:14:45.000Z</time>
        <extensions>
          <ns3:TrackPointExtension>
            <ns3:hr>159</ns3:hr>
          </ns3:TrackPointExtension>
        </extensions>
      </trkpt>
      <trkpt lat="24.48938545770943164825439453125" lon="118.10481897555291652679443359375">
        <ele>3.599999904632568359375</ele>
        <time>2024-11-17T13:14:46.000Z</time>
        <extensions>
          <ns3:TrackPointExtension>
            <ns3:hr>159</ns3:hr>
          </ns3:TrackPointExtension>
        </extensions>
      </trkpt>
      <trkpt lat="24.4894170574843883514404296875" lon="118.1048068217933177947998046875">
        <ele>3.2000000476837158203125</ele>
        <time>2024-11-17T13:14:47.000Z</time>
        <extensions>
          <ns3:TrackPointExtension>
            <ns3:hr>158</ns3:hr>
          </ns3:TrackPointExtension>
        </extensions>
      </trkpt>
      <trkpt lat="24.48944949544966220855712890625" lon="118.1047935783863067626953125">
        <ele>3</ele>
        <time>2024-11-17T13:14:48.000Z</time>
        <extensions>
          <ns3:TrackPointExtension>
            <ns3:hr>158</ns3:hr>
          </ns3:TrackPointExtension>
        </extensions>
      </trkpt>
      <trkpt lat="24.48948184959590435028076171875" lon="118.1047799997031688690185546875">
        <ele>2.7999999523162841796875</ele>
        <time>2024-11-17T13:14:49.000Z</time>
        <extensions>
          <ns3:TrackPointExtension>
            <ns3:hr>159</ns3:hr>
          </ns3:TrackPointExtension>
        </extensions>
      </trkpt>
      <trkpt lat="24.48951244354248046875" lon="118.104765750467777252197265625">
        <ele>2.599999904632568359375</ele>
        <time>2024-11-17T13:14:50.000Z</time>
        <extensions>
          <ns3:TrackPointExtension>
            <ns3:hr>159</ns3:hr>
          </ns3:TrackPointExtension>
        </extensions>
      </trkpt>
      <trkpt lat="24.48954102583229541778564453125" lon="118.10474907048046588897705078125">
        <ele>2.400000095367431640625</ele>
        <time>2024-11-17T13:14:51.000Z</time>
        <extensions>
          <ns3:TrackPointExtension>
            <ns3:hr>159</ns3:hr>
          </ns3:TrackPointExtension>
        </extensions>
      </trkpt>
      <trkpt lat="24.48956751264631748199462890625" lon="118.1047297082841396331787109375">
        <ele>2.400000095367431640625</ele>
        <time>2024-11-17T13:14:52.000Z</time>
        <extensions>
          <ns3:TrackPointExtension>
            <ns3:hr>159</ns3:hr>
          </ns3:TrackPointExtension>
        </extensions>
      </trkpt>
      <trkpt lat="24.48959182016551494598388671875" lon="118.10470866970717906951904296875">
        <ele>2.599999904632568359375</ele>
        <time>2024-11-17T13:14:53.000Z</time>
        <extensions>
          <ns3:TrackPointExtension>
            <ns3:hr>159</ns3:hr>
          </ns3:TrackPointExtension>
        </extensions>
      </trkpt>
      <trkpt lat="24.4896157085895538330078125" lon="118.1046864576637744903564453125">
        <ele>2.7999999523162841796875</ele>
        <time>2024-11-17T13:14:54.000Z</time>
        <extensions>
          <ns3:TrackPointExtension>
            <ns3:hr>159</ns3:hr>
          </ns3:TrackPointExtension>
        </extensions>
      </trkpt>
      <trkpt lat="24.48964009992778301239013671875" lon="118.10466458089649677276611328125">
        <ele>2.7999999523162841796875</ele>
        <time>2024-11-17T13:14:55.000Z</time>
        <extensions>
          <ns3:TrackPointExtension>
            <ns3:hr>159</ns3:hr>
          </ns3:TrackPointExtension>
        </extensions>
      </trkpt>
      <trkpt lat="24.48966423980891704559326171875" lon="118.10464379377663135528564453125">
        <ele>3</ele>
        <time>2024-11-17T13:14:56.000Z</time>
        <extensions>
          <ns3:TrackPointExtension>
            <ns3:hr>159</ns3:hr>
          </ns3:TrackPointExtension>
        </extensions>
      </trkpt>
      <trkpt lat="24.489687792956829071044921875" lon="118.1046237610280513763427734375">
        <ele>3.2000000476837158203125</ele>
        <time>2024-11-17T13:14:57.000Z</time>
        <extensions>
          <ns3:TrackPointExtension>
            <ns3:hr>159</ns3:hr>
          </ns3:TrackPointExtension>
        </extensions>
      </trkpt>
      <trkpt lat="24.48971117846667766571044921875" lon="118.10460305772721767425537109375">
        <ele>3.2000000476837158203125</ele>
        <time>2024-11-17T13:14:58.000Z</time>
        <extensions>
          <ns3:TrackPointExtension>
            <ns3:hr>159</ns3:hr>
          </ns3:TrackPointExtension>
        </extensions>
      </trkpt>
      <trkpt lat="24.489734061062335968017578125" lon="118.104580678045749664306640625">
        <ele>3.400000095367431640625</ele>
        <time>2024-11-17T13:14:59.000Z</time>
        <extensions>
          <ns3:TrackPointExtension>
            <ns3:hr>159</ns3:hr>
          </ns3:TrackPointExtension>
        </extensions>
      </trkpt>
      <trkpt lat="24.4897560216486454010009765625" lon="118.104556538164615631103515625">
        <ele>3.599999904632568359375</ele>
        <time>2024-11-17T13:15:00.000Z</time>
        <extensions>
          <ns3:TrackPointExtension>
            <ns3:hr>159</ns3:hr>
          </ns3:TrackPointExtension>
        </extensions>
      </trkpt>
      <trkpt lat="24.48977655731141567230224609375" lon="118.10453097335994243621826171875">
        <ele>3.7999999523162841796875</ele>
        <time>2024-11-17T13:15:01.000Z</time>
        <extensions>
          <ns3:TrackPointExtension>
            <ns3:hr>159</ns3:hr>
          </ns3:TrackPointExtension>
        </extensions>
      </trkpt>
      <trkpt lat="24.4897954165935516357421875" lon="118.10450431890785694122314453125">
        <ele>4</ele>
        <time>2024-11-17T13:15:02.000Z</time>
        <extensions>
          <ns3:TrackPointExtension>
            <ns3:hr>159</ns3:hr>
          </ns3:TrackPointExtension>
        </extensions>
      </trkpt>
      <trkpt lat="24.4898130185902118682861328125" lon="118.10447732917964458465576171875">
        <ele>4.19999980926513671875</ele>
        <time>2024-11-17T13:15:03.000Z</time>
        <extensions>
          <ns3:TrackPointExtension>
            <ns3:hr>159</ns3:hr>
          </ns3:TrackPointExtension>
        </extensions>
      </trkpt>
      <trkpt lat="24.4898301176726818084716796875" lon="118.1044504232704639434814453125">
        <ele>4.400000095367431640625</ele>
        <time>2024-11-17T13:15:04.000Z</time>
        <extensions>
          <ns3:TrackPointExtension>
            <ns3:hr>159</ns3:hr>
          </ns3:TrackPointExtension>
        </extensions>
      </trkpt>
      <trkpt lat="24.48984730057418346405029296875" lon="118.1044229306280612945556640625">
        <ele>4.400000095367431640625</ele>
        <time>2024-11-17T13:15:05.000Z</time>
        <extensions>
          <ns3:TrackPointExtension>
            <ns3:hr>159</ns3:hr>
          </ns3:TrackPointExtension>
        </extensions>
      </trkpt>
      <trkpt lat="24.4898649863898754119873046875" lon="118.10439485125243663787841796875">
        <ele>4.599999904632568359375</ele>
        <time>2024-11-17T13:15:06.000Z</time>
        <extensions>
          <ns3:TrackPointExtension>
            <ns3:hr>159</ns3:hr>
          </ns3:TrackPointExtension>
        </extensions>
      </trkpt>
      <trkpt lat="24.48988267220556735992431640625" lon="118.10436643660068511962890625">
        <ele>4.80000019073486328125</ele>
        <time>2024-11-17T13:15:07.000Z</time>
        <extensions>
          <ns3:TrackPointExtension>
            <ns3:hr>159</ns3:hr>
          </ns3:TrackPointExtension>
        </extensions>
      </trkpt>
      <trkpt lat="24.48989993892610073089599609375" lon="118.1043377704918384552001953125">
        <ele>4.80000019073486328125</ele>
        <time>2024-11-17T13:15:08.000Z</time>
        <extensions>
          <ns3:TrackPointExtension>
            <ns3:hr>159</ns3:hr>
          </ns3:TrackPointExtension>
        </extensions>
      </trkpt>
      <trkpt lat="24.48991670273244380950927734375" lon="118.10430885292589664459228515625">
        <ele>5</ele>
        <time>2024-11-17T13:15:09.000Z</time>
        <extensions>
          <ns3:TrackPointExtension>
            <ns3:hr>159</ns3:hr>
          </ns3:TrackPointExtension>
        </extensions>
      </trkpt>
      <trkpt lat="24.48993296362459659576416015625" lon="118.1042807735502719879150390625">
        <ele>5.19999980926513671875</ele>
        <time>2024-11-17T13:15:10.000Z</time>
        <extensions>
          <ns3:TrackPointExtension>
            <ns3:hr>159</ns3:hr>
          </ns3:TrackPointExtension>
        </extensions>
      </trkpt>
      <trkpt lat="24.489949308335781097412109375" lon="118.10425286181271076202392578125">
        <ele>5.400000095367431640625</ele>
        <time>2024-11-17T13:15:11.000Z</time>
        <extensions>
          <ns3:TrackPointExtension>
            <ns3:hr>158</ns3:hr>
          </ns3:TrackPointExtension>
        </extensions>
      </trkpt>
      <trkpt lat="24.48996565304696559906005859375" lon="118.1042244471609592437744140625">
        <ele>5.400000095367431640625</ele>
        <time>2024-11-17T13:15:12.000Z</time>
        <extensions>
          <ns3:TrackPointExtension>
            <ns3:hr>158</ns3:hr>
          </ns3:TrackPointExtension>
        </extensions>
      </trkpt>
      <trkpt lat="24.48998141102492809295654296875" lon="118.10419477522373199462890625">
        <ele>5.400000095367431640625</ele>
        <time>2024-11-17T13:15:13.000Z</time>
        <extensions>
          <ns3:TrackPointExtension>
            <ns3:hr>158</ns3:hr>
          </ns3:TrackPointExtension>
        </extensions>
      </trkpt>
      <trkpt lat="24.4899960793554782867431640625" lon="118.1041637621819972991943359375">
        <ele>5.400000095367431640625</ele>
        <time>2024-11-17T13:15:14.000Z</time>
        <extensions>
          <ns3:TrackPointExtension>
            <ns3:hr>158</ns3:hr>
          </ns3:TrackPointExtension>
        </extensions>
      </trkpt>
      <trkpt lat="24.49000932276248931884765625" lon="118.10413132421672344207763671875">
        <ele>5.400000095367431640625</ele>
        <time>2024-11-17T13:15:15.000Z</time>
        <extensions>
          <ns3:TrackPointExtension>
            <ns3:hr>158</ns3:hr>
          </ns3:TrackPointExtension>
        </extensions>
      </trkpt>
      <trkpt lat="24.49002097360789775848388671875" lon="118.1040983833372592926025390625">
        <ele>5.400000095367431640625</ele>
        <time>2024-11-17T13:15:16.000Z</time>
        <extensions>
          <ns3:TrackPointExtension>
            <ns3:hr>158</ns3:hr>
          </ns3:TrackPointExtension>
        </extensions>
      </trkpt>
      <trkpt lat="24.49003203772008419036865234375" lon="118.1040655262768268585205078125">
        <ele>5.19999980926513671875</ele>
        <time>2024-11-17T13:15:17.000Z</time>
        <extensions>
          <ns3:TrackPointExtension>
            <ns3:hr>158</ns3:hr>
          </ns3:TrackPointExtension>
        </extensions>
      </trkpt>
      <trkpt lat="24.49004352092742919921875" lon="118.10403250157833099365234375">
        <ele>5.19999980926513671875</ele>
        <time>2024-11-17T13:15:18.000Z</time>
        <extensions>
          <ns3:TrackPointExtension>
            <ns3:hr>158</ns3:hr>
          </ns3:TrackPointExtension>
        </extensions>
      </trkpt>
      <trkpt lat="24.4900547526776790618896484375" lon="118.103998638689517974853515625">
        <ele>5.19999980926513671875</ele>
        <time>2024-11-17T13:15:19.000Z</time>
        <extensions>
          <ns3:TrackPointExtension>
            <ns3:hr>158</ns3:hr>
          </ns3:TrackPointExtension>
        </extensions>
      </trkpt>
      <trkpt lat="24.49006497859954833984375" lon="118.10396410524845123291015625">
        <ele>5.19999980926513671875</ele>
        <time>2024-11-17T13:15:20.000Z</time>
        <extensions>
          <ns3:TrackPointExtension>
            <ns3:hr>158</ns3:hr>
          </ns3:TrackPointExtension>
        </extensions>
      </trkpt>
      <trkpt lat="24.4900731928646564483642578125" lon="118.10392982326447963714599609375">
        <ele>5.19999980926513671875</ele>
        <time>2024-11-17T13:15:21.000Z</time>
        <extensions>
          <ns3:TrackPointExtension>
            <ns3:hr>158</ns3:hr>
          </ns3:TrackPointExtension>
        </extensions>
      </trkpt>
      <trkpt lat="24.4900792278349399566650390625" lon="118.1038962118327617645263671875">
        <ele>5</ele>
        <time>2024-11-17T13:15:22.000Z</time>
        <extensions>
          <ns3:TrackPointExtension>
            <ns3:hr>158</ns3:hr>
          </ns3:TrackPointExtension>
        </extensions>
      </trkpt>
      <trkpt lat="24.49008442461490631103515625" lon="118.10386293567717075347900390625">
        <ele>5</ele>
        <time>2024-11-17T13:15:23.000Z</time>
        <extensions>
          <ns3:TrackPointExtension>
            <ns3:hr>158</ns3:hr>
          </ns3:TrackPointExtension>
        </extensions>
      </trkpt>
      <trkpt lat="24.4900896213948726654052734375" lon="118.103828988969326019287109375">
        <ele>5</ele>
        <time>2024-11-17T13:15:24.000Z</time>
        <extensions>
          <ns3:TrackPointExtension>
            <ns3:hr>157</ns3:hr>
          </ns3:TrackPointExtension>
        </extensions>
      </trkpt>
      <trkpt lat="24.4900949858129024505615234375" lon="118.10379403643310070037841796875">
        <ele>5</ele>
        <time>2024-11-17T13:15:25.000Z</time>
        <extensions>
          <ns3:TrackPointExtension>
            <ns3:hr>157</ns3:hr>
          </ns3:TrackPointExtension>
        </extensions>
      </trkpt>
      <trkpt lat="24.4901000149548053741455078125" lon="118.10375866480171680450439453125">
        <ele>5</ele>
        <time>2024-11-17T13:15:26.000Z</time>
        <extensions>
          <ns3:TrackPointExtension>
            <ns3:hr>157</ns3:hr>
          </ns3:TrackPointExtension>
        </extensions>
      </trkpt>
      <trkpt lat="24.4901040382683277130126953125" lon="118.1037232093513011932373046875">
        <ele>5</ele>
        <time>2024-11-17T13:15:27.000Z</time>
        <extensions>
          <ns3:TrackPointExtension>
            <ns3:hr>157</ns3:hr>
          </ns3:TrackPointExtension>
        </extensions>
      </trkpt>
      <trkpt lat="24.49010663665831089019775390625" lon="118.103687502443790435791015625">
        <ele>5</ele>
        <time>2024-11-17T13:15:28.000Z</time>
        <extensions>
          <ns3:TrackPointExtension>
            <ns3:hr>157</ns3:hr>
          </ns3:TrackPointExtension>
        </extensions>
      </trkpt>
      <trkpt lat="24.490108229219913482666015625" lon="118.1036521308124065399169921875">
        <ele>5</ele>
        <time>2024-11-17T13:15:29.000Z</time>
        <extensions>
          <ns3:TrackPointExtension>
            <ns3:hr>157</ns3:hr>
          </ns3:TrackPointExtension>
        </extensions>
      </trkpt>
      <trkpt lat="24.490108899772167205810546875" lon="118.103617094457149505615234375">
        <ele>5.19999980926513671875</ele>
        <time>2024-11-17T13:15:30.000Z</time>
        <extensions>
          <ns3:TrackPointExtension>
            <ns3:hr>157</ns3:hr>
          </ns3:TrackPointExtension>
        </extensions>
      </trkpt>
      <trkpt lat="24.4901090674102306365966796875" lon="118.10358264483511447906494140625">
        <ele>5.19999980926513671875</ele>
        <time>2024-11-17T13:15:31.000Z</time>
        <extensions>
          <ns3:TrackPointExtension>
            <ns3:hr>157</ns3:hr>
          </ns3:TrackPointExtension>
        </extensions>
      </trkpt>
      <trkpt lat="24.4901083968579769134521484375" lon="118.10354861430823802947998046875">
        <ele>5.400000095367431640625</ele>
        <time>2024-11-17T13:15:32.000Z</time>
        <extensions>
          <ns3:TrackPointExtension>
            <ns3:hr>157</ns3:hr>
          </ns3:TrackPointExtension>
        </extensions>
      </trkpt>
      <trkpt lat="24.4901063852012157440185546875" lon="118.103514499962329864501953125">
        <ele>5.599999904632568359375</ele>
        <time>2024-11-17T13:15:33.000Z</time>
        <extensions>
          <ns3:TrackPointExtension>
            <ns3:hr>157</ns3:hr>
          </ns3:TrackPointExtension>
        </extensions>
      </trkpt>
      <trkpt lat="24.49010278098285198211669921875" lon="118.10348055325448513031005859375">
        <ele>5.599999904632568359375</ele>
        <time>2024-11-17T13:15:34.000Z</time>
        <extensions>
          <ns3:TrackPointExtension>
            <ns3:hr>158</ns3:hr>
          </ns3:TrackPointExtension>
        </extensions>
      </trkpt>
      <trkpt lat="24.4900985062122344970703125" lon="118.103447444736957550048828125">
        <ele>5.80000019073486328125</ele>
        <time>2024-11-17T13:15:35.000Z</time>
        <extensions>
          <ns3:TrackPointExtension>
            <ns3:hr>158</ns3:hr>
          </ns3:TrackPointExtension>
        </extensions>
      </trkpt>
      <trkpt lat="24.49009372852742671966552734375" lon="118.1034150905907154083251953125">
        <ele>5.80000019073486328125</ele>
        <time>2024-11-17T13:15:36.000Z</time>
        <extensions>
          <ns3:TrackPointExtension>
            <ns3:hr>158</ns3:hr>
          </ns3:TrackPointExtension>
        </extensions>
      </trkpt>
      <trkpt lat="24.4900879450142383575439453125" lon="118.1033822335302829742431640625">
        <ele>6</ele>
        <time>2024-11-17T13:15:37.000Z</time>
        <extensions>
          <ns3:TrackPointExtension>
            <ns3:hr>158</ns3:hr>
          </ns3:TrackPointExtension>
        </extensions>
      </trkpt>
      <trkpt lat="24.49008132331073284149169921875" lon="118.10334878973662853240966796875">
        <ele>6</ele>
        <time>2024-11-17T13:15:38.000Z</time>
        <extensions>
          <ns3:TrackPointExtension>
            <ns3:hr>158</ns3:hr>
          </ns3:TrackPointExtension>
        </extensions>
      </trkpt>
      <trkpt lat="24.49007445015013217926025390625" lon="118.1033148430287837982177734375">
        <ele>6.19999980926513671875</ele>
        <time>2024-11-17T13:15:39.000Z</time>
        <extensions>
          <ns3:TrackPointExtension>
            <ns3:hr>158</ns3:hr>
          </ns3:TrackPointExtension>
        </extensions>
      </trkpt>
      <trkpt lat="24.49006724171340465545654296875" lon="118.10328056104481220245361328125">
        <ele>6.19999980926513671875</ele>
        <time>2024-11-17T13:15:40.000Z</time>
        <extensions>
          <ns3:TrackPointExtension>
            <ns3:hr>158</ns3:hr>
          </ns3:TrackPointExtension>
        </extensions>
      </trkpt>
      <trkpt lat="24.49005894362926483154296875" lon="118.1032464466989040374755859375">
        <ele>6.19999980926513671875</ele>
        <time>2024-11-17T13:15:41.000Z</time>
        <extensions>
          <ns3:TrackPointExtension>
            <ns3:hr>158</ns3:hr>
          </ns3:TrackPointExtension>
        </extensions>
      </trkpt>
      <trkpt lat="24.4900493882596492767333984375" lon="118.1032129190862178802490234375">
        <ele>6.400000095367431640625</ele>
        <time>2024-11-17T13:15:42.000Z</time>
        <extensions>
          <ns3:TrackPointExtension>
            <ns3:hr>157</ns3:hr>
          </ns3:TrackPointExtension>
        </extensions>
      </trkpt>
      <trkpt lat="24.490038491785526275634765625" lon="118.10317997820675373077392578125">
        <ele>6.400000095367431640625</ele>
        <time>2024-11-17T13:15:43.000Z</time>
        <extensions>
          <ns3:TrackPointExtension>
            <ns3:hr>157</ns3:hr>
          </ns3:TrackPointExtension>
        </extensions>
      </trkpt>
      <trkpt lat="24.490026421844959259033203125" lon="118.10314745642244815826416015625">
        <ele>6.599999904632568359375</ele>
        <time>2024-11-17T13:15:44.000Z</time>
        <extensions>
          <ns3:TrackPointExtension>
            <ns3:hr>157</ns3:hr>
          </ns3:TrackPointExtension>
        </extensions>
      </trkpt>
      <trkpt lat="24.4900131784379482269287109375" lon="118.1031153537333011627197265625">
        <ele>6.599999904632568359375</ele>
        <time>2024-11-17T13:15:45.000Z</time>
        <extensions>
          <ns3:TrackPointExtension>
            <ns3:hr>157</ns3:hr>
          </ns3:TrackPointExtension>
        </extensions>
      </trkpt>
      <trkpt lat="24.489998929202556610107421875" lon="118.103084005415439605712890625">
        <ele>6.599999904632568359375</ele>
        <time>2024-11-17T13:15:46.000Z</time>
        <extensions>
          <ns3:TrackPointExtension>
            <ns3:hr>157</ns3:hr>
          </ns3:TrackPointExtension>
        </extensions>
      </trkpt>
      <trkpt lat="24.489984177052974700927734375" lon="118.103053160011768341064453125">
        <ele>6.80000019073486328125</ele>
        <time>2024-11-17T13:15:47.000Z</time>
        <extensions>
          <ns3:TrackPointExtension>
            <ns3:hr>157</ns3:hr>
          </ns3:TrackPointExtension>
        </extensions>
      </trkpt>
      <trkpt lat="24.48996883817017078399658203125" lon="118.10302223078906536102294921875">
        <ele>6.80000019073486328125</ele>
        <time>2024-11-17T13:15:48.000Z</time>
        <extensions>
          <ns3:TrackPointExtension>
            <ns3:hr>157</ns3:hr>
          </ns3:TrackPointExtension>
        </extensions>
      </trkpt>
      <trkpt lat="24.48995299637317657470703125" lon="118.10299121774733066558837890625">
        <ele>6.80000019073486328125</ele>
        <time>2024-11-17T13:15:49.000Z</time>
        <extensions>
          <ns3:TrackPointExtension>
            <ns3:hr>157</ns3:hr>
          </ns3:TrackPointExtension>
        </extensions>
      </trkpt>
      <trkpt lat="24.48993698693811893463134765625" lon="118.10296087525784969329833984375">
        <ele>6.80000019073486328125</ele>
        <time>2024-11-17T13:15:50.000Z</time>
        <extensions>
          <ns3:TrackPointExtension>
            <ns3:hr>157</ns3:hr>
          </ns3:TrackPointExtension>
        </extensions>
      </trkpt>
      <trkpt lat="24.4899206422269344329833984375" lon="118.10293170623481273651123046875">
        <ele>7</ele>
        <time>2024-11-17T13:15:51.000Z</time>
        <extensions>
          <ns3:TrackPointExtension>
            <ns3:hr>156</ns3:hr>
          </ns3:TrackPointExtension>
        </extensions>
      </trkpt>
      <trkpt lat="24.4899032078683376312255859375" lon="118.10290329158306121826171875">
        <ele>7</ele>
        <time>2024-11-17T13:15:52.000Z</time>
        <extensions>
          <ns3:TrackPointExtension>
            <ns3:hr>156</ns3:hr>
          </ns3:TrackPointExtension>
        </extensions>
      </trkpt>
      <trkpt lat="24.4898839294910430908203125" lon="118.102874793112277984619140625">
        <ele>7</ele>
        <time>2024-11-17T13:15:53.000Z</time>
        <extensions>
          <ns3:TrackPointExtension>
            <ns3:hr>156</ns3:hr>
          </ns3:TrackPointExtension>
        </extensions>
      </trkpt>
      <trkpt lat="24.489862807095050811767578125" lon="118.1028464622795581817626953125">
        <ele>7</ele>
        <time>2024-11-17T13:15:54.000Z</time>
        <extensions>
          <ns3:TrackPointExtension>
            <ns3:hr>156</ns3:hr>
          </ns3:TrackPointExtension>
        </extensions>
      </trkpt>
      <trkpt lat="24.48984076268970966339111328125" lon="118.10281880199909210205078125">
        <ele>7</ele>
        <time>2024-11-17T13:15:55.000Z</time>
        <extensions>
          <ns3:TrackPointExtension>
            <ns3:hr>156</ns3:hr>
          </ns3:TrackPointExtension>
        </extensions>
      </trkpt>
      <trkpt lat="24.489819221198558807373046875" lon="118.10279206372797489166259765625">
        <ele>7</ele>
        <time>2024-11-17T13:15:56.000Z</time>
        <extensions>
          <ns3:TrackPointExtension>
            <ns3:hr>156</ns3:hr>
          </ns3:TrackPointExtension>
        </extensions>
      </trkpt>
      <trkpt lat="24.4897975958883762359619140625" lon="118.10276591219007968902587890625">
        <ele>7.19999980926513671875</ele>
        <time>2024-11-17T13:15:57.000Z</time>
        <extensions>
          <ns3:TrackPointExtension>
            <ns3:hr>156</ns3:hr>
          </ns3:TrackPointExtension>
        </extensions>
      </trkpt>
      <trkpt lat="24.48977504856884479522705078125" lon="118.1027401797473430633544921875">
        <ele>7.19999980926513671875</ele>
        <time>2024-11-17T13:15:58.000Z</time>
        <extensions>
          <ns3:TrackPointExtension>
            <ns3:hr>156</ns3:hr>
          </ns3:TrackPointExtension>
        </extensions>
      </trkpt>
      <trkpt lat="24.48975183069705963134765625" lon="118.10271545313298702239990234375">
        <ele>7.19999980926513671875</ele>
        <time>2024-11-17T13:15:59.000Z</time>
        <extensions>
          <ns3:TrackPointExtension>
            <ns3:hr>156</ns3:hr>
          </ns3:TrackPointExtension>
        </extensions>
      </trkpt>
      <trkpt lat="24.48972861282527446746826171875" lon="118.102692067623138427734375">
        <ele>7.400000095367431640625</ele>
        <time>2024-11-17T13:16:00.000Z</time>
        <extensions>
          <ns3:TrackPointExtension>
            <ns3:hr>156</ns3:hr>
          </ns3:TrackPointExtension>
        </extensions>
      </trkpt>
      <trkpt lat="24.489704556763172149658203125" lon="118.1026701070368289947509765625">
        <ele>7.400000095367431640625</ele>
        <time>2024-11-17T13:16:01.000Z</time>
        <extensions>
          <ns3:TrackPointExtension>
            <ns3:hr>156</ns3:hr>
          </ns3:TrackPointExtension>
        </extensions>
      </trkpt>
      <trkpt lat="24.48967915959656238555908203125" lon="118.1026496551930904388427734375">
        <ele>7.599999904632568359375</ele>
        <time>2024-11-17T13:16:02.000Z</time>
        <extensions>
          <ns3:TrackPointExtension>
            <ns3:hr>156</ns3:hr>
          </ns3:TrackPointExtension>
        </extensions>
      </trkpt>
      <trkpt lat="24.489652924239635467529296875" lon="118.1026305444538593292236328125">
        <ele>7.599999904632568359375</ele>
        <time>2024-11-17T13:16:03.000Z</time>
        <extensions>
          <ns3:TrackPointExtension>
            <ns3:hr>156</ns3:hr>
          </ns3:TrackPointExtension>
        </extensions>
      </trkpt>
      <trkpt lat="24.4896262697875499725341796875" lon="118.102611936628818511962890625">
        <ele>7.80000019073486328125</ele>
        <time>2024-11-17T13:16:04.000Z</time>
        <extensions>
          <ns3:TrackPointExtension>
            <ns3:hr>156</ns3:hr>
          </ns3:TrackPointExtension>
        </extensions>
      </trkpt>
      <trkpt lat="24.48959894478321075439453125" lon="118.10259290970861911773681640625">
        <ele>7.80000019073486328125</ele>
        <time>2024-11-17T13:16:05.000Z</time>
        <extensions>
          <ns3:TrackPointExtension>
            <ns3:hr>156</ns3:hr>
          </ns3:TrackPointExtension>
        </extensions>
      </trkpt>
      <trkpt lat="24.489570446312427520751953125" lon="118.10257329605519771575927734375">
        <ele>8</ele>
        <time>2024-11-17T13:16:06.000Z</time>
        <extensions>
          <ns3:TrackPointExtension>
            <ns3:hr>156</ns3:hr>
          </ns3:TrackPointExtension>
        </extensions>
      </trkpt>
      <trkpt lat="24.48954219929873943328857421875" lon="118.10255250893533229827880859375">
        <ele>8</ele>
        <time>2024-11-17T13:16:07.000Z</time>
        <extensions>
          <ns3:TrackPointExtension>
            <ns3:hr>156</ns3:hr>
          </ns3:TrackPointExtension>
        </extensions>
      </trkpt>
      <trkpt lat="24.489515125751495361328125" lon="118.1025309674441814422607421875">
        <ele>8</ele>
        <time>2024-11-17T13:16:08.000Z</time>
        <extensions>
          <ns3:TrackPointExtension>
            <ns3:hr>156</ns3:hr>
          </ns3:TrackPointExtension>
        </extensions>
      </trkpt>
      <trkpt lat="24.489487968385219573974609375" lon="118.102510683238506317138671875">
        <ele>8.19999980926513671875</ele>
        <time>2024-11-17T13:16:09.000Z</time>
        <extensions>
          <ns3:TrackPointExtension>
            <ns3:hr>156</ns3:hr>
          </ns3:TrackPointExtension>
        </extensions>
      </trkpt>
      <trkpt lat="24.48945871554315090179443359375" lon="118.10249350033700466156005859375">
        <ele>8.19999980926513671875</ele>
        <time>2024-11-17T13:16:10.000Z</time>
        <extensions>
          <ns3:TrackPointExtension>
            <ns3:hr>154</ns3:hr>
          </ns3:TrackPointExtension>
        </extensions>
      </trkpt>
      <trkpt lat="24.48942787013947963714599609375" lon="118.10247908346354961395263671875">
        <ele>8.19999980926513671875</ele>
        <time>2024-11-17T13:16:11.000Z</time>
        <extensions>
          <ns3:TrackPointExtension>
            <ns3:hr>154</ns3:hr>
          </ns3:TrackPointExtension>
        </extensions>
      </trkpt>
      <trkpt lat="24.4893969409167766571044921875" lon="118.10246701352298259735107421875">
        <ele>8.19999980926513671875</ele>
        <time>2024-11-17T13:16:12.000Z</time>
        <extensions>
          <ns3:TrackPointExtension>
            <ns3:hr>154</ns3:hr>
          </ns3:TrackPointExtension>
        </extensions>
      </trkpt>
      <trkpt lat="24.48936668224632740020751953125" lon="118.10245729051530361175537109375">
        <ele>8.3999996185302734375</ele>
        <time>2024-11-17T13:16:13.000Z</time>
        <extensions>
          <ns3:TrackPointExtension>
            <ns3:hr>154</ns3:hr>
          </ns3:TrackPointExtension>
        </extensions>
      </trkpt>
      <trkpt lat="24.48933684267103672027587890625" lon="118.102449662983417510986328125">
        <ele>8.3999996185302734375</ele>
        <time>2024-11-17T13:16:14.000Z</time>
        <extensions>
          <ns3:TrackPointExtension>
            <ns3:hr>154</ns3:hr>
          </ns3:TrackPointExtension>
        </extensions>
      </trkpt>
      <trkpt lat="24.48930683545768260955810546875" lon="118.1024431250989437103271484375">
        <ele>8.6000003814697265625</ele>
        <time>2024-11-17T13:16:15.000Z</time>
        <extensions>
          <ns3:TrackPointExtension>
            <ns3:hr>154</ns3:hr>
          </ns3:TrackPointExtension>
        </extensions>
      </trkpt>
      <trkpt lat="24.48927582241594791412353515625" lon="118.1024367548525333404541015625">
        <ele>8.6000003814697265625</ele>
        <time>2024-11-17T13:16:16.000Z</time>
        <extensions>
          <ns3:TrackPointExtension>
            <ns3:hr>154</ns3:hr>
          </ns3:TrackPointExtension>
        </extensions>
      </trkpt>
      <trkpt lat="24.4892442226409912109375" lon="118.1024293787777423858642578125">
        <ele>8.80000019073486328125</ele>
        <time>2024-11-17T13:16:17.000Z</time>
        <extensions>
          <ns3:TrackPointExtension>
            <ns3:hr>154</ns3:hr>
          </ns3:TrackPointExtension>
        </extensions>
      </trkpt>
      <trkpt lat="24.48921262286603450775146484375" lon="118.102420158684253692626953125">
        <ele>9</ele>
        <time>2024-11-17T13:16:18.000Z</time>
        <extensions>
          <ns3:TrackPointExtension>
            <ns3:hr>154</ns3:hr>
          </ns3:TrackPointExtension>
        </extensions>
      </trkpt>
      <trkpt lat="24.48918110691010951995849609375" lon="118.10240951366722583770751953125">
        <ele>9.19999980926513671875</ele>
        <time>2024-11-17T13:16:19.000Z</time>
        <extensions>
          <ns3:TrackPointExtension>
            <ns3:hr>154</ns3:hr>
          </ns3:TrackPointExtension>
        </extensions>
      </trkpt>
      <trkpt lat="24.48915009386837482452392578125" lon="118.10239878483116626739501953125">
        <ele>9.3999996185302734375</ele>
        <time>2024-11-17T13:16:20.000Z</time>
        <extensions>
          <ns3:TrackPointExtension>
            <ns3:hr>154</ns3:hr>
          </ns3:TrackPointExtension>
        </extensions>
      </trkpt>
      <trkpt lat="24.489118494093418121337890625" lon="118.1023894809186458587646484375">
        <ele>9.6000003814697265625</ele>
        <time>2024-11-17T13:16:21.000Z</time>
        <extensions>
          <ns3:TrackPointExtension>
            <ns3:hr>154</ns3:hr>
          </ns3:TrackPointExtension>
        </extensions>
      </trkpt>
      <trkpt lat="24.489086307585239410400390625" lon="118.102381937205791473388671875">
        <ele>9.80000019073486328125</ele>
        <time>2024-11-17T13:16:22.000Z</time>
        <extensions>
          <ns3:TrackPointExtension>
            <ns3:hr>154</ns3:hr>
          </ns3:TrackPointExtension>
        </extensions>
      </trkpt>
      <trkpt lat="24.48905403725802898406982421875" lon="118.1023767404258251190185546875">
        <ele>10</ele>
        <time>2024-11-17T13:16:23.000Z</time>
        <extensions>
          <ns3:TrackPointExtension>
            <ns3:hr>154</ns3:hr>
          </ns3:TrackPointExtension>
        </extensions>
      </trkpt>
      <trkpt lat="24.4890214316546916961669921875" lon="118.10237355530261993408203125">
        <ele>10.19999980926513671875</ele>
        <time>2024-11-17T13:16:24.000Z</time>
        <extensions>
          <ns3:TrackPointExtension>
            <ns3:hr>154</ns3:hr>
          </ns3:TrackPointExtension>
        </extensions>
      </trkpt>
      <trkpt lat="24.488989077508449554443359375" lon="118.1023715436458587646484375">
        <ele>10.3999996185302734375</ele>
        <time>2024-11-17T13:16:25.000Z</time>
        <extensions>
          <ns3:TrackPointExtension>
            <ns3:hr>154</ns3:hr>
          </ns3:TrackPointExtension>
        </extensions>
      </trkpt>
      <trkpt lat="24.48895789682865142822265625" lon="118.1023700349032878875732421875">
        <ele>10.6000003814697265625</ele>
        <time>2024-11-17T13:16:26.000Z</time>
        <extensions>
          <ns3:TrackPointExtension>
            <ns3:hr>154</ns3:hr>
          </ns3:TrackPointExtension>
        </extensions>
      </trkpt>
      <trkpt lat="24.48892747052013874053955078125" lon="118.10236844234168529510498046875">
        <ele>10.6000003814697265625</ele>
        <time>2024-11-17T13:16:27.000Z</time>
        <extensions>
          <ns3:TrackPointExtension>
            <ns3:hr>155</ns3:hr>
          </ns3:TrackPointExtension>
        </extensions>
      </trkpt>
      <trkpt lat="24.4888968765735626220703125" lon="118.102367185056209564208984375">
        <ele>10.80000019073486328125</ele>
        <time>2024-11-17T13:16:28.000Z</time>
        <extensions>
          <ns3:TrackPointExtension>
            <ns3:hr>155</ns3:hr>
          </ns3:TrackPointExtension>
        </extensions>
      </trkpt>
      <trkpt lat="24.488866366446018218994140625" lon="118.1023663468658924102783203125">
        <ele>10.80000019073486328125</ele>
        <time>2024-11-17T13:16:29.000Z</time>
        <extensions>
          <ns3:TrackPointExtension>
            <ns3:hr>155</ns3:hr>
          </ns3:TrackPointExtension>
        </extensions>
      </trkpt>
      <trkpt lat="24.4888356886804103851318359375" lon="118.10236659832298755645751953125">
        <ele>11</ele>
        <time>2024-11-17T13:16:30.000Z</time>
        <extensions>
          <ns3:TrackPointExtension>
            <ns3:hr>155</ns3:hr>
          </ns3:TrackPointExtension>
        </extensions>
      </trkpt>
      <trkpt lat="24.4888045080006122589111328125" lon="118.10236810706555843353271484375">
        <ele>11</ele>
        <time>2024-11-17T13:16:31.000Z</time>
        <extensions>
          <ns3:TrackPointExtension>
            <ns3:hr>155</ns3:hr>
          </ns3:TrackPointExtension>
        </extensions>
      </trkpt>
      <trkpt lat="24.4887729920446872711181640625" lon="118.10237078927457332611083984375">
        <ele>11</ele>
        <time>2024-11-17T13:16:32.000Z</time>
        <extensions>
          <ns3:TrackPointExtension>
            <ns3:hr>155</ns3:hr>
          </ns3:TrackPointExtension>
        </extensions>
      </trkpt>
      <trkpt lat="24.4887414760887622833251953125" lon="118.10237464495003223419189453125">
        <ele>11</ele>
        <time>2024-11-17T13:16:33.000Z</time>
        <extensions>
          <ns3:TrackPointExtension>
            <ns3:hr>155</ns3:hr>
          </ns3:TrackPointExtension>
        </extensions>
      </trkpt>
      <trkpt lat="24.4887102954089641571044921875" lon="118.10237950645387172698974609375">
        <ele>11</ele>
        <time>2024-11-17T13:16:34.000Z</time>
        <extensions>
          <ns3:TrackPointExtension>
            <ns3:hr>156</ns3:hr>
          </ns3:TrackPointExtension>
        </extensions>
      </trkpt>
      <trkpt lat="24.488679282367229461669921875" lon="118.1023851223289966583251953125">
        <ele>10.80000019073486328125</ele>
        <time>2024-11-17T13:16:35.000Z</time>
        <extensions>
          <ns3:TrackPointExtension>
            <ns3:hr>156</ns3:hr>
          </ns3:TrackPointExtension>
        </extensions>
      </trkpt>
      <trkpt lat="24.48864785023033618927001953125" lon="118.10239191167056560516357421875">
        <ele>10.80000019073486328125</ele>
        <time>2024-11-17T13:16:36.000Z</time>
        <extensions>
          <ns3:TrackPointExtension>
            <ns3:hr>156</ns3:hr>
          </ns3:TrackPointExtension>
        </extensions>
      </trkpt>
      <trkpt lat="24.488616250455379486083984375" lon="118.1024005450308322906494140625">
        <ele>10.6000003814697265625</ele>
        <time>2024-11-17T13:16:37.000Z</time>
        <extensions>
          <ns3:TrackPointExtension>
            <ns3:hr>156</ns3:hr>
          </ns3:TrackPointExtension>
        </extensions>
      </trkpt>
      <trkpt lat="24.4885852374136447906494140625" lon="118.10241035185754299163818359375">
        <ele>10.6000003814697265625</ele>
        <time>2024-11-17T13:16:38.000Z</time>
        <extensions>
          <ns3:TrackPointExtension>
            <ns3:hr>156</ns3:hr>
          </ns3:TrackPointExtension>
        </extensions>
      </trkpt>
      <trkpt lat="24.48855447582900524139404296875" lon="118.1024209968745708465576171875">
        <ele>10.6000003814697265625</ele>
        <time>2024-11-17T13:16:39.000Z</time>
        <extensions>
          <ns3:TrackPointExtension>
            <ns3:hr>156</ns3:hr>
          </ns3:TrackPointExtension>
        </extensions>
      </trkpt>
      <trkpt lat="24.4885235466063022613525390625" lon="118.10243264771997928619384765625">
        <ele>10.6000003814697265625</ele>
        <time>2024-11-17T13:16:40.000Z</time>
        <extensions>
          <ns3:TrackPointExtension>
            <ns3:hr>156</ns3:hr>
          </ns3:TrackPointExtension>
        </extensions>
      </trkpt>
      <trkpt lat="24.48849328793585300445556640625" lon="118.1024454720318317413330078125">
        <ele>10.6000003814697265625</ele>
        <time>2024-11-17T13:16:41.000Z</time>
        <extensions>
          <ns3:TrackPointExtension>
            <ns3:hr>156</ns3:hr>
          </ns3:TrackPointExtension>
        </extensions>
      </trkpt>
      <trkpt lat="24.4884638674557209014892578125" lon="118.1024588830769062042236328125">
        <ele>10.6000003814697265625</ele>
        <time>2024-11-17T13:16:42.000Z</time>
        <extensions>
          <ns3:TrackPointExtension>
            <ns3:hr>156</ns3:hr>
          </ns3:TrackPointExtension>
        </extensions>
      </trkpt>
      <trkpt lat="24.48843427933752536773681640625" lon="118.102472461760044097900390625">
        <ele>10.80000019073486328125</ele>
        <time>2024-11-17T13:16:43.000Z</time>
        <extensions>
          <ns3:TrackPointExtension>
            <ns3:hr>156</ns3:hr>
          </ns3:TrackPointExtension>
        </extensions>
      </trkpt>
      <trkpt lat="24.48840393684804439544677734375" lon="118.10248696245253086090087890625">
        <ele>10.80000019073486328125</ele>
        <time>2024-11-17T13:16:44.000Z</time>
        <extensions>
          <ns3:TrackPointExtension>
            <ns3:hr>156</ns3:hr>
          </ns3:TrackPointExtension>
        </extensions>
      </trkpt>
      <trkpt lat="24.488373510539531707763671875" lon="118.10250272043049335479736328125">
        <ele>10.80000019073486328125</ele>
        <time>2024-11-17T13:16:45.000Z</time>
        <extensions>
          <ns3:TrackPointExtension>
            <ns3:hr>156</ns3:hr>
          </ns3:TrackPointExtension>
        </extensions>
      </trkpt>
      <trkpt lat="24.4883438386023044586181640625" lon="118.10251898132264614105224609375">
        <ele>10.6000003814697265625</ele>
        <time>2024-11-17T13:16:46.000Z</time>
        <extensions>
          <ns3:TrackPointExtension>
            <ns3:hr>156</ns3:hr>
          </ns3:TrackPointExtension>
        </extensions>
      </trkpt>
      <trkpt lat="24.4883148372173309326171875" lon="118.10253540985286235809326171875">
        <ele>10.6000003814697265625</ele>
        <time>2024-11-17T13:16:47.000Z</time>
        <extensions>
          <ns3:TrackPointExtension>
            <ns3:hr>156</ns3:hr>
          </ns3:TrackPointExtension>
        </extensions>
      </trkpt>
      <trkpt lat="24.4882861711084842681884765625" lon="118.1025527603924274444580078125">
        <ele>10.3999996185302734375</ele>
        <time>2024-11-17T13:16:48.000Z</time>
        <extensions>
          <ns3:TrackPointExtension>
            <ns3:hr>156</ns3:hr>
          </ns3:TrackPointExtension>
        </extensions>
      </trkpt>
      <trkpt lat="24.4882580079138278961181640625" lon="118.10257145203649997711181640625">
        <ele>10.19999980926513671875</ele>
        <time>2024-11-17T13:16:49.000Z</time>
        <extensions>
          <ns3:TrackPointExtension>
            <ns3:hr>156</ns3:hr>
          </ns3:TrackPointExtension>
        </extensions>
      </trkpt>
      <trkpt lat="24.48823101818561553955078125" lon="118.1025914847850799560546875">
        <ele>10</ele>
        <time>2024-11-17T13:16:50.000Z</time>
        <extensions>
          <ns3:TrackPointExtension>
            <ns3:hr>156</ns3:hr>
          </ns3:TrackPointExtension>
        </extensions>
      </trkpt>
      <trkpt lat="24.4882046990096569061279296875" lon="118.10261235572397708892822265625">
        <ele>9.80000019073486328125</ele>
        <time>2024-11-17T13:16:51.000Z</time>
        <extensions>
          <ns3:TrackPointExtension>
            <ns3:hr>157</ns3:hr>
          </ns3:TrackPointExtension>
        </extensions>
      </trkpt>
      <trkpt lat="24.48817812837660312652587890625" lon="118.10263398103415966033935546875">
        <ele>9.3999996185302734375</ele>
        <time>2024-11-17T13:16:52.000Z</time>
        <extensions>
          <ns3:TrackPointExtension>
            <ns3:hr>157</ns3:hr>
          </ns3:TrackPointExtension>
        </extensions>
      </trkpt>
      <trkpt lat="24.4881517253816127777099609375" lon="118.10265610925853252410888671875">
        <ele>9</ele>
        <time>2024-11-17T13:16:53.000Z</time>
        <extensions>
          <ns3:TrackPointExtension>
            <ns3:hr>157</ns3:hr>
          </ns3:TrackPointExtension>
        </extensions>
      </trkpt>
      <trkpt lat="24.48812632821500301361083984375" lon="118.1026784889400005340576171875">
        <ele>8.3999996185302734375</ele>
        <time>2024-11-17T13:16:54.000Z</time>
        <extensions>
          <ns3:TrackPointExtension>
            <ns3:hr>157</ns3:hr>
          </ns3:TrackPointExtension>
        </extensions>
      </trkpt>
      <trkpt lat="24.48810168541967868804931640625" lon="118.102701790630817413330078125">
        <ele>8</ele>
        <time>2024-11-17T13:16:55.000Z</time>
        <extensions>
          <ns3:TrackPointExtension>
            <ns3:hr>157</ns3:hr>
          </ns3:TrackPointExtension>
        </extensions>
      </trkpt>
      <trkpt lat="24.4880776293575763702392578125" lon="118.10272634960711002349853515625">
        <ele>7.400000095367431640625</ele>
        <time>2024-11-17T13:16:56.000Z</time>
        <extensions>
          <ns3:TrackPointExtension>
            <ns3:hr>156</ns3:hr>
          </ns3:TrackPointExtension>
        </extensions>
      </trkpt>
      <trkpt lat="24.488054327666759490966796875" lon="118.10275166295468807220458984375">
        <ele>7.19999980926513671875</ele>
        <time>2024-11-17T13:16:57.000Z</time>
        <extensions>
          <ns3:TrackPointExtension>
            <ns3:hr>156</ns3:hr>
          </ns3:TrackPointExtension>
        </extensions>
      </trkpt>
      <trkpt lat="24.48803253471851348876953125" lon="118.1027765572071075439453125">
        <ele>7</ele>
        <time>2024-11-17T13:16:58.000Z</time>
        <extensions>
          <ns3:TrackPointExtension>
            <ns3:hr>156</ns3:hr>
          </ns3:TrackPointExtension>
        </extensions>
      </trkpt>
      <trkpt lat="24.48801216669380664825439453125" lon="118.10280128382146358489990234375">
        <ele>6.80000019073486328125</ele>
        <time>2024-11-17T13:16:59.000Z</time>
        <extensions>
          <ns3:TrackPointExtension>
            <ns3:hr>156</ns3:hr>
          </ns3:TrackPointExtension>
        </extensions>
      </trkpt>
      <trkpt lat="24.4879924692213535308837890625" lon="118.10282676480710506439208984375">
        <ele>6.80000019073486328125</ele>
        <time>2024-11-17T13:17:00.000Z</time>
        <extensions>
          <ns3:TrackPointExtension>
            <ns3:hr>156</ns3:hr>
          </ns3:TrackPointExtension>
        </extensions>
      </trkpt>
      <trkpt lat="24.4879726879298686981201171875" lon="118.102853335440158843994140625">
        <ele>6.599999904632568359375</ele>
        <time>2024-11-17T13:17:01.000Z</time>
        <extensions>
          <ns3:TrackPointExtension>
            <ns3:hr>156</ns3:hr>
          </ns3:TrackPointExtension>
        </extensions>
      </trkpt>
      <trkpt lat="24.48795265518128871917724609375" lon="118.1028799898922443389892578125">
        <ele>6.400000095367431640625</ele>
        <time>2024-11-17T13:17:02.000Z</time>
        <extensions>
          <ns3:TrackPointExtension>
            <ns3:hr>156</ns3:hr>
          </ns3:TrackPointExtension>
        </extensions>
      </trkpt>
      <trkpt lat="24.48793320916593074798583984375" lon="118.10290672816336154937744140625">
        <ele>6.599999904632568359375</ele>
        <time>2024-11-17T13:17:03.000Z</time>
        <extensions>
          <ns3:TrackPointExtension>
            <ns3:hr>156</ns3:hr>
          </ns3:TrackPointExtension>
        </extensions>
      </trkpt>
      <trkpt lat="24.48791476897895336151123046875" lon="118.10293413698673248291015625">
        <ele>6.80000019073486328125</ele>
        <time>2024-11-17T13:17:04.000Z</time>
        <extensions>
          <ns3:TrackPointExtension>
            <ns3:hr>156</ns3:hr>
          </ns3:TrackPointExtension>
        </extensions>
      </trkpt>
      <trkpt lat="24.487896747887134552001953125" lon="118.102962635457515716552734375">
        <ele>7</ele>
        <time>2024-11-17T13:17:05.000Z</time>
        <extensions>
          <ns3:TrackPointExtension>
            <ns3:hr>156</ns3:hr>
          </ns3:TrackPointExtension>
        </extensions>
      </trkpt>
      <trkpt lat="24.4878788106143474578857421875" lon="118.1029919721186161041259765625">
        <ele>7.19999980926513671875</ele>
        <time>2024-11-17T13:17:06.000Z</time>
        <extensions>
          <ns3:TrackPointExtension>
            <ns3:hr>156</ns3:hr>
          </ns3:TrackPointExtension>
        </extensions>
      </trkpt>
      <trkpt lat="24.48786162771284580230712890625" lon="118.10302197933197021484375">
        <ele>7.19999980926513671875</ele>
        <time>2024-11-17T13:17:07.000Z</time>
        <extensions>
          <ns3:TrackPointExtension>
            <ns3:hr>157</ns3:hr>
          </ns3:TrackPointExtension>
        </extensions>
      </trkpt>
      <trkpt lat="24.48784536682069301605224609375" lon="118.10305274091660976409912109375">
        <ele>7.400000095367431640625</ele>
        <time>2024-11-17T13:17:08.000Z</time>
        <extensions>
          <ns3:TrackPointExtension>
            <ns3:hr>157</ns3:hr>
          </ns3:TrackPointExtension>
        </extensions>
      </trkpt>
      <trkpt lat="24.48783002793788909912109375" lon="118.10308325104415416717529296875">
        <ele>7.599999904632568359375</ele>
        <time>2024-11-17T13:17:09.000Z</time>
        <extensions>
          <ns3:TrackPointExtension>
            <ns3:hr>157</ns3:hr>
          </ns3:TrackPointExtension>
        </extensions>
      </trkpt>
      <trkpt lat="24.4878159463405609130859375" lon="118.10311258770525455474853515625">
        <ele>7.80000019073486328125</ele>
        <time>2024-11-17T13:17:10.000Z</time>
        <extensions>
          <ns3:TrackPointExtension>
            <ns3:hr>159</ns3:hr>
          </ns3:TrackPointExtension>
        </extensions>
      </trkpt>
      <trkpt lat="24.48780328966677188873291015625" lon="118.10314142145216464996337890625">
        <ele>8.3999996185302734375</ele>
        <time>2024-11-17T13:17:11.000Z</time>
        <extensions>
          <ns3:TrackPointExtension>
            <ns3:hr>159</ns3:hr>
          </ns3:TrackPointExtension>
        </extensions>
      </trkpt>
      <trkpt lat="24.487792141735553741455078125" lon="118.10317059047520160675048828125">
        <ele>8.80000019073486328125</ele>
        <time>2024-11-17T13:17:12.000Z</time>
        <extensions>
          <ns3:TrackPointExtension>
            <ns3:hr>159</ns3:hr>
          </ns3:TrackPointExtension>
        </extensions>
      </trkpt>
      <trkpt lat="24.4877822510898113250732421875" lon="118.103200681507587432861328125">
        <ele>9.3999996185302734375</ele>
        <time>2024-11-17T13:17:13.000Z</time>
        <extensions>
          <ns3:TrackPointExtension>
            <ns3:hr>159</ns3:hr>
          </ns3:TrackPointExtension>
        </extensions>
      </trkpt>
      <trkpt lat="24.4877731986343860626220703125" lon="118.10323144309222698211669921875">
        <ele>9.80000019073486328125</ele>
        <time>2024-11-17T13:17:14.000Z</time>
        <extensions>
          <ns3:TrackPointExtension>
            <ns3:hr>159</ns3:hr>
          </ns3:TrackPointExtension>
        </extensions>
      </trkpt>
      <trkpt lat="24.48776456527411937713623046875" lon="118.10326329432427883148193359375">
        <ele>10.3999996185302734375</ele>
        <time>2024-11-17T13:17:15.000Z</time>
        <extensions>
          <ns3:TrackPointExtension>
            <ns3:hr>159</ns3:hr>
          </ns3:TrackPointExtension>
        </extensions>
      </trkpt>
      <trkpt lat="24.48775668628513813018798828125" lon="118.10329648666083812713623046875">
        <ele>10.80000019073486328125</ele>
        <time>2024-11-17T13:17:16.000Z</time>
        <extensions>
          <ns3:TrackPointExtension>
            <ns3:hr>159</ns3:hr>
          </ns3:TrackPointExtension>
        </extensions>
      </trkpt>
      <trkpt lat="24.48775065131485462188720703125" lon="118.10333001427352428436279296875">
        <ele>11.19999980926513671875</ele>
        <time>2024-11-17T13:17:17.000Z</time>
        <extensions>
          <ns3:TrackPointExtension>
            <ns3:hr>159</ns3:hr>
          </ns3:TrackPointExtension>
        </extensions>
      </trkpt>
      <trkpt lat="24.487745873630046844482421875" lon="118.1033624522387981414794921875">
        <ele>11.6000003814697265625</ele>
        <time>2024-11-17T13:17:18.000Z</time>
        <extensions>
          <ns3:TrackPointExtension>
            <ns3:hr>159</ns3:hr>
          </ns3:TrackPointExtension>
        </extensions>
      </trkpt>
      <trkpt lat="24.48774151504039764404296875" lon="118.103393800556659698486328125">
        <ele>12</ele>
        <time>2024-11-17T13:17:19.000Z</time>
        <extensions>
          <ns3:TrackPointExtension>
            <ns3:hr>160</ns3:hr>
          </ns3:TrackPointExtension>
        </extensions>
      </trkpt>
      <trkpt lat="24.48773707263171672821044921875" lon="118.10342456214129924774169921875">
        <ele>11.80000019073486328125</ele>
        <time>2024-11-17T13:17:20.000Z</time>
        <extensions>
          <ns3:TrackPointExtension>
            <ns3:hr>160</ns3:hr>
          </ns3:TrackPointExtension>
        </extensions>
      </trkpt>
      <trkpt lat="24.487733133137226104736328125" lon="118.103455491364002227783203125">
        <ele>11.6000003814697265625</ele>
        <time>2024-11-17T13:17:21.000Z</time>
        <extensions>
          <ns3:TrackPointExtension>
            <ns3:hr>160</ns3:hr>
          </ns3:TrackPointExtension>
        </extensions>
      </trkpt>
      <trkpt lat="24.48773053474724292755126953125" lon="118.10348675586283206939697265625">
        <ele>11.3999996185302734375</ele>
        <time>2024-11-17T13:17:22.000Z</time>
        <extensions>
          <ns3:TrackPointExtension>
            <ns3:hr>160</ns3:hr>
          </ns3:TrackPointExtension>
        </extensions>
      </trkpt>
      <trkpt lat="24.4877289421856403350830078125" lon="118.10351827181875705718994140625">
        <ele>11.3999996185302734375</ele>
        <time>2024-11-17T13:17:23.000Z</time>
        <extensions>
          <ns3:TrackPointExtension>
            <ns3:hr>160</ns3:hr>
          </ns3:TrackPointExtension>
        </extensions>
      </trkpt>
      <trkpt lat="24.4877276010811328887939453125" lon="118.10355012305080890655517578125">
        <ele>11.19999980926513671875</ele>
        <time>2024-11-17T13:17:24.000Z</time>
        <extensions>
          <ns3:TrackPointExtension>
            <ns3:hr>160</ns3:hr>
          </ns3:TrackPointExtension>
        </extensions>
      </trkpt>
      <trkpt lat="24.48772651143372058868408203125" lon="118.103582896292209625244140625">
        <ele>11.19999980926513671875</ele>
        <time>2024-11-17T13:17:25.000Z</time>
        <extensions>
          <ns3:TrackPointExtension>
            <ns3:hr>161</ns3:hr>
          </ns3:TrackPointExtension>
        </extensions>
      </trkpt>
      <trkpt lat="24.4877259247004985809326171875" lon="118.103616423904895782470703125">
        <ele>11</ele>
        <time>2024-11-17T13:17:26.000Z</time>
        <extensions>
          <ns3:TrackPointExtension>
            <ns3:hr>161</ns3:hr>
          </ns3:TrackPointExtension>
        </extensions>
      </trkpt>
      <trkpt lat="24.4877259247004985809326171875" lon="118.1036504544317722320556640625">
        <ele>10.80000019073486328125</ele>
        <time>2024-11-17T13:17:27.000Z</time>
        <extensions>
          <ns3:TrackPointExtension>
            <ns3:hr>161</ns3:hr>
          </ns3:TrackPointExtension>
        </extensions>
      </trkpt>
      <trkpt lat="24.4877265952527523040771484375" lon="118.1036849878728389739990234375">
        <ele>10.3999996185302734375</ele>
        <time>2024-11-17T13:17:28.000Z</time>
        <extensions>
          <ns3:TrackPointExtension>
            <ns3:hr>161</ns3:hr>
          </ns3:TrackPointExtension>
        </extensions>
      </trkpt>
      <trkpt lat="24.48772818781435489654541015625" lon="118.10371977277100086212158203125">
        <ele>10</ele>
        <time>2024-11-17T13:17:29.000Z</time>
        <extensions>
          <ns3:TrackPointExtension>
            <ns3:hr>161</ns3:hr>
          </ns3:TrackPointExtension>
        </extensions>
      </trkpt>
      <trkpt lat="24.48773087002336978912353515625" lon="118.10375464148819446563720703125">
        <ele>9.6000003814697265625</ele>
        <time>2024-11-17T13:17:30.000Z</time>
        <extensions>
          <ns3:TrackPointExtension>
            <ns3:hr>161</ns3:hr>
          </ns3:TrackPointExtension>
        </extensions>
      </trkpt>
      <trkpt lat="24.48773489333689212799072265625" lon="118.103789426386356353759765625">
        <ele>9</ele>
        <time>2024-11-17T13:17:31.000Z</time>
        <extensions>
          <ns3:TrackPointExtension>
            <ns3:hr>161</ns3:hr>
          </ns3:TrackPointExtension>
        </extensions>
      </trkpt>
      <trkpt lat="24.48774042539298534393310546875" lon="118.103823959827423095703125">
        <ele>8.80000019073486328125</ele>
        <time>2024-11-17T13:17:32.000Z</time>
        <extensions>
          <ns3:TrackPointExtension>
            <ns3:hr>161</ns3:hr>
          </ns3:TrackPointExtension>
        </extensions>
      </trkpt>
      <trkpt lat="24.48774713091552257537841796875" lon="118.1038576550781726837158203125">
        <ele>8.6000003814697265625</ele>
        <time>2024-11-17T13:17:33.000Z</time>
        <extensions>
          <ns3:TrackPointExtension>
            <ns3:hr>161</ns3:hr>
          </ns3:TrackPointExtension>
        </extensions>
      </trkpt>
      <trkpt lat="24.4877544231712818145751953125" lon="118.10389026068150997161865234375">
        <ele>8.3999996185302734375</ele>
        <time>2024-11-17T13:17:34.000Z</time>
        <extensions>
          <ns3:TrackPointExtension>
            <ns3:hr>161</ns3:hr>
          </ns3:TrackPointExtension>
        </extensions>
      </trkpt>
      <trkpt lat="24.48776205070316791534423828125" lon="118.1039223633706569671630859375">
        <ele>8.19999980926513671875</ele>
        <time>2024-11-17T13:17:35.000Z</time>
        <extensions>
          <ns3:TrackPointExtension>
            <ns3:hr>161</ns3:hr>
          </ns3:TrackPointExtension>
        </extensions>
      </trkpt>
      <trkpt lat="24.48776992969214916229248046875" lon="118.10395413078367710113525390625">
        <ele>7.80000019073486328125</ele>
        <time>2024-11-17T13:17:36.000Z</time>
        <extensions>
          <ns3:TrackPointExtension>
            <ns3:hr>161</ns3:hr>
          </ns3:TrackPointExtension>
        </extensions>
      </trkpt>
      <trkpt lat="24.48777831159532070159912109375" lon="118.1039857305586338043212890625">
        <ele>7.599999904632568359375</ele>
        <time>2024-11-17T13:17:37.000Z</time>
        <extensions>
          <ns3:TrackPointExtension>
            <ns3:hr>161</ns3:hr>
          </ns3:TrackPointExtension>
        </extensions>
      </trkpt>
      <trkpt lat="24.487787447869777679443359375" lon="118.10401766560971736907958984375">
        <ele>7.400000095367431640625</ele>
        <time>2024-11-17T13:17:38.000Z</time>
        <extensions>
          <ns3:TrackPointExtension>
            <ns3:hr>161</ns3:hr>
          </ns3:TrackPointExtension>
        </extensions>
      </trkpt>
      <trkpt lat="24.4877971708774566650390625" lon="118.10405018739402294158935546875">
        <ele>7.19999980926513671875</ele>
        <time>2024-11-17T13:17:39.000Z</time>
        <extensions>
          <ns3:TrackPointExtension>
            <ns3:hr>161</ns3:hr>
          </ns3:TrackPointExtension>
        </extensions>
      </trkpt>
      <trkpt lat="24.48780748061835765838623046875" lon="118.10408371500670909881591796875">
        <ele>7</ele>
        <time>2024-11-17T13:17:40.000Z</time>
        <extensions>
          <ns3:TrackPointExtension>
            <ns3:hr>161</ns3:hr>
          </ns3:TrackPointExtension>
        </extensions>
      </trkpt>
      <trkpt lat="24.4878187961876392364501953125" lon="118.10411808080971240997314453125">
        <ele>6.80000019073486328125</ele>
        <time>2024-11-17T13:17:41.000Z</time>
        <extensions>
          <ns3:TrackPointExtension>
            <ns3:hr>161</ns3:hr>
          </ns3:TrackPointExtension>
        </extensions>
      </trkpt>
      <trkpt lat="24.4878315366804599761962890625" lon="118.1041530333459377288818359375">
        <ele>6.400000095367431640625</ele>
        <time>2024-11-17T13:17:42.000Z</time>
        <extensions>
          <ns3:TrackPointExtension>
            <ns3:hr>160</ns3:hr>
          </ns3:TrackPointExtension>
        </extensions>
      </trkpt>
      <trkpt lat="24.48784478008747100830078125" lon="118.1041875667870044708251953125">
        <ele>6.19999980926513671875</ele>
        <time>2024-11-17T13:17:43.000Z</time>
        <extensions>
          <ns3:TrackPointExtension>
            <ns3:hr>160</ns3:hr>
          </ns3:TrackPointExtension>
        </extensions>
      </trkpt>
      <trkpt lat="24.48785844258964061737060546875" lon="118.1042204238474369049072265625">
        <ele>6</ele>
        <time>2024-11-17T13:17:44.000Z</time>
        <extensions>
          <ns3:TrackPointExtension>
            <ns3:hr>160</ns3:hr>
          </ns3:TrackPointExtension>
        </extensions>
      </trkpt>
      <trkpt lat="24.48787294328212738037109375" lon="118.10425110161304473876953125">
        <ele>6</ele>
        <time>2024-11-17T13:17:45.000Z</time>
        <extensions>
          <ns3:TrackPointExtension>
            <ns3:hr>160</ns3:hr>
          </ns3:TrackPointExtension>
        </extensions>
      </trkpt>
      <trkpt lat="24.48788828216493129730224609375" lon="118.10428052209317684173583984375">
        <ele>6</ele>
        <time>2024-11-17T13:17:46.000Z</time>
        <extensions>
          <ns3:TrackPointExtension>
            <ns3:hr>160</ns3:hr>
          </ns3:TrackPointExtension>
        </extensions>
      </trkpt>
      <trkpt lat="24.487904123961925506591796875" lon="118.104309774935245513916015625">
        <ele>6</ele>
        <time>2024-11-17T13:17:47.000Z</time>
        <extensions>
          <ns3:TrackPointExtension>
            <ns3:hr>160</ns3:hr>
          </ns3:TrackPointExtension>
        </extensions>
      </trkpt>
      <trkpt lat="24.48792046867311000823974609375" lon="118.10433886013925075531005859375">
        <ele>6</ele>
        <time>2024-11-17T13:17:48.000Z</time>
        <extensions>
          <ns3:TrackPointExtension>
            <ns3:hr>160</ns3:hr>
          </ns3:TrackPointExtension>
        </extensions>
      </trkpt>
      <trkpt lat="24.48793706484138965606689453125" lon="118.10436735861003398895263671875">
        <ele>6</ele>
        <time>2024-11-17T13:17:49.000Z</time>
        <extensions>
          <ns3:TrackPointExtension>
            <ns3:hr>160</ns3:hr>
          </ns3:TrackPointExtension>
        </extensions>
      </trkpt>
      <trkpt lat="24.487954080104827880859375" lon="118.1043954379856586456298828125">
        <ele>6</ele>
        <time>2024-11-17T13:17:50.000Z</time>
        <extensions>
          <ns3:TrackPointExtension>
            <ns3:hr>158</ns3:hr>
          </ns3:TrackPointExtension>
        </extensions>
      </trkpt>
      <trkpt lat="24.48797218501567840576171875" lon="118.10442402027547359466552734375">
        <ele>6</ele>
        <time>2024-11-17T13:17:51.000Z</time>
        <extensions>
          <ns3:TrackPointExtension>
            <ns3:hr>158</ns3:hr>
          </ns3:TrackPointExtension>
        </extensions>
      </trkpt>
      <trkpt lat="24.48799188248813152313232421875" lon="118.10445268638432025909423828125">
        <ele>6</ele>
        <time>2024-11-17T13:17:52.000Z</time>
        <extensions>
          <ns3:TrackPointExtension>
            <ns3:hr>158</ns3:hr>
          </ns3:TrackPointExtension>
        </extensions>
      </trkpt>
      <trkpt lat="24.4880125857889652252197265625" lon="118.10448043048381805419921875">
        <ele>6</ele>
        <time>2024-11-17T13:17:53.000Z</time>
        <extensions>
          <ns3:TrackPointExtension>
            <ns3:hr>158</ns3:hr>
          </ns3:TrackPointExtension>
        </extensions>
      </trkpt>
      <trkpt lat="24.488034546375274658203125" lon="118.1045067496597766876220703125">
        <ele>6.19999980926513671875</ele>
        <time>2024-11-17T13:17:54.000Z</time>
        <extensions>
          <ns3:TrackPointExtension>
            <ns3:hr>158</ns3:hr>
          </ns3:TrackPointExtension>
        </extensions>
      </trkpt>
      <trkpt lat="24.48805759660899639129638671875" lon="118.1045318953692913055419921875">
        <ele>6.400000095367431640625</ele>
        <time>2024-11-17T13:17:55.000Z</time>
        <extensions>
          <ns3:TrackPointExtension>
            <ns3:hr>158</ns3:hr>
          </ns3:TrackPointExtension>
        </extensions>
      </trkpt>
      <trkpt lat="24.488081149756908416748046875" lon="118.10455645434558391571044921875">
        <ele>6.599999904632568359375</ele>
        <time>2024-11-17T13:17:56.000Z</time>
        <extensions>
          <ns3:TrackPointExtension>
            <ns3:hr>158</ns3:hr>
          </ns3:TrackPointExtension>
        </extensions>
      </trkpt>
      <trkpt lat="24.48810537345707416534423828125" lon="118.1045805104076862335205078125">
        <ele>7</ele>
        <time>2024-11-17T13:17:57.000Z</time>
        <extensions>
          <ns3:TrackPointExtension>
            <ns3:hr>159</ns3:hr>
          </ns3:TrackPointExtension>
        </extensions>
      </trkpt>
      <trkpt lat="24.48813043534755706787109375" lon="118.1046043150126934051513671875">
        <ele>7.19999980926513671875</ele>
        <time>2024-11-17T13:17:58.000Z</time>
        <extensions>
          <ns3:TrackPointExtension>
            <ns3:hr>159</ns3:hr>
          </ns3:TrackPointExtension>
        </extensions>
      </trkpt>
      <trkpt lat="24.48815591633319854736328125" lon="118.10462753288447856903076171875">
        <ele>7.400000095367431640625</ele>
        <time>2024-11-17T13:17:59.000Z</time>
        <extensions>
          <ns3:TrackPointExtension>
            <ns3:hr>158</ns3:hr>
          </ns3:TrackPointExtension>
        </extensions>
      </trkpt>
      <trkpt lat="24.48818097822368144989013671875" lon="118.1046495772898197174072265625">
        <ele>7.400000095367431640625</ele>
        <time>2024-11-17T13:18:00.000Z</time>
        <extensions>
          <ns3:TrackPointExtension>
            <ns3:hr>158</ns3:hr>
          </ns3:TrackPointExtension>
        </extensions>
      </trkpt>
      <trkpt lat="24.48820562101900577545166015625" lon="118.1046703644096851348876953125">
        <ele>7.400000095367431640625</ele>
        <time>2024-11-17T13:18:01.000Z</time>
        <extensions>
          <ns3:TrackPointExtension>
            <ns3:hr>158</ns3:hr>
          </ns3:TrackPointExtension>
        </extensions>
      </trkpt>
      <trkpt lat="24.48823101818561553955078125" lon="118.1046904809772968292236328125">
        <ele>7.19999980926513671875</ele>
        <time>2024-11-17T13:18:02.000Z</time>
        <extensions>
          <ns3:TrackPointExtension>
            <ns3:hr>158</ns3:hr>
          </ns3:TrackPointExtension>
        </extensions>
      </trkpt>
      <trkpt lat="24.4882580079138278961181640625" lon="118.10470950789749622344970703125">
        <ele>7</ele>
        <time>2024-11-17T13:18:03.000Z</time>
        <extensions>
          <ns3:TrackPointExtension>
            <ns3:hr>158</ns3:hr>
          </ns3:TrackPointExtension>
        </extensions>
      </trkpt>
      <trkpt lat="24.488286338746547698974609375" lon="118.1047273613512516021728515625">
        <ele>6.80000019073486328125</ele>
        <time>2024-11-17T13:18:04.000Z</time>
        <extensions>
          <ns3:TrackPointExtension>
            <ns3:hr>157</ns3:hr>
          </ns3:TrackPointExtension>
        </extensions>
      </trkpt>
      <trkpt lat="24.4883153401315212249755859375" lon="118.1047447957098484039306640625">
        <ele>6.599999904632568359375</ele>
        <time>2024-11-17T13:18:05.000Z</time>
        <extensions>
          <ns3:TrackPointExtension>
            <ns3:hr>157</ns3:hr>
          </ns3:TrackPointExtension>
        </extensions>
      </trkpt>
      <trkpt lat="24.48834409005939960479736328125" lon="118.10476197861135005950927734375">
        <ele>6.400000095367431640625</ele>
        <time>2024-11-17T13:18:06.000Z</time>
        <extensions>
          <ns3:TrackPointExtension>
            <ns3:hr>157</ns3:hr>
          </ns3:TrackPointExtension>
        </extensions>
      </trkpt>
      <trkpt lat="24.48837225325405597686767578125" lon="118.10477815568447113037109375">
        <ele>6.19999980926513671875</ele>
        <time>2024-11-17T13:18:07.000Z</time>
        <extensions>
          <ns3:TrackPointExtension>
            <ns3:hr>157</ns3:hr>
          </ns3:TrackPointExtension>
        </extensions>
      </trkpt>
      <trkpt lat="24.4884001649916172027587890625" lon="118.10479349456727504730224609375">
        <ele>6</ele>
        <time>2024-11-17T13:18:08.000Z</time>
        <extensions>
          <ns3:TrackPointExtension>
            <ns3:hr>157</ns3:hr>
          </ns3:TrackPointExtension>
        </extensions>
      </trkpt>
      <trkpt lat="24.48842841200530529022216796875" lon="118.10480807907879352569580078125">
        <ele>5.80000019073486328125</ele>
        <time>2024-11-17T13:18:09.000Z</time>
        <extensions>
          <ns3:TrackPointExtension>
            <ns3:hr>157</ns3:hr>
          </ns3:TrackPointExtension>
        </extensions>
      </trkpt>
      <trkpt lat="24.48845691047608852386474609375" lon="118.10482182539999485015869140625">
        <ele>5.599999904632568359375</ele>
        <time>2024-11-17T13:18:10.000Z</time>
        <extensions>
          <ns3:TrackPointExtension>
            <ns3:hr>157</ns3:hr>
          </ns3:TrackPointExtension>
        </extensions>
      </trkpt>
      <trkpt lat="24.48848591186106204986572265625" lon="118.10483456589281558990478515625">
        <ele>5.19999980926513671875</ele>
        <time>2024-11-17T13:18:11.000Z</time>
        <extensions>
          <ns3:TrackPointExtension>
            <ns3:hr>157</ns3:hr>
          </ns3:TrackPointExtension>
        </extensions>
      </trkpt>
      <trkpt lat="24.4885151647031307220458984375" lon="118.10484588146209716796875">
        <ele>5</ele>
        <time>2024-11-17T13:18:12.000Z</time>
        <extensions>
          <ns3:TrackPointExtension>
            <ns3:hr>156</ns3:hr>
          </ns3:TrackPointExtension>
        </extensions>
      </trkpt>
      <trkpt lat="24.488544501364231109619140625" lon="118.104855604469776153564453125">
        <ele>5</ele>
        <time>2024-11-17T13:18:13.000Z</time>
        <extensions>
          <ns3:TrackPointExtension>
            <ns3:hr>156</ns3:hr>
          </ns3:TrackPointExtension>
        </extensions>
      </trkpt>
      <trkpt lat="24.48857459239661693572998046875" lon="118.1048644892871379852294921875">
        <ele>5</ele>
        <time>2024-11-17T13:18:14.000Z</time>
        <extensions>
          <ns3:TrackPointExtension>
            <ns3:hr>156</ns3:hr>
          </ns3:TrackPointExtension>
        </extensions>
      </trkpt>
      <trkpt lat="24.488605521619319915771484375" lon="118.10487337410449981689453125">
        <ele>5</ele>
        <time>2024-11-17T13:18:15.000Z</time>
        <extensions>
          <ns3:TrackPointExtension>
            <ns3:hr>156</ns3:hr>
          </ns3:TrackPointExtension>
        </extensions>
      </trkpt>
      <trkpt lat="24.48863678611814975738525390625" lon="118.10488234274089336395263671875">
        <ele>5</ele>
        <time>2024-11-17T13:18:16.000Z</time>
        <extensions>
          <ns3:TrackPointExtension>
            <ns3:hr>156</ns3:hr>
          </ns3:TrackPointExtension>
        </extensions>
      </trkpt>
      <trkpt lat="24.48866763152182102203369140625" lon="118.1048903055489063262939453125">
        <ele>5</ele>
        <time>2024-11-17T13:18:17.000Z</time>
        <extensions>
          <ns3:TrackPointExtension>
            <ns3:hr>156</ns3:hr>
          </ns3:TrackPointExtension>
        </extensions>
      </trkpt>
      <trkpt lat="24.4886978901922702789306640625" lon="118.10489692725241184234619140625">
        <ele>5</ele>
        <time>2024-11-17T13:18:18.000Z</time>
        <extensions>
          <ns3:TrackPointExtension>
            <ns3:hr>156</ns3:hr>
          </ns3:TrackPointExtension>
        </extensions>
      </trkpt>
      <trkpt lat="24.488728232681751251220703125" lon="118.10490212403237819671630859375">
        <ele>5</ele>
        <time>2024-11-17T13:18:19.000Z</time>
        <extensions>
          <ns3:TrackPointExtension>
            <ns3:hr>155</ns3:hr>
          </ns3:TrackPointExtension>
        </extensions>
      </trkpt>
      <trkpt lat="24.48875932954251766204833984375" lon="118.1049057282507419586181640625">
        <ele>4.80000019073486328125</ele>
        <time>2024-11-17T13:18:20.000Z</time>
        <extensions>
          <ns3:TrackPointExtension>
            <ns3:hr>155</ns3:hr>
          </ns3:TrackPointExtension>
        </extensions>
      </trkpt>
      <trkpt lat="24.48879051022231578826904296875" lon="118.1049080751836299896240234375">
        <ele>4.80000019073486328125</ele>
        <time>2024-11-17T13:18:21.000Z</time>
        <extensions>
          <ns3:TrackPointExtension>
            <ns3:hr>155</ns3:hr>
          </ns3:TrackPointExtension>
        </extensions>
      </trkpt>
      <trkpt lat="24.4888212718069553375244140625" lon="118.1049097515642642974853515625">
        <ele>4.599999904632568359375</ele>
        <time>2024-11-17T13:18:22.000Z</time>
        <extensions>
          <ns3:TrackPointExtension>
            <ns3:hr>155</ns3:hr>
          </ns3:TrackPointExtension>
        </extensions>
      </trkpt>
      <trkpt lat="24.488851614296436309814453125" lon="118.1049114279448986053466796875">
        <ele>4.599999904632568359375</ele>
        <time>2024-11-17T13:18:23.000Z</time>
        <extensions>
          <ns3:TrackPointExtension>
            <ns3:hr>155</ns3:hr>
          </ns3:TrackPointExtension>
        </extensions>
      </trkpt>
      <trkpt lat="24.48888170532882213592529296875" lon="118.10491285286843776702880859375">
        <ele>4.599999904632568359375</ele>
        <time>2024-11-17T13:18:24.000Z</time>
        <extensions>
          <ns3:TrackPointExtension>
            <ns3:hr>154</ns3:hr>
          </ns3:TrackPointExtension>
        </extensions>
      </trkpt>
      <trkpt lat="24.48891154490411281585693359375" lon="118.10491335578262805938720703125">
        <ele>4.599999904632568359375</ele>
        <time>2024-11-17T13:18:25.000Z</time>
        <extensions>
          <ns3:TrackPointExtension>
            <ns3:hr>154</ns3:hr>
          </ns3:TrackPointExtension>
        </extensions>
      </trkpt>
      <trkpt lat="24.48894104920327663421630859375" lon="118.10491268523037433624267578125">
        <ele>4.80000019073486328125</ele>
        <time>2024-11-17T13:18:26.000Z</time>
        <extensions>
          <ns3:TrackPointExtension>
            <ns3:hr>154</ns3:hr>
          </ns3:TrackPointExtension>
        </extensions>
      </trkpt>
      <trkpt lat="24.4889704696834087371826171875" lon="118.1049110926687717437744140625">
        <ele>4.80000019073486328125</ele>
        <time>2024-11-17T13:18:27.000Z</time>
        <extensions>
          <ns3:TrackPointExtension>
            <ns3:hr>154</ns3:hr>
          </ns3:TrackPointExtension>
        </extensions>
      </trkpt>
      <trkpt lat="24.488999806344509124755859375" lon="118.10490958392620086669921875">
        <ele>5</ele>
        <time>2024-11-17T13:18:28.000Z</time>
        <extensions>
          <ns3:TrackPointExtension>
            <ns3:hr>154</ns3:hr>
          </ns3:TrackPointExtension>
        </extensions>
      </trkpt>
      <trkpt lat="24.48902805335819721221923828125" lon="118.104909248650074005126953125">
        <ele>4.80000019073486328125</ele>
        <time>2024-11-17T13:18:29.000Z</time>
        <extensions>
          <ns3:TrackPointExtension>
            <ns3:hr>154</ns3:hr>
          </ns3:TrackPointExtension>
        </extensions>
      </trkpt>
      <trkpt lat="24.48905638419091701507568359375" lon="118.1049084104597568511962890625">
        <ele>4.400000095367431640625</ele>
        <time>2024-11-17T13:18:30.000Z</time>
        <extensions>
          <ns3:TrackPointExtension>
            <ns3:hr>154</ns3:hr>
          </ns3:TrackPointExtension>
        </extensions>
      </trkpt>
      <trkpt lat="24.48908639140427112579345703125" lon="118.1049063988029956817626953125">
        <ele>4.19999980926513671875</ele>
        <time>2024-11-17T13:18:31.000Z</time>
        <extensions>
          <ns3:TrackPointExtension>
            <ns3:hr>154</ns3:hr>
          </ns3:TrackPointExtension>
        </extensions>
      </trkpt>
      <trkpt lat="24.4891176559031009674072265625" lon="118.10490380041301250457763671875">
        <ele>3.7999999523162841796875</ele>
        <time>2024-11-17T13:18:32.000Z</time>
        <extensions>
          <ns3:TrackPointExtension>
            <ns3:hr>154</ns3:hr>
          </ns3:TrackPointExtension>
        </extensions>
      </trkpt>
      <trkpt lat="24.48914908803999423980712890625" lon="118.10490078292787075042724609375">
        <ele>3.599999904632568359375</ele>
        <time>2024-11-17T13:18:33.000Z</time>
        <extensions>
          <ns3:TrackPointExtension>
            <ns3:hr>155</ns3:hr>
          </ns3:TrackPointExtension>
        </extensions>
      </trkpt>
      <trkpt lat="24.48917993344366550445556640625" lon="118.104896508157253265380859375">
        <ele>3.599999904632568359375</ele>
        <time>2024-11-17T13:18:34.000Z</time>
        <extensions>
          <ns3:TrackPointExtension>
            <ns3:hr>155</ns3:hr>
          </ns3:TrackPointExtension>
        </extensions>
      </trkpt>
      <trkpt lat="24.4892098568379878997802734375" lon="118.1048906408250331878662109375">
        <ele>3.599999904632568359375</ele>
        <time>2024-11-17T13:18:35.000Z</time>
        <extensions>
          <ns3:TrackPointExtension>
            <ns3:hr>155</ns3:hr>
          </ns3:TrackPointExtension>
        </extensions>
      </trkpt>
      <trkpt lat="24.48923894204199314117431640625" lon="118.10488284565508365631103515625">
        <ele>3.599999904632568359375</ele>
        <time>2024-11-17T13:18:36.000Z</time>
        <extensions>
          <ns3:TrackPointExtension>
            <ns3:hr>155</ns3:hr>
          </ns3:TrackPointExtension>
        </extensions>
      </trkpt>
      <trkpt lat="24.48926710523664951324462890625" lon="118.104872368276119232177734375">
        <ele>3.599999904632568359375</ele>
        <time>2024-11-17T13:18:37.000Z</time>
        <extensions>
          <ns3:TrackPointExtension>
            <ns3:hr>155</ns3:hr>
          </ns3:TrackPointExtension>
        </extensions>
      </trkpt>
      <trkpt lat="24.4892950169742107391357421875" lon="118.104859627783298492431640625">
        <ele>3.599999904632568359375</ele>
        <time>2024-11-17T13:18:38.000Z</time>
        <extensions>
          <ns3:TrackPointExtension>
            <ns3:hr>155</ns3:hr>
          </ns3:TrackPointExtension>
        </extensions>
      </trkpt>
      <trkpt lat="24.48932267725467681884765625" lon="118.10484596528112888336181640625">
        <ele>3.7999999523162841796875</ele>
        <time>2024-11-17T13:18:39.000Z</time>
        <extensions>
          <ns3:TrackPointExtension>
            <ns3:hr>153</ns3:hr>
          </ns3:TrackPointExtension>
        </extensions>
      </trkpt>
      <trkpt lat="24.48935008607804775238037109375" lon="118.1048319675028324127197265625">
        <ele>3.7999999523162841796875</ele>
        <time>2024-11-17T13:18:40.000Z</time>
        <extensions>
          <ns3:TrackPointExtension>
            <ns3:hr>153</ns3:hr>
          </ns3:TrackPointExtension>
        </extensions>
      </trkpt>
      <trkpt lat="24.48937774635851383209228515625" lon="118.10481763444840908050537109375">
        <ele>3.599999904632568359375</ele>
        <time>2024-11-17T13:18:41.000Z</time>
        <extensions>
          <ns3:TrackPointExtension>
            <ns3:hr>153</ns3:hr>
          </ns3:TrackPointExtension>
        </extensions>
      </trkpt>
      <trkpt lat="24.48940582573413848876953125" lon="118.10480296611785888671875">
        <ele>3.400000095367431640625</ele>
        <time>2024-11-17T13:18:42.000Z</time>
        <extensions>
          <ns3:TrackPointExtension>
            <ns3:hr>153</ns3:hr>
          </ns3:TrackPointExtension>
        </extensions>
      </trkpt>
      <trkpt lat="24.48943407274782657623291015625" lon="118.10478779487311840057373046875">
        <ele>3.2000000476837158203125</ele>
        <time>2024-11-17T13:18:43.000Z</time>
        <extensions>
          <ns3:TrackPointExtension>
            <ns3:hr>153</ns3:hr>
          </ns3:TrackPointExtension>
        </extensions>
      </trkpt>
      <trkpt lat="24.489461816847324371337890625" lon="118.10477203689515590667724609375">
        <ele>3</ele>
        <time>2024-11-17T13:18:44.000Z</time>
        <extensions>
          <ns3:TrackPointExtension>
            <ns3:hr>153</ns3:hr>
          </ns3:TrackPointExtension>
        </extensions>
      </trkpt>
      <trkpt lat="24.48948905803263187408447265625" lon="118.1047555245459079742431640625">
        <ele>3</ele>
        <time>2024-11-17T13:18:45.000Z</time>
        <extensions>
          <ns3:TrackPointExtension>
            <ns3:hr>155</ns3:hr>
          </ns3:TrackPointExtension>
        </extensions>
      </trkpt>
      <trkpt lat="24.4895156286656856536865234375" lon="118.1047377549111843109130859375">
        <ele>3</ele>
        <time>2024-11-17T13:18:46.000Z</time>
        <extensions>
          <ns3:TrackPointExtension>
            <ns3:hr>155</ns3:hr>
          </ns3:TrackPointExtension>
        </extensions>
      </trkpt>
      <trkpt lat="24.489541612565517425537109375" lon="118.10471856035292148590087890625">
        <ele>2.7999999523162841796875</ele>
        <time>2024-11-17T13:18:47.000Z</time>
        <extensions>
          <ns3:TrackPointExtension>
            <ns3:hr>155</ns3:hr>
          </ns3:TrackPointExtension>
        </extensions>
      </trkpt>
      <trkpt lat="24.4895675964653491973876953125" lon="118.10469794087111949920654296875">
        <ele>2.7999999523162841796875</ele>
        <time>2024-11-17T13:18:48.000Z</time>
        <extensions>
          <ns3:TrackPointExtension>
            <ns3:hr>155</ns3:hr>
          </ns3:TrackPointExtension>
        </extensions>
      </trkpt>
      <trkpt lat="24.4895934127271175384521484375" lon="118.10467665083706378936767578125">
        <ele>3</ele>
        <time>2024-11-17T13:18:49.000Z</time>
        <extensions>
          <ns3:TrackPointExtension>
            <ns3:hr>155</ns3:hr>
          </ns3:TrackPointExtension>
        </extensions>
      </trkpt>
      <trkpt lat="24.48961830697953701019287109375" lon="118.104655444622039794921875">
        <ele>3</ele>
        <time>2024-11-17T13:18:50.000Z</time>
        <extensions>
          <ns3:TrackPointExtension>
            <ns3:hr>155</ns3:hr>
          </ns3:TrackPointExtension>
        </extensions>
      </trkpt>
      <trkpt lat="24.4896425306797027587890625" lon="118.1046344898641109466552734375">
        <ele>3.2000000476837158203125</ele>
        <time>2024-11-17T13:18:51.000Z</time>
        <extensions>
          <ns3:TrackPointExtension>
            <ns3:hr>155</ns3:hr>
          </ns3:TrackPointExtension>
        </extensions>
      </trkpt>
      <trkpt lat="24.48966625146567821502685546875" lon="118.10461261309683322906494140625">
        <ele>3.400000095367431640625</ele>
        <time>2024-11-17T13:18:52.000Z</time>
        <extensions>
          <ns3:TrackPointExtension>
            <ns3:hr>155</ns3:hr>
          </ns3:TrackPointExtension>
        </extensions>
      </trkpt>
      <trkpt lat="24.48968879878520965576171875" lon="118.10458947904407978057861328125">
        <ele>3.599999904632568359375</ele>
        <time>2024-11-17T13:18:53.000Z</time>
        <extensions>
          <ns3:TrackPointExtension>
            <ns3:hr>155</ns3:hr>
          </ns3:TrackPointExtension>
        </extensions>
      </trkpt>
      <trkpt lat="24.48971017263829708099365234375" lon="118.1045655906200408935546875">
        <ele>3.599999904632568359375</ele>
        <time>2024-11-17T13:18:54.000Z</time>
        <extensions>
          <ns3:TrackPointExtension>
            <ns3:hr>156</ns3:hr>
          </ns3:TrackPointExtension>
        </extensions>
      </trkpt>
      <trkpt lat="24.4897308759391307830810546875" lon="118.1045414507389068603515625">
        <ele>3.7999999523162841796875</ele>
        <time>2024-11-17T13:18:55.000Z</time>
        <extensions>
          <ns3:TrackPointExtension>
            <ns3:hr>156</ns3:hr>
          </ns3:TrackPointExtension>
        </extensions>
      </trkpt>
      <trkpt lat="24.489751495420932769775390625" lon="118.10451756231486797332763671875">
        <ele>4</ele>
        <time>2024-11-17T13:18:56.000Z</time>
        <extensions>
          <ns3:TrackPointExtension>
            <ns3:hr>156</ns3:hr>
          </ns3:TrackPointExtension>
        </extensions>
      </trkpt>
      <trkpt lat="24.48977286927402019500732421875" lon="118.10449409298598766326904296875">
        <ele>4.19999980926513671875</ele>
        <time>2024-11-17T13:18:57.000Z</time>
        <extensions>
          <ns3:TrackPointExtension>
            <ns3:hr>156</ns3:hr>
          </ns3:TrackPointExtension>
        </extensions>
      </trkpt>
      <trkpt lat="24.489795081317424774169921875" lon="118.10447012074291706085205078125">
        <ele>4.400000095367431640625</ele>
        <time>2024-11-17T13:18:58.000Z</time>
        <extensions>
          <ns3:TrackPointExtension>
            <ns3:hr>156</ns3:hr>
          </ns3:TrackPointExtension>
        </extensions>
      </trkpt>
      <trkpt lat="24.48981746099889278411865234375" lon="118.10444531030952930450439453125">
        <ele>4.400000095367431640625</ele>
        <time>2024-11-17T13:18:59.000Z</time>
        <extensions>
          <ns3:TrackPointExtension>
            <ns3:hr>156</ns3:hr>
          </ns3:TrackPointExtension>
        </extensions>
      </trkpt>
      <trkpt lat="24.48983925394713878631591796875" lon="118.1044195778667926788330078125">
        <ele>4.599999904632568359375</ele>
        <time>2024-11-17T13:19:00.000Z</time>
        <extensions>
          <ns3:TrackPointExtension>
            <ns3:hr>156</ns3:hr>
          </ns3:TrackPointExtension>
        </extensions>
      </trkpt>
      <trkpt lat="24.4898596219718456268310546875" lon="118.1043930910527706146240234375">
        <ele>4.599999904632568359375</ele>
        <time>2024-11-17T13:19:01.000Z</time>
        <extensions>
          <ns3:TrackPointExtension>
            <ns3:hr>156</ns3:hr>
          </ns3:TrackPointExtension>
        </extensions>
      </trkpt>
      <trkpt lat="24.4898787327110767364501953125" lon="118.10436635278165340423583984375">
        <ele>4.80000019073486328125</ele>
        <time>2024-11-17T13:19:02.000Z</time>
        <extensions>
          <ns3:TrackPointExtension>
            <ns3:hr>156</ns3:hr>
          </ns3:TrackPointExtension>
        </extensions>
      </trkpt>
      <trkpt lat="24.489897005259990692138671875" lon="118.10433986596763134002685546875">
        <ele>4.80000019073486328125</ele>
        <time>2024-11-17T13:19:03.000Z</time>
        <extensions>
          <ns3:TrackPointExtension>
            <ns3:hr>155</ns3:hr>
          </ns3:TrackPointExtension>
        </extensions>
      </trkpt>
      <trkpt lat="24.48991452343761920928955078125" lon="118.1043132953345775604248046875">
        <ele>5</ele>
        <time>2024-11-17T13:19:04.000Z</time>
        <extensions>
          <ns3:TrackPointExtension>
            <ns3:hr>155</ns3:hr>
          </ns3:TrackPointExtension>
        </extensions>
      </trkpt>
      <trkpt lat="24.489931203424930572509765625" lon="118.10428571887314319610595703125">
        <ele>5.19999980926513671875</ele>
        <time>2024-11-17T13:19:05.000Z</time>
        <extensions>
          <ns3:TrackPointExtension>
            <ns3:hr>155</ns3:hr>
          </ns3:TrackPointExtension>
        </extensions>
      </trkpt>
      <trkpt lat="24.48994696140289306640625" lon="118.1042571365833282470703125">
        <ele>5.400000095367431640625</ele>
        <time>2024-11-17T13:19:06.000Z</time>
        <extensions>
          <ns3:TrackPointExtension>
            <ns3:hr>154</ns3:hr>
          </ns3:TrackPointExtension>
        </extensions>
      </trkpt>
      <trkpt lat="24.48996146209537982940673828125" lon="118.10422788374125957489013671875">
        <ele>5.400000095367431640625</ele>
        <time>2024-11-17T13:19:07.000Z</time>
        <extensions>
          <ns3:TrackPointExtension>
            <ns3:hr>154</ns3:hr>
          </ns3:TrackPointExtension>
        </extensions>
      </trkpt>
      <trkpt lat="24.48997453786432743072509765625" lon="118.1041976250708103179931640625">
        <ele>5.400000095367431640625</ele>
        <time>2024-11-17T13:19:08.000Z</time>
        <extensions>
          <ns3:TrackPointExtension>
            <ns3:hr>154</ns3:hr>
          </ns3:TrackPointExtension>
        </extensions>
      </trkpt>
      <trkpt lat="24.4899866916239261627197265625" lon="118.1041667796671390533447265625">
        <ele>5.400000095367431640625</ele>
        <time>2024-11-17T13:19:09.000Z</time>
        <extensions>
          <ns3:TrackPointExtension>
            <ns3:hr>154</ns3:hr>
          </ns3:TrackPointExtension>
        </extensions>
      </trkpt>
      <trkpt lat="24.4899984262883663177490234375" lon="118.10413576662540435791015625">
        <ele>5.400000095367431640625</ele>
        <time>2024-11-17T13:19:10.000Z</time>
        <extensions>
          <ns3:TrackPointExtension>
            <ns3:hr>154</ns3:hr>
          </ns3:TrackPointExtension>
        </extensions>
      </trkpt>
      <trkpt lat="24.49001024477183818817138671875" lon="118.1041047535836696624755859375">
        <ele>5.400000095367431640625</ele>
        <time>2024-11-17T13:19:11.000Z</time>
        <extensions>
          <ns3:TrackPointExtension>
            <ns3:hr>154</ns3:hr>
          </ns3:TrackPointExtension>
        </extensions>
      </trkpt>
      <trkpt lat="24.49002181179821491241455078125" lon="118.10407298617064952850341796875">
        <ele>5.400000095367431640625</ele>
        <time>2024-11-17T13:19:12.000Z</time>
        <extensions>
          <ns3:TrackPointExtension>
            <ns3:hr>154</ns3:hr>
          </ns3:TrackPointExtension>
        </extensions>
      </trkpt>
      <trkpt lat="24.49003270827233791351318359375" lon="118.1040400452911853790283203125">
        <ele>5.19999980926513671875</ele>
        <time>2024-11-17T13:19:13.000Z</time>
        <extensions>
          <ns3:TrackPointExtension>
            <ns3:hr>154</ns3:hr>
          </ns3:TrackPointExtension>
        </extensions>
      </trkpt>
      <trkpt lat="24.49004293419420719146728515625" lon="118.1040058471262454986572265625">
        <ele>5.19999980926513671875</ele>
        <time>2024-11-17T13:19:14.000Z</time>
        <extensions>
          <ns3:TrackPointExtension>
            <ns3:hr>154</ns3:hr>
          </ns3:TrackPointExtension>
        </extensions>
      </trkpt>
      <trkpt lat="24.4900520704686641693115234375" lon="118.10397081077098846435546875">
        <ele>5.19999980926513671875</ele>
        <time>2024-11-17T13:19:15.000Z</time>
        <extensions>
          <ns3:TrackPointExtension>
            <ns3:hr>154</ns3:hr>
          </ns3:TrackPointExtension>
        </extensions>
      </trkpt>
      <trkpt lat="24.49005953036248683929443359375" lon="118.103936277329921722412109375">
        <ele>5.19999980926513671875</ele>
        <time>2024-11-17T13:19:16.000Z</time>
        <extensions>
          <ns3:TrackPointExtension>
            <ns3:hr>154</ns3:hr>
          </ns3:TrackPointExtension>
        </extensions>
      </trkpt>
      <trkpt lat="24.49006590060889720916748046875" lon="118.10390266589820384979248046875">
        <ele>5</ele>
        <time>2024-11-17T13:19:17.000Z</time>
        <extensions>
          <ns3:TrackPointExtension>
            <ns3:hr>154</ns3:hr>
          </ns3:TrackPointExtension>
        </extensions>
      </trkpt>
      <trkpt lat="24.49007176794111728668212890625" lon="118.10386947356164455413818359375">
        <ele>5</ele>
        <time>2024-11-17T13:19:18.000Z</time>
        <extensions>
          <ns3:TrackPointExtension>
            <ns3:hr>154</ns3:hr>
          </ns3:TrackPointExtension>
        </extensions>
      </trkpt>
      <trkpt lat="24.4900770485401153564453125" lon="118.10383670032024383544921875">
        <ele>5</ele>
        <time>2024-11-17T13:19:19.000Z</time>
        <extensions>
          <ns3:TrackPointExtension>
            <ns3:hr>154</ns3:hr>
          </ns3:TrackPointExtension>
        </extensions>
      </trkpt>
      <trkpt lat="24.4900819100439548492431640625" lon="118.1038043461740016937255859375">
        <ele>5</ele>
        <time>2024-11-17T13:19:20.000Z</time>
        <extensions>
          <ns3:TrackPointExtension>
            <ns3:hr>154</ns3:hr>
          </ns3:TrackPointExtension>
        </extensions>
      </trkpt>
      <trkpt lat="24.49008668772876262664794921875" lon="118.1037714891135692596435546875">
        <ele>5</ele>
        <time>2024-11-17T13:19:21.000Z</time>
        <extensions>
          <ns3:TrackPointExtension>
            <ns3:hr>154</ns3:hr>
          </ns3:TrackPointExtension>
        </extensions>
      </trkpt>
      <trkpt lat="24.4900909624993801116943359375" lon="118.10373804531991481781005859375">
        <ele>5</ele>
        <time>2024-11-17T13:19:22.000Z</time>
        <extensions>
          <ns3:TrackPointExtension>
            <ns3:hr>154</ns3:hr>
          </ns3:TrackPointExtension>
        </extensions>
      </trkpt>
      <trkpt lat="24.49009506963193416595458984375" lon="118.1037044338881969451904296875">
        <ele>5</ele>
        <time>2024-11-17T13:19:23.000Z</time>
        <extensions>
          <ns3:TrackPointExtension>
            <ns3:hr>154</ns3:hr>
          </ns3:TrackPointExtension>
        </extensions>
      </trkpt>
      <trkpt lat="24.49009926058351993560791015625" lon="118.10367115773260593414306640625">
        <ele>5</ele>
        <time>2024-11-17T13:19:24.000Z</time>
        <extensions>
          <ns3:TrackPointExtension>
            <ns3:hr>154</ns3:hr>
          </ns3:TrackPointExtension>
        </extensions>
      </trkpt>
      <trkpt lat="24.49010328389704227447509765625" lon="118.10363796539604663848876953125">
        <ele>5</ele>
        <time>2024-11-17T13:19:25.000Z</time>
        <extensions>
          <ns3:TrackPointExtension>
            <ns3:hr>154</ns3:hr>
          </ns3:TrackPointExtension>
        </extensions>
      </trkpt>
      <trkpt lat="24.4901065528392791748046875" lon="118.10360460542142391204833984375">
        <ele>5.19999980926513671875</ele>
        <time>2024-11-17T13:19:26.000Z</time>
        <extensions>
          <ns3:TrackPointExtension>
            <ns3:hr>153</ns3:hr>
          </ns3:TrackPointExtension>
        </extensions>
      </trkpt>
      <trkpt lat="24.4901083968579769134521484375" lon="118.103571496903896331787109375">
        <ele>5.400000095367431640625</ele>
        <time>2024-11-17T13:19:27.000Z</time>
        <extensions>
          <ns3:TrackPointExtension>
            <ns3:hr>153</ns3:hr>
          </ns3:TrackPointExtension>
        </extensions>
      </trkpt>
      <trkpt lat="24.49010864831507205963134765625" lon="118.1035388074815273284912109375">
        <ele>5.400000095367431640625</ele>
        <time>2024-11-17T13:19:28.000Z</time>
        <extensions>
          <ns3:TrackPointExtension>
            <ns3:hr>153</ns3:hr>
          </ns3:TrackPointExtension>
        </extensions>
      </trkpt>
      <trkpt lat="24.49010713957250118255615234375" lon="118.10350678861141204833984375">
        <ele>5.599999904632568359375</ele>
        <time>2024-11-17T13:19:29.000Z</time>
        <extensions>
          <ns3:TrackPointExtension>
            <ns3:hr>153</ns3:hr>
          </ns3:TrackPointExtension>
        </extensions>
      </trkpt>
      <trkpt lat="24.49010361917316913604736328125" lon="118.10347460210323333740234375">
        <ele>5.599999904632568359375</ele>
        <time>2024-11-17T13:19:30.000Z</time>
        <extensions>
          <ns3:TrackPointExtension>
            <ns3:hr>153</ns3:hr>
          </ns3:TrackPointExtension>
        </extensions>
      </trkpt>
      <trkpt lat="24.4900986738502979278564453125" lon="118.10344199649989604949951171875">
        <ele>5.80000019073486328125</ele>
        <time>2024-11-17T13:19:31.000Z</time>
        <extensions>
          <ns3:TrackPointExtension>
            <ns3:hr>153</ns3:hr>
          </ns3:TrackPointExtension>
        </extensions>
      </trkpt>
      <trkpt lat="24.490092806518077850341796875" lon="118.10340913943946361541748046875">
        <ele>5.80000019073486328125</ele>
        <time>2024-11-17T13:19:32.000Z</time>
        <extensions>
          <ns3:TrackPointExtension>
            <ns3:hr>153</ns3:hr>
          </ns3:TrackPointExtension>
        </extensions>
      </trkpt>
      <trkpt lat="24.49008601717650890350341796875" lon="118.10337603092193603515625">
        <ele>6</ele>
        <time>2024-11-17T13:19:33.000Z</time>
        <extensions>
          <ns3:TrackPointExtension>
            <ns3:hr>153</ns3:hr>
          </ns3:TrackPointExtension>
        </extensions>
      </trkpt>
      <trkpt lat="24.49007914401590824127197265625" lon="118.10334292240440845489501953125">
        <ele>6</ele>
        <time>2024-11-17T13:19:34.000Z</time>
        <extensions>
          <ns3:TrackPointExtension>
            <ns3:hr>153</ns3:hr>
          </ns3:TrackPointExtension>
        </extensions>
      </trkpt>
      <trkpt lat="24.49007227085530757904052734375" lon="118.10331006534397602081298828125">
        <ele>6.19999980926513671875</ele>
        <time>2024-11-17T13:19:35.000Z</time>
        <extensions>
          <ns3:TrackPointExtension>
            <ns3:hr>153</ns3:hr>
          </ns3:TrackPointExtension>
        </extensions>
      </trkpt>
      <trkpt lat="24.4900644756853580474853515625" lon="118.10327771119773387908935546875">
        <ele>6.19999980926513671875</ele>
        <time>2024-11-17T13:19:36.000Z</time>
        <extensions>
          <ns3:TrackPointExtension>
            <ns3:hr>153</ns3:hr>
          </ns3:TrackPointExtension>
        </extensions>
      </trkpt>
      <trkpt lat="24.490055255591869354248046875" lon="118.10324619524180889129638671875">
        <ele>6.19999980926513671875</ele>
        <time>2024-11-17T13:19:37.000Z</time>
        <extensions>
          <ns3:TrackPointExtension>
            <ns3:hr>154</ns3:hr>
          </ns3:TrackPointExtension>
        </extensions>
      </trkpt>
      <trkpt lat="24.49004461057484149932861328125" lon="118.10321576893329620361328125">
        <ele>6.400000095367431640625</ele>
        <time>2024-11-17T13:19:38.000Z</time>
        <extensions>
          <ns3:TrackPointExtension>
            <ns3:hr>154</ns3:hr>
          </ns3:TrackPointExtension>
        </extensions>
      </trkpt>
      <trkpt lat="24.49003321118652820587158203125" lon="118.10318634845316410064697265625">
        <ele>6.400000095367431640625</ele>
        <time>2024-11-17T13:19:39.000Z</time>
        <extensions>
          <ns3:TrackPointExtension>
            <ns3:hr>154</ns3:hr>
          </ns3:TrackPointExtension>
        </extensions>
      </trkpt>
      <trkpt lat="24.4900212250649929046630859375" lon="118.1031574308872222900390625">
        <ele>6.400000095367431640625</ele>
        <time>2024-11-17T13:19:40.000Z</time>
        <extensions>
          <ns3:TrackPointExtension>
            <ns3:hr>154</ns3:hr>
          </ns3:TrackPointExtension>
        </extensions>
      </trkpt>
      <trkpt lat="24.4900084845721721649169921875" lon="118.1031280942261219024658203125">
        <ele>6.599999904632568359375</ele>
        <time>2024-11-17T13:19:41.000Z</time>
        <extensions>
          <ns3:TrackPointExtension>
            <ns3:hr>153</ns3:hr>
          </ns3:TrackPointExtension>
        </extensions>
      </trkpt>
      <trkpt lat="24.4899954088032245635986328125" lon="118.103098087012767791748046875">
        <ele>6.599999904632568359375</ele>
        <time>2024-11-17T13:19:42.000Z</time>
        <extensions>
          <ns3:TrackPointExtension>
            <ns3:hr>153</ns3:hr>
          </ns3:TrackPointExtension>
        </extensions>
      </trkpt>
      <trkpt lat="24.48998208157718181610107421875" lon="118.10306732542812824249267578125">
        <ele>6.599999904632568359375</ele>
        <time>2024-11-17T13:19:43.000Z</time>
        <extensions>
          <ns3:TrackPointExtension>
            <ns3:hr>153</ns3:hr>
          </ns3:TrackPointExtension>
        </extensions>
      </trkpt>
      <trkpt lat="24.4899679161608219146728515625" lon="118.10303614474833011627197265625">
        <ele>6.80000019073486328125</ele>
        <time>2024-11-17T13:19:44.000Z</time>
        <extensions>
          <ns3:TrackPointExtension>
            <ns3:hr>153</ns3:hr>
          </ns3:TrackPointExtension>
        </extensions>
      </trkpt>
      <trkpt lat="24.489952661097049713134765625" lon="118.1030050478875637054443359375">
        <ele>6.80000019073486328125</ele>
        <time>2024-11-17T13:19:45.000Z</time>
        <extensions>
          <ns3:TrackPointExtension>
            <ns3:hr>153</ns3:hr>
          </ns3:TrackPointExtension>
        </extensions>
      </trkpt>
      <trkpt lat="24.489936567842960357666015625" lon="118.1029750406742095947265625">
        <ele>6.80000019073486328125</ele>
        <time>2024-11-17T13:19:46.000Z</time>
        <extensions>
          <ns3:TrackPointExtension>
            <ns3:hr>153</ns3:hr>
          </ns3:TrackPointExtension>
        </extensions>
      </trkpt>
      <trkpt lat="24.4899203069508075714111328125" lon="118.10294679366052150726318359375">
        <ele>6.80000019073486328125</ele>
        <time>2024-11-17T13:19:47.000Z</time>
        <extensions>
          <ns3:TrackPointExtension>
            <ns3:hr>153</ns3:hr>
          </ns3:TrackPointExtension>
        </extensions>
      </trkpt>
      <trkpt lat="24.489903710782527923583984375" lon="118.10291997157037258148193359375">
        <ele>7</ele>
        <time>2024-11-17T13:19:48.000Z</time>
        <extensions>
          <ns3:TrackPointExtension>
            <ns3:hr>153</ns3:hr>
          </ns3:TrackPointExtension>
        </extensions>
      </trkpt>
      <trkpt lat="24.48988594114780426025390625" lon="118.1028934009373188018798828125">
        <ele>7</ele>
        <time>2024-11-17T13:19:49.000Z</time>
        <extensions>
          <ns3:TrackPointExtension>
            <ns3:hr>152</ns3:hr>
          </ns3:TrackPointExtension>
        </extensions>
      </trkpt>
      <trkpt lat="24.48986674658954143524169921875" lon="118.1028659082949161529541015625">
        <ele>7</ele>
        <time>2024-11-17T13:19:50.000Z</time>
        <extensions>
          <ns3:TrackPointExtension>
            <ns3:hr>152</ns3:hr>
          </ns3:TrackPointExtension>
        </extensions>
      </trkpt>
      <trkpt lat="24.48984704911708831787109375" lon="118.10283833183348178863525390625">
        <ele>7</ele>
        <time>2024-11-17T13:19:51.000Z</time>
        <extensions>
          <ns3:TrackPointExtension>
            <ns3:hr>152</ns3:hr>
          </ns3:TrackPointExtension>
        </extensions>
      </trkpt>
      <trkpt lat="24.48982751928269863128662109375" lon="118.10281167738139629364013671875">
        <ele>7</ele>
        <time>2024-11-17T13:19:52.000Z</time>
        <extensions>
          <ns3:TrackPointExtension>
            <ns3:hr>152</ns3:hr>
          </ns3:TrackPointExtension>
        </extensions>
      </trkpt>
      <trkpt lat="24.4898083247244358062744140625" lon="118.1027861125767230987548828125">
        <ele>7</ele>
        <time>2024-11-17T13:19:53.000Z</time>
        <extensions>
          <ns3:TrackPointExtension>
            <ns3:hr>152</ns3:hr>
          </ns3:TrackPointExtension>
        </extensions>
      </trkpt>
      <trkpt lat="24.489789046347141265869140625" lon="118.10276155360043048858642578125">
        <ele>7.19999980926513671875</ele>
        <time>2024-11-17T13:19:54.000Z</time>
        <extensions>
          <ns3:TrackPointExtension>
            <ns3:hr>152</ns3:hr>
          </ns3:TrackPointExtension>
        </extensions>
      </trkpt>
      <trkpt lat="24.48976867832243442535400390625" lon="118.10273724608123302459716796875">
        <ele>7.19999980926513671875</ele>
        <time>2024-11-17T13:19:55.000Z</time>
        <extensions>
          <ns3:TrackPointExtension>
            <ns3:hr>152</ns3:hr>
          </ns3:TrackPointExtension>
        </extensions>
      </trkpt>
      <trkpt lat="24.4897462986409664154052734375" lon="118.1027126871049404144287109375">
        <ele>7.400000095367431640625</ele>
        <time>2024-11-17T13:19:56.000Z</time>
        <extensions>
          <ns3:TrackPointExtension>
            <ns3:hr>152</ns3:hr>
          </ns3:TrackPointExtension>
        </extensions>
      </trkpt>
      <trkpt lat="24.48972190730273723602294921875" lon="118.10268879868090152740478515625">
        <ele>7.400000095367431640625</ele>
        <time>2024-11-17T13:19:57.000Z</time>
        <extensions>
          <ns3:TrackPointExtension>
            <ns3:hr>152</ns3:hr>
          </ns3:TrackPointExtension>
        </extensions>
      </trkpt>
      <trkpt lat="24.48969684541225433349609375" lon="118.10266633518040180206298828125">
        <ele>7.400000095367431640625</ele>
        <time>2024-11-17T13:19:58.000Z</time>
        <extensions>
          <ns3:TrackPointExtension>
            <ns3:hr>152</ns3:hr>
          </ns3:TrackPointExtension>
        </extensions>
      </trkpt>
      <trkpt lat="24.489671699702739715576171875" lon="118.10264521278440952301025390625">
        <ele>7.599999904632568359375</ele>
        <time>2024-11-17T13:19:59.000Z</time>
        <extensions>
          <ns3:TrackPointExtension>
            <ns3:hr>152</ns3:hr>
          </ns3:TrackPointExtension>
        </extensions>
      </trkpt>
      <trkpt lat="24.48964647017419338226318359375" lon="118.10262509621679782867431640625">
        <ele>7.599999904632568359375</ele>
        <time>2024-11-17T13:20:00.000Z</time>
        <extensions>
          <ns3:TrackPointExtension>
            <ns3:hr>152</ns3:hr>
          </ns3:TrackPointExtension>
        </extensions>
      </trkpt>
      <trkpt lat="24.48962132446467876434326171875" lon="118.10260648839175701141357421875">
        <ele>7.80000019073486328125</ele>
        <time>2024-11-17T13:20:01.000Z</time>
        <extensions>
          <ns3:TrackPointExtension>
            <ns3:hr>152</ns3:hr>
          </ns3:TrackPointExtension>
        </extensions>
      </trkpt>
      <trkpt lat="24.48959550820291042327880859375" lon="118.1025886349380016326904296875">
        <ele>7.80000019073486328125</ele>
        <time>2024-11-17T13:20:02.000Z</time>
        <extensions>
          <ns3:TrackPointExtension>
            <ns3:hr>152</ns3:hr>
          </ns3:TrackPointExtension>
        </extensions>
      </trkpt>
      <trkpt lat="24.489568769931793212890625" lon="118.102571032941341400146484375">
        <ele>8</ele>
        <time>2024-11-17T13:20:03.000Z</time>
        <extensions>
          <ns3:TrackPointExtension>
            <ns3:hr>152</ns3:hr>
          </ns3:TrackPointExtension>
        </extensions>
      </trkpt>
      <trkpt lat="24.48954119347035884857177734375" lon="118.10255334712564945220947265625">
        <ele>8</ele>
        <time>2024-11-17T13:20:04.000Z</time>
        <extensions>
          <ns3:TrackPointExtension>
            <ns3:hr>152</ns3:hr>
          </ns3:TrackPointExtension>
        </extensions>
      </trkpt>
      <trkpt lat="24.48951319791376590728759765625" lon="118.1025356613099575042724609375">
        <ele>8.19999980926513671875</ele>
        <time>2024-11-17T13:20:05.000Z</time>
        <extensions>
          <ns3:TrackPointExtension>
            <ns3:hr>152</ns3:hr>
          </ns3:TrackPointExtension>
        </extensions>
      </trkpt>
      <trkpt lat="24.4894847832620143890380859375" lon="118.10251780785620212554931640625">
        <ele>8.19999980926513671875</ele>
        <time>2024-11-17T13:20:06.000Z</time>
        <extensions>
          <ns3:TrackPointExtension>
            <ns3:hr>152</ns3:hr>
          </ns3:TrackPointExtension>
        </extensions>
      </trkpt>
      <trkpt lat="24.48945636861026287078857421875" lon="118.102500624954700469970703125">
        <ele>8.19999980926513671875</ele>
        <time>2024-11-17T13:20:07.000Z</time>
        <extensions>
          <ns3:TrackPointExtension>
            <ns3:hr>152</ns3:hr>
          </ns3:TrackPointExtension>
        </extensions>
      </trkpt>
      <trkpt lat="24.48942787013947963714599609375" lon="118.1024850346148014068603515625">
        <ele>8.19999980926513671875</ele>
        <time>2024-11-17T13:20:08.000Z</time>
        <extensions>
          <ns3:TrackPointExtension>
            <ns3:hr>152</ns3:hr>
          </ns3:TrackPointExtension>
        </extensions>
      </trkpt>
      <trkpt lat="24.48939920403063297271728515625" lon="118.1024709530174732208251953125">
        <ele>8.19999980926513671875</ele>
        <time>2024-11-17T13:20:09.000Z</time>
        <extensions>
          <ns3:TrackPointExtension>
            <ns3:hr>152</ns3:hr>
          </ns3:TrackPointExtension>
        </extensions>
      </trkpt>
      <trkpt lat="24.48937020264565944671630859375" lon="118.10245804488658905029296875">
        <ele>8.3999996185302734375</ele>
        <time>2024-11-17T13:20:10.000Z</time>
        <extensions>
          <ns3:TrackPointExtension>
            <ns3:hr>152</ns3:hr>
          </ns3:TrackPointExtension>
        </extensions>
      </trkpt>
      <trkpt lat="24.48934120126068592071533203125" lon="118.10244605876505374908447265625">
        <ele>8.3999996185302734375</ele>
        <time>2024-11-17T13:20:11.000Z</time>
        <extensions>
          <ns3:TrackPointExtension>
            <ns3:hr>152</ns3:hr>
          </ns3:TrackPointExtension>
        </extensions>
      </trkpt>
      <trkpt lat="24.48931152932345867156982421875" lon="118.10243449173867702484130859375">
        <ele>8.3999996185302734375</ele>
        <time>2024-11-17T13:20:12.000Z</time>
        <extensions>
          <ns3:TrackPointExtension>
            <ns3:hr>152</ns3:hr>
          </ns3:TrackPointExtension>
        </extensions>
      </trkpt>
      <trkpt lat="24.48928085155785083770751953125" lon="118.10242325998842716217041015625">
        <ele>8.6000003814697265625</ele>
        <time>2024-11-17T13:20:13.000Z</time>
        <extensions>
          <ns3:TrackPointExtension>
            <ns3:hr>151</ns3:hr>
          </ns3:TrackPointExtension>
        </extensions>
      </trkpt>
      <trkpt lat="24.48925000615417957305908203125" lon="118.1024132855236530303955078125">
        <ele>8.80000019073486328125</ele>
        <time>2024-11-17T13:20:14.000Z</time>
        <extensions>
          <ns3:TrackPointExtension>
            <ns3:hr>151</ns3:hr>
          </ns3:TrackPointExtension>
        </extensions>
      </trkpt>
      <trkpt lat="24.48921966366469860076904296875" lon="118.102405071258544921875">
        <ele>9</ele>
        <time>2024-11-17T13:20:15.000Z</time>
        <extensions>
          <ns3:TrackPointExtension>
            <ns3:hr>151</ns3:hr>
          </ns3:TrackPointExtension>
        </extensions>
      </trkpt>
      <trkpt lat="24.48918948881328105926513671875" lon="118.10239912010729312896728515625">
        <ele>9</ele>
        <time>2024-11-17T13:20:16.000Z</time>
        <extensions>
          <ns3:TrackPointExtension>
            <ns3:hr>151</ns3:hr>
          </ns3:TrackPointExtension>
        </extensions>
      </trkpt>
      <trkpt lat="24.489159397780895233154296875" lon="118.10239476151764392852783203125">
        <ele>9.3999996185302734375</ele>
        <time>2024-11-17T13:20:17.000Z</time>
        <extensions>
          <ns3:TrackPointExtension>
            <ns3:hr>152</ns3:hr>
          </ns3:TrackPointExtension>
        </extensions>
      </trkpt>
      <trkpt lat="24.48912930674850940704345703125" lon="118.10239124111831188201904296875">
        <ele>9.6000003814697265625</ele>
        <time>2024-11-17T13:20:18.000Z</time>
        <extensions>
          <ns3:TrackPointExtension>
            <ns3:hr>152</ns3:hr>
          </ns3:TrackPointExtension>
        </extensions>
      </trkpt>
      <trkpt lat="24.48909896425902843475341796875" lon="118.10238822363317012786865234375">
        <ele>9.80000019073486328125</ele>
        <time>2024-11-17T13:20:19.000Z</time>
        <extensions>
          <ns3:TrackPointExtension>
            <ns3:hr>152</ns3:hr>
          </ns3:TrackPointExtension>
        </extensions>
      </trkpt>
      <trkpt lat="24.48906845413148403167724609375" lon="118.10238537378609180450439453125">
        <ele>10</ele>
        <time>2024-11-17T13:20:20.000Z</time>
        <extensions>
          <ns3:TrackPointExtension>
            <ns3:hr>152</ns3:hr>
          </ns3:TrackPointExtension>
        </extensions>
      </trkpt>
      <trkpt lat="24.48903794400393962860107421875" lon="118.10238252393901348114013671875">
        <ele>10.19999980926513671875</ele>
        <time>2024-11-17T13:20:21.000Z</time>
        <extensions>
          <ns3:TrackPointExtension>
            <ns3:hr>152</ns3:hr>
          </ns3:TrackPointExtension>
        </extensions>
      </trkpt>
      <trkpt lat="24.48900760151445865631103515625" lon="118.10237933881580829620361328125">
        <ele>10.3999996185302734375</ele>
        <time>2024-11-17T13:20:22.000Z</time>
        <extensions>
          <ns3:TrackPointExtension>
            <ns3:hr>152</ns3:hr>
          </ns3:TrackPointExtension>
        </extensions>
      </trkpt>
      <trkpt lat="24.4889781810343265533447265625" lon="118.10237598605453968048095703125">
        <ele>10.3999996185302734375</ele>
        <time>2024-11-17T13:20:23.000Z</time>
        <extensions>
          <ns3:TrackPointExtension>
            <ns3:hr>152</ns3:hr>
          </ns3:TrackPointExtension>
        </extensions>
      </trkpt>
      <trkpt lat="24.48894993402063846588134765625" lon="118.10237313620746135711669921875">
        <ele>10.6000003814697265625</ele>
        <time>2024-11-17T13:20:24.000Z</time>
        <extensions>
          <ns3:TrackPointExtension>
            <ns3:hr>153</ns3:hr>
          </ns3:TrackPointExtension>
        </extensions>
      </trkpt>
      <trkpt lat="24.4889223575592041015625" lon="118.10237095691263675689697265625">
        <ele>10.6000003814697265625</ele>
        <time>2024-11-17T13:20:25.000Z</time>
        <extensions>
          <ns3:TrackPointExtension>
            <ns3:hr>153</ns3:hr>
          </ns3:TrackPointExtension>
        </extensions>
      </trkpt>
      <trkpt lat="24.48889444582164287567138671875" lon="118.10236961580812931060791015625">
        <ele>10.80000019073486328125</ele>
        <time>2024-11-17T13:20:26.000Z</time>
        <extensions>
          <ns3:TrackPointExtension>
            <ns3:hr>153</ns3:hr>
          </ns3:TrackPointExtension>
        </extensions>
      </trkpt>
      <trkpt lat="24.488865695893764495849609375" lon="118.10236928053200244903564453125">
        <ele>10.80000019073486328125</ele>
        <time>2024-11-17T13:20:27.000Z</time>
        <extensions>
          <ns3:TrackPointExtension>
            <ns3:hr>153</ns3:hr>
          </ns3:TrackPointExtension>
        </extensions>
      </trkpt>
      <trkpt lat="24.48883644305169582366943359375" lon="118.1023700349032878875732421875">
        <ele>11</ele>
        <time>2024-11-17T13:20:28.000Z</time>
        <extensions>
          <ns3:TrackPointExtension>
            <ns3:hr>153</ns3:hr>
          </ns3:TrackPointExtension>
        </extensions>
      </trkpt>
      <trkpt lat="24.48880660347640514373779296875" lon="118.10237129218876361846923828125">
        <ele>11</ele>
        <time>2024-11-17T13:20:29.000Z</time>
        <extensions>
          <ns3:TrackPointExtension>
            <ns3:hr>152</ns3:hr>
          </ns3:TrackPointExtension>
        </extensions>
      </trkpt>
      <trkpt lat="24.48877676390111446380615234375" lon="118.10237355530261993408203125">
        <ele>11</ele>
        <time>2024-11-17T13:20:30.000Z</time>
        <extensions>
          <ns3:TrackPointExtension>
            <ns3:hr>152</ns3:hr>
          </ns3:TrackPointExtension>
        </extensions>
      </trkpt>
      <trkpt lat="24.4887471757829189300537109375" lon="118.10237799771130084991455078125">
        <ele>11</ele>
        <time>2024-11-17T13:20:31.000Z</time>
        <extensions>
          <ns3:TrackPointExtension>
            <ns3:hr>152</ns3:hr>
          </ns3:TrackPointExtension>
        </extensions>
      </trkpt>
      <trkpt lat="24.48871783912181854248046875" lon="118.10238386504352092742919921875">
        <ele>11</ele>
        <time>2024-11-17T13:20:32.000Z</time>
        <extensions>
          <ns3:TrackPointExtension>
            <ns3:hr>152</ns3:hr>
          </ns3:TrackPointExtension>
        </extensions>
      </trkpt>
      <trkpt lat="24.48868841864168643951416015625" lon="118.10239057056605815887451171875">
        <ele>10.80000019073486328125</ele>
        <time>2024-11-17T13:20:33.000Z</time>
        <extensions>
          <ns3:TrackPointExtension>
            <ns3:hr>152</ns3:hr>
          </ns3:TrackPointExtension>
        </extensions>
      </trkpt>
      <trkpt lat="24.48865891434252262115478515625" lon="118.10239794664084911346435546875">
        <ele>10.80000019073486328125</ele>
        <time>2024-11-17T13:20:34.000Z</time>
        <extensions>
          <ns3:TrackPointExtension>
            <ns3:hr>152</ns3:hr>
          </ns3:TrackPointExtension>
        </extensions>
      </trkpt>
      <trkpt lat="24.48862932622432708740234375" lon="118.1024055741727352142333984375">
        <ele>10.6000003814697265625</ele>
        <time>2024-11-17T13:20:35.000Z</time>
        <extensions>
          <ns3:TrackPointExtension>
            <ns3:hr>152</ns3:hr>
          </ns3:TrackPointExtension>
        </extensions>
      </trkpt>
      <trkpt lat="24.48859957046806812286376953125" lon="118.10241336934268474578857421875">
        <ele>10.6000003814697265625</ele>
        <time>2024-11-17T13:20:36.000Z</time>
        <extensions>
          <ns3:TrackPointExtension>
            <ns3:hr>152</ns3:hr>
          </ns3:TrackPointExtension>
        </extensions>
      </trkpt>
      <trkpt lat="24.48857006616890430450439453125" lon="118.10242175124585628509521484375">
        <ele>10.6000003814697265625</ele>
        <time>2024-11-17T13:20:37.000Z</time>
        <extensions>
          <ns3:TrackPointExtension>
            <ns3:hr>151</ns3:hr>
          </ns3:TrackPointExtension>
        </extensions>
      </trkpt>
      <trkpt lat="24.48854156769812107086181640625" lon="118.1024307198822498321533203125">
        <ele>10.6000003814697265625</ele>
        <time>2024-11-17T13:20:38.000Z</time>
        <extensions>
          <ns3:TrackPointExtension>
            <ns3:hr>151</ns3:hr>
          </ns3:TrackPointExtension>
        </extensions>
      </trkpt>
      <trkpt lat="24.4885138235986232757568359375" lon="118.1024401076138019561767578125">
        <ele>10.6000003814697265625</ele>
        <time>2024-11-17T13:20:39.000Z</time>
        <extensions>
          <ns3:TrackPointExtension>
            <ns3:hr>151</ns3:hr>
          </ns3:TrackPointExtension>
        </extensions>
      </trkpt>
      <trkpt lat="24.4884859956800937652587890625" lon="118.10245075263082981109619140625">
        <ele>10.6000003814697265625</ele>
        <time>2024-11-17T13:20:40.000Z</time>
        <extensions>
          <ns3:TrackPointExtension>
            <ns3:hr>151</ns3:hr>
          </ns3:TrackPointExtension>
        </extensions>
      </trkpt>
      <trkpt lat="24.48845774866640567779541015625" lon="118.10246315784752368927001953125">
        <ele>10.6000003814697265625</ele>
        <time>2024-11-17T13:20:41.000Z</time>
        <extensions>
          <ns3:TrackPointExtension>
            <ns3:hr>151</ns3:hr>
          </ns3:TrackPointExtension>
        </extensions>
      </trkpt>
      <trkpt lat="24.4884293340146541595458984375" lon="118.10247707180678844451904296875">
        <ele>10.80000019073486328125</ele>
        <time>2024-11-17T13:20:42.000Z</time>
        <extensions>
          <ns3:TrackPointExtension>
            <ns3:hr>152</ns3:hr>
          </ns3:TrackPointExtension>
        </extensions>
      </trkpt>
      <trkpt lat="24.48840091936290264129638671875" lon="118.1024914048612117767333984375">
        <ele>10.80000019073486328125</ele>
        <time>2024-11-17T13:20:43.000Z</time>
        <extensions>
          <ns3:TrackPointExtension>
            <ns3:hr>152</ns3:hr>
          </ns3:TrackPointExtension>
        </extensions>
      </trkpt>
      <trkpt lat="24.48837275616824626922607421875" lon="118.10250624082982540130615234375">
        <ele>10.80000019073486328125</ele>
        <time>2024-11-17T13:20:44.000Z</time>
        <extensions>
          <ns3:TrackPointExtension>
            <ns3:hr>152</ns3:hr>
          </ns3:TrackPointExtension>
        </extensions>
      </trkpt>
      <trkpt lat="24.48834492824971675872802734375" lon="118.10252183116972446441650390625">
        <ele>10.6000003814697265625</ele>
        <time>2024-11-17T13:20:45.000Z</time>
        <extensions>
          <ns3:TrackPointExtension>
            <ns3:hr>152</ns3:hr>
          </ns3:TrackPointExtension>
        </extensions>
      </trkpt>
      <trkpt lat="24.48831743560731410980224609375" lon="118.1025378406047821044921875">
        <ele>10.6000003814697265625</ele>
        <time>2024-11-17T13:20:46.000Z</time>
        <extensions>
          <ns3:TrackPointExtension>
            <ns3:hr>152</ns3:hr>
          </ns3:TrackPointExtension>
        </extensions>
      </trkpt>
      <trkpt lat="24.48828994296491146087646484375" lon="118.1025539338588714599609375">
        <ele>10.3999996185302734375</ele>
        <time>2024-11-17T13:20:47.000Z</time>
        <extensions>
          <ns3:TrackPointExtension>
            <ns3:hr>152</ns3:hr>
          </ns3:TrackPointExtension>
        </extensions>
      </trkpt>
      <trkpt lat="24.48826253414154052734375" lon="118.10257044620811939239501953125">
        <ele>10.19999980926513671875</ele>
        <time>2024-11-17T13:20:48.000Z</time>
        <extensions>
          <ns3:TrackPointExtension>
            <ns3:hr>152</ns3:hr>
          </ns3:TrackPointExtension>
        </extensions>
      </trkpt>
      <trkpt lat="24.4882358796894550323486328125" lon="118.10258788056671619415283203125">
        <ele>10.19999980926513671875</ele>
        <time>2024-11-17T13:20:49.000Z</time>
        <extensions>
          <ns3:TrackPointExtension>
            <ns3:hr>152</ns3:hr>
          </ns3:TrackPointExtension>
        </extensions>
      </trkpt>
      <trkpt lat="24.48820997960865497589111328125" lon="118.10260556638240814208984375">
        <ele>10</ele>
        <time>2024-11-17T13:20:50.000Z</time>
        <extensions>
          <ns3:TrackPointExtension>
            <ns3:hr>152</ns3:hr>
          </ns3:TrackPointExtension>
        </extensions>
      </trkpt>
      <trkpt lat="24.48818500153720378875732421875" lon="118.10262300074100494384765625">
        <ele>9.6000003814697265625</ele>
        <time>2024-11-17T13:20:51.000Z</time>
        <extensions>
          <ns3:TrackPointExtension>
            <ns3:hr>152</ns3:hr>
          </ns3:TrackPointExtension>
        </extensions>
      </trkpt>
      <trkpt lat="24.48816102929413318634033203125" lon="118.10264051891863346099853515625">
        <ele>9.19999980926513671875</ele>
        <time>2024-11-17T13:20:52.000Z</time>
        <extensions>
          <ns3:TrackPointExtension>
            <ns3:hr>152</ns3:hr>
          </ns3:TrackPointExtension>
        </extensions>
      </trkpt>
      <trkpt lat="24.488138146698474884033203125" lon="118.10265912674367427825927734375">
        <ele>8.80000019073486328125</ele>
        <time>2024-11-17T13:20:53.000Z</time>
        <extensions>
          <ns3:TrackPointExtension>
            <ns3:hr>152</ns3:hr>
          </ns3:TrackPointExtension>
        </extensions>
      </trkpt>
      <trkpt lat="24.48811626993119716644287109375" lon="118.10267932713031768798828125">
        <ele>8.3999996185302734375</ele>
        <time>2024-11-17T13:20:54.000Z</time>
        <extensions>
          <ns3:TrackPointExtension>
            <ns3:hr>152</ns3:hr>
          </ns3:TrackPointExtension>
        </extensions>
      </trkpt>
      <trkpt lat="24.4880950637161731719970703125" lon="118.10270086862146854400634765625">
        <ele>7.80000019073486328125</ele>
        <time>2024-11-17T13:20:55.000Z</time>
        <extensions>
          <ns3:TrackPointExtension>
            <ns3:hr>152</ns3:hr>
          </ns3:TrackPointExtension>
        </extensions>
      </trkpt>
      <trkpt lat="24.48807410895824432373046875" lon="118.102723248302936553955078125">
        <ele>7.400000095367431640625</ele>
        <time>2024-11-17T13:20:56.000Z</time>
        <extensions>
          <ns3:TrackPointExtension>
            <ns3:hr>152</ns3:hr>
          </ns3:TrackPointExtension>
        </extensions>
      </trkpt>
      <trkpt lat="24.48805340565741062164306640625" lon="118.102746717631816864013671875">
        <ele>7.19999980926513671875</ele>
        <time>2024-11-17T13:20:57.000Z</time>
        <extensions>
          <ns3:TrackPointExtension>
            <ns3:hr>152</ns3:hr>
          </ns3:TrackPointExtension>
        </extensions>
      </trkpt>
      <trkpt lat="24.488033540546894073486328125" lon="118.1027711927890777587890625">
        <ele>7</ele>
        <time>2024-11-17T13:20:58.000Z</time>
        <extensions>
          <ns3:TrackPointExtension>
            <ns3:hr>152</ns3:hr>
          </ns3:TrackPointExtension>
        </extensions>
      </trkpt>
      <trkpt lat="24.48801384307444095611572265625" lon="118.10279524885118007659912109375">
        <ele>7</ele>
        <time>2024-11-17T13:20:59.000Z</time>
        <extensions>
          <ns3:TrackPointExtension>
            <ns3:hr>151</ns3:hr>
          </ns3:TrackPointExtension>
        </extensions>
      </trkpt>
      <trkpt lat="24.48799406178295612335205078125" lon="118.10281838290393352508544921875">
        <ele>6.80000019073486328125</ele>
        <time>2024-11-17T13:21:00.000Z</time>
        <extensions>
          <ns3:TrackPointExtension>
            <ns3:hr>151</ns3:hr>
          </ns3:TrackPointExtension>
        </extensions>
      </trkpt>
      <trkpt lat="24.48797444812953472137451171875" lon="118.10284185223281383514404296875">
        <ele>6.599999904632568359375</ele>
        <time>2024-11-17T13:21:01.000Z</time>
        <extensions>
          <ns3:TrackPointExtension>
            <ns3:hr>151</ns3:hr>
          </ns3:TrackPointExtension>
        </extensions>
      </trkpt>
      <trkpt lat="24.48795567266643047332763671875" lon="118.102866075932979583740234375">
        <ele>6.400000095367431640625</ele>
        <time>2024-11-17T13:21:02.000Z</time>
        <extensions>
          <ns3:TrackPointExtension>
            <ns3:hr>151</ns3:hr>
          </ns3:TrackPointExtension>
        </extensions>
      </trkpt>
      <trkpt lat="24.48793865740299224853515625" lon="118.10289063490927219390869140625">
        <ele>6.400000095367431640625</ele>
        <time>2024-11-17T13:21:03.000Z</time>
        <extensions>
          <ns3:TrackPointExtension>
            <ns3:hr>151</ns3:hr>
          </ns3:TrackPointExtension>
        </extensions>
      </trkpt>
      <trkpt lat="24.48792398907244205474853515625" lon="118.10291527770459651947021484375">
        <ele>6.599999904632568359375</ele>
        <time>2024-11-17T13:21:04.000Z</time>
        <extensions>
          <ns3:TrackPointExtension>
            <ns3:hr>151</ns3:hr>
          </ns3:TrackPointExtension>
        </extensions>
      </trkpt>
      <trkpt lat="24.48791057802736759185791015625" lon="118.10294075869023799896240234375">
        <ele>6.80000019073486328125</ele>
        <time>2024-11-17T13:21:05.000Z</time>
        <extensions>
          <ns3:TrackPointExtension>
            <ns3:hr>151</ns3:hr>
          </ns3:TrackPointExtension>
        </extensions>
      </trkpt>
      <trkpt lat="24.48789775371551513671875" lon="118.10296724550426006317138671875">
        <ele>7</ele>
        <time>2024-11-17T13:21:06.000Z</time>
        <extensions>
          <ns3:TrackPointExtension>
            <ns3:hr>151</ns3:hr>
          </ns3:TrackPointExtension>
        </extensions>
      </trkpt>
      <trkpt lat="24.48788576759397983551025390625" lon="118.1029936484992504119873046875">
        <ele>7.19999980926513671875</ele>
        <time>2024-11-17T13:21:07.000Z</time>
        <extensions>
          <ns3:TrackPointExtension>
            <ns3:hr>151</ns3:hr>
          </ns3:TrackPointExtension>
        </extensions>
      </trkpt>
      <trkpt lat="24.48787487111985683441162109375" lon="118.10301736928522586822509765625">
        <ele>7.19999980926513671875</ele>
        <time>2024-11-17T13:21:08.000Z</time>
        <extensions>
          <ns3:TrackPointExtension>
            <ns3:hr>151</ns3:hr>
          </ns3:TrackPointExtension>
        </extensions>
      </trkpt>
      <trkpt lat="24.48786514811217784881591796875" lon="118.1030365638434886932373046875">
        <ele>7.400000095367431640625</ele>
        <time>2024-11-17T13:21:09.000Z</time>
        <extensions>
          <ns3:TrackPointExtension>
            <ns3:hr>151</ns3:hr>
          </ns3:TrackPointExtension>
        </extensions>
      </trkpt>
      <trkpt lat="24.48785726912319660186767578125" lon="118.10305156745016574859619140625">
        <ele>7.400000095367431640625</ele>
        <time>2024-11-17T13:21:10.000Z</time>
        <extensions>
          <ns3:TrackPointExtension>
            <ns3:hr>151</ns3:hr>
          </ns3:TrackPointExtension>
        </extensions>
      </trkpt>
      <trkpt lat="24.48785123415291309356689453125" lon="118.1030627153813838958740234375">
        <ele>7.400000095367431640625</ele>
        <time>2024-11-17T13:21:11.000Z</time>
        <extensions>
          <ns3:TrackPointExtension>
            <ns3:hr>151</ns3:hr>
          </ns3:TrackPointExtension>
        </extensions>
      </trkpt>
      <trkpt lat="24.48784687556326389312744140625" lon="118.10306967236101627349853515625">
        <ele>7.400000095367431640625</ele>
        <time>2024-11-17T13:21:12.000Z</time>
        <extensions>
          <ns3:TrackPointExtension>
            <ns3:hr>151</ns3:hr>
          </ns3:TrackPointExtension>
        </extensions>
      </trkpt>
      <trkpt lat="24.4878426007926464080810546875" lon="118.1030744500458240509033203125">
        <ele>7.599999904632568359375</ele>
        <time>2024-11-17T13:21:14.000Z</time>
        <extensions>
          <ns3:TrackPointExtension>
            <ns3:hr>149</ns3:hr>
          </ns3:TrackPointExtension>
        </extensions>
      </trkpt>
      <trkpt lat="24.4878372363746166229248046875" lon="118.10308056883513927459716796875">
        <ele>7.599999904632568359375</ele>
        <time>2024-11-17T13:21:15.000Z</time>
        <extensions>
          <ns3:TrackPointExtension>
            <ns3:hr>149</ns3:hr>
          </ns3:TrackPointExtension>
        </extensions>
      </trkpt>
      <trkpt lat="24.4878312014043331146240234375" lon="118.10308811254799365997314453125">
        <ele>7.599999904632568359375</ele>
        <time>2024-11-17T13:21:16.000Z</time>
        <extensions>
          <ns3:TrackPointExtension>
            <ns3:hr>149</ns3:hr>
          </ns3:TrackPointExtension>
        </extensions>
      </trkpt>
      <trkpt lat="24.48782600462436676025390625" lon="118.10309565626084804534912109375">
        <ele>7.599999904632568359375</ele>
        <time>2024-11-17T13:21:17.000Z</time>
        <extensions>
          <ns3:TrackPointExtension>
            <ns3:hr>149</ns3:hr>
          </ns3:TrackPointExtension>
        </extensions>
      </trkpt>
      <trkpt lat="24.48782198131084442138671875" lon="118.10310319997370243072509765625">
        <ele>7.80000019073486328125</ele>
        <time>2024-11-17T13:21:18.000Z</time>
        <extensions>
          <ns3:TrackPointExtension>
            <ns3:hr>149</ns3:hr>
          </ns3:TrackPointExtension>
        </extensions>
      </trkpt>
      <trkpt lat="24.4878181256353855133056640625" lon="118.103111498057842254638671875">
        <ele>7.80000019073486328125</ele>
        <time>2024-11-17T13:21:19.000Z</time>
        <extensions>
          <ns3:TrackPointExtension>
            <ns3:hr>149</ns3:hr>
          </ns3:TrackPointExtension>
        </extensions>
      </trkpt>
      <trkpt lat="24.48781351558864116668701171875" lon="118.10312197543680667877197265625">
        <ele>8</ele>
        <time>2024-11-17T13:21:20.000Z</time>
        <extensions>
          <ns3:TrackPointExtension>
            <ns3:hr>143</ns3:hr>
          </ns3:TrackPointExtension>
        </extensions>
      </trkpt>
      <trkpt lat="24.48780831880867481231689453125" lon="118.10313287191092967987060546875">
        <ele>8.19999980926513671875</ele>
        <time>2024-11-17T13:21:21.000Z</time>
        <extensions>
          <ns3:TrackPointExtension>
            <ns3:hr>143</ns3:hr>
          </ns3:TrackPointExtension>
        </extensions>
      </trkpt>
      <trkpt lat="24.48780379258096218109130859375" lon="118.10314309783279895782470703125">
        <ele>8.3999996185302734375</ele>
        <time>2024-11-17T13:21:22.000Z</time>
        <extensions>
          <ns3:TrackPointExtension>
            <ns3:hr>143</ns3:hr>
          </ns3:TrackPointExtension>
        </extensions>
      </trkpt>
      <trkpt lat="24.48779960162937641143798828125" lon="118.1031545810401439666748046875">
        <ele>8.6000003814697265625</ele>
        <time>2024-11-17T13:21:23.000Z</time>
        <extensions>
          <ns3:TrackPointExtension>
            <ns3:hr>143</ns3:hr>
          </ns3:TrackPointExtension>
        </extensions>
      </trkpt>
      <trkpt lat="24.48779507540166378021240234375" lon="118.10316690243780612945556640625">
        <ele>8.80000019073486328125</ele>
        <time>2024-11-17T13:21:24.000Z</time>
        <extensions>
          <ns3:TrackPointExtension>
            <ns3:hr>143</ns3:hr>
          </ns3:TrackPointExtension>
        </extensions>
      </trkpt>
      <trkpt lat="24.48779054917395114898681640625" lon="118.1031790561974048614501953125">
        <ele>9</ele>
        <time>2024-11-17T13:21:25.000Z</time>
        <extensions>
          <ns3:TrackPointExtension>
            <ns3:hr>143</ns3:hr>
          </ns3:TrackPointExtension>
        </extensions>
      </trkpt>
      <trkpt lat="24.48778602294623851776123046875" lon="118.103190958499908447265625">
        <ele>9.19999980926513671875</ele>
        <time>2024-11-17T13:21:26.000Z</time>
        <extensions>
          <ns3:TrackPointExtension>
            <ns3:hr>143</ns3:hr>
          </ns3:TrackPointExtension>
        </extensions>
      </trkpt>
      <trkpt lat="24.4877815805375576019287109375" lon="118.10320227406919002532958984375">
        <ele>9.3999996185302734375</ele>
        <time>2024-11-17T13:21:27.000Z</time>
        <extensions>
          <ns3:TrackPointExtension>
            <ns3:hr>143</ns3:hr>
          </ns3:TrackPointExtension>
        </extensions>
      </trkpt>
      <trkpt lat="24.48777764104306697845458984375" lon="118.10321308672428131103515625">
        <ele>9.6000003814697265625</ele>
        <time>2024-11-17T13:21:28.000Z</time>
        <extensions>
          <ns3:TrackPointExtension>
            <ns3:hr>142</ns3:hr>
          </ns3:TrackPointExtension>
        </extensions>
      </trkpt>
      <trkpt lat="24.4877738691866397857666015625" lon="118.10322373174130916595458984375">
        <ele>9.80000019073486328125</ele>
        <time>2024-11-17T13:21:29.000Z</time>
        <extensions>
          <ns3:TrackPointExtension>
            <ns3:hr>137</ns3:hr>
          </ns3:TrackPointExtension>
        </extensions>
      </trkpt>
      <trkpt lat="24.48776959441602230072021484375" lon="118.1032350473105907440185546875">
        <ele>10</ele>
        <time>2024-11-17T13:21:30.000Z</time>
        <extensions>
          <ns3:TrackPointExtension>
            <ns3:hr>137</ns3:hr>
          </ns3:TrackPointExtension>
        </extensions>
      </trkpt>
      <trkpt lat="24.48776506818830966949462890625" lon="118.10324636287987232208251953125">
        <ele>10</ele>
        <time>2024-11-17T13:21:31.000Z</time>
        <extensions>
          <ns3:TrackPointExtension>
            <ns3:hr>137</ns3:hr>
          </ns3:TrackPointExtension>
        </extensions>
      </trkpt>
      <trkpt lat="24.48776171542704105377197265625" lon="118.10325675643980503082275390625">
        <ele>10.19999980926513671875</ele>
        <time>2024-11-17T13:21:32.000Z</time>
        <extensions>
          <ns3:TrackPointExtension>
            <ns3:hr>137</ns3:hr>
          </ns3:TrackPointExtension>
        </extensions>
      </trkpt>
      <trkpt lat="24.4877594523131847381591796875" lon="118.103267066180706024169921875">
        <ele>10.3999996185302734375</ele>
        <time>2024-11-17T13:21:33.000Z</time>
        <extensions>
          <ns3:TrackPointExtension>
            <ns3:hr>137</ns3:hr>
          </ns3:TrackPointExtension>
        </extensions>
      </trkpt>
      <trkpt lat="24.48775735683739185333251953125" lon="118.10327771119773387908935546875">
        <ele>10.6000003814697265625</ele>
        <time>2024-11-17T13:21:34.000Z</time>
        <extensions>
          <ns3:TrackPointExtension>
            <ns3:hr>137</ns3:hr>
          </ns3:TrackPointExtension>
        </extensions>
      </trkpt>
      <trkpt lat="24.48775484226644039154052734375" lon="118.10328877530992031097412109375">
        <ele>10.6000003814697265625</ele>
        <time>2024-11-17T13:21:35.000Z</time>
        <extensions>
          <ns3:TrackPointExtension>
            <ns3:hr>137</ns3:hr>
          </ns3:TrackPointExtension>
        </extensions>
      </trkpt>
      <trkpt lat="24.487751908600330352783203125" lon="118.103299252688884735107421875">
        <ele>10.80000019073486328125</ele>
        <time>2024-11-17T13:21:36.000Z</time>
        <extensions>
          <ns3:TrackPointExtension>
            <ns3:hr>135</ns3:hr>
          </ns3:TrackPointExtension>
        </extensions>
      </trkpt>
      <trkpt lat="24.4877487234771251678466796875" lon="118.1033091433346271514892578125">
        <ele>11</ele>
        <time>2024-11-17T13:21:37.000Z</time>
        <extensions>
          <ns3:TrackPointExtension>
            <ns3:hr>135</ns3:hr>
          </ns3:TrackPointExtension>
        </extensions>
      </trkpt>
      <trkpt lat="24.4877457059919834136962890625" lon="118.10331928543746471405029296875">
        <ele>11</ele>
        <time>2024-11-17T13:21:38.000Z</time>
        <extensions>
          <ns3:TrackPointExtension>
            <ns3:hr>135</ns3:hr>
          </ns3:TrackPointExtension>
        </extensions>
      </trkpt>
      <trkpt lat="24.4877426885068416595458984375" lon="118.1033302657306194305419921875">
        <ele>11.19999980926513671875</ele>
        <time>2024-11-17T13:21:39.000Z</time>
        <extensions>
          <ns3:TrackPointExtension>
            <ns3:hr>135</ns3:hr>
          </ns3:TrackPointExtension>
        </extensions>
      </trkpt>
      <trkpt lat="24.487739838659763336181640625" lon="118.10334191657602787017822265625">
        <ele>11.3999996185302734375</ele>
        <time>2024-11-17T13:21:40.000Z</time>
        <extensions>
          <ns3:TrackPointExtension>
            <ns3:hr>135</ns3:hr>
          </ns3:TrackPointExtension>
        </extensions>
      </trkpt>
    </trkseg>
  </trk>
</gpx>
