<gpx xmlns:ns3="http://www.garmin.com/xmlschemas/TrackPointExtension/v1" xmlns="http://www.topografix.com/GPX/1/1" xmlns:xsi="http://www.w3.org/2001/XMLSchema-instance" xmlns:ns2="http://www.garmin.com/xmlschemas/GpxExtensions/v3" creator="Garmin Connect" version="1.1" xsi:schemaLocation="http://www.topografix.com/GPX/1/1 http://www.topografix.com/GPX/11.xsd">
  <extensions>
<distance>1897.85</distance>
<average_hr>131.0</average_hr>
<average_speed>2.6499882646492887</average_speed>
<start_time>2025-09-18T12:57:48+00:00</start_time>
<end_time>2025-09-18T13:09:44.173000+00:00</end_time>
<moving_time>714.582</moving_time>
<elapsed_time>716.173</elapsed_time>
</extensions>
<metadata>
    <link href="connect.garmin.com">
      <text>Garmin Connect</text>
    </link>
    <time>2025-09-18T12:57:48.000Z</time>
  </metadata>
  <trk>
    <name>厦门市 跑步</name>
    <type>running</type>
    <trkseg>
      <trkpt lat="24.4846142269670963287353515625" lon="118.10831774957478046417236328125">
        <ele>8.80000019073486328125</ele>
        <time>2025-09-18T12:57:49.000Z</time>
        <extensions>
          <ns3:TrackPointExtension>
            <ns3:hr>82</ns3:hr>
          </ns3:TrackPointExtension>
        </extensions>
      </trkpt>
      <trkpt lat="24.48462269268929958343505859375" lon="118.10831724666059017181396484375">
        <ele>8.80000019073486328125</ele>
        <time>2025-09-18T12:57:51.000Z</time>
        <extensions>
          <ns3:TrackPointExtension>
            <ns3:hr>82</ns3:hr>
          </ns3:TrackPointExtension>
        </extensions>
      </trkpt>
      <trkpt lat="24.484634511172771453857421875" lon="118.10831640847027301788330078125">
        <ele>8.6000003814697265625</ele>
        <time>2025-09-18T12:57:52.000Z</time>
        <extensions>
          <ns3:TrackPointExtension>
            <ns3:hr>82</ns3:hr>
          </ns3:TrackPointExtension>
        </extensions>
      </trkpt>
      <trkpt lat="24.48464716784656047821044921875" lon="118.1083151511847972869873046875">
        <ele>8.6000003814697265625</ele>
        <time>2025-09-18T12:57:53.000Z</time>
        <extensions>
          <ns3:TrackPointExtension>
            <ns3:hr>82</ns3:hr>
          </ns3:TrackPointExtension>
        </extensions>
      </trkpt>
      <trkpt lat="24.48466041125357151031494140625" lon="118.1083153188228607177734375">
        <ele>8.6000003814697265625</ele>
        <time>2025-09-18T12:57:54.000Z</time>
        <extensions>
          <ns3:TrackPointExtension>
            <ns3:hr>82</ns3:hr>
          </ns3:TrackPointExtension>
        </extensions>
      </trkpt>
      <trkpt lat="24.48467231355607509613037109375" lon="118.108319342136383056640625">
        <ele>8.3999996185302734375</ele>
        <time>2025-09-18T12:57:55.000Z</time>
        <extensions>
          <ns3:TrackPointExtension>
            <ns3:hr>82</ns3:hr>
          </ns3:TrackPointExtension>
        </extensions>
      </trkpt>
      <trkpt lat="24.48468371294438838958740234375" lon="118.1083211861550807952880859375">
        <ele>8.3999996185302734375</ele>
        <time>2025-09-18T12:57:56.000Z</time>
        <extensions>
          <ns3:TrackPointExtension>
            <ns3:hr>82</ns3:hr>
          </ns3:TrackPointExtension>
        </extensions>
      </trkpt>
      <trkpt lat="24.48469561524689197540283203125" lon="118.10831506736576557159423828125">
        <ele>8.19999980926513671875</ele>
        <time>2025-09-18T12:57:57.000Z</time>
        <extensions>
          <ns3:TrackPointExtension>
            <ns3:hr>81</ns3:hr>
          </ns3:TrackPointExtension>
        </extensions>
      </trkpt>
      <trkpt lat="24.4847050867974758148193359375" lon="118.1083044223487377166748046875">
        <ele>8.19999980926513671875</ele>
        <time>2025-09-18T12:57:58.000Z</time>
        <extensions>
          <ns3:TrackPointExtension>
            <ns3:hr>81</ns3:hr>
          </ns3:TrackPointExtension>
        </extensions>
      </trkpt>
      <trkpt lat="24.4847081042826175689697265625" lon="118.10829176567494869232177734375">
        <ele>8.19999980926513671875</ele>
        <time>2025-09-18T12:57:59.000Z</time>
        <extensions>
          <ns3:TrackPointExtension>
            <ns3:hr>81</ns3:hr>
          </ns3:TrackPointExtension>
        </extensions>
      </trkpt>
      <trkpt lat="24.48470600880682468414306640625" lon="118.10827885754406452178955078125">
        <ele>8.3999996185302734375</ele>
        <time>2025-09-18T12:58:00.000Z</time>
        <extensions>
          <ns3:TrackPointExtension>
            <ns3:hr>81</ns3:hr>
          </ns3:TrackPointExtension>
        </extensions>
      </trkpt>
      <trkpt lat="24.4847040809690952301025390625" lon="118.10826636850833892822265625">
        <ele>8.3999996185302734375</ele>
        <time>2025-09-18T12:58:01.000Z</time>
        <extensions>
          <ns3:TrackPointExtension>
            <ns3:hr>81</ns3:hr>
          </ns3:TrackPointExtension>
        </extensions>
      </trkpt>
      <trkpt lat="24.48470466770231723785400390625" lon="118.10825404711067676544189453125">
        <ele>8.3999996185302734375</ele>
        <time>2025-09-18T12:58:02.000Z</time>
        <extensions>
          <ns3:TrackPointExtension>
            <ns3:hr>80</ns3:hr>
          </ns3:TrackPointExtension>
        </extensions>
      </trkpt>
      <trkpt lat="24.484707601368427276611328125" lon="118.10824222862720489501953125">
        <ele>8.3999996185302734375</ele>
        <time>2025-09-18T12:58:03.000Z</time>
        <extensions>
          <ns3:TrackPointExtension>
            <ns3:hr>80</ns3:hr>
          </ns3:TrackPointExtension>
        </extensions>
      </trkpt>
      <trkpt lat="24.4847114570438861846923828125" lon="118.1082313321530818939208984375">
        <ele>8.3999996185302734375</ele>
        <time>2025-09-18T12:58:04.000Z</time>
        <extensions>
          <ns3:TrackPointExtension>
            <ns3:hr>80</ns3:hr>
          </ns3:TrackPointExtension>
        </extensions>
      </trkpt>
      <trkpt lat="24.4847153127193450927734375" lon="118.1082214415073394775390625">
        <ele>8.3999996185302734375</ele>
        <time>2025-09-18T12:58:05.000Z</time>
        <extensions>
          <ns3:TrackPointExtension>
            <ns3:hr>80</ns3:hr>
          </ns3:TrackPointExtension>
        </extensions>
      </trkpt>
      <trkpt lat="24.4847195036709308624267578125" lon="118.10821280814707279205322265625">
        <ele>8.3999996185302734375</ele>
        <time>2025-09-18T12:58:06.000Z</time>
        <extensions>
          <ns3:TrackPointExtension>
            <ns3:hr>79</ns3:hr>
          </ns3:TrackPointExtension>
        </extensions>
      </trkpt>
      <trkpt lat="24.484725035727024078369140625" lon="118.10820627026259899139404296875">
        <ele>8.3999996185302734375</ele>
        <time>2025-09-18T12:58:07.000Z</time>
        <extensions>
          <ns3:TrackPointExtension>
            <ns3:hr>79</ns3:hr>
          </ns3:TrackPointExtension>
        </extensions>
      </trkpt>
      <trkpt lat="24.4847322441637516021728515625" lon="118.10820241458714008331298828125">
        <ele>8.3999996185302734375</ele>
        <time>2025-09-18T12:58:08.000Z</time>
        <extensions>
          <ns3:TrackPointExtension>
            <ns3:hr>79</ns3:hr>
          </ns3:TrackPointExtension>
        </extensions>
      </trkpt>
      <trkpt lat="24.48474054224789142608642578125" lon="118.10820090584456920623779296875">
        <ele>8.3999996185302734375</ele>
        <time>2025-09-18T12:58:09.000Z</time>
        <extensions>
          <ns3:TrackPointExtension>
            <ns3:hr>79</ns3:hr>
          </ns3:TrackPointExtension>
        </extensions>
      </trkpt>
      <trkpt lat="24.4847496785223484039306640625" lon="118.10820057056844234466552734375">
        <ele>8.19999980926513671875</ele>
        <time>2025-09-18T12:58:10.000Z</time>
        <extensions>
          <ns3:TrackPointExtension>
            <ns3:hr>78</ns3:hr>
          </ns3:TrackPointExtension>
        </extensions>
      </trkpt>
      <trkpt lat="24.484759233891963958740234375" lon="118.1082008220255374908447265625">
        <ele>8.19999980926513671875</ele>
        <time>2025-09-18T12:58:11.000Z</time>
        <extensions>
          <ns3:TrackPointExtension>
            <ns3:hr>78</ns3:hr>
          </ns3:TrackPointExtension>
        </extensions>
      </trkpt>
      <trkpt lat="24.4847691245377063751220703125" lon="118.1082011573016643524169921875">
        <ele>8.19999980926513671875</ele>
        <time>2025-09-18T12:58:12.000Z</time>
        <extensions>
          <ns3:TrackPointExtension>
            <ns3:hr>78</ns3:hr>
          </ns3:TrackPointExtension>
        </extensions>
      </trkpt>
      <trkpt lat="24.4847791828215122222900390625" lon="118.10820124112069606781005859375">
        <ele>8</ele>
        <time>2025-09-18T12:58:13.000Z</time>
        <extensions>
          <ns3:TrackPointExtension>
            <ns3:hr>78</ns3:hr>
          </ns3:TrackPointExtension>
        </extensions>
      </trkpt>
      <trkpt lat="24.484789408743381500244140625" lon="118.108200989663600921630859375">
        <ele>8</ele>
        <time>2025-09-18T12:58:14.000Z</time>
        <extensions>
          <ns3:TrackPointExtension>
            <ns3:hr>78</ns3:hr>
          </ns3:TrackPointExtension>
        </extensions>
      </trkpt>
      <trkpt lat="24.48479971848428249359130859375" lon="118.10820065438747406005859375">
        <ele>8</ele>
        <time>2025-09-18T12:58:15.000Z</time>
        <extensions>
          <ns3:TrackPointExtension>
            <ns3:hr>78</ns3:hr>
          </ns3:TrackPointExtension>
        </extensions>
      </trkpt>
      <trkpt lat="24.48481011204421520233154296875" lon="118.10820040293037891387939453125">
        <ele>7.80000019073486328125</ele>
        <time>2025-09-18T12:58:16.000Z</time>
        <extensions>
          <ns3:TrackPointExtension>
            <ns3:hr>78</ns3:hr>
          </ns3:TrackPointExtension>
        </extensions>
      </trkpt>
      <trkpt lat="24.48482058942317962646484375" lon="118.1082001514732837677001953125">
        <ele>7.80000019073486328125</ele>
        <time>2025-09-18T12:58:17.000Z</time>
        <extensions>
          <ns3:TrackPointExtension>
            <ns3:hr>78</ns3:hr>
          </ns3:TrackPointExtension>
        </extensions>
      </trkpt>
      <trkpt lat="24.4848311506211757659912109375" lon="118.10819973237812519073486328125">
        <ele>7.599999904632568359375</ele>
        <time>2025-09-18T12:58:18.000Z</time>
        <extensions>
          <ns3:TrackPointExtension>
            <ns3:hr>78</ns3:hr>
          </ns3:TrackPointExtension>
        </extensions>
      </trkpt>
      <trkpt lat="24.484841711819171905517578125" lon="118.10819906182587146759033203125">
        <ele>7.599999904632568359375</ele>
        <time>2025-09-18T12:58:19.000Z</time>
        <extensions>
          <ns3:TrackPointExtension>
            <ns3:hr>78</ns3:hr>
          </ns3:TrackPointExtension>
        </extensions>
      </trkpt>
      <trkpt lat="24.4848521053791046142578125" lon="118.10819822363555431365966796875">
        <ele>7.599999904632568359375</ele>
        <time>2025-09-18T12:58:20.000Z</time>
        <extensions>
          <ns3:TrackPointExtension>
            <ns3:hr>78</ns3:hr>
          </ns3:TrackPointExtension>
        </extensions>
      </trkpt>
      <trkpt lat="24.48486241512000560760498046875" lon="118.108196966350078582763671875">
        <ele>7.599999904632568359375</ele>
        <time>2025-09-18T12:58:21.000Z</time>
        <extensions>
          <ns3:TrackPointExtension>
            <ns3:hr>78</ns3:hr>
          </ns3:TrackPointExtension>
        </extensions>
      </trkpt>
      <trkpt lat="24.484872557222843170166015625" lon="118.10819528996944427490234375">
        <ele>7.599999904632568359375</ele>
        <time>2025-09-18T12:58:22.000Z</time>
        <extensions>
          <ns3:TrackPointExtension>
            <ns3:hr>79</ns3:hr>
          </ns3:TrackPointExtension>
        </extensions>
      </trkpt>
      <trkpt lat="24.48488219641149044036865234375" lon="118.1081931106746196746826171875">
        <ele>7.599999904632568359375</ele>
        <time>2025-09-18T12:58:23.000Z</time>
        <extensions>
          <ns3:TrackPointExtension>
            <ns3:hr>78</ns3:hr>
          </ns3:TrackPointExtension>
        </extensions>
      </trkpt>
      <trkpt lat="24.48489124886691570281982421875" lon="118.10819067992269992828369140625">
        <ele>7.599999904632568359375</ele>
        <time>2025-09-18T12:58:24.000Z</time>
        <extensions>
          <ns3:TrackPointExtension>
            <ns3:hr>78</ns3:hr>
          </ns3:TrackPointExtension>
        </extensions>
      </trkpt>
      <trkpt lat="24.4848998822271823883056640625" lon="118.1081880815327167510986328125">
        <ele>7.400000095367431640625</ele>
        <time>2025-09-18T12:58:25.000Z</time>
        <extensions>
          <ns3:TrackPointExtension>
            <ns3:hr>78</ns3:hr>
          </ns3:TrackPointExtension>
        </extensions>
      </trkpt>
      <trkpt lat="24.48490834794938564300537109375" lon="118.10818581841886043548583984375">
        <ele>7.400000095367431640625</ele>
        <time>2025-09-18T12:58:26.000Z</time>
        <extensions>
          <ns3:TrackPointExtension>
            <ns3:hr>78</ns3:hr>
          </ns3:TrackPointExtension>
        </extensions>
      </trkpt>
      <trkpt lat="24.48491672985255718231201171875" lon="118.108184225857257843017578125">
        <ele>7.400000095367431640625</ele>
        <time>2025-09-18T12:58:27.000Z</time>
        <extensions>
          <ns3:TrackPointExtension>
            <ns3:hr>78</ns3:hr>
          </ns3:TrackPointExtension>
        </extensions>
      </trkpt>
      <trkpt lat="24.48492519557476043701171875" lon="118.10818397440016269683837890625">
        <ele>7.400000095367431640625</ele>
        <time>2025-09-18T12:58:28.000Z</time>
        <extensions>
          <ns3:TrackPointExtension>
            <ns3:hr>78</ns3:hr>
          </ns3:TrackPointExtension>
        </extensions>
      </trkpt>
      <trkpt lat="24.4849330745637416839599609375" lon="118.10818481259047985076904296875">
        <ele>7.400000095367431640625</ele>
        <time>2025-09-18T12:58:29.000Z</time>
        <extensions>
          <ns3:TrackPointExtension>
            <ns3:hr>78</ns3:hr>
          </ns3:TrackPointExtension>
        </extensions>
      </trkpt>
      <trkpt lat="24.48494019918143749237060546875" lon="118.1081860698759555816650390625">
        <ele>7.400000095367431640625</ele>
        <time>2025-09-18T12:58:30.000Z</time>
        <extensions>
          <ns3:TrackPointExtension>
            <ns3:hr>78</ns3:hr>
          </ns3:TrackPointExtension>
        </extensions>
      </trkpt>
      <trkpt lat="24.48494665324687957763671875" lon="118.108187578618526458740234375">
        <ele>7.400000095367431640625</ele>
        <time>2025-09-18T12:58:31.000Z</time>
        <extensions>
          <ns3:TrackPointExtension>
            <ns3:hr>78</ns3:hr>
          </ns3:TrackPointExtension>
        </extensions>
      </trkpt>
      <trkpt lat="24.4849525205790996551513671875" lon="118.1081890873610973358154296875">
        <ele>7.400000095367431640625</ele>
        <time>2025-09-18T12:58:32.000Z</time>
        <extensions>
          <ns3:TrackPointExtension>
            <ns3:hr>77</ns3:hr>
          </ns3:TrackPointExtension>
        </extensions>
      </trkpt>
      <trkpt lat="24.4849578849971294403076171875" lon="118.1081907637417316436767578125">
        <ele>7.400000095367431640625</ele>
        <time>2025-09-18T12:58:33.000Z</time>
        <extensions>
          <ns3:TrackPointExtension>
            <ns3:hr>81</ns3:hr>
          </ns3:TrackPointExtension>
        </extensions>
      </trkpt>
      <trkpt lat="24.48496299795806407928466796875" lon="118.1081927753984928131103515625">
        <ele>7.400000095367431640625</ele>
        <time>2025-09-18T12:58:34.000Z</time>
        <extensions>
          <ns3:TrackPointExtension>
            <ns3:hr>81</ns3:hr>
          </ns3:TrackPointExtension>
        </extensions>
      </trkpt>
      <trkpt lat="24.48496811091899871826171875" lon="118.10819537378847599029541015625">
        <ele>7.400000095367431640625</ele>
        <time>2025-09-18T12:58:35.000Z</time>
        <extensions>
          <ns3:TrackPointExtension>
            <ns3:hr>81</ns3:hr>
          </ns3:TrackPointExtension>
        </extensions>
      </trkpt>
      <trkpt lat="24.4849729724228382110595703125" lon="118.1081988103687763214111328125">
        <ele>7.400000095367431640625</ele>
        <time>2025-09-18T12:58:36.000Z</time>
        <extensions>
          <ns3:TrackPointExtension>
            <ns3:hr>81</ns3:hr>
          </ns3:TrackPointExtension>
        </extensions>
      </trkpt>
      <trkpt lat="24.4849776662886142730712890625" lon="118.10820291750133037567138671875">
        <ele>7.400000095367431640625</ele>
        <time>2025-09-18T12:58:37.000Z</time>
        <extensions>
          <ns3:TrackPointExtension>
            <ns3:hr>81</ns3:hr>
          </ns3:TrackPointExtension>
        </extensions>
      </trkpt>
      <trkpt lat="24.4849820248782634735107421875" lon="118.10820735991001129150390625">
        <ele>7.400000095367431640625</ele>
        <time>2025-09-18T12:58:38.000Z</time>
        <extensions>
          <ns3:TrackPointExtension>
            <ns3:hr>81</ns3:hr>
          </ns3:TrackPointExtension>
        </extensions>
      </trkpt>
      <trkpt lat="24.4849860481917858123779296875" lon="118.10821163468062877655029296875">
        <ele>7.19999980926513671875</ele>
        <time>2025-09-18T12:58:39.000Z</time>
        <extensions>
          <ns3:TrackPointExtension>
            <ns3:hr>81</ns3:hr>
          </ns3:TrackPointExtension>
        </extensions>
      </trkpt>
      <trkpt lat="24.48498982004821300506591796875" lon="118.1082159094512462615966796875">
        <ele>7.19999980926513671875</ele>
        <time>2025-09-18T12:58:40.000Z</time>
        <extensions>
          <ns3:TrackPointExtension>
            <ns3:hr>80</ns3:hr>
          </ns3:TrackPointExtension>
        </extensions>
      </trkpt>
      <trkpt lat="24.4849934242665767669677734375" lon="118.1082202680408954620361328125">
        <ele>7.19999980926513671875</ele>
        <time>2025-09-18T12:58:41.000Z</time>
        <extensions>
          <ns3:TrackPointExtension>
            <ns3:hr>80</ns3:hr>
          </ns3:TrackPointExtension>
        </extensions>
      </trkpt>
      <trkpt lat="24.48499686084687709808349609375" lon="118.108225129544734954833984375">
        <ele>7.19999980926513671875</ele>
        <time>2025-09-18T12:58:42.000Z</time>
        <extensions>
          <ns3:TrackPointExtension>
            <ns3:hr>80</ns3:hr>
          </ns3:TrackPointExtension>
        </extensions>
      </trkpt>
      <trkpt lat="24.4850001297891139984130859375" lon="118.1082303263247013092041015625">
        <ele>7.19999980926513671875</ele>
        <time>2025-09-18T12:58:43.000Z</time>
        <extensions>
          <ns3:TrackPointExtension>
            <ns3:hr>80</ns3:hr>
          </ns3:TrackPointExtension>
        </extensions>
      </trkpt>
      <trkpt lat="24.48500323109328746795654296875" lon="118.10823594219982624053955078125">
        <ele>7</ele>
        <time>2025-09-18T12:58:44.000Z</time>
        <extensions>
          <ns3:TrackPointExtension>
            <ns3:hr>80</ns3:hr>
          </ns3:TrackPointExtension>
        </extensions>
      </trkpt>
      <trkpt lat="24.48500608094036579132080078125" lon="118.108241558074951171875">
        <ele>7</ele>
        <time>2025-09-18T12:58:45.000Z</time>
        <extensions>
          <ns3:TrackPointExtension>
            <ns3:hr>80</ns3:hr>
          </ns3:TrackPointExtension>
        </extensions>
      </trkpt>
      <trkpt lat="24.485008679330348968505859375" lon="118.10824692249298095703125">
        <ele>7</ele>
        <time>2025-09-18T12:58:46.000Z</time>
        <extensions>
          <ns3:TrackPointExtension>
            <ns3:hr>79</ns3:hr>
          </ns3:TrackPointExtension>
        </extensions>
      </trkpt>
      <trkpt lat="24.48501178063452243804931640625" lon="118.10825220309197902679443359375">
        <ele>7</ele>
        <time>2025-09-18T12:58:47.000Z</time>
        <extensions>
          <ns3:TrackPointExtension>
            <ns3:hr>79</ns3:hr>
          </ns3:TrackPointExtension>
        </extensions>
      </trkpt>
      <trkpt lat="24.4850165583193302154541015625" lon="118.10825765132904052734375">
        <ele>7</ele>
        <time>2025-09-18T12:58:48.000Z</time>
        <extensions>
          <ns3:TrackPointExtension>
            <ns3:hr>78</ns3:hr>
          </ns3:TrackPointExtension>
        </extensions>
      </trkpt>
      <trkpt lat="24.48502368293702602386474609375" lon="118.1082621775567531585693359375">
        <ele>7</ele>
        <time>2025-09-18T12:58:49.000Z</time>
        <extensions>
          <ns3:TrackPointExtension>
            <ns3:hr>78</ns3:hr>
          </ns3:TrackPointExtension>
        </extensions>
      </trkpt>
      <trkpt lat="24.48503248393535614013671875" lon="118.10826561413705348968505859375">
        <ele>6.80000019073486328125</ele>
        <time>2025-09-18T12:58:50.000Z</time>
        <extensions>
          <ns3:TrackPointExtension>
            <ns3:hr>78</ns3:hr>
          </ns3:TrackPointExtension>
        </extensions>
      </trkpt>
      <trkpt lat="24.485041536390781402587890625" lon="118.10826896689832210540771484375">
        <ele>6.80000019073486328125</ele>
        <time>2025-09-18T12:58:51.000Z</time>
        <extensions>
          <ns3:TrackPointExtension>
            <ns3:hr>78</ns3:hr>
          </ns3:TrackPointExtension>
        </extensions>
      </trkpt>
      <trkpt lat="24.48504983447492122650146484375" lon="118.10827307403087615966796875">
        <ele>6.80000019073486328125</ele>
        <time>2025-09-18T12:58:52.000Z</time>
        <extensions>
          <ns3:TrackPointExtension>
            <ns3:hr>78</ns3:hr>
          </ns3:TrackPointExtension>
        </extensions>
      </trkpt>
      <trkpt lat="24.485056959092617034912109375" lon="118.10827919282019138336181640625">
        <ele>6.80000019073486328125</ele>
        <time>2025-09-18T12:58:53.000Z</time>
        <extensions>
          <ns3:TrackPointExtension>
            <ns3:hr>78</ns3:hr>
          </ns3:TrackPointExtension>
        </extensions>
      </trkpt>
      <trkpt lat="24.48506240732967853546142578125" lon="118.1082879938185214996337890625">
        <ele>6.80000019073486328125</ele>
        <time>2025-09-18T12:58:54.000Z</time>
        <extensions>
          <ns3:TrackPointExtension>
            <ns3:hr>78</ns3:hr>
          </ns3:TrackPointExtension>
        </extensions>
      </trkpt>
      <trkpt lat="24.485065676271915435791015625" lon="118.10829855501651763916015625">
        <ele>6.599999904632568359375</ele>
        <time>2025-09-18T12:58:55.000Z</time>
        <extensions>
          <ns3:TrackPointExtension>
            <ns3:hr>78</ns3:hr>
          </ns3:TrackPointExtension>
        </extensions>
      </trkpt>
      <trkpt lat="24.4850671850144863128662109375" lon="118.10830970294773578643798828125">
        <ele>6.599999904632568359375</ele>
        <time>2025-09-18T12:58:56.000Z</time>
        <extensions>
          <ns3:TrackPointExtension>
            <ns3:hr>78</ns3:hr>
          </ns3:TrackPointExtension>
        </extensions>
      </trkpt>
      <trkpt lat="24.48506844229996204376220703125" lon="118.10832135379314422607421875">
        <ele>6.400000095367431640625</ele>
        <time>2025-09-18T12:58:57.000Z</time>
        <extensions>
          <ns3:TrackPointExtension>
            <ns3:hr>77</ns3:hr>
          </ns3:TrackPointExtension>
        </extensions>
      </trkpt>
      <trkpt lat="24.48507137596607208251953125" lon="118.10834390111267566680908203125">
        <ele>6.400000095367431640625</ele>
        <time>2025-09-18T12:58:58.000Z</time>
        <extensions>
          <ns3:TrackPointExtension>
            <ns3:hr>80</ns3:hr>
          </ns3:TrackPointExtension>
        </extensions>
      </trkpt>
      <trkpt lat="24.485074393451213836669921875" lon="118.108353875577449798583984375">
        <ele>6.19999980926513671875</ele>
        <time>2025-09-18T12:58:59.000Z</time>
        <extensions>
          <ns3:TrackPointExtension>
            <ns3:hr>80</ns3:hr>
          </ns3:TrackPointExtension>
        </extensions>
      </trkpt>
      <trkpt lat="24.48507984168827533721923828125" lon="118.108362592756748199462890625">
        <ele>6.19999980926513671875</ele>
        <time>2025-09-18T12:59:00.000Z</time>
        <extensions>
          <ns3:TrackPointExtension>
            <ns3:hr>80</ns3:hr>
          </ns3:TrackPointExtension>
        </extensions>
      </trkpt>
      <trkpt lat="24.4850886426866054534912109375" lon="118.1083694659173488616943359375">
        <ele>6.19999980926513671875</ele>
        <time>2025-09-18T12:59:01.000Z</time>
        <extensions>
          <ns3:TrackPointExtension>
            <ns3:hr>80</ns3:hr>
          </ns3:TrackPointExtension>
        </extensions>
      </trkpt>
      <trkpt lat="24.485100209712982177734375" lon="118.10837499797344207763671875">
        <ele>6</ele>
        <time>2025-09-18T12:59:02.000Z</time>
        <extensions>
          <ns3:TrackPointExtension>
            <ns3:hr>80</ns3:hr>
          </ns3:TrackPointExtension>
        </extensions>
      </trkpt>
      <trkpt lat="24.485113620758056640625" lon="118.10838044621050357818603515625">
        <ele>6</ele>
        <time>2025-09-18T12:59:03.000Z</time>
        <extensions>
          <ns3:TrackPointExtension>
            <ns3:hr>80</ns3:hr>
          </ns3:TrackPointExtension>
        </extensions>
      </trkpt>
      <trkpt lat="24.4851278699934482574462890625" lon="118.108386732637882232666015625">
        <ele>6</ele>
        <time>2025-09-18T12:59:04.000Z</time>
        <extensions>
          <ns3:TrackPointExtension>
            <ns3:hr>84</ns3:hr>
          </ns3:TrackPointExtension>
        </extensions>
      </trkpt>
      <trkpt lat="24.48514287360012531280517578125" lon="118.10839377343654632568359375">
        <ele>6.19999980926513671875</ele>
        <time>2025-09-18T12:59:05.000Z</time>
        <extensions>
          <ns3:TrackPointExtension>
            <ns3:hr>84</ns3:hr>
          </ns3:TrackPointExtension>
        </extensions>
      </trkpt>
      <trkpt lat="24.485159553587436676025390625" lon="118.10840073041617870330810546875">
        <ele>6.19999980926513671875</ele>
        <time>2025-09-18T12:59:06.000Z</time>
        <extensions>
          <ns3:TrackPointExtension>
            <ns3:hr>84</ns3:hr>
          </ns3:TrackPointExtension>
        </extensions>
      </trkpt>
      <trkpt lat="24.48517891578376293182373046875" lon="118.10840710066258907318115234375">
        <ele>6.19999980926513671875</ele>
        <time>2025-09-18T12:59:07.000Z</time>
        <extensions>
          <ns3:TrackPointExtension>
            <ns3:hr>84</ns3:hr>
          </ns3:TrackPointExtension>
        </extensions>
      </trkpt>
      <trkpt lat="24.4851992838084697723388671875" lon="118.1084120459854602813720703125">
        <ele>6.400000095367431640625</ele>
        <time>2025-09-18T12:59:08.000Z</time>
        <extensions>
          <ns3:TrackPointExtension>
            <ns3:hr>84</ns3:hr>
          </ns3:TrackPointExtension>
        </extensions>
      </trkpt>
      <trkpt lat="24.4852190650999546051025390625" lon="118.10841447673738002777099609375">
        <ele>6.400000095367431640625</ele>
        <time>2025-09-18T12:59:09.000Z</time>
        <extensions>
          <ns3:TrackPointExtension>
            <ns3:hr>87</ns3:hr>
          </ns3:TrackPointExtension>
        </extensions>
      </trkpt>
      <trkpt lat="24.4852388463914394378662109375" lon="118.10841447673738002777099609375">
        <ele>6.400000095367431640625</ele>
        <time>2025-09-18T12:59:10.000Z</time>
        <extensions>
          <ns3:TrackPointExtension>
            <ns3:hr>87</ns3:hr>
          </ns3:TrackPointExtension>
        </extensions>
      </trkpt>
      <trkpt lat="24.48525904677808284759521484375" lon="118.10841246508061885833740234375">
        <ele>6.599999904632568359375</ele>
        <time>2025-09-18T12:59:11.000Z</time>
        <extensions>
          <ns3:TrackPointExtension>
            <ns3:hr>87</ns3:hr>
          </ns3:TrackPointExtension>
        </extensions>
      </trkpt>
      <trkpt lat="24.48527924716472625732421875" lon="118.108408860862255096435546875">
        <ele>6.599999904632568359375</ele>
        <time>2025-09-18T12:59:12.000Z</time>
        <extensions>
          <ns3:TrackPointExtension>
            <ns3:hr>87</ns3:hr>
          </ns3:TrackPointExtension>
        </extensions>
      </trkpt>
      <trkpt lat="24.48529936373233795166015625" lon="118.1084039993584156036376953125">
        <ele>6.599999904632568359375</ele>
        <time>2025-09-18T12:59:13.000Z</time>
        <extensions>
          <ns3:TrackPointExtension>
            <ns3:hr>93</ns3:hr>
          </ns3:TrackPointExtension>
        </extensions>
      </trkpt>
      <trkpt lat="24.48531973175704479217529296875" lon="118.10839804820716381072998046875">
        <ele>6.80000019073486328125</ele>
        <time>2025-09-18T12:59:14.000Z</time>
        <extensions>
          <ns3:TrackPointExtension>
            <ns3:hr>93</ns3:hr>
          </ns3:TrackPointExtension>
        </extensions>
      </trkpt>
      <trkpt lat="24.48534068651497364044189453125" lon="118.10839100740849971771240234375">
        <ele>6.80000019073486328125</ele>
        <time>2025-09-18T12:59:15.000Z</time>
        <extensions>
          <ns3:TrackPointExtension>
            <ns3:hr>93</ns3:hr>
          </ns3:TrackPointExtension>
        </extensions>
      </trkpt>
      <trkpt lat="24.4853632338345050811767578125" lon="118.10838245786726474761962890625">
        <ele>7</ele>
        <time>2025-09-18T12:59:16.000Z</time>
        <extensions>
          <ns3:TrackPointExtension>
            <ns3:hr>93</ns3:hr>
          </ns3:TrackPointExtension>
        </extensions>
      </trkpt>
      <trkpt lat="24.4853883795440196990966796875" lon="118.10837231576442718505859375">
        <ele>7.19999980926513671875</ele>
        <time>2025-09-18T12:59:17.000Z</time>
        <extensions>
          <ns3:TrackPointExtension>
            <ns3:hr>93</ns3:hr>
          </ns3:TrackPointExtension>
        </extensions>
      </trkpt>
      <trkpt lat="24.4854155369102954864501953125" lon="118.10836083255708217620849609375">
        <ele>7.19999980926513671875</ele>
        <time>2025-09-18T12:59:18.000Z</time>
        <extensions>
          <ns3:TrackPointExtension>
            <ns3:hr>98</ns3:hr>
          </ns3:TrackPointExtension>
        </extensions>
      </trkpt>
      <trkpt lat="24.48544361628592014312744140625" lon="118.10834876261651515960693359375">
        <ele>7.400000095367431640625</ele>
        <time>2025-09-18T12:59:19.000Z</time>
        <extensions>
          <ns3:TrackPointExtension>
            <ns3:hr>98</ns3:hr>
          </ns3:TrackPointExtension>
        </extensions>
      </trkpt>
      <trkpt lat="24.48547177948057651519775390625" lon="118.10833669267594814300537109375">
        <ele>7.599999904632568359375</ele>
        <time>2025-09-18T12:59:20.000Z</time>
        <extensions>
          <ns3:TrackPointExtension>
            <ns3:hr>98</ns3:hr>
          </ns3:TrackPointExtension>
        </extensions>
      </trkpt>
      <trkpt lat="24.4854993559420108795166015625" lon="118.10832462273538112640380859375">
        <ele>7.80000019073486328125</ele>
        <time>2025-09-18T12:59:21.000Z</time>
        <extensions>
          <ns3:TrackPointExtension>
            <ns3:hr>98</ns3:hr>
          </ns3:TrackPointExtension>
        </extensions>
      </trkpt>
      <trkpt lat="24.48552592657506465911865234375" lon="118.10831288807094097137451171875">
        <ele>8</ele>
        <time>2025-09-18T12:59:22.000Z</time>
        <extensions>
          <ns3:TrackPointExtension>
            <ns3:hr>98</ns3:hr>
          </ns3:TrackPointExtension>
        </extensions>
      </trkpt>
      <trkpt lat="24.4855519942939281463623046875" lon="118.10830115340650081634521484375">
        <ele>8.19999980926513671875</ele>
        <time>2025-09-18T12:59:23.000Z</time>
        <extensions>
          <ns3:TrackPointExtension>
            <ns3:hr>119</ns3:hr>
          </ns3:TrackPointExtension>
        </extensions>
      </trkpt>
      <trkpt lat="24.485577978193759918212890625" lon="118.108289502561092376708984375">
        <ele>8.3999996185302734375</ele>
        <time>2025-09-18T12:59:24.000Z</time>
        <extensions>
          <ns3:TrackPointExtension>
            <ns3:hr>119</ns3:hr>
          </ns3:TrackPointExtension>
        </extensions>
      </trkpt>
      <trkpt lat="24.485604129731655120849609375" lon="118.1082776002585887908935546875">
        <ele>8.19999980926513671875</ele>
        <time>2025-09-18T12:59:25.000Z</time>
        <extensions>
          <ns3:TrackPointExtension>
            <ns3:hr>119</ns3:hr>
          </ns3:TrackPointExtension>
        </extensions>
      </trkpt>
      <trkpt lat="24.4856299459934234619140625" lon="118.108266033232212066650390625">
        <ele>8.19999980926513671875</ele>
        <time>2025-09-18T12:59:26.000Z</time>
        <extensions>
          <ns3:TrackPointExtension>
            <ns3:hr>119</ns3:hr>
          </ns3:TrackPointExtension>
        </extensions>
      </trkpt>
      <trkpt lat="24.48565551079809665679931640625" lon="118.10825505293905735015869140625">
        <ele>8</ele>
        <time>2025-09-18T12:59:27.000Z</time>
        <extensions>
          <ns3:TrackPointExtension>
            <ns3:hr>119</ns3:hr>
          </ns3:TrackPointExtension>
        </extensions>
      </trkpt>
      <trkpt lat="24.4856809079647064208984375" lon="118.1082447431981563568115234375">
        <ele>8</ele>
        <time>2025-09-18T12:59:28.000Z</time>
        <extensions>
          <ns3:TrackPointExtension>
            <ns3:hr>119</ns3:hr>
          </ns3:TrackPointExtension>
        </extensions>
      </trkpt>
      <trkpt lat="24.485706388950347900390625" lon="118.1082348525524139404296875">
        <ele>7.80000019073486328125</ele>
        <time>2025-09-18T12:59:29.000Z</time>
        <extensions>
          <ns3:TrackPointExtension>
            <ns3:hr>119</ns3:hr>
          </ns3:TrackPointExtension>
        </extensions>
      </trkpt>
      <trkpt lat="24.48573228903114795684814453125" lon="118.108225129544734954833984375">
        <ele>7.80000019073486328125</ele>
        <time>2025-09-18T12:59:30.000Z</time>
        <extensions>
          <ns3:TrackPointExtension>
            <ns3:hr>119</ns3:hr>
          </ns3:TrackPointExtension>
        </extensions>
      </trkpt>
      <trkpt lat="24.48575844056904315948486328125" lon="118.10821549035608768463134765625">
        <ele>7.599999904632568359375</ele>
        <time>2025-09-18T12:59:31.000Z</time>
        <extensions>
          <ns3:TrackPointExtension>
            <ns3:hr>119</ns3:hr>
          </ns3:TrackPointExtension>
        </extensions>
      </trkpt>
      <trkpt lat="24.4857843406498432159423828125" lon="118.10820559971034526824951171875">
        <ele>7.599999904632568359375</ele>
        <time>2025-09-18T12:59:32.000Z</time>
        <extensions>
          <ns3:TrackPointExtension>
            <ns3:hr>119</ns3:hr>
          </ns3:TrackPointExtension>
        </extensions>
      </trkpt>
      <trkpt lat="24.48580990545451641082763671875" lon="118.10819528996944427490234375">
        <ele>7.400000095367431640625</ele>
        <time>2025-09-18T12:59:33.000Z</time>
        <extensions>
          <ns3:TrackPointExtension>
            <ns3:hr>119</ns3:hr>
          </ns3:TrackPointExtension>
        </extensions>
      </trkpt>
      <trkpt lat="24.485835134983062744140625" lon="118.10818464495241641998291015625">
        <ele>7.400000095367431640625</ele>
        <time>2025-09-18T12:59:34.000Z</time>
        <extensions>
          <ns3:TrackPointExtension>
            <ns3:hr>119</ns3:hr>
          </ns3:TrackPointExtension>
        </extensions>
      </trkpt>
      <trkpt lat="24.48586019687354564666748046875" lon="118.10817408375442028045654296875">
        <ele>7.400000095367431640625</ele>
        <time>2025-09-18T12:59:35.000Z</time>
        <extensions>
          <ns3:TrackPointExtension>
            <ns3:hr>119</ns3:hr>
          </ns3:TrackPointExtension>
        </extensions>
      </trkpt>
      <trkpt lat="24.485885091125965118408203125" lon="118.10816402547061443328857421875">
        <ele>7.19999980926513671875</ele>
        <time>2025-09-18T12:59:36.000Z</time>
        <extensions>
          <ns3:TrackPointExtension>
            <ns3:hr>119</ns3:hr>
          </ns3:TrackPointExtension>
        </extensions>
      </trkpt>
      <trkpt lat="24.4859100691974163055419921875" lon="118.10815463773906230926513671875">
        <ele>7.19999980926513671875</ele>
        <time>2025-09-18T12:59:37.000Z</time>
        <extensions>
          <ns3:TrackPointExtension>
            <ns3:hr>119</ns3:hr>
          </ns3:TrackPointExtension>
        </extensions>
      </trkpt>
      <trkpt lat="24.485935382544994354248046875" lon="118.1081458367407321929931640625">
        <ele>7</ele>
        <time>2025-09-18T12:59:38.000Z</time>
        <extensions>
          <ns3:TrackPointExtension>
            <ns3:hr>119</ns3:hr>
          </ns3:TrackPointExtension>
        </extensions>
      </trkpt>
      <trkpt lat="24.48596094734966754913330078125" lon="118.10813770629465579986572265625">
        <ele>6.80000019073486328125</ele>
        <time>2025-09-18T12:59:39.000Z</time>
        <extensions>
          <ns3:TrackPointExtension>
            <ns3:hr>119</ns3:hr>
          </ns3:TrackPointExtension>
        </extensions>
      </trkpt>
      <trkpt lat="24.4859865121543407440185546875" lon="118.1081300787627696990966796875">
        <ele>6.599999904632568359375</ele>
        <time>2025-09-18T12:59:40.000Z</time>
        <extensions>
          <ns3:TrackPointExtension>
            <ns3:hr>119</ns3:hr>
          </ns3:TrackPointExtension>
        </extensions>
      </trkpt>
      <trkpt lat="24.4860123284161090850830078125" lon="118.1081227026879787445068359375">
        <ele>6.19999980926513671875</ele>
        <time>2025-09-18T12:59:41.000Z</time>
        <extensions>
          <ns3:TrackPointExtension>
            <ns3:hr>119</ns3:hr>
          </ns3:TrackPointExtension>
        </extensions>
      </trkpt>
      <trkpt lat="24.486038647592067718505859375" lon="118.10811541043221950531005859375">
        <ele>6</ele>
        <time>2025-09-18T12:59:42.000Z</time>
        <extensions>
          <ns3:TrackPointExtension>
            <ns3:hr>122</ns3:hr>
          </ns3:TrackPointExtension>
        </extensions>
      </trkpt>
      <trkpt lat="24.486065469682216644287109375" lon="118.10810803435742855072021484375">
        <ele>5.80000019073486328125</ele>
        <time>2025-09-18T12:59:43.000Z</time>
        <extensions>
          <ns3:TrackPointExtension>
            <ns3:hr>126</ns3:hr>
          </ns3:TrackPointExtension>
        </extensions>
      </trkpt>
      <trkpt lat="24.4860927946865558624267578125" lon="118.10810082592070102691650390625">
        <ele>5.400000095367431640625</ele>
        <time>2025-09-18T12:59:44.000Z</time>
        <extensions>
          <ns3:TrackPointExtension>
            <ns3:hr>126</ns3:hr>
          </ns3:TrackPointExtension>
        </extensions>
      </trkpt>
      <trkpt lat="24.48612020350992679595947265625" lon="118.1080938689410686492919921875">
        <ele>5.19999980926513671875</ele>
        <time>2025-09-18T12:59:45.000Z</time>
        <extensions>
          <ns3:TrackPointExtension>
            <ns3:hr>126</ns3:hr>
          </ns3:TrackPointExtension>
        </extensions>
      </trkpt>
      <trkpt lat="24.4861474446952342987060546875" lon="118.1080873310565948486328125">
        <ele>4.80000019073486328125</ele>
        <time>2025-09-18T12:59:46.000Z</time>
        <extensions>
          <ns3:TrackPointExtension>
            <ns3:hr>126</ns3:hr>
          </ns3:TrackPointExtension>
        </extensions>
      </trkpt>
      <trkpt lat="24.486174099147319793701171875" lon="118.10808104462921619415283203125">
        <ele>4.599999904632568359375</ele>
        <time>2025-09-18T12:59:47.000Z</time>
        <extensions>
          <ns3:TrackPointExtension>
            <ns3:hr>126</ns3:hr>
          </ns3:TrackPointExtension>
        </extensions>
      </trkpt>
      <trkpt lat="24.4862004183232784271240234375" lon="118.10807459056377410888671875">
        <ele>4.19999980926513671875</ele>
        <time>2025-09-18T12:59:48.000Z</time>
        <extensions>
          <ns3:TrackPointExtension>
            <ns3:hr>126</ns3:hr>
          </ns3:TrackPointExtension>
        </extensions>
      </trkpt>
      <trkpt lat="24.48622648604214191436767578125" lon="118.1080673821270465850830078125">
        <ele>4</ele>
        <time>2025-09-18T12:59:49.000Z</time>
        <extensions>
          <ns3:TrackPointExtension>
            <ns3:hr>127</ns3:hr>
          </ns3:TrackPointExtension>
        </extensions>
      </trkpt>
      <trkpt lat="24.48625230230391025543212890625" lon="118.1080596707761287689208984375">
        <ele>3.599999904632568359375</ele>
        <time>2025-09-18T12:59:50.000Z</time>
        <extensions>
          <ns3:TrackPointExtension>
            <ns3:hr>127</ns3:hr>
          </ns3:TrackPointExtension>
        </extensions>
      </trkpt>
      <trkpt lat="24.486278034746646881103515625" lon="118.108051456511020660400390625">
        <ele>3.400000095367431640625</ele>
        <time>2025-09-18T12:59:51.000Z</time>
        <extensions>
          <ns3:TrackPointExtension>
            <ns3:hr>127</ns3:hr>
          </ns3:TrackPointExtension>
        </extensions>
      </trkpt>
      <trkpt lat="24.48630359955132007598876953125" lon="118.1080432422459125518798828125">
        <ele>3.2000000476837158203125</ele>
        <time>2025-09-18T12:59:52.000Z</time>
        <extensions>
          <ns3:TrackPointExtension>
            <ns3:hr>127</ns3:hr>
          </ns3:TrackPointExtension>
        </extensions>
      </trkpt>
      <trkpt lat="24.4863291643559932708740234375" lon="118.10803511179983615875244140625">
        <ele>2.7999999523162841796875</ele>
        <time>2025-09-18T12:59:53.000Z</time>
        <extensions>
          <ns3:TrackPointExtension>
            <ns3:hr>127</ns3:hr>
          </ns3:TrackPointExtension>
        </extensions>
      </trkpt>
      <trkpt lat="24.4863549806177616119384765625" lon="118.10802706517279148101806640625">
        <ele>2.599999904632568359375</ele>
        <time>2025-09-18T12:59:54.000Z</time>
        <extensions>
          <ns3:TrackPointExtension>
            <ns3:hr>127</ns3:hr>
          </ns3:TrackPointExtension>
        </extensions>
      </trkpt>
      <trkpt lat="24.48638104833662509918212890625" lon="118.108018934726715087890625">
        <ele>2.2000000476837158203125</ele>
        <time>2025-09-18T12:59:55.000Z</time>
        <extensions>
          <ns3:TrackPointExtension>
            <ns3:hr>127</ns3:hr>
          </ns3:TrackPointExtension>
        </extensions>
      </trkpt>
      <trkpt lat="24.486407451331615447998046875" lon="118.108011223375797271728515625">
        <ele>2</ele>
        <time>2025-09-18T12:59:56.000Z</time>
        <extensions>
          <ns3:TrackPointExtension>
            <ns3:hr>126</ns3:hr>
          </ns3:TrackPointExtension>
        </extensions>
      </trkpt>
      <trkpt lat="24.48643393814563751220703125" lon="118.10800426639616489410400390625">
        <ele>1.60000002384185791015625</ele>
        <time>2025-09-18T12:59:57.000Z</time>
        <extensions>
          <ns3:TrackPointExtension>
            <ns3:hr>126</ns3:hr>
          </ns3:TrackPointExtension>
        </extensions>
      </trkpt>
      <trkpt lat="24.48646008968353271484375" lon="118.107998482882976531982421875">
        <ele>1.2000000476837158203125</ele>
        <time>2025-09-18T12:59:58.000Z</time>
        <extensions>
          <ns3:TrackPointExtension>
            <ns3:hr>126</ns3:hr>
          </ns3:TrackPointExtension>
        </extensions>
      </trkpt>
      <trkpt lat="24.48648565448820590972900390625" lon="118.10799353756010532379150390625">
        <ele>0.800000011920928955078125</ele>
        <time>2025-09-18T12:59:59.000Z</time>
        <extensions>
          <ns3:TrackPointExtension>
            <ns3:hr>126</ns3:hr>
          </ns3:TrackPointExtension>
        </extensions>
      </trkpt>
      <trkpt lat="24.486510716378688812255859375" lon="118.10799001716077327728271484375">
        <ele>0.4000000059604644775390625</ele>
        <time>2025-09-18T13:00:00.000Z</time>
        <extensions>
          <ns3:TrackPointExtension>
            <ns3:hr>126</ns3:hr>
          </ns3:TrackPointExtension>
        </extensions>
      </trkpt>
      <trkpt lat="24.48653544299304485321044921875" lon="118.10798850841820240020751953125">
        <ele>-0.4000000059604644775390625</ele>
        <time>2025-09-18T13:00:01.000Z</time>
        <extensions>
          <ns3:TrackPointExtension>
            <ns3:hr>126</ns3:hr>
          </ns3:TrackPointExtension>
        </extensions>
      </trkpt>
      <trkpt lat="24.48655975051224231719970703125" lon="118.10798934660851955413818359375">
        <ele>-1</ele>
        <time>2025-09-18T13:00:02.000Z</time>
        <extensions>
          <ns3:TrackPointExtension>
            <ns3:hr>129</ns3:hr>
          </ns3:TrackPointExtension>
        </extensions>
      </trkpt>
      <trkpt lat="24.48658338747918605804443359375" lon="118.1079926155507564544677734375">
        <ele>-1.60000002384185791015625</ele>
        <time>2025-09-18T13:00:03.000Z</time>
        <extensions>
          <ns3:TrackPointExtension>
            <ns3:hr>129</ns3:hr>
          </ns3:TrackPointExtension>
        </extensions>
      </trkpt>
      <trkpt lat="24.48660635389387607574462890625" lon="118.107998482882976531982421875">
        <ele>-2</ele>
        <time>2025-09-18T13:00:04.000Z</time>
        <extensions>
          <ns3:TrackPointExtension>
            <ns3:hr>129</ns3:hr>
          </ns3:TrackPointExtension>
        </extensions>
      </trkpt>
      <trkpt lat="24.48662864975631237030029296875" lon="118.108007200062274932861328125">
        <ele>-2.599999904632568359375</ele>
        <time>2025-09-18T13:00:05.000Z</time>
        <extensions>
          <ns3:TrackPointExtension>
            <ns3:hr>129</ns3:hr>
          </ns3:TrackPointExtension>
        </extensions>
      </trkpt>
      <trkpt lat="24.4866503588855266571044921875" lon="118.10801868326961994171142578125">
        <ele>-3</ele>
        <time>2025-09-18T13:00:06.000Z</time>
        <extensions>
          <ns3:TrackPointExtension>
            <ns3:hr>129</ns3:hr>
          </ns3:TrackPointExtension>
        </extensions>
      </trkpt>
      <trkpt lat="24.48667131364345550537109375" lon="118.10803301632404327392578125">
        <ele>-3.599999904632568359375</ele>
        <time>2025-09-18T13:00:07.000Z</time>
        <extensions>
          <ns3:TrackPointExtension>
            <ns3:hr>129</ns3:hr>
          </ns3:TrackPointExtension>
        </extensions>
      </trkpt>
      <trkpt lat="24.48669143021106719970703125" lon="118.10805019922554492950439453125">
        <ele>-4</ele>
        <time>2025-09-18T13:00:08.000Z</time>
        <extensions>
          <ns3:TrackPointExtension>
            <ns3:hr>130</ns3:hr>
          </ns3:TrackPointExtension>
        </extensions>
      </trkpt>
      <trkpt lat="24.48671028949320316314697265625" lon="118.1080703996121883392333984375">
        <ele>-4.400000095367431640625</ele>
        <time>2025-09-18T13:00:09.000Z</time>
        <extensions>
          <ns3:TrackPointExtension>
            <ns3:hr>130</ns3:hr>
          </ns3:TrackPointExtension>
        </extensions>
      </trkpt>
      <trkpt lat="24.4867268018424510955810546875" lon="118.10809378512203693389892578125">
        <ele>-4.80000019073486328125</ele>
        <time>2025-09-18T13:00:10.000Z</time>
        <extensions>
          <ns3:TrackPointExtension>
            <ns3:hr>130</ns3:hr>
          </ns3:TrackPointExtension>
        </extensions>
      </trkpt>
      <trkpt lat="24.486740715801715850830078125" lon="118.1081196852028369903564453125">
        <ele>-4.80000019073486328125</ele>
        <time>2025-09-18T13:00:11.000Z</time>
        <extensions>
          <ns3:TrackPointExtension>
            <ns3:hr>130</ns3:hr>
          </ns3:TrackPointExtension>
        </extensions>
      </trkpt>
      <trkpt lat="24.486752450466156005859375" lon="118.10814692638814449310302734375">
        <ele>-4.599999904632568359375</ele>
        <time>2025-09-18T13:00:12.000Z</time>
        <extensions>
          <ns3:TrackPointExtension>
            <ns3:hr>130</ns3:hr>
          </ns3:TrackPointExtension>
        </extensions>
      </trkpt>
      <trkpt lat="24.48676259256899356842041015625" lon="118.10817517340183258056640625">
        <ele>-4.19999980926513671875</ele>
        <time>2025-09-18T13:00:13.000Z</time>
        <extensions>
          <ns3:TrackPointExtension>
            <ns3:hr>130</ns3:hr>
          </ns3:TrackPointExtension>
        </extensions>
      </trkpt>
      <trkpt lat="24.486771561205387115478515625" lon="118.10820400714874267578125">
        <ele>-3.7999999523162841796875</ele>
        <time>2025-09-18T13:00:14.000Z</time>
        <extensions>
          <ns3:TrackPointExtension>
            <ns3:hr>130</ns3:hr>
          </ns3:TrackPointExtension>
        </extensions>
      </trkpt>
      <trkpt lat="24.48677969165146350860595703125" lon="118.10823309235274791717529296875">
        <ele>-3.400000095367431640625</ele>
        <time>2025-09-18T13:00:15.000Z</time>
        <extensions>
          <ns3:TrackPointExtension>
            <ns3:hr>131</ns3:hr>
          </ns3:TrackPointExtension>
        </extensions>
      </trkpt>
      <trkpt lat="24.48678740300238132476806640625" lon="118.10826226137578487396240234375">
        <ele>-3</ele>
        <time>2025-09-18T13:00:16.000Z</time>
        <extensions>
          <ns3:TrackPointExtension>
            <ns3:hr>131</ns3:hr>
          </ns3:TrackPointExtension>
        </extensions>
      </trkpt>
      <trkpt lat="24.48679511435329914093017578125" lon="118.1082916818559169769287109375">
        <ele>-2.599999904632568359375</ele>
        <time>2025-09-18T13:00:17.000Z</time>
        <extensions>
          <ns3:TrackPointExtension>
            <ns3:hr>131</ns3:hr>
          </ns3:TrackPointExtension>
        </extensions>
      </trkpt>
      <trkpt lat="24.48680274188518524169921875" lon="118.10832135379314422607421875">
        <ele>-2.2000000476837158203125</ele>
        <time>2025-09-18T13:00:18.000Z</time>
        <extensions>
          <ns3:TrackPointExtension>
            <ns3:hr>131</ns3:hr>
          </ns3:TrackPointExtension>
        </extensions>
      </trkpt>
      <trkpt lat="24.48681070469319820404052734375" lon="118.10835110954940319061279296875">
        <ele>-1.7999999523162841796875</ele>
        <time>2025-09-18T13:00:19.000Z</time>
        <extensions>
          <ns3:TrackPointExtension>
            <ns3:hr>131</ns3:hr>
          </ns3:TrackPointExtension>
        </extensions>
      </trkpt>
      <trkpt lat="24.4868190027773380279541015625" lon="118.10838061384856700897216796875">
        <ele>-1.39999997615814208984375</ele>
        <time>2025-09-18T13:00:20.000Z</time>
        <extensions>
          <ns3:TrackPointExtension>
            <ns3:hr>131</ns3:hr>
          </ns3:TrackPointExtension>
        </extensions>
      </trkpt>
      <trkpt lat="24.486827887594699859619140625" lon="118.10840961523354053497314453125">
        <ele>-1.39999997615814208984375</ele>
        <time>2025-09-18T13:00:21.000Z</time>
        <extensions>
          <ns3:TrackPointExtension>
            <ns3:hr>131</ns3:hr>
          </ns3:TrackPointExtension>
        </extensions>
      </trkpt>
      <trkpt lat="24.486837275326251983642578125" lon="118.1084381975233554840087890625">
        <ele>-1.39999997615814208984375</ele>
        <time>2025-09-18T13:00:22.000Z</time>
        <extensions>
          <ns3:TrackPointExtension>
            <ns3:hr>131</ns3:hr>
          </ns3:TrackPointExtension>
        </extensions>
      </trkpt>
      <trkpt lat="24.486847333610057830810546875" lon="118.10846619307994842529296875">
        <ele>-1.39999997615814208984375</ele>
        <time>2025-09-18T13:00:23.000Z</time>
        <extensions>
          <ns3:TrackPointExtension>
            <ns3:hr>131</ns3:hr>
          </ns3:TrackPointExtension>
        </extensions>
      </trkpt>
      <trkpt lat="24.48685797862708568572998046875" lon="118.10849360190331935882568359375">
        <ele>-1.2000000476837158203125</ele>
        <time>2025-09-18T13:00:24.000Z</time>
        <extensions>
          <ns3:TrackPointExtension>
            <ns3:hr>131</ns3:hr>
          </ns3:TrackPointExtension>
        </extensions>
      </trkpt>
      <trkpt lat="24.48686870746314525604248046875" lon="118.10852092690765857696533203125">
        <ele>-1.2000000476837158203125</ele>
        <time>2025-09-18T13:00:25.000Z</time>
        <extensions>
          <ns3:TrackPointExtension>
            <ns3:hr>131</ns3:hr>
          </ns3:TrackPointExtension>
        </extensions>
      </trkpt>
      <trkpt lat="24.48687926866114139556884765625" lon="118.1085485033690929412841796875">
        <ele>-1</ele>
        <time>2025-09-18T13:00:26.000Z</time>
        <extensions>
          <ns3:TrackPointExtension>
            <ns3:hr>131</ns3:hr>
          </ns3:TrackPointExtension>
        </extensions>
      </trkpt>
      <trkpt lat="24.48688932694494724273681640625" lon="118.1085763312876224517822265625">
        <ele>-1</ele>
        <time>2025-09-18T13:00:27.000Z</time>
        <extensions>
          <ns3:TrackPointExtension>
            <ns3:hr>131</ns3:hr>
          </ns3:TrackPointExtension>
        </extensions>
      </trkpt>
      <trkpt lat="24.4868984632194042205810546875" lon="118.10860441066324710845947265625">
        <ele>-0.800000011920928955078125</ele>
        <time>2025-09-18T13:00:28.000Z</time>
        <extensions>
          <ns3:TrackPointExtension>
            <ns3:hr>132</ns3:hr>
          </ns3:TrackPointExtension>
        </extensions>
      </trkpt>
      <trkpt lat="24.486907012760639190673828125" lon="118.10863249003887176513671875">
        <ele>-0.60000002384185791015625</ele>
        <time>2025-09-18T13:00:29.000Z</time>
        <extensions>
          <ns3:TrackPointExtension>
            <ns3:hr>132</ns3:hr>
          </ns3:TrackPointExtension>
        </extensions>
      </trkpt>
      <trkpt lat="24.48691514320671558380126953125" lon="118.1086608208715915679931640625">
        <ele>-0.4000000059604644775390625</ele>
        <time>2025-09-18T13:00:30.000Z</time>
        <extensions>
          <ns3:TrackPointExtension>
            <ns3:hr>132</ns3:hr>
          </ns3:TrackPointExtension>
        </extensions>
      </trkpt>
      <trkpt lat="24.48692285455763339996337890625" lon="118.10868957079946994781494140625">
        <ele>-0.60000002384185791015625</ele>
        <time>2025-09-18T13:00:31.000Z</time>
        <extensions>
          <ns3:TrackPointExtension>
            <ns3:hr>132</ns3:hr>
          </ns3:TrackPointExtension>
        </extensions>
      </trkpt>
      <trkpt lat="24.486930482089519500732421875" lon="118.1087184883654117584228515625">
        <ele>-0.800000011920928955078125</ele>
        <time>2025-09-18T13:00:32.000Z</time>
        <extensions>
          <ns3:TrackPointExtension>
            <ns3:hr>132</ns3:hr>
          </ns3:TrackPointExtension>
        </extensions>
      </trkpt>
      <trkpt lat="24.48693777434527873992919921875" lon="118.1087473221123218536376953125">
        <ele>-1</ele>
        <time>2025-09-18T13:00:33.000Z</time>
        <extensions>
          <ns3:TrackPointExtension>
            <ns3:hr>132</ns3:hr>
          </ns3:TrackPointExtension>
        </extensions>
      </trkpt>
      <trkpt lat="24.486944563686847686767578125" lon="118.10877598822116851806640625">
        <ele>-1.2000000476837158203125</ele>
        <time>2025-09-18T13:00:34.000Z</time>
        <extensions>
          <ns3:TrackPointExtension>
            <ns3:hr>132</ns3:hr>
          </ns3:TrackPointExtension>
        </extensions>
      </trkpt>
      <trkpt lat="24.48695068247616291046142578125" lon="118.10880457051098346710205078125">
        <ele>-1.2000000476837158203125</ele>
        <time>2025-09-18T13:00:35.000Z</time>
        <extensions>
          <ns3:TrackPointExtension>
            <ns3:hr>132</ns3:hr>
          </ns3:TrackPointExtension>
        </extensions>
      </trkpt>
      <trkpt lat="24.486956298351287841796875" lon="118.1088329851627349853515625">
        <ele>-1.39999997615814208984375</ele>
        <time>2025-09-18T13:00:36.000Z</time>
        <extensions>
          <ns3:TrackPointExtension>
            <ns3:hr>132</ns3:hr>
          </ns3:TrackPointExtension>
        </extensions>
      </trkpt>
      <trkpt lat="24.486961662769317626953125" lon="118.10886106453835964202880859375">
        <ele>-1.39999997615814208984375</ele>
        <time>2025-09-18T13:00:37.000Z</time>
        <extensions>
          <ns3:TrackPointExtension>
            <ns3:hr>132</ns3:hr>
          </ns3:TrackPointExtension>
        </extensions>
      </trkpt>
      <trkpt lat="24.4869668595492839813232421875" lon="118.10888872481882572174072265625">
        <ele>-1.60000002384185791015625</ele>
        <time>2025-09-18T13:00:38.000Z</time>
        <extensions>
          <ns3:TrackPointExtension>
            <ns3:hr>134</ns3:hr>
          </ns3:TrackPointExtension>
        </extensions>
      </trkpt>
      <trkpt lat="24.48697180487215518951416015625" lon="118.10891621746122837066650390625">
        <ele>-1.60000002384185791015625</ele>
        <time>2025-09-18T13:00:39.000Z</time>
        <extensions>
          <ns3:TrackPointExtension>
            <ns3:hr>134</ns3:hr>
          </ns3:TrackPointExtension>
        </extensions>
      </trkpt>
      <trkpt lat="24.4869765825569629669189453125" lon="118.10894387774169445037841796875">
        <ele>-1.60000002384185791015625</ele>
        <time>2025-09-18T13:00:40.000Z</time>
        <extensions>
          <ns3:TrackPointExtension>
            <ns3:hr>134</ns3:hr>
          </ns3:TrackPointExtension>
        </extensions>
      </trkpt>
      <trkpt lat="24.48698152787983417510986328125" lon="118.10897153802216053009033203125">
        <ele>-1.39999997615814208984375</ele>
        <time>2025-09-18T13:00:41.000Z</time>
        <extensions>
          <ns3:TrackPointExtension>
            <ns3:hr>134</ns3:hr>
          </ns3:TrackPointExtension>
        </extensions>
      </trkpt>
      <trkpt lat="24.48698689229786396026611328125" lon="118.1089991144835948944091796875">
        <ele>-1.2000000476837158203125</ele>
        <time>2025-09-18T13:00:42.000Z</time>
        <extensions>
          <ns3:TrackPointExtension>
            <ns3:hr>134</ns3:hr>
          </ns3:TrackPointExtension>
        </extensions>
      </trkpt>
      <trkpt lat="24.4869926758110523223876953125" lon="118.10902685858309268951416015625">
        <ele>-1</ele>
        <time>2025-09-18T13:00:43.000Z</time>
        <extensions>
          <ns3:TrackPointExtension>
            <ns3:hr>134</ns3:hr>
          </ns3:TrackPointExtension>
        </extensions>
      </trkpt>
      <trkpt lat="24.4869987107813358306884765625" lon="118.10905468650162220001220703125">
        <ele>-0.800000011920928955078125</ele>
        <time>2025-09-18T13:00:44.000Z</time>
        <extensions>
          <ns3:TrackPointExtension>
            <ns3:hr>134</ns3:hr>
          </ns3:TrackPointExtension>
        </extensions>
      </trkpt>
      <trkpt lat="24.48700499720871448516845703125" lon="118.10908251442015171051025390625">
        <ele>-0.800000011920928955078125</ele>
        <time>2025-09-18T13:00:45.000Z</time>
        <extensions>
          <ns3:TrackPointExtension>
            <ns3:hr>134</ns3:hr>
          </ns3:TrackPointExtension>
        </extensions>
      </trkpt>
      <trkpt lat="24.487011618912220001220703125" lon="118.10911000706255435943603515625">
        <ele>-0.60000002384185791015625</ele>
        <time>2025-09-18T13:00:46.000Z</time>
        <extensions>
          <ns3:TrackPointExtension>
            <ns3:hr>134</ns3:hr>
          </ns3:TrackPointExtension>
        </extensions>
      </trkpt>
      <trkpt lat="24.48701865971088409423828125" lon="118.109137080609798431396484375">
        <ele>-0.60000002384185791015625</ele>
        <time>2025-09-18T13:00:47.000Z</time>
        <extensions>
          <ns3:TrackPointExtension>
            <ns3:hr>134</ns3:hr>
          </ns3:TrackPointExtension>
        </extensions>
      </trkpt>
      <trkpt lat="24.4870262034237384796142578125" lon="118.1091637350618839263916015625">
        <ele>-0.60000002384185791015625</ele>
        <time>2025-09-18T13:00:48.000Z</time>
        <extensions>
          <ns3:TrackPointExtension>
            <ns3:hr>135</ns3:hr>
          </ns3:TrackPointExtension>
        </extensions>
      </trkpt>
      <trkpt lat="24.4870345853269100189208984375" lon="118.109190054237842559814453125">
        <ele>-0.4000000059604644775390625</ele>
        <time>2025-09-18T13:00:49.000Z</time>
        <extensions>
          <ns3:TrackPointExtension>
            <ns3:hr>135</ns3:hr>
          </ns3:TrackPointExtension>
        </extensions>
      </trkpt>
      <trkpt lat="24.48704388923943042755126953125" lon="118.10921612195670604705810546875">
        <ele>-0.60000002384185791015625</ele>
        <time>2025-09-18T13:00:50.000Z</time>
        <extensions>
          <ns3:TrackPointExtension>
            <ns3:hr>135</ns3:hr>
          </ns3:TrackPointExtension>
        </extensions>
      </trkpt>
      <trkpt lat="24.4870536960661411285400390625" lon="118.1092418543994426727294921875">
        <ele>-0.60000002384185791015625</ele>
        <time>2025-09-18T13:00:51.000Z</time>
        <extensions>
          <ns3:TrackPointExtension>
            <ns3:hr>135</ns3:hr>
          </ns3:TrackPointExtension>
        </extensions>
      </trkpt>
      <trkpt lat="24.48706383816897869110107421875" lon="118.109267167747020721435546875">
        <ele>-0.60000002384185791015625</ele>
        <time>2025-09-18T13:00:52.000Z</time>
        <extensions>
          <ns3:TrackPointExtension>
            <ns3:hr>135</ns3:hr>
          </ns3:TrackPointExtension>
        </extensions>
      </trkpt>
      <trkpt lat="24.4870741479098796844482421875" lon="118.10929231345653533935546875">
        <ele>-0.20000000298023223876953125</ele>
        <time>2025-09-18T13:00:53.000Z</time>
        <extensions>
          <ns3:TrackPointExtension>
            <ns3:hr>135</ns3:hr>
          </ns3:TrackPointExtension>
        </extensions>
      </trkpt>
      <trkpt lat="24.48708462528884410858154296875" lon="118.1093172915279865264892578125">
        <ele>0</ele>
        <time>2025-09-18T13:00:54.000Z</time>
        <extensions>
          <ns3:TrackPointExtension>
            <ns3:hr>135</ns3:hr>
          </ns3:TrackPointExtension>
        </extensions>
      </trkpt>
      <trkpt lat="24.48709535412490367889404296875" lon="118.10934235341846942901611328125">
        <ele>0.20000000298023223876953125</ele>
        <time>2025-09-18T13:00:55.000Z</time>
        <extensions>
          <ns3:TrackPointExtension>
            <ns3:hr>135</ns3:hr>
          </ns3:TrackPointExtension>
        </extensions>
      </trkpt>
      <trkpt lat="24.4871063344180583953857421875" lon="118.109367750585079193115234375">
        <ele>0.60000002384185791015625</ele>
        <time>2025-09-18T13:00:56.000Z</time>
        <extensions>
          <ns3:TrackPointExtension>
            <ns3:hr>135</ns3:hr>
          </ns3:TrackPointExtension>
        </extensions>
      </trkpt>
      <trkpt lat="24.487117230892181396484375" lon="118.10939348302781581878662109375">
        <ele>0.800000011920928955078125</ele>
        <time>2025-09-18T13:00:57.000Z</time>
        <extensions>
          <ns3:TrackPointExtension>
            <ns3:hr>136</ns3:hr>
          </ns3:TrackPointExtension>
        </extensions>
      </trkpt>
      <trkpt lat="24.48712728917598724365234375" lon="118.1094198860228061676025390625">
        <ele>1.2000000476837158203125</ele>
        <time>2025-09-18T13:00:58.000Z</time>
        <extensions>
          <ns3:TrackPointExtension>
            <ns3:hr>137</ns3:hr>
          </ns3:TrackPointExtension>
        </extensions>
      </trkpt>
      <trkpt lat="24.4871361739933490753173828125" lon="118.10944679193198680877685546875">
        <ele>1.39999997615814208984375</ele>
        <time>2025-09-18T13:00:59.000Z</time>
        <extensions>
          <ns3:TrackPointExtension>
            <ns3:hr>137</ns3:hr>
          </ns3:TrackPointExtension>
        </extensions>
      </trkpt>
      <trkpt lat="24.487144052982330322265625" lon="118.1094740331172943115234375">
        <ele>1.7999999523162841796875</ele>
        <time>2025-09-18T13:01:00.000Z</time>
        <extensions>
          <ns3:TrackPointExtension>
            <ns3:hr>137</ns3:hr>
          </ns3:TrackPointExtension>
        </extensions>
      </trkpt>
      <trkpt lat="24.4871512614190578460693359375" lon="118.10950152575969696044921875">
        <ele>2</ele>
        <time>2025-09-18T13:01:01.000Z</time>
        <extensions>
          <ns3:TrackPointExtension>
            <ns3:hr>137</ns3:hr>
          </ns3:TrackPointExtension>
        </extensions>
      </trkpt>
      <trkpt lat="24.4871579669415950775146484375" lon="118.109529353678226470947265625">
        <ele>2.2000000476837158203125</ele>
        <time>2025-09-18T13:01:02.000Z</time>
        <extensions>
          <ns3:TrackPointExtension>
            <ns3:hr>137</ns3:hr>
          </ns3:TrackPointExtension>
        </extensions>
      </trkpt>
      <trkpt lat="24.487164504826068878173828125" lon="118.10955743305385112762451171875">
        <ele>2.400000095367431640625</ele>
        <time>2025-09-18T13:01:03.000Z</time>
        <extensions>
          <ns3:TrackPointExtension>
            <ns3:hr>137</ns3:hr>
          </ns3:TrackPointExtension>
        </extensions>
      </trkpt>
      <trkpt lat="24.48717079125344753265380859375" lon="118.10958576388657093048095703125">
        <ele>2.599999904632568359375</ele>
        <time>2025-09-18T13:01:04.000Z</time>
        <extensions>
          <ns3:TrackPointExtension>
            <ns3:hr>137</ns3:hr>
          </ns3:TrackPointExtension>
        </extensions>
      </trkpt>
      <trkpt lat="24.48717682622373104095458984375" lon="118.10961417853832244873046875">
        <ele>2.7999999523162841796875</ele>
        <time>2025-09-18T13:01:05.000Z</time>
        <extensions>
          <ns3:TrackPointExtension>
            <ns3:hr>135</ns3:hr>
          </ns3:TrackPointExtension>
        </extensions>
      </trkpt>
      <trkpt lat="24.48718269355595111846923828125" lon="118.10964259319007396697998046875">
        <ele>3</ele>
        <time>2025-09-18T13:01:06.000Z</time>
        <extensions>
          <ns3:TrackPointExtension>
            <ns3:hr>135</ns3:hr>
          </ns3:TrackPointExtension>
        </extensions>
      </trkpt>
      <trkpt lat="24.48718856088817119598388671875" lon="118.1096710078418254852294921875">
        <ele>3.2000000476837158203125</ele>
        <time>2025-09-18T13:01:07.000Z</time>
        <extensions>
          <ns3:TrackPointExtension>
            <ns3:hr>135</ns3:hr>
          </ns3:TrackPointExtension>
        </extensions>
      </trkpt>
      <trkpt lat="24.487194679677486419677734375" lon="118.1096995063126087188720703125">
        <ele>3.400000095367431640625</ele>
        <time>2025-09-18T13:01:08.000Z</time>
        <extensions>
          <ns3:TrackPointExtension>
            <ns3:hr>135</ns3:hr>
          </ns3:TrackPointExtension>
        </extensions>
      </trkpt>
      <trkpt lat="24.48720113374292850494384765625" lon="118.10972808860242366790771484375">
        <ele>3.599999904632568359375</ele>
        <time>2025-09-18T13:01:09.000Z</time>
        <extensions>
          <ns3:TrackPointExtension>
            <ns3:hr>135</ns3:hr>
          </ns3:TrackPointExtension>
        </extensions>
      </trkpt>
      <trkpt lat="24.4872079230844974517822265625" lon="118.1097568385303020477294921875">
        <ele>3.7999999523162841796875</ele>
        <time>2025-09-18T13:01:10.000Z</time>
        <extensions>
          <ns3:TrackPointExtension>
            <ns3:hr>135</ns3:hr>
          </ns3:TrackPointExtension>
        </extensions>
      </trkpt>
      <trkpt lat="24.48721504770219326019287109375" lon="118.10978558845818042755126953125">
        <ele>4</ele>
        <time>2025-09-18T13:01:11.000Z</time>
        <extensions>
          <ns3:TrackPointExtension>
            <ns3:hr>135</ns3:hr>
          </ns3:TrackPointExtension>
        </extensions>
      </trkpt>
      <trkpt lat="24.48722250759601593017578125" lon="118.10981425456702709197998046875">
        <ele>4.19999980926513671875</ele>
        <time>2025-09-18T13:01:12.000Z</time>
        <extensions>
          <ns3:TrackPointExtension>
            <ns3:hr>135</ns3:hr>
          </ns3:TrackPointExtension>
        </extensions>
      </trkpt>
      <trkpt lat="24.48723030276596546173095703125" lon="118.1098430044949054718017578125">
        <ele>4.19999980926513671875</ele>
        <time>2025-09-18T13:01:13.000Z</time>
        <extensions>
          <ns3:TrackPointExtension>
            <ns3:hr>136</ns3:hr>
          </ns3:TrackPointExtension>
        </extensions>
      </trkpt>
      <trkpt lat="24.487238265573978424072265625" lon="118.10987167060375213623046875">
        <ele>4.400000095367431640625</ele>
        <time>2025-09-18T13:01:14.000Z</time>
        <extensions>
          <ns3:TrackPointExtension>
            <ns3:hr>136</ns3:hr>
          </ns3:TrackPointExtension>
        </extensions>
      </trkpt>
      <trkpt lat="24.48724639602005481719970703125" lon="118.10990025289356708526611328125">
        <ele>4.400000095367431640625</ele>
        <time>2025-09-18T13:01:15.000Z</time>
        <extensions>
          <ns3:TrackPointExtension>
            <ns3:hr>136</ns3:hr>
          </ns3:TrackPointExtension>
        </extensions>
      </trkpt>
      <trkpt lat="24.48725469410419464111328125" lon="118.10992824845016002655029296875">
        <ele>4.599999904632568359375</ele>
        <time>2025-09-18T13:01:16.000Z</time>
        <extensions>
          <ns3:TrackPointExtension>
            <ns3:hr>136</ns3:hr>
          </ns3:TrackPointExtension>
        </extensions>
      </trkpt>
      <trkpt lat="24.487263076007366180419921875" lon="118.109955824911594390869140625">
        <ele>4.599999904632568359375</ele>
        <time>2025-09-18T13:01:17.000Z</time>
        <extensions>
          <ns3:TrackPointExtension>
            <ns3:hr>136</ns3:hr>
          </ns3:TrackPointExtension>
        </extensions>
      </trkpt>
      <trkpt lat="24.48727137409150600433349609375" lon="118.10998340137302875518798828125">
        <ele>4.80000019073486328125</ele>
        <time>2025-09-18T13:01:18.000Z</time>
        <extensions>
          <ns3:TrackPointExtension>
            <ns3:hr>136</ns3:hr>
          </ns3:TrackPointExtension>
        </extensions>
      </trkpt>
      <trkpt lat="24.48727992363274097442626953125" lon="118.11001122929155826568603515625">
        <ele>4.80000019073486328125</ele>
        <time>2025-09-18T13:01:19.000Z</time>
        <extensions>
          <ns3:TrackPointExtension>
            <ns3:hr>136</ns3:hr>
          </ns3:TrackPointExtension>
        </extensions>
      </trkpt>
      <trkpt lat="24.48728847317397594451904296875" lon="118.11003905721008777618408203125">
        <ele>5</ele>
        <time>2025-09-18T13:01:20.000Z</time>
        <extensions>
          <ns3:TrackPointExtension>
            <ns3:hr>137</ns3:hr>
          </ns3:TrackPointExtension>
        </extensions>
      </trkpt>
      <trkpt lat="24.4872971065342426300048828125" lon="118.1100662983953952789306640625">
        <ele>5</ele>
        <time>2025-09-18T13:01:21.000Z</time>
        <extensions>
          <ns3:TrackPointExtension>
            <ns3:hr>137</ns3:hr>
          </ns3:TrackPointExtension>
        </extensions>
      </trkpt>
      <trkpt lat="24.48730607517063617706298828125" lon="118.11009228229522705078125">
        <ele>5</ele>
        <time>2025-09-18T13:01:22.000Z</time>
        <extensions>
          <ns3:TrackPointExtension>
            <ns3:hr>137</ns3:hr>
          </ns3:TrackPointExtension>
        </extensions>
      </trkpt>
      <trkpt lat="24.48731596581637859344482421875" lon="118.1101165898144245147705078125">
        <ele>5</ele>
        <time>2025-09-18T13:01:23.000Z</time>
        <extensions>
          <ns3:TrackPointExtension>
            <ns3:hr>137</ns3:hr>
          </ns3:TrackPointExtension>
        </extensions>
      </trkpt>
      <trkpt lat="24.487327449023723602294921875" lon="118.11013829894363880157470703125">
        <ele>5</ele>
        <time>2025-09-18T13:01:24.000Z</time>
        <extensions>
          <ns3:TrackPointExtension>
            <ns3:hr>137</ns3:hr>
          </ns3:TrackPointExtension>
        </extensions>
      </trkpt>
      <trkpt lat="24.4873411953449249267578125" lon="118.11015590094029903411865234375">
        <ele>5</ele>
        <time>2025-09-18T13:01:25.000Z</time>
        <extensions>
          <ns3:TrackPointExtension>
            <ns3:hr>137</ns3:hr>
          </ns3:TrackPointExtension>
        </extensions>
      </trkpt>
      <trkpt lat="24.48735737241804599761962890625" lon="118.110168389976024627685546875">
        <ele>5</ele>
        <time>2025-09-18T13:01:26.000Z</time>
        <extensions>
          <ns3:TrackPointExtension>
            <ns3:hr>137</ns3:hr>
          </ns3:TrackPointExtension>
        </extensions>
      </trkpt>
      <trkpt lat="24.48737564496695995330810546875" lon="118.1101752631366252899169921875">
        <ele>4.80000019073486328125</ele>
        <time>2025-09-18T13:01:27.000Z</time>
        <extensions>
          <ns3:TrackPointExtension>
            <ns3:hr>137</ns3:hr>
          </ns3:TrackPointExtension>
        </extensions>
      </trkpt>
      <trkpt lat="24.4873960129916667938232421875" lon="118.11017685569822788238525390625">
        <ele>4.80000019073486328125</ele>
        <time>2025-09-18T13:01:28.000Z</time>
        <extensions>
          <ns3:TrackPointExtension>
            <ns3:hr>137</ns3:hr>
          </ns3:TrackPointExtension>
        </extensions>
      </trkpt>
      <trkpt lat="24.48741805739700794219970703125" lon="118.1101739220321178436279296875">
        <ele>4.80000019073486328125</ele>
        <time>2025-09-18T13:01:29.000Z</time>
        <extensions>
          <ns3:TrackPointExtension>
            <ns3:hr>137</ns3:hr>
          </ns3:TrackPointExtension>
        </extensions>
      </trkpt>
      <trkpt lat="24.4874409399926662445068359375" lon="118.11016713269054889678955078125">
        <ele>4.599999904632568359375</ele>
        <time>2025-09-18T13:01:30.000Z</time>
        <extensions>
          <ns3:TrackPointExtension>
            <ns3:hr>137</ns3:hr>
          </ns3:TrackPointExtension>
        </extensions>
      </trkpt>
      <trkpt lat="24.48746348731219768524169921875" lon="118.11015757732093334197998046875">
        <ele>4.599999904632568359375</ele>
        <time>2025-09-18T13:01:31.000Z</time>
        <extensions>
          <ns3:TrackPointExtension>
            <ns3:hr>136</ns3:hr>
          </ns3:TrackPointExtension>
        </extensions>
      </trkpt>
      <trkpt lat="24.48748536407947540283203125" lon="118.110146261751651763916015625">
        <ele>4.599999904632568359375</ele>
        <time>2025-09-18T13:01:32.000Z</time>
        <extensions>
          <ns3:TrackPointExtension>
            <ns3:hr>136</ns3:hr>
          </ns3:TrackPointExtension>
        </extensions>
      </trkpt>
      <trkpt lat="24.4875061511993408203125" lon="118.11013394035398960113525390625">
        <ele>4.80000019073486328125</ele>
        <time>2025-09-18T13:01:33.000Z</time>
        <extensions>
          <ns3:TrackPointExtension>
            <ns3:hr>136</ns3:hr>
          </ns3:TrackPointExtension>
        </extensions>
      </trkpt>
      <trkpt lat="24.48752584867179393768310546875" lon="118.11012111604213714599609375">
        <ele>4.80000019073486328125</ele>
        <time>2025-09-18T13:01:34.000Z</time>
        <extensions>
          <ns3:TrackPointExtension>
            <ns3:hr>136</ns3:hr>
          </ns3:TrackPointExtension>
        </extensions>
      </trkpt>
      <trkpt lat="24.48754445649683475494384765625" lon="118.1101085431873798370361328125">
        <ele>4.80000019073486328125</ele>
        <time>2025-09-18T13:01:35.000Z</time>
        <extensions>
          <ns3:TrackPointExtension>
            <ns3:hr>136</ns3:hr>
          </ns3:TrackPointExtension>
        </extensions>
      </trkpt>
      <trkpt lat="24.48756172321736812591552734375" lon="118.11009655706584453582763671875">
        <ele>4.80000019073486328125</ele>
        <time>2025-09-18T13:01:36.000Z</time>
        <extensions>
          <ns3:TrackPointExtension>
            <ns3:hr>137</ns3:hr>
          </ns3:TrackPointExtension>
        </extensions>
      </trkpt>
      <trkpt lat="24.4875780679285526275634765625" lon="118.1100847385823726654052734375">
        <ele>5</ele>
        <time>2025-09-18T13:01:37.000Z</time>
        <extensions>
          <ns3:TrackPointExtension>
            <ns3:hr>137</ns3:hr>
          </ns3:TrackPointExtension>
        </extensions>
      </trkpt>
      <trkpt lat="24.4875955022871494293212890625" lon="118.1100733391940593719482421875">
        <ele>5</ele>
        <time>2025-09-18T13:01:38.000Z</time>
        <extensions>
          <ns3:TrackPointExtension>
            <ns3:hr>137</ns3:hr>
          </ns3:TrackPointExtension>
        </extensions>
      </trkpt>
      <trkpt lat="24.48761545121669769287109375" lon="118.11006252653896808624267578125">
        <ele>5</ele>
        <time>2025-09-18T13:01:39.000Z</time>
        <extensions>
          <ns3:TrackPointExtension>
            <ns3:hr>137</ns3:hr>
          </ns3:TrackPointExtension>
        </extensions>
      </trkpt>
      <trkpt lat="24.487637244164943695068359375" lon="118.1100518815219402313232421875">
        <ele>5</ele>
        <time>2025-09-18T13:01:40.000Z</time>
        <extensions>
          <ns3:TrackPointExtension>
            <ns3:hr>137</ns3:hr>
          </ns3:TrackPointExtension>
        </extensions>
      </trkpt>
      <trkpt lat="24.48765945620834827423095703125" lon="118.1100411526858806610107421875">
        <ele>4.80000019073486328125</ele>
        <time>2025-09-18T13:01:41.000Z</time>
        <extensions>
          <ns3:TrackPointExtension>
            <ns3:hr>137</ns3:hr>
          </ns3:TrackPointExtension>
        </extensions>
      </trkpt>
      <trkpt lat="24.4876809976994991302490234375" lon="118.11002992093563079833984375">
        <ele>4.80000019073486328125</ele>
        <time>2025-09-18T13:01:42.000Z</time>
        <extensions>
          <ns3:TrackPointExtension>
            <ns3:hr>137</ns3:hr>
          </ns3:TrackPointExtension>
        </extensions>
      </trkpt>
      <trkpt lat="24.48770186863839626312255859375" lon="118.11001793481409549713134765625">
        <ele>4.80000019073486328125</ele>
        <time>2025-09-18T13:01:43.000Z</time>
        <extensions>
          <ns3:TrackPointExtension>
            <ns3:hr>137</ns3:hr>
          </ns3:TrackPointExtension>
        </extensions>
      </trkpt>
      <trkpt lat="24.4877222366631031036376953125" lon="118.1100051105022430419921875">
        <ele>4.80000019073486328125</ele>
        <time>2025-09-18T13:01:44.000Z</time>
        <extensions>
          <ns3:TrackPointExtension>
            <ns3:hr>137</ns3:hr>
          </ns3:TrackPointExtension>
        </extensions>
      </trkpt>
      <trkpt lat="24.48774226941168308258056640625" lon="118.1099916994571685791015625">
        <ele>4.80000019073486328125</ele>
        <time>2025-09-18T13:01:45.000Z</time>
        <extensions>
          <ns3:TrackPointExtension>
            <ns3:hr>138</ns3:hr>
          </ns3:TrackPointExtension>
        </extensions>
      </trkpt>
      <trkpt lat="24.4877623021602630615234375" lon="118.109977953135967254638671875">
        <ele>4.80000019073486328125</ele>
        <time>2025-09-18T13:01:46.000Z</time>
        <extensions>
          <ns3:TrackPointExtension>
            <ns3:hr>138</ns3:hr>
          </ns3:TrackPointExtension>
        </extensions>
      </trkpt>
      <trkpt lat="24.4877825863659381866455078125" lon="118.1099640391767024993896484375">
        <ele>4.80000019073486328125</ele>
        <time>2025-09-18T13:01:47.000Z</time>
        <extensions>
          <ns3:TrackPointExtension>
            <ns3:hr>138</ns3:hr>
          </ns3:TrackPointExtension>
        </extensions>
      </trkpt>
      <trkpt lat="24.48780328966677188873291015625" lon="118.1099502928555011749267578125">
        <ele>4.599999904632568359375</ele>
        <time>2025-09-18T13:01:48.000Z</time>
        <extensions>
          <ns3:TrackPointExtension>
            <ns3:hr>138</ns3:hr>
          </ns3:TrackPointExtension>
        </extensions>
      </trkpt>
      <trkpt lat="24.48782424442470073699951171875" lon="118.10993679799139499664306640625">
        <ele>4.19999980926513671875</ele>
        <time>2025-09-18T13:01:49.000Z</time>
        <extensions>
          <ns3:TrackPointExtension>
            <ns3:hr>138</ns3:hr>
          </ns3:TrackPointExtension>
        </extensions>
      </trkpt>
      <trkpt lat="24.4878454506397247314453125" lon="118.109923638403415679931640625">
        <ele>4</ele>
        <time>2025-09-18T13:01:50.000Z</time>
        <extensions>
          <ns3:TrackPointExtension>
            <ns3:hr>138</ns3:hr>
          </ns3:TrackPointExtension>
        </extensions>
      </trkpt>
      <trkpt lat="24.4878669083118438720703125" lon="118.10991064645349979400634765625">
        <ele>3.7999999523162841796875</ele>
        <time>2025-09-18T13:01:51.000Z</time>
        <extensions>
          <ns3:TrackPointExtension>
            <ns3:hr>138</ns3:hr>
          </ns3:TrackPointExtension>
        </extensions>
      </trkpt>
      <trkpt lat="24.4878885336220264434814453125" lon="118.10989773832261562347412109375">
        <ele>3.400000095367431640625</ele>
        <time>2025-09-18T13:01:52.000Z</time>
        <extensions>
          <ns3:TrackPointExtension>
            <ns3:hr>138</ns3:hr>
          </ns3:TrackPointExtension>
        </extensions>
      </trkpt>
      <trkpt lat="24.4879103265702724456787109375" lon="118.10988499782979488372802734375">
        <ele>3.400000095367431640625</ele>
        <time>2025-09-18T13:01:53.000Z</time>
        <extensions>
          <ns3:TrackPointExtension>
            <ns3:hr>141</ns3:hr>
          </ns3:TrackPointExtension>
        </extensions>
      </trkpt>
      <trkpt lat="24.487932287156581878662109375" lon="118.1098721735179424285888671875">
        <ele>3.2000000476837158203125</ele>
        <time>2025-09-18T13:01:54.000Z</time>
        <extensions>
          <ns3:TrackPointExtension>
            <ns3:hr>141</ns3:hr>
          </ns3:TrackPointExtension>
        </extensions>
      </trkpt>
      <trkpt lat="24.4879542477428913116455078125" lon="118.10985951684415340423583984375">
        <ele>3</ele>
        <time>2025-09-18T13:01:55.000Z</time>
        <extensions>
          <ns3:TrackPointExtension>
            <ns3:hr>141</ns3:hr>
          </ns3:TrackPointExtension>
        </extensions>
      </trkpt>
      <trkpt lat="24.48797645978629589080810546875" lon="118.1098466925323009490966796875">
        <ele>3</ele>
        <time>2025-09-18T13:01:56.000Z</time>
        <extensions>
          <ns3:TrackPointExtension>
            <ns3:hr>141</ns3:hr>
          </ns3:TrackPointExtension>
        </extensions>
      </trkpt>
      <trkpt lat="24.48799875564873218536376953125" lon="118.1098339520394802093505859375">
        <ele>2.7999999523162841796875</ele>
        <time>2025-09-18T13:01:57.000Z</time>
        <extensions>
          <ns3:TrackPointExtension>
            <ns3:hr>141</ns3:hr>
          </ns3:TrackPointExtension>
        </extensions>
      </trkpt>
      <trkpt lat="24.4880209676921367645263671875" lon="118.109821043908596038818359375">
        <ele>2.599999904632568359375</ele>
        <time>2025-09-18T13:01:58.000Z</time>
        <extensions>
          <ns3:TrackPointExtension>
            <ns3:hr>141</ns3:hr>
          </ns3:TrackPointExtension>
        </extensions>
      </trkpt>
      <trkpt lat="24.48804326355457305908203125" lon="118.10980805195868015289306640625">
        <ele>2.599999904632568359375</ele>
        <time>2025-09-18T13:01:59.000Z</time>
        <extensions>
          <ns3:TrackPointExtension>
            <ns3:hr>141</ns3:hr>
          </ns3:TrackPointExtension>
        </extensions>
      </trkpt>
      <trkpt lat="24.48806597851216793060302734375" lon="118.10979514382779598236083984375">
        <ele>2.400000095367431640625</ele>
        <time>2025-09-18T13:02:00.000Z</time>
        <extensions>
          <ns3:TrackPointExtension>
            <ns3:hr>141</ns3:hr>
          </ns3:TrackPointExtension>
        </extensions>
      </trkpt>
      <trkpt lat="24.488089196383953094482421875" lon="118.10978240333497524261474609375">
        <ele>2.2000000476837158203125</ele>
        <time>2025-09-18T13:02:01.000Z</time>
        <extensions>
          <ns3:TrackPointExtension>
            <ns3:hr>142</ns3:hr>
          </ns3:TrackPointExtension>
        </extensions>
      </trkpt>
      <trkpt lat="24.48811274953186511993408203125" lon="118.10976974666118621826171875">
        <ele>2.2000000476837158203125</ele>
        <time>2025-09-18T13:02:02.000Z</time>
        <extensions>
          <ns3:TrackPointExtension>
            <ns3:hr>142</ns3:hr>
          </ns3:TrackPointExtension>
        </extensions>
      </trkpt>
      <trkpt lat="24.48813638649880886077880859375" lon="118.1097571738064289093017578125">
        <ele>2.2000000476837158203125</ele>
        <time>2025-09-18T13:02:03.000Z</time>
        <extensions>
          <ns3:TrackPointExtension>
            <ns3:hr>142</ns3:hr>
          </ns3:TrackPointExtension>
        </extensions>
      </trkpt>
      <trkpt lat="24.48816002346575260162353515625" lon="118.109744600951671600341796875">
        <ele>2.400000095367431640625</ele>
        <time>2025-09-18T13:02:04.000Z</time>
        <extensions>
          <ns3:TrackPointExtension>
            <ns3:hr>142</ns3:hr>
          </ns3:TrackPointExtension>
        </extensions>
      </trkpt>
      <trkpt lat="24.48818366043269634246826171875" lon="118.10973219573497772216796875">
        <ele>2.7999999523162841796875</ele>
        <time>2025-09-18T13:02:05.000Z</time>
        <extensions>
          <ns3:TrackPointExtension>
            <ns3:hr>143</ns3:hr>
          </ns3:TrackPointExtension>
        </extensions>
      </trkpt>
      <trkpt lat="24.48820729739964008331298828125" lon="118.109719790518283843994140625">
        <ele>3.2000000476837158203125</ele>
        <time>2025-09-18T13:02:06.000Z</time>
        <extensions>
          <ns3:TrackPointExtension>
            <ns3:hr>143</ns3:hr>
          </ns3:TrackPointExtension>
        </extensions>
      </trkpt>
      <trkpt lat="24.4882311858236789703369140625" lon="118.10970746912062168121337890625">
        <ele>3.599999904632568359375</ele>
        <time>2025-09-18T13:02:07.000Z</time>
        <extensions>
          <ns3:TrackPointExtension>
            <ns3:hr>143</ns3:hr>
          </ns3:TrackPointExtension>
        </extensions>
      </trkpt>
      <trkpt lat="24.4882553257048130035400390625" lon="118.10969506390392780303955078125">
        <ele>4.19999980926513671875</ele>
        <time>2025-09-18T13:02:08.000Z</time>
        <extensions>
          <ns3:TrackPointExtension>
            <ns3:hr>143</ns3:hr>
          </ns3:TrackPointExtension>
        </extensions>
      </trkpt>
      <trkpt lat="24.4882794655859470367431640625" lon="118.10968249104917049407958984375">
        <ele>4.599999904632568359375</ele>
        <time>2025-09-18T13:02:09.000Z</time>
        <extensions>
          <ns3:TrackPointExtension>
            <ns3:hr>143</ns3:hr>
          </ns3:TrackPointExtension>
        </extensions>
      </trkpt>
      <trkpt lat="24.48830343782901763916015625" lon="118.10966958291828632354736328125">
        <ele>5.19999980926513671875</ele>
        <time>2025-09-18T13:02:10.000Z</time>
        <extensions>
          <ns3:TrackPointExtension>
            <ns3:hr>143</ns3:hr>
          </ns3:TrackPointExtension>
        </extensions>
      </trkpt>
      <trkpt lat="24.4883270747959613800048828125" lon="118.109656088054180145263671875">
        <ele>5.599999904632568359375</ele>
        <time>2025-09-18T13:02:11.000Z</time>
        <extensions>
          <ns3:TrackPointExtension>
            <ns3:hr>143</ns3:hr>
          </ns3:TrackPointExtension>
        </extensions>
      </trkpt>
      <trkpt lat="24.48835046030580997467041015625" lon="118.10964175499975681304931640625">
        <ele>6</ele>
        <time>2025-09-18T13:02:12.000Z</time>
        <extensions>
          <ns3:TrackPointExtension>
            <ns3:hr>143</ns3:hr>
          </ns3:TrackPointExtension>
        </extensions>
      </trkpt>
      <trkpt lat="24.488372839987277984619140625" lon="118.1096260808408260345458984375">
        <ele>6.400000095367431640625</ele>
        <time>2025-09-18T13:02:13.000Z</time>
        <extensions>
          <ns3:TrackPointExtension>
            <ns3:hr>143</ns3:hr>
          </ns3:TrackPointExtension>
        </extensions>
      </trkpt>
      <trkpt lat="24.48839329183101654052734375" lon="118.10960881412029266357421875">
        <ele>6.599999904632568359375</ele>
        <time>2025-09-18T13:02:14.000Z</time>
        <extensions>
          <ns3:TrackPointExtension>
            <ns3:hr>142</ns3:hr>
          </ns3:TrackPointExtension>
        </extensions>
      </trkpt>
      <trkpt lat="24.488411061465740203857421875" lon="118.10958945192396640777587890625">
        <ele>7</ele>
        <time>2025-09-18T13:02:15.000Z</time>
        <extensions>
          <ns3:TrackPointExtension>
            <ns3:hr>142</ns3:hr>
          </ns3:TrackPointExtension>
        </extensions>
      </trkpt>
      <trkpt lat="24.488426484167575836181640625" lon="118.1095679104328155517578125">
        <ele>7.19999980926513671875</ele>
        <time>2025-09-18T13:02:16.000Z</time>
        <extensions>
          <ns3:TrackPointExtension>
            <ns3:hr>142</ns3:hr>
          </ns3:TrackPointExtension>
        </extensions>
      </trkpt>
      <trkpt lat="24.48844031430780887603759765625" lon="118.1095446087419986724853515625">
        <ele>7.599999904632568359375</ele>
        <time>2025-09-18T13:02:17.000Z</time>
        <extensions>
          <ns3:TrackPointExtension>
            <ns3:hr>142</ns3:hr>
          </ns3:TrackPointExtension>
        </extensions>
      </trkpt>
      <trkpt lat="24.488453306257724761962890625" lon="118.10952038504183292388916015625">
        <ele>8</ele>
        <time>2025-09-18T13:02:18.000Z</time>
        <extensions>
          <ns3:TrackPointExtension>
            <ns3:hr>142</ns3:hr>
          </ns3:TrackPointExtension>
        </extensions>
      </trkpt>
      <trkpt lat="24.48846638202667236328125" lon="118.10949616134166717529296875">
        <ele>8.19999980926513671875</ele>
        <time>2025-09-18T13:02:19.000Z</time>
        <extensions>
          <ns3:TrackPointExtension>
            <ns3:hr>142</ns3:hr>
          </ns3:TrackPointExtension>
        </extensions>
      </trkpt>
      <trkpt lat="24.48848037980496883392333984375" lon="118.109473027288913726806640625">
        <ele>8.19999980926513671875</ele>
        <time>2025-09-18T13:02:20.000Z</time>
        <extensions>
          <ns3:TrackPointExtension>
            <ns3:hr>142</ns3:hr>
          </ns3:TrackPointExtension>
        </extensions>
      </trkpt>
      <trkpt lat="24.488495886325836181640625" lon="118.109451569616794586181640625">
        <ele>8.3999996185302734375</ele>
        <time>2025-09-18T13:02:21.000Z</time>
        <extensions>
          <ns3:TrackPointExtension>
            <ns3:hr>142</ns3:hr>
          </ns3:TrackPointExtension>
        </extensions>
      </trkpt>
      <trkpt lat="24.48851323686540126800537109375" lon="118.109432123601436614990234375">
        <ele>8.3999996185302734375</ele>
        <time>2025-09-18T13:02:22.000Z</time>
        <extensions>
          <ns3:TrackPointExtension>
            <ns3:hr>140</ns3:hr>
          </ns3:TrackPointExtension>
        </extensions>
      </trkpt>
      <trkpt lat="24.488532431423664093017578125" lon="118.1094145216047763824462890625">
        <ele>8.6000003814697265625</ele>
        <time>2025-09-18T13:02:23.000Z</time>
        <extensions>
          <ns3:TrackPointExtension>
            <ns3:hr>140</ns3:hr>
          </ns3:TrackPointExtension>
        </extensions>
      </trkpt>
      <trkpt lat="24.4885530509054660797119140625" lon="118.10939800925552845001220703125">
        <ele>8.80000019073486328125</ele>
        <time>2025-09-18T13:02:24.000Z</time>
        <extensions>
          <ns3:TrackPointExtension>
            <ns3:hr>140</ns3:hr>
          </ns3:TrackPointExtension>
        </extensions>
      </trkpt>
      <trkpt lat="24.4885745085775852203369140625" lon="118.10938208363950252532958984375">
        <ele>9</ele>
        <time>2025-09-18T13:02:25.000Z</time>
        <extensions>
          <ns3:TrackPointExtension>
            <ns3:hr>140</ns3:hr>
          </ns3:TrackPointExtension>
        </extensions>
      </trkpt>
      <trkpt lat="24.48859621770679950714111328125" lon="118.109366409480571746826171875">
        <ele>9</ele>
        <time>2025-09-18T13:02:26.000Z</time>
        <extensions>
          <ns3:TrackPointExtension>
            <ns3:hr>140</ns3:hr>
          </ns3:TrackPointExtension>
        </extensions>
      </trkpt>
      <trkpt lat="24.4886180944740772247314453125" lon="118.1093508191406726837158203125">
        <ele>9.3999996185302734375</ele>
        <time>2025-09-18T13:02:27.000Z</time>
        <extensions>
          <ns3:TrackPointExtension>
            <ns3:hr>139</ns3:hr>
          </ns3:TrackPointExtension>
        </extensions>
      </trkpt>
      <trkpt lat="24.48863963596522808074951171875" lon="118.10933497734367847442626953125">
        <ele>9.6000003814697265625</ele>
        <time>2025-09-18T13:02:28.000Z</time>
        <extensions>
          <ns3:TrackPointExtension>
            <ns3:hr>139</ns3:hr>
          </ns3:TrackPointExtension>
        </extensions>
      </trkpt>
      <trkpt lat="24.488659836351871490478515625" lon="118.10931821353733539581298828125">
        <ele>10</ele>
        <time>2025-09-18T13:02:29.000Z</time>
        <extensions>
          <ns3:TrackPointExtension>
            <ns3:hr>139</ns3:hr>
          </ns3:TrackPointExtension>
        </extensions>
      </trkpt>
      <trkpt lat="24.48867718689143657684326171875" lon="118.1093001924455165863037109375">
        <ele>10.19999980926513671875</ele>
        <time>2025-09-18T13:02:30.000Z</time>
        <extensions>
          <ns3:TrackPointExtension>
            <ns3:hr>139</ns3:hr>
          </ns3:TrackPointExtension>
        </extensions>
      </trkpt>
      <trkpt lat="24.48869076557457447052001953125" lon="118.10928032733500003814697265625">
        <ele>10.3999996185302734375</ele>
        <time>2025-09-18T13:02:31.000Z</time>
        <extensions>
          <ns3:TrackPointExtension>
            <ns3:hr>139</ns3:hr>
          </ns3:TrackPointExtension>
        </extensions>
      </trkpt>
      <trkpt lat="24.48869948275387287139892578125" lon="118.10925836674869060516357421875">
        <ele>10.6000003814697265625</ele>
        <time>2025-09-18T13:02:32.000Z</time>
        <extensions>
          <ns3:TrackPointExtension>
            <ns3:hr>139</ns3:hr>
          </ns3:TrackPointExtension>
        </extensions>
      </trkpt>
      <trkpt lat="24.48870266787707805633544921875" lon="118.10923456214368343353271484375">
        <ele>10.80000019073486328125</ele>
        <time>2025-09-18T13:02:33.000Z</time>
        <extensions>
          <ns3:TrackPointExtension>
            <ns3:hr>139</ns3:hr>
          </ns3:TrackPointExtension>
        </extensions>
      </trkpt>
      <trkpt lat="24.48870048858225345611572265625" lon="118.10920975171029567718505859375">
        <ele>10.80000019073486328125</ele>
        <time>2025-09-18T13:02:34.000Z</time>
        <extensions>
          <ns3:TrackPointExtension>
            <ns3:hr>139</ns3:hr>
          </ns3:TrackPointExtension>
        </extensions>
      </trkpt>
      <trkpt lat="24.4886938668787479400634765625" lon="118.10918427072465419769287109375">
        <ele>10.80000019073486328125</ele>
        <time>2025-09-18T13:02:35.000Z</time>
        <extensions>
          <ns3:TrackPointExtension>
            <ns3:hr>139</ns3:hr>
          </ns3:TrackPointExtension>
        </extensions>
      </trkpt>
      <trkpt lat="24.48868422769010066986083984375" lon="118.109158538281917572021484375">
        <ele>10.80000019073486328125</ele>
        <time>2025-09-18T13:02:36.000Z</time>
        <extensions>
          <ns3:TrackPointExtension>
            <ns3:hr>139</ns3:hr>
          </ns3:TrackPointExtension>
        </extensions>
      </trkpt>
      <trkpt lat="24.48867299593985080718994140625" lon="118.10913280583918094635009765625">
        <ele>10.80000019073486328125</ele>
        <time>2025-09-18T13:02:37.000Z</time>
        <extensions>
          <ns3:TrackPointExtension>
            <ns3:hr>139</ns3:hr>
          </ns3:TrackPointExtension>
        </extensions>
      </trkpt>
      <trkpt lat="24.48866159655153751373291015625" lon="118.10910732485353946685791015625">
        <ele>10.80000019073486328125</ele>
        <time>2025-09-18T13:02:38.000Z</time>
        <extensions>
          <ns3:TrackPointExtension>
            <ns3:hr>139</ns3:hr>
          </ns3:TrackPointExtension>
        </extensions>
      </trkpt>
      <trkpt lat="24.4886506162583827972412109375" lon="118.10908201150596141815185546875">
        <ele>10.80000019073486328125</ele>
        <time>2025-09-18T13:02:39.000Z</time>
        <extensions>
          <ns3:TrackPointExtension>
            <ns3:hr>139</ns3:hr>
          </ns3:TrackPointExtension>
        </extensions>
      </trkpt>
      <trkpt lat="24.48863997124135494232177734375" lon="118.10905669815838336944580078125">
        <ele>10.6000003814697265625</ele>
        <time>2025-09-18T13:02:40.000Z</time>
        <extensions>
          <ns3:TrackPointExtension>
            <ns3:hr>139</ns3:hr>
          </ns3:TrackPointExtension>
        </extensions>
      </trkpt>
      <trkpt lat="24.48862924240529537200927734375" lon="118.10903121717274188995361328125">
        <ele>10.6000003814697265625</ele>
        <time>2025-09-18T13:02:41.000Z</time>
        <extensions>
          <ns3:TrackPointExtension>
            <ns3:hr>139</ns3:hr>
          </ns3:TrackPointExtension>
        </extensions>
      </trkpt>
      <trkpt lat="24.488618262112140655517578125" lon="118.10900540091097354888916015625">
        <ele>10.6000003814697265625</ele>
        <time>2025-09-18T13:02:42.000Z</time>
        <extensions>
          <ns3:TrackPointExtension>
            <ns3:hr>139</ns3:hr>
          </ns3:TrackPointExtension>
        </extensions>
      </trkpt>
      <trkpt lat="24.48860711418092250823974609375" lon="118.108979500830173492431640625">
        <ele>10.6000003814697265625</ele>
        <time>2025-09-18T13:02:43.000Z</time>
        <extensions>
          <ns3:TrackPointExtension>
            <ns3:hr>139</ns3:hr>
          </ns3:TrackPointExtension>
        </extensions>
      </trkpt>
      <trkpt lat="24.4885956309735774993896484375" lon="118.1089538522064685821533203125">
        <ele>10.6000003814697265625</ele>
        <time>2025-09-18T13:02:44.000Z</time>
        <extensions>
          <ns3:TrackPointExtension>
            <ns3:hr>139</ns3:hr>
          </ns3:TrackPointExtension>
        </extensions>
      </trkpt>
      <trkpt lat="24.48858381249010562896728515625" lon="118.10892845503985881805419921875">
        <ele>10.6000003814697265625</ele>
        <time>2025-09-18T13:02:45.000Z</time>
        <extensions>
          <ns3:TrackPointExtension>
            <ns3:hr>140</ns3:hr>
          </ns3:TrackPointExtension>
        </extensions>
      </trkpt>
      <trkpt lat="24.488571994006633758544921875" lon="118.10890314169228076934814453125">
        <ele>10.80000019073486328125</ele>
        <time>2025-09-18T13:02:46.000Z</time>
        <extensions>
          <ns3:TrackPointExtension>
            <ns3:hr>140</ns3:hr>
          </ns3:TrackPointExtension>
        </extensions>
      </trkpt>
      <trkpt lat="24.488560594618320465087890625" lon="118.1088774092495441436767578125">
        <ele>11</ele>
        <time>2025-09-18T13:02:47.000Z</time>
        <extensions>
          <ns3:TrackPointExtension>
            <ns3:hr>140</ns3:hr>
          </ns3:TrackPointExtension>
        </extensions>
      </trkpt>
      <trkpt lat="24.48854994960129261016845703125" lon="118.10885100625455379486083984375">
        <ele>11.19999980926513671875</ele>
        <time>2025-09-18T13:02:48.000Z</time>
        <extensions>
          <ns3:TrackPointExtension>
            <ns3:hr>140</ns3:hr>
          </ns3:TrackPointExtension>
        </extensions>
      </trkpt>
      <trkpt lat="24.48854022659361362457275390625" lon="118.10882418416440486907958984375">
        <ele>11.3999996185302734375</ele>
        <time>2025-09-18T13:02:49.000Z</time>
        <extensions>
          <ns3:TrackPointExtension>
            <ns3:hr>141</ns3:hr>
          </ns3:TrackPointExtension>
        </extensions>
      </trkpt>
      <trkpt lat="24.48853142559528350830078125" lon="118.108796775341033935546875">
        <ele>11.6000003814697265625</ele>
        <time>2025-09-18T13:02:50.000Z</time>
        <extensions>
          <ns3:TrackPointExtension>
            <ns3:hr>141</ns3:hr>
          </ns3:TrackPointExtension>
        </extensions>
      </trkpt>
      <trkpt lat="24.4885235466063022613525390625" lon="118.10876919887959957122802734375">
        <ele>11.80000019073486328125</ele>
        <time>2025-09-18T13:02:51.000Z</time>
        <extensions>
          <ns3:TrackPointExtension>
            <ns3:hr>141</ns3:hr>
          </ns3:TrackPointExtension>
        </extensions>
      </trkpt>
      <trkpt lat="24.48851667344570159912109375" lon="118.10874153859913349151611328125">
        <ele>12</ele>
        <time>2025-09-18T13:02:52.000Z</time>
        <extensions>
          <ns3:TrackPointExtension>
            <ns3:hr>141</ns3:hr>
          </ns3:TrackPointExtension>
        </extensions>
      </trkpt>
      <trkpt lat="24.488510973751544952392578125" lon="118.108713962137699127197265625">
        <ele>12.19999980926513671875</ele>
        <time>2025-09-18T13:02:53.000Z</time>
        <extensions>
          <ns3:TrackPointExtension>
            <ns3:hr>141</ns3:hr>
          </ns3:TrackPointExtension>
        </extensions>
      </trkpt>
      <trkpt lat="24.48850619606673717498779296875" lon="118.1086859665811061859130859375">
        <ele>12.3999996185302734375</ele>
        <time>2025-09-18T13:02:54.000Z</time>
        <extensions>
          <ns3:TrackPointExtension>
            <ns3:hr>141</ns3:hr>
          </ns3:TrackPointExtension>
        </extensions>
      </trkpt>
      <trkpt lat="24.488502256572246551513671875" lon="118.10865771956741809844970703125">
        <ele>12.6000003814697265625</ele>
        <time>2025-09-18T13:02:55.000Z</time>
        <extensions>
          <ns3:TrackPointExtension>
            <ns3:hr>141</ns3:hr>
          </ns3:TrackPointExtension>
        </extensions>
      </trkpt>
      <trkpt lat="24.48849881999194622039794921875" lon="118.1086291372776031494140625">
        <ele>13</ele>
        <time>2025-09-18T13:02:56.000Z</time>
        <extensions>
          <ns3:TrackPointExtension>
            <ns3:hr>141</ns3:hr>
          </ns3:TrackPointExtension>
        </extensions>
      </trkpt>
      <trkpt lat="24.48849546723067760467529296875" lon="118.10860038734972476959228515625">
        <ele>13.19999980926513671875</ele>
        <time>2025-09-18T13:02:57.000Z</time>
        <extensions>
          <ns3:TrackPointExtension>
            <ns3:hr>141</ns3:hr>
          </ns3:TrackPointExtension>
        </extensions>
      </trkpt>
      <trkpt lat="24.48849211446940898895263671875" lon="118.108571805059909820556640625">
        <ele>13.6000003814697265625</ele>
        <time>2025-09-18T13:02:58.000Z</time>
        <extensions>
          <ns3:TrackPointExtension>
            <ns3:hr>141</ns3:hr>
          </ns3:TrackPointExtension>
        </extensions>
      </trkpt>
      <trkpt lat="24.48848825879395008087158203125" lon="118.10854339040815830230712890625">
        <ele>13.80000019073486328125</ele>
        <time>2025-09-18T13:02:59.000Z</time>
        <extensions>
          <ns3:TrackPointExtension>
            <ns3:hr>141</ns3:hr>
          </ns3:TrackPointExtension>
        </extensions>
      </trkpt>
      <trkpt lat="24.488483481109142303466796875" lon="118.10851522721350193023681640625">
        <ele>14</ele>
        <time>2025-09-18T13:03:00.000Z</time>
        <extensions>
          <ns3:TrackPointExtension>
            <ns3:hr>141</ns3:hr>
          </ns3:TrackPointExtension>
        </extensions>
      </trkpt>
      <trkpt lat="24.488477446138858795166015625" lon="118.10848739929497241973876953125">
        <ele>14.19999980926513671875</ele>
        <time>2025-09-18T13:03:01.000Z</time>
        <extensions>
          <ns3:TrackPointExtension>
            <ns3:hr>141</ns3:hr>
          </ns3:TrackPointExtension>
        </extensions>
      </trkpt>
      <trkpt lat="24.4884704053401947021484375" lon="118.10845940373837947845458984375">
        <ele>14.3999996185302734375</ele>
        <time>2025-09-18T13:03:02.000Z</time>
        <extensions>
          <ns3:TrackPointExtension>
            <ns3:hr>140</ns3:hr>
          </ns3:TrackPointExtension>
        </extensions>
      </trkpt>
      <trkpt lat="24.4884628616273403167724609375" lon="118.10843090526759624481201171875">
        <ele>14.80000019073486328125</ele>
        <time>2025-09-18T13:03:03.000Z</time>
        <extensions>
          <ns3:TrackPointExtension>
            <ns3:hr>141</ns3:hr>
          </ns3:TrackPointExtension>
        </extensions>
      </trkpt>
      <trkpt lat="24.48845556937158107757568359375" lon="118.10840207152068614959716796875">
        <ele>15</ele>
        <time>2025-09-18T13:03:04.000Z</time>
        <extensions>
          <ns3:TrackPointExtension>
            <ns3:hr>141</ns3:hr>
          </ns3:TrackPointExtension>
        </extensions>
      </trkpt>
      <trkpt lat="24.488448612391948699951171875" lon="118.10837365686893463134765625">
        <ele>15</ele>
        <time>2025-09-18T13:03:05.000Z</time>
        <extensions>
          <ns3:TrackPointExtension>
            <ns3:hr>141</ns3:hr>
          </ns3:TrackPointExtension>
        </extensions>
      </trkpt>
      <trkpt lat="24.48844232596457004547119140625" lon="118.10834549367427825927734375">
        <ele>15</ele>
        <time>2025-09-18T13:03:06.000Z</time>
        <extensions>
          <ns3:TrackPointExtension>
            <ns3:hr>141</ns3:hr>
          </ns3:TrackPointExtension>
        </extensions>
      </trkpt>
      <trkpt lat="24.4884363748133182525634765625" lon="118.10831724666059017181396484375">
        <ele>14.80000019073486328125</ele>
        <time>2025-09-18T13:03:07.000Z</time>
        <extensions>
          <ns3:TrackPointExtension>
            <ns3:hr>141</ns3:hr>
          </ns3:TrackPointExtension>
        </extensions>
      </trkpt>
      <trkpt lat="24.4884306751191616058349609375" lon="118.10828858055174350738525390625">
        <ele>14.80000019073486328125</ele>
        <time>2025-09-18T13:03:08.000Z</time>
        <extensions>
          <ns3:TrackPointExtension>
            <ns3:hr>141</ns3:hr>
          </ns3:TrackPointExtension>
        </extensions>
      </trkpt>
      <trkpt lat="24.48842522688210010528564453125" lon="118.10825941152870655059814453125">
        <ele>14.6000003814697265625</ele>
        <time>2025-09-18T13:03:09.000Z</time>
        <extensions>
          <ns3:TrackPointExtension>
            <ns3:hr>141</ns3:hr>
          </ns3:TrackPointExtension>
        </extensions>
      </trkpt>
      <trkpt lat="24.48841986246407032012939453125" lon="118.10822990722954273223876953125">
        <ele>14.6000003814697265625</ele>
        <time>2025-09-18T13:03:10.000Z</time>
        <extensions>
          <ns3:TrackPointExtension>
            <ns3:hr>141</ns3:hr>
          </ns3:TrackPointExtension>
        </extensions>
      </trkpt>
      <trkpt lat="24.488414414227008819580078125" lon="118.1082001514732837677001953125">
        <ele>14.6000003814697265625</ele>
        <time>2025-09-18T13:03:11.000Z</time>
        <extensions>
          <ns3:TrackPointExtension>
            <ns3:hr>141</ns3:hr>
          </ns3:TrackPointExtension>
        </extensions>
      </trkpt>
      <trkpt lat="24.4884087145328521728515625" lon="118.10817073099315166473388671875">
        <ele>14.3999996185302734375</ele>
        <time>2025-09-18T13:03:12.000Z</time>
        <extensions>
          <ns3:TrackPointExtension>
            <ns3:hr>141</ns3:hr>
          </ns3:TrackPointExtension>
        </extensions>
      </trkpt>
      <trkpt lat="24.48840267956256866455078125" lon="118.10814206488430500030517578125">
        <ele>14.3999996185302734375</ele>
        <time>2025-09-18T13:03:13.000Z</time>
        <extensions>
          <ns3:TrackPointExtension>
            <ns3:hr>141</ns3:hr>
          </ns3:TrackPointExtension>
        </extensions>
      </trkpt>
      <trkpt lat="24.488396309316158294677734375" lon="118.1081143207848072052001953125">
        <ele>14.19999980926513671875</ele>
        <time>2025-09-18T13:03:14.000Z</time>
        <extensions>
          <ns3:TrackPointExtension>
            <ns3:hr>141</ns3:hr>
          </ns3:TrackPointExtension>
        </extensions>
      </trkpt>
      <trkpt lat="24.48838951997458934783935546875" lon="118.108086995780467987060546875">
        <ele>13.80000019073486328125</ele>
        <time>2025-09-18T13:03:15.000Z</time>
        <extensions>
          <ns3:TrackPointExtension>
            <ns3:hr>141</ns3:hr>
          </ns3:TrackPointExtension>
        </extensions>
      </trkpt>
      <trkpt lat="24.48838197626173496246337890625" lon="118.10805975459516048431396484375">
        <ele>13.3999996185302734375</ele>
        <time>2025-09-18T13:03:16.000Z</time>
        <extensions>
          <ns3:TrackPointExtension>
            <ns3:hr>141</ns3:hr>
          </ns3:TrackPointExtension>
        </extensions>
      </trkpt>
      <trkpt lat="24.4883736781775951385498046875" lon="118.10803226195275783538818359375">
        <ele>12.80000019073486328125</ele>
        <time>2025-09-18T13:03:17.000Z</time>
        <extensions>
          <ns3:TrackPointExtension>
            <ns3:hr>141</ns3:hr>
          </ns3:TrackPointExtension>
        </extensions>
      </trkpt>
      <trkpt lat="24.48836470954120159149169921875" lon="118.10800510458648204803466796875">
        <ele>12.19999980926513671875</ele>
        <time>2025-09-18T13:03:18.000Z</time>
        <extensions>
          <ns3:TrackPointExtension>
            <ns3:hr>141</ns3:hr>
          </ns3:TrackPointExtension>
        </extensions>
      </trkpt>
      <trkpt lat="24.48835574090480804443359375" lon="118.10797803103923797607421875">
        <ele>11.6000003814697265625</ele>
        <time>2025-09-18T13:03:19.000Z</time>
        <extensions>
          <ns3:TrackPointExtension>
            <ns3:hr>141</ns3:hr>
          </ns3:TrackPointExtension>
        </extensions>
      </trkpt>
      <trkpt lat="24.48834710754454135894775390625" lon="118.10795095749199390411376953125">
        <ele>11</ele>
        <time>2025-09-18T13:03:20.000Z</time>
        <extensions>
          <ns3:TrackPointExtension>
            <ns3:hr>141</ns3:hr>
          </ns3:TrackPointExtension>
        </extensions>
      </trkpt>
      <trkpt lat="24.488339312374591827392578125" lon="118.1079238839447498321533203125">
        <ele>10.3999996185302734375</ele>
        <time>2025-09-18T13:03:21.000Z</time>
        <extensions>
          <ns3:TrackPointExtension>
            <ns3:hr>140</ns3:hr>
          </ns3:TrackPointExtension>
        </extensions>
      </trkpt>
      <trkpt lat="24.48833202011883258819580078125" lon="118.10789681039750576019287109375">
        <ele>10</ele>
        <time>2025-09-18T13:03:22.000Z</time>
        <extensions>
          <ns3:TrackPointExtension>
            <ns3:hr>140</ns3:hr>
          </ns3:TrackPointExtension>
        </extensions>
      </trkpt>
      <trkpt lat="24.4883253984153270721435546875" lon="118.1078695692121982574462890625">
        <ele>9.3999996185302734375</ele>
        <time>2025-09-18T13:03:23.000Z</time>
        <extensions>
          <ns3:TrackPointExtension>
            <ns3:hr>140</ns3:hr>
          </ns3:TrackPointExtension>
        </extensions>
      </trkpt>
      <trkpt lat="24.48831927962601184844970703125" lon="118.10784232802689075469970703125">
        <ele>8.80000019073486328125</ele>
        <time>2025-09-18T13:03:24.000Z</time>
        <extensions>
          <ns3:TrackPointExtension>
            <ns3:hr>140</ns3:hr>
          </ns3:TrackPointExtension>
        </extensions>
      </trkpt>
      <trkpt lat="24.488313496112823486328125" lon="118.1078152544796466827392578125">
        <ele>8.6000003814697265625</ele>
        <time>2025-09-18T13:03:25.000Z</time>
        <extensions>
          <ns3:TrackPointExtension>
            <ns3:hr>140</ns3:hr>
          </ns3:TrackPointExtension>
        </extensions>
      </trkpt>
      <trkpt lat="24.48830737732350826263427734375" lon="118.10778818093240261077880859375">
        <ele>8.80000019073486328125</ele>
        <time>2025-09-18T13:03:26.000Z</time>
        <extensions>
          <ns3:TrackPointExtension>
            <ns3:hr>140</ns3:hr>
          </ns3:TrackPointExtension>
        </extensions>
      </trkpt>
      <trkpt lat="24.4883002527058124542236328125" lon="118.1077609397470951080322265625">
        <ele>9</ele>
        <time>2025-09-18T13:03:27.000Z</time>
        <extensions>
          <ns3:TrackPointExtension>
            <ns3:hr>140</ns3:hr>
          </ns3:TrackPointExtension>
        </extensions>
      </trkpt>
      <trkpt lat="24.488292038440704345703125" lon="118.10773369856178760528564453125">
        <ele>9</ele>
        <time>2025-09-18T13:03:28.000Z</time>
        <extensions>
          <ns3:TrackPointExtension>
            <ns3:hr>139</ns3:hr>
          </ns3:TrackPointExtension>
        </extensions>
      </trkpt>
      <trkpt lat="24.488282985985279083251953125" lon="118.10770637355744838714599609375">
        <ele>9.19999980926513671875</ele>
        <time>2025-09-18T13:03:29.000Z</time>
        <extensions>
          <ns3:TrackPointExtension>
            <ns3:hr>139</ns3:hr>
          </ns3:TrackPointExtension>
        </extensions>
      </trkpt>
      <trkpt lat="24.488273598253726959228515625" lon="118.10767904855310916900634765625">
        <ele>9.19999980926513671875</ele>
        <time>2025-09-18T13:03:30.000Z</time>
        <extensions>
          <ns3:TrackPointExtension>
            <ns3:hr>139</ns3:hr>
          </ns3:TrackPointExtension>
        </extensions>
      </trkpt>
      <trkpt lat="24.488264210522174835205078125" lon="118.1076516397297382354736328125">
        <ele>9.3999996185302734375</ele>
        <time>2025-09-18T13:03:31.000Z</time>
        <extensions>
          <ns3:TrackPointExtension>
            <ns3:hr>139</ns3:hr>
          </ns3:TrackPointExtension>
        </extensions>
      </trkpt>
      <trkpt lat="24.48825515806674957275390625" lon="118.10762406326830387115478515625">
        <ele>9.19999980926513671875</ele>
        <time>2025-09-18T13:03:32.000Z</time>
        <extensions>
          <ns3:TrackPointExtension>
            <ns3:hr>139</ns3:hr>
          </ns3:TrackPointExtension>
        </extensions>
      </trkpt>
      <trkpt lat="24.48824652470648288726806640625" lon="118.10759657062590122222900390625">
        <ele>9.19999980926513671875</ele>
        <time>2025-09-18T13:03:33.000Z</time>
        <extensions>
          <ns3:TrackPointExtension>
            <ns3:hr>139</ns3:hr>
          </ns3:TrackPointExtension>
        </extensions>
      </trkpt>
      <trkpt lat="24.4882382266223430633544921875" lon="118.10756891034543514251708984375">
        <ele>9</ele>
        <time>2025-09-18T13:03:34.000Z</time>
        <extensions>
          <ns3:TrackPointExtension>
            <ns3:hr>139</ns3:hr>
          </ns3:TrackPointExtension>
        </extensions>
      </trkpt>
      <trkpt lat="24.488230012357234954833984375" lon="118.10754091478884220123291015625">
        <ele>9.3999996185302734375</ele>
        <time>2025-09-18T13:03:35.000Z</time>
        <extensions>
          <ns3:TrackPointExtension>
            <ns3:hr>139</ns3:hr>
          </ns3:TrackPointExtension>
        </extensions>
      </trkpt>
      <trkpt lat="24.488221965730190277099609375" lon="118.1075125001370906829833984375">
        <ele>10.6000003814697265625</ele>
        <time>2025-09-18T13:03:36.000Z</time>
        <extensions>
          <ns3:TrackPointExtension>
            <ns3:hr>139</ns3:hr>
          </ns3:TrackPointExtension>
        </extensions>
      </trkpt>
      <trkpt lat="24.4882142543792724609375" lon="118.10748391784727573394775390625">
        <ele>11.6000003814697265625</ele>
        <time>2025-09-18T13:03:37.000Z</time>
        <extensions>
          <ns3:TrackPointExtension>
            <ns3:hr>139</ns3:hr>
          </ns3:TrackPointExtension>
        </extensions>
      </trkpt>
      <trkpt lat="24.488206543028354644775390625" lon="118.10745525173842906951904296875">
        <ele>12.6000003814697265625</ele>
        <time>2025-09-18T13:03:38.000Z</time>
        <extensions>
          <ns3:TrackPointExtension>
            <ns3:hr>139</ns3:hr>
          </ns3:TrackPointExtension>
        </extensions>
      </trkpt>
      <trkpt lat="24.48819874785840511322021484375" lon="118.10742641799151897430419921875">
        <ele>13.6000003814697265625</ele>
        <time>2025-09-18T13:03:39.000Z</time>
        <extensions>
          <ns3:TrackPointExtension>
            <ns3:hr>139</ns3:hr>
          </ns3:TrackPointExtension>
        </extensions>
      </trkpt>
      <trkpt lat="24.48819086886942386627197265625" lon="118.10739733278751373291015625">
        <ele>14.6000003814697265625</ele>
        <time>2025-09-18T13:03:40.000Z</time>
        <extensions>
          <ns3:TrackPointExtension>
            <ns3:hr>139</ns3:hr>
          </ns3:TrackPointExtension>
        </extensions>
      </trkpt>
      <trkpt lat="24.48818282224237918853759765625" lon="118.1073676608502864837646484375">
        <ele>15.80000019073486328125</ele>
        <time>2025-09-18T13:03:41.000Z</time>
        <extensions>
          <ns3:TrackPointExtension>
            <ns3:hr>139</ns3:hr>
          </ns3:TrackPointExtension>
        </extensions>
      </trkpt>
      <trkpt lat="24.48817460797727108001708984375" lon="118.10733773745596408843994140625">
        <ele>16.799999237060546875</ele>
        <time>2025-09-18T13:03:42.000Z</time>
        <extensions>
          <ns3:TrackPointExtension>
            <ns3:hr>139</ns3:hr>
          </ns3:TrackPointExtension>
        </extensions>
      </trkpt>
      <trkpt lat="24.48816656135022640228271484375" lon="118.10730789788067340850830078125">
        <ele>17.799999237060546875</ele>
        <time>2025-09-18T13:03:43.000Z</time>
        <extensions>
          <ns3:TrackPointExtension>
            <ns3:hr>139</ns3:hr>
          </ns3:TrackPointExtension>
        </extensions>
      </trkpt>
      <trkpt lat="24.48815868236124515533447265625" lon="118.10727839358150959014892578125">
        <ele>18.799999237060546875</ele>
        <time>2025-09-18T13:03:44.000Z</time>
        <extensions>
          <ns3:TrackPointExtension>
            <ns3:hr>139</ns3:hr>
          </ns3:TrackPointExtension>
        </extensions>
      </trkpt>
      <trkpt lat="24.4881512224674224853515625" lon="118.1072489731013774871826171875">
        <ele>18.799999237060546875</ele>
        <time>2025-09-18T13:03:45.000Z</time>
        <extensions>
          <ns3:TrackPointExtension>
            <ns3:hr>139</ns3:hr>
          </ns3:TrackPointExtension>
        </extensions>
      </trkpt>
      <trkpt lat="24.4881440140306949615478515625" lon="118.1072194688022136688232421875">
        <ele>18.799999237060546875</ele>
        <time>2025-09-18T13:03:46.000Z</time>
        <extensions>
          <ns3:TrackPointExtension>
            <ns3:hr>139</ns3:hr>
          </ns3:TrackPointExtension>
        </extensions>
      </trkpt>
      <trkpt lat="24.48813688941299915313720703125" lon="118.107189796864986419677734375">
        <ele>19</ele>
        <time>2025-09-18T13:03:47.000Z</time>
        <extensions>
          <ns3:TrackPointExtension>
            <ns3:hr>139</ns3:hr>
          </ns3:TrackPointExtension>
        </extensions>
      </trkpt>
      <trkpt lat="24.48812951333820819854736328125" lon="118.1071597896516323089599609375">
        <ele>19</ele>
        <time>2025-09-18T13:03:48.000Z</time>
        <extensions>
          <ns3:TrackPointExtension>
            <ns3:hr>139</ns3:hr>
          </ns3:TrackPointExtension>
        </extensions>
      </trkpt>
      <trkpt lat="24.488122053444385528564453125" lon="118.1071296148002147674560546875">
        <ele>19</ele>
        <time>2025-09-18T13:03:49.000Z</time>
        <extensions>
          <ns3:TrackPointExtension>
            <ns3:hr>139</ns3:hr>
          </ns3:TrackPointExtension>
        </extensions>
      </trkpt>
      <trkpt lat="24.48811459355056285858154296875" lon="118.1070997752249240875244140625">
        <ele>19.200000762939453125</ele>
        <time>2025-09-18T13:03:50.000Z</time>
        <extensions>
          <ns3:TrackPointExtension>
            <ns3:hr>139</ns3:hr>
          </ns3:TrackPointExtension>
        </extensions>
      </trkpt>
      <trkpt lat="24.48810704983770847320556640625" lon="118.1070702709257602691650390625">
        <ele>19.200000762939453125</ele>
        <time>2025-09-18T13:03:51.000Z</time>
        <extensions>
          <ns3:TrackPointExtension>
            <ns3:hr>139</ns3:hr>
          </ns3:TrackPointExtension>
        </extensions>
      </trkpt>
      <trkpt lat="24.48809933848679065704345703125" lon="118.10704101808369159698486328125">
        <ele>19.200000762939453125</ele>
        <time>2025-09-18T13:03:52.000Z</time>
        <extensions>
          <ns3:TrackPointExtension>
            <ns3:hr>140</ns3:hr>
          </ns3:TrackPointExtension>
        </extensions>
      </trkpt>
      <trkpt lat="24.4880913756787776947021484375" lon="118.10701184906065464019775390625">
        <ele>19.200000762939453125</ele>
        <time>2025-09-18T13:03:53.000Z</time>
        <extensions>
          <ns3:TrackPointExtension>
            <ns3:hr>140</ns3:hr>
          </ns3:TrackPointExtension>
        </extensions>
      </trkpt>
      <trkpt lat="24.4880833290517330169677734375" lon="118.1069827638566493988037109375">
        <ele>19</ele>
        <time>2025-09-18T13:03:54.000Z</time>
        <extensions>
          <ns3:TrackPointExtension>
            <ns3:hr>140</ns3:hr>
          </ns3:TrackPointExtension>
        </extensions>
      </trkpt>
      <trkpt lat="24.48807553388178348541259765625" lon="118.10695367865264415740966796875">
        <ele>18.6000003814697265625</ele>
        <time>2025-09-18T13:03:55.000Z</time>
        <extensions>
          <ns3:TrackPointExtension>
            <ns3:hr>140</ns3:hr>
          </ns3:TrackPointExtension>
        </extensions>
      </trkpt>
      <trkpt lat="24.4880679063498973846435546875" lon="118.106924593448638916015625">
        <ele>18.3999996185302734375</ele>
        <time>2025-09-18T13:03:56.000Z</time>
        <extensions>
          <ns3:TrackPointExtension>
            <ns3:hr>140</ns3:hr>
          </ns3:TrackPointExtension>
        </extensions>
      </trkpt>
      <trkpt lat="24.48806061409413814544677734375" lon="118.10689508914947509765625">
        <ele>18</ele>
        <time>2025-09-18T13:03:57.000Z</time>
        <extensions>
          <ns3:TrackPointExtension>
            <ns3:hr>140</ns3:hr>
          </ns3:TrackPointExtension>
        </extensions>
      </trkpt>
      <trkpt lat="24.488053657114505767822265625" lon="118.10686499811708927154541015625">
        <ele>17.799999237060546875</ele>
        <time>2025-09-18T13:03:58.000Z</time>
        <extensions>
          <ns3:TrackPointExtension>
            <ns3:hr>140</ns3:hr>
          </ns3:TrackPointExtension>
        </extensions>
      </trkpt>
      <trkpt lat="24.488047622144222259521484375" lon="118.10683448798954486846923828125">
        <ele>17.6000003814697265625</ele>
        <time>2025-09-18T13:03:59.000Z</time>
        <extensions>
          <ns3:TrackPointExtension>
            <ns3:hr>140</ns3:hr>
          </ns3:TrackPointExtension>
        </extensions>
      </trkpt>
      <trkpt lat="24.48804284445941448211669921875" lon="118.1068040616810321807861328125">
        <ele>17.3999996185302734375</ele>
        <time>2025-09-18T13:04:00.000Z</time>
        <extensions>
          <ns3:TrackPointExtension>
            <ns3:hr>140</ns3:hr>
          </ns3:TrackPointExtension>
        </extensions>
      </trkpt>
      <trkpt lat="24.48803924024105072021484375" lon="118.10677397064864635467529296875">
        <ele>17.200000762939453125</ele>
        <time>2025-09-18T13:04:01.000Z</time>
        <extensions>
          <ns3:TrackPointExtension>
            <ns3:hr>140</ns3:hr>
          </ns3:TrackPointExtension>
        </extensions>
      </trkpt>
      <trkpt lat="24.48803748004138469696044921875" lon="118.10674396343529224395751953125">
        <ele>17.200000762939453125</ele>
        <time>2025-09-18T13:04:02.000Z</time>
        <extensions>
          <ns3:TrackPointExtension>
            <ns3:hr>140</ns3:hr>
          </ns3:TrackPointExtension>
        </extensions>
      </trkpt>
      <trkpt lat="24.48803848586976528167724609375" lon="118.1067140400409698486328125">
        <ele>17.200000762939453125</ele>
        <time>2025-09-18T13:04:03.000Z</time>
        <extensions>
          <ns3:TrackPointExtension>
            <ns3:hr>140</ns3:hr>
          </ns3:TrackPointExtension>
        </extensions>
      </trkpt>
      <trkpt lat="24.48804334737360477447509765625" lon="118.106684871017932891845703125">
        <ele>17</ele>
        <time>2025-09-18T13:04:04.000Z</time>
        <extensions>
          <ns3:TrackPointExtension>
            <ns3:hr>139</ns3:hr>
          </ns3:TrackPointExtension>
        </extensions>
      </trkpt>
      <trkpt lat="24.48805256746709346771240234375" lon="118.1066572107374668121337890625">
        <ele>16.799999237060546875</ele>
        <time>2025-09-18T13:04:05.000Z</time>
        <extensions>
          <ns3:TrackPointExtension>
            <ns3:hr>139</ns3:hr>
          </ns3:TrackPointExtension>
        </extensions>
      </trkpt>
      <trkpt lat="24.48806597851216793060302734375" lon="118.10663181357085704803466796875">
        <ele>16.799999237060546875</ele>
        <time>2025-09-18T13:04:06.000Z</time>
        <extensions>
          <ns3:TrackPointExtension>
            <ns3:hr>139</ns3:hr>
          </ns3:TrackPointExtension>
        </extensions>
      </trkpt>
      <trkpt lat="24.48808307759463787078857421875" lon="118.10660918243229389190673828125">
        <ele>17</ele>
        <time>2025-09-18T13:04:07.000Z</time>
        <extensions>
          <ns3:TrackPointExtension>
            <ns3:hr>139</ns3:hr>
          </ns3:TrackPointExtension>
        </extensions>
      </trkpt>
      <trkpt lat="24.488103277981281280517578125" lon="118.10658940114080905914306640625">
        <ele>17.200000762939453125</ele>
        <time>2025-09-18T13:04:08.000Z</time>
        <extensions>
          <ns3:TrackPointExtension>
            <ns3:hr>139</ns3:hr>
          </ns3:TrackPointExtension>
        </extensions>
      </trkpt>
      <trkpt lat="24.48812599293887615203857421875" lon="118.10657196678221225738525390625">
        <ele>17.6000003814697265625</ele>
        <time>2025-09-18T13:04:09.000Z</time>
        <extensions>
          <ns3:TrackPointExtension>
            <ns3:hr>139</ns3:hr>
          </ns3:TrackPointExtension>
        </extensions>
      </trkpt>
      <trkpt lat="24.48815046809613704681396484375" lon="118.10655637644231319427490234375">
        <ele>18.200000762939453125</ele>
        <time>2025-09-18T13:04:10.000Z</time>
        <extensions>
          <ns3:TrackPointExtension>
            <ns3:hr>139</ns3:hr>
          </ns3:TrackPointExtension>
        </extensions>
      </trkpt>
      <trkpt lat="24.488175697624683380126953125" lon="118.10654263012111186981201171875">
        <ele>18.6000003814697265625</ele>
        <time>2025-09-18T13:04:11.000Z</time>
        <extensions>
          <ns3:TrackPointExtension>
            <ns3:hr>139</ns3:hr>
          </ns3:TrackPointExtension>
        </extensions>
      </trkpt>
      <trkpt lat="24.48820109479129314422607421875" lon="118.1065304763615131378173828125">
        <ele>18.6000003814697265625</ele>
        <time>2025-09-18T13:04:12.000Z</time>
        <extensions>
          <ns3:TrackPointExtension>
            <ns3:hr>139</ns3:hr>
          </ns3:TrackPointExtension>
        </extensions>
      </trkpt>
      <trkpt lat="24.4882263243198394775390625" lon="118.10651957988739013671875">
        <ele>18.799999237060546875</ele>
        <time>2025-09-18T13:04:13.000Z</time>
        <extensions>
          <ns3:TrackPointExtension>
            <ns3:hr>139</ns3:hr>
          </ns3:TrackPointExtension>
        </extensions>
      </trkpt>
      <trkpt lat="24.48825155384838581085205078125" lon="118.1065096892416477203369140625">
        <ele>19</ele>
        <time>2025-09-18T13:04:14.000Z</time>
        <extensions>
          <ns3:TrackPointExtension>
            <ns3:hr>139</ns3:hr>
          </ns3:TrackPointExtension>
        </extensions>
      </trkpt>
      <trkpt lat="24.48827661573886871337890625" lon="118.106500469148159027099609375">
        <ele>19.3999996185302734375</ele>
        <time>2025-09-18T13:04:15.000Z</time>
        <extensions>
          <ns3:TrackPointExtension>
            <ns3:hr>141</ns3:hr>
          </ns3:TrackPointExtension>
        </extensions>
      </trkpt>
      <trkpt lat="24.48830167762935161590576171875" lon="118.106491751968860626220703125">
        <ele>19.799999237060546875</ele>
        <time>2025-09-18T13:04:16.000Z</time>
        <extensions>
          <ns3:TrackPointExtension>
            <ns3:hr>141</ns3:hr>
          </ns3:TrackPointExtension>
        </extensions>
      </trkpt>
      <trkpt lat="24.48832682333886623382568359375" lon="118.1064835377037525177001953125">
        <ele>20.200000762939453125</ele>
        <time>2025-09-18T13:04:17.000Z</time>
        <extensions>
          <ns3:TrackPointExtension>
            <ns3:hr>141</ns3:hr>
          </ns3:TrackPointExtension>
        </extensions>
      </trkpt>
      <trkpt lat="24.48835230432450771331787109375" lon="118.10647557489573955535888671875">
        <ele>20.6000003814697265625</ele>
        <time>2025-09-18T13:04:18.000Z</time>
        <extensions>
          <ns3:TrackPointExtension>
            <ns3:hr>141</ns3:hr>
          </ns3:TrackPointExtension>
        </extensions>
      </trkpt>
      <trkpt lat="24.48837812058627605438232421875" lon="118.10646752826869487762451171875">
        <ele>21</ele>
        <time>2025-09-18T13:04:19.000Z</time>
        <extensions>
          <ns3:TrackPointExtension>
            <ns3:hr>141</ns3:hr>
          </ns3:TrackPointExtension>
        </extensions>
      </trkpt>
      <trkpt lat="24.488404355943202972412109375" lon="118.10645897872745990753173828125">
        <ele>21.3999996185302734375</ele>
        <time>2025-09-18T13:04:20.000Z</time>
        <extensions>
          <ns3:TrackPointExtension>
            <ns3:hr>141</ns3:hr>
          </ns3:TrackPointExtension>
        </extensions>
      </trkpt>
      <trkpt lat="24.48843059130012989044189453125" lon="118.1064496748149394989013671875">
        <ele>21.799999237060546875</ele>
        <time>2025-09-18T13:04:21.000Z</time>
        <extensions>
          <ns3:TrackPointExtension>
            <ns3:hr>141</ns3:hr>
          </ns3:TrackPointExtension>
        </extensions>
      </trkpt>
      <trkpt lat="24.4884561561048030853271484375" lon="118.10643936507403850555419921875">
        <ele>22</ele>
        <time>2025-09-18T13:04:22.000Z</time>
        <extensions>
          <ns3:TrackPointExtension>
            <ns3:hr>141</ns3:hr>
          </ns3:TrackPointExtension>
        </extensions>
      </trkpt>
      <trkpt lat="24.4884809665381908416748046875" lon="118.10642763040959835052490234375">
        <ele>21.799999237060546875</ele>
        <time>2025-09-18T13:04:23.000Z</time>
        <extensions>
          <ns3:TrackPointExtension>
            <ns3:hr>141</ns3:hr>
          </ns3:TrackPointExtension>
        </extensions>
      </trkpt>
      <trkpt lat="24.4885052740573883056640625" lon="118.10641438700258731842041015625">
        <ele>21.6000003814697265625</ele>
        <time>2025-09-18T13:04:24.000Z</time>
        <extensions>
          <ns3:TrackPointExtension>
            <ns3:hr>141</ns3:hr>
          </ns3:TrackPointExtension>
        </extensions>
      </trkpt>
      <trkpt lat="24.4885292463004589080810546875" lon="118.1063997186720371246337890625">
        <ele>21.6000003814697265625</ele>
        <time>2025-09-18T13:04:25.000Z</time>
        <extensions>
          <ns3:TrackPointExtension>
            <ns3:hr>141</ns3:hr>
          </ns3:TrackPointExtension>
        </extensions>
      </trkpt>
      <trkpt lat="24.48855313472449779510498046875" lon="118.106383793056011199951171875">
        <ele>21.3999996185302734375</ele>
        <time>2025-09-18T13:04:26.000Z</time>
        <extensions>
          <ns3:TrackPointExtension>
            <ns3:hr>141</ns3:hr>
          </ns3:TrackPointExtension>
        </extensions>
      </trkpt>
      <trkpt lat="24.4885768555104732513427734375" lon="118.1063671968877315521240234375">
        <ele>21.200000762939453125</ele>
        <time>2025-09-18T13:04:27.000Z</time>
        <extensions>
          <ns3:TrackPointExtension>
            <ns3:hr>141</ns3:hr>
          </ns3:TrackPointExtension>
        </extensions>
      </trkpt>
      <trkpt lat="24.4886004924774169921875" lon="118.1063504330813884735107421875">
        <ele>21.200000762939453125</ele>
        <time>2025-09-18T13:04:28.000Z</time>
        <extensions>
          <ns3:TrackPointExtension>
            <ns3:hr>141</ns3:hr>
          </ns3:TrackPointExtension>
        </extensions>
      </trkpt>
      <trkpt lat="24.48862438090145587921142578125" lon="118.10633425600826740264892578125">
        <ele>21</ele>
        <time>2025-09-18T13:04:29.000Z</time>
        <extensions>
          <ns3:TrackPointExtension>
            <ns3:hr>139</ns3:hr>
          </ns3:TrackPointExtension>
        </extensions>
      </trkpt>
      <trkpt lat="24.48864852078258991241455078125" lon="118.1063192524015903472900390625">
        <ele>20.6000003814697265625</ele>
        <time>2025-09-18T13:04:30.000Z</time>
        <extensions>
          <ns3:TrackPointExtension>
            <ns3:hr>139</ns3:hr>
          </ns3:TrackPointExtension>
        </extensions>
      </trkpt>
      <trkpt lat="24.48867299593985080718994140625" lon="118.10630558989942073822021484375">
        <ele>20.3999996185302734375</ele>
        <time>2025-09-18T13:04:31.000Z</time>
        <extensions>
          <ns3:TrackPointExtension>
            <ns3:hr>139</ns3:hr>
          </ns3:TrackPointExtension>
        </extensions>
      </trkpt>
      <trkpt lat="24.4886978901922702789306640625" lon="118.10629360377788543701171875">
        <ele>20.200000762939453125</ele>
        <time>2025-09-18T13:04:32.000Z</time>
        <extensions>
          <ns3:TrackPointExtension>
            <ns3:hr>139</ns3:hr>
          </ns3:TrackPointExtension>
        </extensions>
      </trkpt>
      <trkpt lat="24.4887237064540386199951171875" lon="118.10628287494182586669921875">
        <ele>19.799999237060546875</ele>
        <time>2025-09-18T13:04:33.000Z</time>
        <extensions>
          <ns3:TrackPointExtension>
            <ns3:hr>139</ns3:hr>
          </ns3:TrackPointExtension>
        </extensions>
      </trkpt>
      <trkpt lat="24.48875044472515583038330078125" lon="118.10627340339124202728271484375">
        <ele>19.200000762939453125</ele>
        <time>2025-09-18T13:04:34.000Z</time>
        <extensions>
          <ns3:TrackPointExtension>
            <ns3:hr>141</ns3:hr>
          </ns3:TrackPointExtension>
        </extensions>
      </trkpt>
      <trkpt lat="24.4887780211865901947021484375" lon="118.1062652729451656341552734375">
        <ele>18.6000003814697265625</ele>
        <time>2025-09-18T13:04:35.000Z</time>
        <extensions>
          <ns3:TrackPointExtension>
            <ns3:hr>141</ns3:hr>
          </ns3:TrackPointExtension>
        </extensions>
      </trkpt>
      <trkpt lat="24.4888058491051197052001953125" lon="118.106257729232311248779296875">
        <ele>17.799999237060546875</ele>
        <time>2025-09-18T13:04:36.000Z</time>
        <extensions>
          <ns3:TrackPointExtension>
            <ns3:hr>141</ns3:hr>
          </ns3:TrackPointExtension>
        </extensions>
      </trkpt>
      <trkpt lat="24.4888333417475223541259765625" lon="118.10624976642429828643798828125">
        <ele>17.200000762939453125</ele>
        <time>2025-09-18T13:04:37.000Z</time>
        <extensions>
          <ns3:TrackPointExtension>
            <ns3:hr>141</ns3:hr>
          </ns3:TrackPointExtension>
        </extensions>
      </trkpt>
      <trkpt lat="24.488860666751861572265625" lon="118.1062414683401584625244140625">
        <ele>16.6000003814697265625</ele>
        <time>2025-09-18T13:04:38.000Z</time>
        <extensions>
          <ns3:TrackPointExtension>
            <ns3:hr>141</ns3:hr>
          </ns3:TrackPointExtension>
        </extensions>
      </trkpt>
      <trkpt lat="24.48888841085135936737060546875" lon="118.106232918798923492431640625">
        <ele>16</ele>
        <time>2025-09-18T13:04:39.000Z</time>
        <extensions>
          <ns3:TrackPointExtension>
            <ns3:hr>141</ns3:hr>
          </ns3:TrackPointExtension>
        </extensions>
      </trkpt>
      <trkpt lat="24.48891640640795230865478515625" lon="118.10622428543865680694580078125">
        <ele>15.19999980926513671875</ele>
        <time>2025-09-18T13:04:40.000Z</time>
        <extensions>
          <ns3:TrackPointExtension>
            <ns3:hr>141</ns3:hr>
          </ns3:TrackPointExtension>
        </extensions>
      </trkpt>
      <trkpt lat="24.48894448578357696533203125" lon="118.10621540062129497528076171875">
        <ele>14.6000003814697265625</ele>
        <time>2025-09-18T13:04:41.000Z</time>
        <extensions>
          <ns3:TrackPointExtension>
            <ns3:hr>141</ns3:hr>
          </ns3:TrackPointExtension>
        </extensions>
      </trkpt>
      <trkpt lat="24.4889724813401699066162109375" lon="118.10620668344199657440185546875">
        <ele>14</ele>
        <time>2025-09-18T13:04:42.000Z</time>
        <extensions>
          <ns3:TrackPointExtension>
            <ns3:hr>141</ns3:hr>
          </ns3:TrackPointExtension>
        </extensions>
      </trkpt>
      <trkpt lat="24.48900039307773113250732421875" lon="118.106198050081729888916015625">
        <ele>13.19999980926513671875</ele>
        <time>2025-09-18T13:04:43.000Z</time>
        <extensions>
          <ns3:TrackPointExtension>
            <ns3:hr>141</ns3:hr>
          </ns3:TrackPointExtension>
        </extensions>
      </trkpt>
      <trkpt lat="24.4890284724533557891845703125" lon="118.10618941672146320343017578125">
        <ele>12.80000019073486328125</ele>
        <time>2025-09-18T13:04:44.000Z</time>
        <extensions>
          <ns3:TrackPointExtension>
            <ns3:hr>141</ns3:hr>
          </ns3:TrackPointExtension>
        </extensions>
      </trkpt>
      <trkpt lat="24.48905646800994873046875" lon="118.106180615723133087158203125">
        <ele>12.6000003814697265625</ele>
        <time>2025-09-18T13:04:45.000Z</time>
        <extensions>
          <ns3:TrackPointExtension>
            <ns3:hr>141</ns3:hr>
          </ns3:TrackPointExtension>
        </extensions>
      </trkpt>
      <trkpt lat="24.48908421210944652557373046875" lon="118.10617164708673954010009765625">
        <ele>12.19999980926513671875</ele>
        <time>2025-09-18T13:04:46.000Z</time>
        <extensions>
          <ns3:TrackPointExtension>
            <ns3:hr>141</ns3:hr>
          </ns3:TrackPointExtension>
        </extensions>
      </trkpt>
      <trkpt lat="24.4891116209328174591064453125" lon="118.1061626784503459930419921875">
        <ele>11.80000019073486328125</ele>
        <time>2025-09-18T13:04:47.000Z</time>
        <extensions>
          <ns3:TrackPointExtension>
            <ns3:hr>141</ns3:hr>
          </ns3:TrackPointExtension>
        </extensions>
      </trkpt>
      <trkpt lat="24.4891387782990932464599609375" lon="118.10615370981395244598388671875">
        <ele>11.3999996185302734375</ele>
        <time>2025-09-18T13:04:48.000Z</time>
        <extensions>
          <ns3:TrackPointExtension>
            <ns3:hr>142</ns3:hr>
          </ns3:TrackPointExtension>
        </extensions>
      </trkpt>
      <trkpt lat="24.48916585184633731842041015625" lon="118.1061449088156223297119140625">
        <ele>11</ele>
        <time>2025-09-18T13:04:49.000Z</time>
        <extensions>
          <ns3:TrackPointExtension>
            <ns3:hr>142</ns3:hr>
          </ns3:TrackPointExtension>
        </extensions>
      </trkpt>
      <trkpt lat="24.48921513743698596954345703125" lon="118.1061288155615329742431640625">
        <ele>10.3999996185302734375</ele>
        <time>2025-09-18T13:04:50.000Z</time>
        <extensions>
          <ns3:TrackPointExtension>
            <ns3:hr>142</ns3:hr>
          </ns3:TrackPointExtension>
        </extensions>
      </trkpt>
      <trkpt lat="24.48924246244132518768310546875" lon="118.10612018220126628875732421875">
        <ele>10</ele>
        <time>2025-09-18T13:04:51.000Z</time>
        <extensions>
          <ns3:TrackPointExtension>
            <ns3:hr>142</ns3:hr>
          </ns3:TrackPointExtension>
        </extensions>
      </trkpt>
      <trkpt lat="24.48926978744566440582275390625" lon="118.10611180029809474945068359375">
        <ele>9.6000003814697265625</ele>
        <time>2025-09-18T13:04:52.000Z</time>
        <extensions>
          <ns3:TrackPointExtension>
            <ns3:hr>142</ns3:hr>
          </ns3:TrackPointExtension>
        </extensions>
      </trkpt>
      <trkpt lat="24.489296860992908477783203125" lon="118.1061040051281452178955078125">
        <ele>9.19999980926513671875</ele>
        <time>2025-09-18T13:04:53.000Z</time>
        <extensions>
          <ns3:TrackPointExtension>
            <ns3:hr>142</ns3:hr>
          </ns3:TrackPointExtension>
        </extensions>
      </trkpt>
      <trkpt lat="24.48932376690208911895751953125" lon="118.10609671287238597869873046875">
        <ele>9.19999980926513671875</ele>
        <time>2025-09-18T13:04:54.000Z</time>
        <extensions>
          <ns3:TrackPointExtension>
            <ns3:hr>142</ns3:hr>
          </ns3:TrackPointExtension>
        </extensions>
      </trkpt>
      <trkpt lat="24.489350505173206329345703125" lon="118.10609017498791217803955078125">
        <ele>9</ele>
        <time>2025-09-18T13:04:55.000Z</time>
        <extensions>
          <ns3:TrackPointExtension>
            <ns3:hr>142</ns3:hr>
          </ns3:TrackPointExtension>
        </extensions>
      </trkpt>
      <trkpt lat="24.48937724344432353973388671875" lon="118.106084056198596954345703125">
        <ele>8.80000019073486328125</ele>
        <time>2025-09-18T13:04:56.000Z</time>
        <extensions>
          <ns3:TrackPointExtension>
            <ns3:hr>142</ns3:hr>
          </ns3:TrackPointExtension>
        </extensions>
      </trkpt>
      <trkpt lat="24.4894038140773773193359375" lon="118.106078021228313446044921875">
        <ele>8.6000003814697265625</ele>
        <time>2025-09-18T13:04:57.000Z</time>
        <extensions>
          <ns3:TrackPointExtension>
            <ns3:hr>142</ns3:hr>
          </ns3:TrackPointExtension>
        </extensions>
      </trkpt>
      <trkpt lat="24.4894301332533359527587890625" lon="118.10607156716287136077880859375">
        <ele>8.3999996185302734375</ele>
        <time>2025-09-18T13:04:58.000Z</time>
        <extensions>
          <ns3:TrackPointExtension>
            <ns3:hr>142</ns3:hr>
          </ns3:TrackPointExtension>
        </extensions>
      </trkpt>
      <trkpt lat="24.4894559495151042938232421875" lon="118.10606435872614383697509765625">
        <ele>8.19999980926513671875</ele>
        <time>2025-09-18T13:04:59.000Z</time>
        <extensions>
          <ns3:TrackPointExtension>
            <ns3:hr>142</ns3:hr>
          </ns3:TrackPointExtension>
        </extensions>
      </trkpt>
      <trkpt lat="24.4894810952246189117431640625" lon="118.1060560606420040130615234375">
        <ele>8.19999980926513671875</ele>
        <time>2025-09-18T13:05:00.000Z</time>
        <extensions>
          <ns3:TrackPointExtension>
            <ns3:hr>142</ns3:hr>
          </ns3:TrackPointExtension>
        </extensions>
      </trkpt>
      <trkpt lat="24.48950531892478466033935546875" lon="118.10604625381529331207275390625">
        <ele>8.19999980926513671875</ele>
        <time>2025-09-18T13:05:01.000Z</time>
        <extensions>
          <ns3:TrackPointExtension>
            <ns3:hr>142</ns3:hr>
          </ns3:TrackPointExtension>
        </extensions>
      </trkpt>
      <trkpt lat="24.489528201520442962646484375" lon="118.10603451915085315704345703125">
        <ele>8</ele>
        <time>2025-09-18T13:05:02.000Z</time>
        <extensions>
          <ns3:TrackPointExtension>
            <ns3:hr>141</ns3:hr>
          </ns3:TrackPointExtension>
        </extensions>
      </trkpt>
      <trkpt lat="24.48955158703029155731201171875" lon="118.10601742006838321685791015625">
        <ele>8</ele>
        <time>2025-09-18T13:05:04.000Z</time>
        <extensions>
          <ns3:TrackPointExtension>
            <ns3:hr>141</ns3:hr>
          </ns3:TrackPointExtension>
        </extensions>
      </trkpt>
      <trkpt lat="24.48956809937953948974609375" lon="118.105998896062374114990234375">
        <ele>7.599999904632568359375</ele>
        <time>2025-09-18T13:05:05.000Z</time>
        <extensions>
          <ns3:TrackPointExtension>
            <ns3:hr>141</ns3:hr>
          </ns3:TrackPointExtension>
        </extensions>
      </trkpt>
      <trkpt lat="24.4895800016820430755615234375" lon="118.105977438390254974365234375">
        <ele>7.400000095367431640625</ele>
        <time>2025-09-18T13:05:06.000Z</time>
        <extensions>
          <ns3:TrackPointExtension>
            <ns3:hr>141</ns3:hr>
          </ns3:TrackPointExtension>
        </extensions>
      </trkpt>
      <trkpt lat="24.4895875453948974609375" lon="118.1059534661471843719482421875">
        <ele>7.19999980926513671875</ele>
        <time>2025-09-18T13:05:07.000Z</time>
        <extensions>
          <ns3:TrackPointExtension>
            <ns3:hr>140</ns3:hr>
          </ns3:TrackPointExtension>
        </extensions>
      </trkpt>
      <trkpt lat="24.4895915687084197998046875" lon="118.10592739842832088470458984375">
        <ele>7</ele>
        <time>2025-09-18T13:05:08.000Z</time>
        <extensions>
          <ns3:TrackPointExtension>
            <ns3:hr>140</ns3:hr>
          </ns3:TrackPointExtension>
        </extensions>
      </trkpt>
      <trkpt lat="24.48959265835583209991455078125" lon="118.10589990578591823577880859375">
        <ele>6.80000019073486328125</ele>
        <time>2025-09-18T13:05:09.000Z</time>
        <extensions>
          <ns3:TrackPointExtension>
            <ns3:hr>140</ns3:hr>
          </ns3:TrackPointExtension>
        </extensions>
      </trkpt>
      <trkpt lat="24.48959148488938808441162109375" lon="118.10587207786738872528076171875">
        <ele>6.80000019073486328125</ele>
        <time>2025-09-18T13:05:10.000Z</time>
        <extensions>
          <ns3:TrackPointExtension>
            <ns3:hr>140</ns3:hr>
          </ns3:TrackPointExtension>
        </extensions>
      </trkpt>
      <trkpt lat="24.4895883835852146148681640625" lon="118.1058451719582080841064453125">
        <ele>6.400000095367431640625</ele>
        <time>2025-09-18T13:05:11.000Z</time>
        <extensions>
          <ns3:TrackPointExtension>
            <ns3:hr>140</ns3:hr>
          </ns3:TrackPointExtension>
        </extensions>
      </trkpt>
      <trkpt lat="24.48958444409072399139404296875" lon="118.10581960715353488922119140625">
        <ele>6.19999980926513671875</ele>
        <time>2025-09-18T13:05:12.000Z</time>
        <extensions>
          <ns3:TrackPointExtension>
            <ns3:hr>140</ns3:hr>
          </ns3:TrackPointExtension>
        </extensions>
      </trkpt>
      <trkpt lat="24.48958075605332851409912109375" lon="118.105795718729496002197265625">
        <ele>6</ele>
        <time>2025-09-18T13:05:13.000Z</time>
        <extensions>
          <ns3:TrackPointExtension>
            <ns3:hr>140</ns3:hr>
          </ns3:TrackPointExtension>
        </extensions>
      </trkpt>
      <trkpt lat="24.48957748711109161376953125" lon="118.105772919952869415283203125">
        <ele>5.80000019073486328125</ele>
        <time>2025-09-18T13:05:14.000Z</time>
        <extensions>
          <ns3:TrackPointExtension>
            <ns3:hr>138</ns3:hr>
          </ns3:TrackPointExtension>
        </extensions>
      </trkpt>
      <trkpt lat="24.489574469625949859619140625" lon="118.105750121176242828369140625">
        <ele>5.400000095367431640625</ele>
        <time>2025-09-18T13:05:15.000Z</time>
        <extensions>
          <ns3:TrackPointExtension>
            <ns3:hr>138</ns3:hr>
          </ns3:TrackPointExtension>
        </extensions>
      </trkpt>
      <trkpt lat="24.4895712845027446746826171875" lon="118.10572606511414051055908203125">
        <ele>5.19999980926513671875</ele>
        <time>2025-09-18T13:05:16.000Z</time>
        <extensions>
          <ns3:TrackPointExtension>
            <ns3:hr>138</ns3:hr>
          </ns3:TrackPointExtension>
        </extensions>
      </trkpt>
      <trkpt lat="24.48956801556050777435302734375" lon="118.10570024885237216949462890625">
        <ele>5</ele>
        <time>2025-09-18T13:05:17.000Z</time>
        <extensions>
          <ns3:TrackPointExtension>
            <ns3:hr>138</ns3:hr>
          </ns3:TrackPointExtension>
        </extensions>
      </trkpt>
      <trkpt lat="24.48956415988504886627197265625" lon="118.1056728400290012359619140625">
        <ele>4.599999904632568359375</ele>
        <time>2025-09-18T13:05:18.000Z</time>
        <extensions>
          <ns3:TrackPointExtension>
            <ns3:hr>138</ns3:hr>
          </ns3:TrackPointExtension>
        </extensions>
      </trkpt>
      <trkpt lat="24.4895593822002410888671875" lon="118.105644173920154571533203125">
        <ele>4.400000095367431640625</ele>
        <time>2025-09-18T13:05:19.000Z</time>
        <extensions>
          <ns3:TrackPointExtension>
            <ns3:hr>138</ns3:hr>
          </ns3:TrackPointExtension>
        </extensions>
      </trkpt>
      <trkpt lat="24.48955359868705272674560546875" lon="118.10561475344002246856689453125">
        <ele>4</ele>
        <time>2025-09-18T13:05:20.000Z</time>
        <extensions>
          <ns3:TrackPointExtension>
            <ns3:hr>138</ns3:hr>
          </ns3:TrackPointExtension>
        </extensions>
      </trkpt>
      <trkpt lat="24.4895474798977375030517578125" lon="118.105585165321826934814453125">
        <ele>3.7999999523162841796875</ele>
        <time>2025-09-18T13:05:21.000Z</time>
        <extensions>
          <ns3:TrackPointExtension>
            <ns3:hr>138</ns3:hr>
          </ns3:TrackPointExtension>
        </extensions>
      </trkpt>
      <trkpt lat="24.48954127728939056396484375" lon="118.10555591247975826263427734375">
        <ele>3.400000095367431640625</ele>
        <time>2025-09-18T13:05:22.000Z</time>
        <extensions>
          <ns3:TrackPointExtension>
            <ns3:hr>138</ns3:hr>
          </ns3:TrackPointExtension>
        </extensions>
      </trkpt>
      <trkpt lat="24.4895352423191070556640625" lon="118.10552724637091159820556640625">
        <ele>3</ele>
        <time>2025-09-18T13:05:23.000Z</time>
        <extensions>
          <ns3:TrackPointExtension>
            <ns3:hr>138</ns3:hr>
          </ns3:TrackPointExtension>
        </extensions>
      </trkpt>
      <trkpt lat="24.4895293749868869781494140625" lon="118.10549941845238208770751953125">
        <ele>2.7999999523162841796875</ele>
        <time>2025-09-18T13:05:24.000Z</time>
        <extensions>
          <ns3:TrackPointExtension>
            <ns3:hr>138</ns3:hr>
          </ns3:TrackPointExtension>
        </extensions>
      </trkpt>
      <trkpt lat="24.48952359147369861602783203125" lon="118.1054721772670745849609375">
        <ele>2.400000095367431640625</ele>
        <time>2025-09-18T13:05:25.000Z</time>
        <extensions>
          <ns3:TrackPointExtension>
            <ns3:hr>138</ns3:hr>
          </ns3:TrackPointExtension>
        </extensions>
      </trkpt>
      <trkpt lat="24.48951780796051025390625" lon="118.10544560663402080535888671875">
        <ele>2.2000000476837158203125</ele>
        <time>2025-09-18T13:05:26.000Z</time>
        <extensions>
          <ns3:TrackPointExtension>
            <ns3:hr>138</ns3:hr>
          </ns3:TrackPointExtension>
        </extensions>
      </trkpt>
      <trkpt lat="24.48951185680925846099853515625" lon="118.10541928745806217193603515625">
        <ele>1.7999999523162841796875</ele>
        <time>2025-09-18T13:05:27.000Z</time>
        <extensions>
          <ns3:TrackPointExtension>
            <ns3:hr>138</ns3:hr>
          </ns3:TrackPointExtension>
        </extensions>
      </trkpt>
      <trkpt lat="24.48950531892478466033935546875" lon="118.1053928844630718231201171875">
        <ele>1.39999997615814208984375</ele>
        <time>2025-09-18T13:05:28.000Z</time>
        <extensions>
          <ns3:TrackPointExtension>
            <ns3:hr>138</ns3:hr>
          </ns3:TrackPointExtension>
        </extensions>
      </trkpt>
      <trkpt lat="24.4894981943070888519287109375" lon="118.10536664910614490509033203125">
        <ele>1.2000000476837158203125</ele>
        <time>2025-09-18T13:05:29.000Z</time>
        <extensions>
          <ns3:TrackPointExtension>
            <ns3:hr>138</ns3:hr>
          </ns3:TrackPointExtension>
        </extensions>
      </trkpt>
      <trkpt lat="24.48949073441326618194580078125" lon="118.1053405813872814178466796875">
        <ele>0.800000011920928955078125</ele>
        <time>2025-09-18T13:05:30.000Z</time>
        <extensions>
          <ns3:TrackPointExtension>
            <ns3:hr>138</ns3:hr>
          </ns3:TrackPointExtension>
        </extensions>
      </trkpt>
      <trkpt lat="24.489482939243316650390625" lon="118.105315268039703369140625">
        <ele>0.800000011920928955078125</ele>
        <time>2025-09-18T13:05:31.000Z</time>
        <extensions>
          <ns3:TrackPointExtension>
            <ns3:hr>138</ns3:hr>
          </ns3:TrackPointExtension>
        </extensions>
      </trkpt>
      <trkpt lat="24.4894753955304622650146484375" lon="118.10529054142534732818603515625">
        <ele>0.800000011920928955078125</ele>
        <time>2025-09-18T13:05:32.000Z</time>
        <extensions>
          <ns3:TrackPointExtension>
            <ns3:hr>138</ns3:hr>
          </ns3:TrackPointExtension>
        </extensions>
      </trkpt>
      <trkpt lat="24.4894686900079250335693359375" lon="118.10526631772518157958984375">
        <ele>1</ele>
        <time>2025-09-18T13:05:33.000Z</time>
        <extensions>
          <ns3:TrackPointExtension>
            <ns3:hr>138</ns3:hr>
          </ns3:TrackPointExtension>
        </extensions>
      </trkpt>
      <trkpt lat="24.48946290649473667144775390625" lon="118.10524226166307926177978515625">
        <ele>1</ele>
        <time>2025-09-18T13:05:34.000Z</time>
        <extensions>
          <ns3:TrackPointExtension>
            <ns3:hr>138</ns3:hr>
          </ns3:TrackPointExtension>
        </extensions>
      </trkpt>
      <trkpt lat="24.48945838026702404022216796875" lon="118.10521845705807209014892578125">
        <ele>1</ele>
        <time>2025-09-18T13:05:35.000Z</time>
        <extensions>
          <ns3:TrackPointExtension>
            <ns3:hr>138</ns3:hr>
          </ns3:TrackPointExtension>
        </extensions>
      </trkpt>
      <trkpt lat="24.48945569805800914764404296875" lon="118.1051947362720966339111328125">
        <ele>0.800000011920928955078125</ele>
        <time>2025-09-18T13:05:36.000Z</time>
        <extensions>
          <ns3:TrackPointExtension>
            <ns3:hr>138</ns3:hr>
          </ns3:TrackPointExtension>
        </extensions>
      </trkpt>
      <trkpt lat="24.48945569805800914764404296875" lon="118.105170764029026031494140625">
        <ele>0.800000011920928955078125</ele>
        <time>2025-09-18T13:05:37.000Z</time>
        <extensions>
          <ns3:TrackPointExtension>
            <ns3:hr>138</ns3:hr>
          </ns3:TrackPointExtension>
        </extensions>
      </trkpt>
      <trkpt lat="24.4894586317241191864013671875" lon="118.10514654032886028289794921875">
        <ele>0.60000002384185791015625</ele>
        <time>2025-09-18T13:05:38.000Z</time>
        <extensions>
          <ns3:TrackPointExtension>
            <ns3:hr>138</ns3:hr>
          </ns3:TrackPointExtension>
        </extensions>
      </trkpt>
      <trkpt lat="24.48946458287537097930908203125" lon="118.10512223280966281890869140625">
        <ele>0.60000002384185791015625</ele>
        <time>2025-09-18T13:05:39.000Z</time>
        <extensions>
          <ns3:TrackPointExtension>
            <ns3:hr>138</ns3:hr>
          </ns3:TrackPointExtension>
        </extensions>
      </trkpt>
      <trkpt lat="24.48948092758655548095703125" lon="118.1050778925418853759765625">
        <ele>0.4000000059604644775390625</ele>
        <time>2025-09-18T13:05:40.000Z</time>
        <extensions>
          <ns3:TrackPointExtension>
            <ns3:hr>138</ns3:hr>
          </ns3:TrackPointExtension>
        </extensions>
      </trkpt>
      <trkpt lat="24.4894898124039173126220703125" lon="118.10505685396492481231689453125">
        <ele>0.20000000298023223876953125</ele>
        <time>2025-09-18T13:05:41.000Z</time>
        <extensions>
          <ns3:TrackPointExtension>
            <ns3:hr>138</ns3:hr>
          </ns3:TrackPointExtension>
        </extensions>
      </trkpt>
      <trkpt lat="24.489498026669025421142578125" lon="118.10503656975924968719482421875">
        <ele>0.4000000059604644775390625</ele>
        <time>2025-09-18T13:05:42.000Z</time>
        <extensions>
          <ns3:TrackPointExtension>
            <ns3:hr>138</ns3:hr>
          </ns3:TrackPointExtension>
        </extensions>
      </trkpt>
      <trkpt lat="24.48950506746768951416015625" lon="118.1050163693726062774658203125">
        <ele>0.60000002384185791015625</ele>
        <time>2025-09-18T13:05:43.000Z</time>
        <extensions>
          <ns3:TrackPointExtension>
            <ns3:hr>138</ns3:hr>
          </ns3:TrackPointExtension>
        </extensions>
      </trkpt>
      <trkpt lat="24.489510767161846160888671875" lon="118.10499600134789943695068359375">
        <ele>0.800000011920928955078125</ele>
        <time>2025-09-18T13:05:44.000Z</time>
        <extensions>
          <ns3:TrackPointExtension>
            <ns3:hr>138</ns3:hr>
          </ns3:TrackPointExtension>
        </extensions>
      </trkpt>
      <trkpt lat="24.48951504193246364593505859375" lon="118.104975633323192596435546875">
        <ele>1</ele>
        <time>2025-09-18T13:05:45.000Z</time>
        <extensions>
          <ns3:TrackPointExtension>
            <ns3:hr>138</ns3:hr>
          </ns3:TrackPointExtension>
        </extensions>
      </trkpt>
      <trkpt lat="24.48951780796051025390625" lon="118.10495560057461261749267578125">
        <ele>1.2000000476837158203125</ele>
        <time>2025-09-18T13:05:46.000Z</time>
        <extensions>
          <ns3:TrackPointExtension>
            <ns3:hr>138</ns3:hr>
          </ns3:TrackPointExtension>
        </extensions>
      </trkpt>
      <trkpt lat="24.489519484341144561767578125" lon="118.104934729635715484619140625">
        <ele>1.2000000476837158203125</ele>
        <time>2025-09-18T13:05:48.000Z</time>
        <extensions>
          <ns3:TrackPointExtension>
            <ns3:hr>137</ns3:hr>
          </ns3:TrackPointExtension>
        </extensions>
      </trkpt>
      <trkpt lat="24.48952090926468372344970703125" lon="118.10491469688713550567626953125">
        <ele>1.39999997615814208984375</ele>
        <time>2025-09-18T13:05:49.000Z</time>
        <extensions>
          <ns3:TrackPointExtension>
            <ns3:hr>137</ns3:hr>
          </ns3:TrackPointExtension>
        </extensions>
      </trkpt>
      <trkpt lat="24.4895230047404766082763671875" lon="118.10489483177661895751953125">
        <ele>1.39999997615814208984375</ele>
        <time>2025-09-18T13:05:50.000Z</time>
        <extensions>
          <ns3:TrackPointExtension>
            <ns3:hr>137</ns3:hr>
          </ns3:TrackPointExtension>
        </extensions>
      </trkpt>
      <trkpt lat="24.48952644132077693939208984375" lon="118.104875385761260986328125">
        <ele>1.60000002384185791015625</ele>
        <time>2025-09-18T13:05:51.000Z</time>
        <extensions>
          <ns3:TrackPointExtension>
            <ns3:hr>136</ns3:hr>
          </ns3:TrackPointExtension>
        </extensions>
      </trkpt>
      <trkpt lat="24.4895317219197750091552734375" lon="118.1048564426600933074951171875">
        <ele>1.60000002384185791015625</ele>
        <time>2025-09-18T13:05:52.000Z</time>
        <extensions>
          <ns3:TrackPointExtension>
            <ns3:hr>136</ns3:hr>
          </ns3:TrackPointExtension>
        </extensions>
      </trkpt>
      <trkpt lat="24.4895394332706928253173828125" lon="118.10483808629214763641357421875">
        <ele>1.7999999523162841796875</ele>
        <time>2025-09-18T13:05:53.000Z</time>
        <extensions>
          <ns3:TrackPointExtension>
            <ns3:hr>136</ns3:hr>
          </ns3:TrackPointExtension>
        </extensions>
      </trkpt>
      <trkpt lat="24.48954991064965724945068359375" lon="118.1048205681145191192626953125">
        <ele>1.7999999523162841796875</ele>
        <time>2025-09-18T13:05:54.000Z</time>
        <extensions>
          <ns3:TrackPointExtension>
            <ns3:hr>136</ns3:hr>
          </ns3:TrackPointExtension>
        </extensions>
      </trkpt>
      <trkpt lat="24.48956332169473171234130859375" lon="118.1048038043081760406494140625">
        <ele>1.7999999523162841796875</ele>
        <time>2025-09-18T13:05:55.000Z</time>
        <extensions>
          <ns3:TrackPointExtension>
            <ns3:hr>136</ns3:hr>
          </ns3:TrackPointExtension>
        </extensions>
      </trkpt>
      <trkpt lat="24.489579163491725921630859375" lon="118.10478754341602325439453125">
        <ele>2</ele>
        <time>2025-09-18T13:05:56.000Z</time>
        <extensions>
          <ns3:TrackPointExtension>
            <ns3:hr>136</ns3:hr>
          </ns3:TrackPointExtension>
        </extensions>
      </trkpt>
      <trkpt lat="24.48959701694548130035400390625" lon="118.10477203689515590667724609375">
        <ele>1.7999999523162841796875</ele>
        <time>2025-09-18T13:05:57.000Z</time>
        <extensions>
          <ns3:TrackPointExtension>
            <ns3:hr>136</ns3:hr>
          </ns3:TrackPointExtension>
        </extensions>
      </trkpt>
      <trkpt lat="24.4896165467798709869384765625" lon="118.104757033288478851318359375">
        <ele>2</ele>
        <time>2025-09-18T13:05:58.000Z</time>
        <extensions>
          <ns3:TrackPointExtension>
            <ns3:hr>134</ns3:hr>
          </ns3:TrackPointExtension>
        </extensions>
      </trkpt>
      <trkpt lat="24.48963708244264125823974609375" lon="118.10474219731986522674560546875">
        <ele>2</ele>
        <time>2025-09-18T13:05:59.000Z</time>
        <extensions>
          <ns3:TrackPointExtension>
            <ns3:hr>134</ns3:hr>
          </ns3:TrackPointExtension>
        </extensions>
      </trkpt>
      <trkpt lat="24.48965770192444324493408203125" lon="118.10472727753221988677978515625">
        <ele>2.2000000476837158203125</ele>
        <time>2025-09-18T13:06:00.000Z</time>
        <extensions>
          <ns3:TrackPointExtension>
            <ns3:hr>134</ns3:hr>
          </ns3:TrackPointExtension>
        </extensions>
      </trkpt>
      <trkpt lat="24.48967806994915008544921875" lon="118.104712106287479400634765625">
        <ele>2.2000000476837158203125</ele>
        <time>2025-09-18T13:06:01.000Z</time>
        <extensions>
          <ns3:TrackPointExtension>
            <ns3:hr>134</ns3:hr>
          </ns3:TrackPointExtension>
        </extensions>
      </trkpt>
      <trkpt lat="24.48969827033579349517822265625" lon="118.10469643212854862213134765625">
        <ele>2.400000095367431640625</ele>
        <time>2025-09-18T13:06:02.000Z</time>
        <extensions>
          <ns3:TrackPointExtension>
            <ns3:hr>134</ns3:hr>
          </ns3:TrackPointExtension>
        </extensions>
      </trkpt>
      <trkpt lat="24.48971821926534175872802734375" lon="118.1046804226934909820556640625">
        <ele>2.400000095367431640625</ele>
        <time>2025-09-18T13:06:03.000Z</time>
        <extensions>
          <ns3:TrackPointExtension>
            <ns3:hr>134</ns3:hr>
          </ns3:TrackPointExtension>
        </extensions>
      </trkpt>
      <trkpt lat="24.489738084375858306884765625" lon="118.1046639941632747650146484375">
        <ele>2.599999904632568359375</ele>
        <time>2025-09-18T13:06:04.000Z</time>
        <extensions>
          <ns3:TrackPointExtension>
            <ns3:hr>134</ns3:hr>
          </ns3:TrackPointExtension>
        </extensions>
      </trkpt>
      <trkpt lat="24.4897578656673431396484375" lon="118.10464697889983654022216796875">
        <ele>2.599999904632568359375</ele>
        <time>2025-09-18T13:06:05.000Z</time>
        <extensions>
          <ns3:TrackPointExtension>
            <ns3:hr>134</ns3:hr>
          </ns3:TrackPointExtension>
        </extensions>
      </trkpt>
      <trkpt lat="24.48977722786366939544677734375" lon="118.10462904162704944610595703125">
        <ele>2.7999999523162841796875</ele>
        <time>2025-09-18T13:06:06.000Z</time>
        <extensions>
          <ns3:TrackPointExtension>
            <ns3:hr>134</ns3:hr>
          </ns3:TrackPointExtension>
        </extensions>
      </trkpt>
      <trkpt lat="24.48981511406600475311279296875" lon="118.1045898981392383575439453125">
        <ele>3</ele>
        <time>2025-09-18T13:06:07.000Z</time>
        <extensions>
          <ns3:TrackPointExtension>
            <ns3:hr>135</ns3:hr>
          </ns3:TrackPointExtension>
        </extensions>
      </trkpt>
      <trkpt lat="24.48983405716717243194580078125" lon="118.10456852428615093231201171875">
        <ele>3.2000000476837158203125</ele>
        <time>2025-09-18T13:06:08.000Z</time>
        <extensions>
          <ns3:TrackPointExtension>
            <ns3:hr>135</ns3:hr>
          </ns3:TrackPointExtension>
        </extensions>
      </trkpt>
      <trkpt lat="24.48985266499221324920654296875" lon="118.10454622842371463775634765625">
        <ele>3.599999904632568359375</ele>
        <time>2025-09-18T13:06:09.000Z</time>
        <extensions>
          <ns3:TrackPointExtension>
            <ns3:hr>135</ns3:hr>
          </ns3:TrackPointExtension>
        </extensions>
      </trkpt>
      <trkpt lat="24.48987076990306377410888671875" lon="118.10452309437096118927001953125">
        <ele>3.7999999523162841796875</ele>
        <time>2025-09-18T13:06:10.000Z</time>
        <extensions>
          <ns3:TrackPointExtension>
            <ns3:hr>137</ns3:hr>
          </ns3:TrackPointExtension>
        </extensions>
      </trkpt>
      <trkpt lat="24.489888288080692291259765625" lon="118.10449945740401744842529296875">
        <ele>3.7999999523162841796875</ele>
        <time>2025-09-18T13:06:11.000Z</time>
        <extensions>
          <ns3:TrackPointExtension>
            <ns3:hr>137</ns3:hr>
          </ns3:TrackPointExtension>
        </extensions>
      </trkpt>
      <trkpt lat="24.489905051887035369873046875" lon="118.104475401341915130615234375">
        <ele>3.7999999523162841796875</ele>
        <time>2025-09-18T13:06:12.000Z</time>
        <extensions>
          <ns3:TrackPointExtension>
            <ns3:hr>137</ns3:hr>
          </ns3:TrackPointExtension>
        </extensions>
      </trkpt>
      <trkpt lat="24.4899213127791881561279296875" lon="118.10445084236562252044677734375">
        <ele>4</ele>
        <time>2025-09-18T13:06:13.000Z</time>
        <extensions>
          <ns3:TrackPointExtension>
            <ns3:hr>137</ns3:hr>
          </ns3:TrackPointExtension>
        </extensions>
      </trkpt>
      <trkpt lat="24.48993732221424579620361328125" lon="118.1044256128370761871337890625">
        <ele>4.19999980926513671875</ele>
        <time>2025-09-18T13:06:14.000Z</time>
        <extensions>
          <ns3:TrackPointExtension>
            <ns3:hr>137</ns3:hr>
          </ns3:TrackPointExtension>
        </extensions>
      </trkpt>
      <trkpt lat="24.489953331649303436279296875" lon="118.10439971275627613067626953125">
        <ele>4.19999980926513671875</ele>
        <time>2025-09-18T13:06:15.000Z</time>
        <extensions>
          <ns3:TrackPointExtension>
            <ns3:hr>137</ns3:hr>
          </ns3:TrackPointExtension>
        </extensions>
      </trkpt>
      <trkpt lat="24.48996900580823421478271484375" lon="118.10437322594225406646728515625">
        <ele>4.400000095367431640625</ele>
        <time>2025-09-18T13:06:16.000Z</time>
        <extensions>
          <ns3:TrackPointExtension>
            <ns3:hr>137</ns3:hr>
          </ns3:TrackPointExtension>
        </extensions>
      </trkpt>
      <trkpt lat="24.48998409323394298553466796875" lon="118.10434640385210514068603515625">
        <ele>4.599999904632568359375</ele>
        <time>2025-09-18T13:06:17.000Z</time>
        <extensions>
          <ns3:TrackPointExtension>
            <ns3:hr>137</ns3:hr>
          </ns3:TrackPointExtension>
        </extensions>
      </trkpt>
      <trkpt lat="24.48999867774546146392822265625" lon="118.104319162666797637939453125">
        <ele>4.599999904632568359375</ele>
        <time>2025-09-18T13:06:18.000Z</time>
        <extensions>
          <ns3:TrackPointExtension>
            <ns3:hr>138</ns3:hr>
          </ns3:TrackPointExtension>
        </extensions>
      </trkpt>
      <trkpt lat="24.4900128431618213653564453125" lon="118.10429141856729984283447265625">
        <ele>4.80000019073486328125</ele>
        <time>2025-09-18T13:06:19.000Z</time>
        <extensions>
          <ns3:TrackPointExtension>
            <ns3:hr>138</ns3:hr>
          </ns3:TrackPointExtension>
        </extensions>
      </trkpt>
      <trkpt lat="24.49002675712108612060546875" lon="118.10426325537264347076416015625">
        <ele>5</ele>
        <time>2025-09-18T13:06:20.000Z</time>
        <extensions>
          <ns3:TrackPointExtension>
            <ns3:hr>138</ns3:hr>
          </ns3:TrackPointExtension>
        </extensions>
      </trkpt>
      <trkpt lat="24.49004008434712886810302734375" lon="118.10423492453992366790771484375">
        <ele>5.19999980926513671875</ele>
        <time>2025-09-18T13:06:21.000Z</time>
        <extensions>
          <ns3:TrackPointExtension>
            <ns3:hr>138</ns3:hr>
          </ns3:TrackPointExtension>
        </extensions>
      </trkpt>
      <trkpt lat="24.4900527410209178924560546875" lon="118.104206509888172149658203125">
        <ele>5.19999980926513671875</ele>
        <time>2025-09-18T13:06:22.000Z</time>
        <extensions>
          <ns3:TrackPointExtension>
            <ns3:hr>138</ns3:hr>
          </ns3:TrackPointExtension>
        </extensions>
      </trkpt>
      <trkpt lat="24.490064643323421478271484375" lon="118.1041781790554523468017578125">
        <ele>5.19999980926513671875</ele>
        <time>2025-09-18T13:06:23.000Z</time>
        <extensions>
          <ns3:TrackPointExtension>
            <ns3:hr>138</ns3:hr>
          </ns3:TrackPointExtension>
        </extensions>
      </trkpt>
      <trkpt lat="24.49007562361657619476318359375" lon="118.10414959676563739776611328125">
        <ele>5.19999980926513671875</ele>
        <time>2025-09-18T13:06:24.000Z</time>
        <extensions>
          <ns3:TrackPointExtension>
            <ns3:hr>139</ns3:hr>
          </ns3:TrackPointExtension>
        </extensions>
      </trkpt>
      <trkpt lat="24.490086100995540618896484375" lon="118.10412042774260044097900390625">
        <ele>5</ele>
        <time>2025-09-18T13:06:25.000Z</time>
        <extensions>
          <ns3:TrackPointExtension>
            <ns3:hr>139</ns3:hr>
          </ns3:TrackPointExtension>
        </extensions>
      </trkpt>
      <trkpt lat="24.490096159279346466064453125" lon="118.10409075580537319183349609375">
        <ele>5</ele>
        <time>2025-09-18T13:06:26.000Z</time>
        <extensions>
          <ns3:TrackPointExtension>
            <ns3:hr>139</ns3:hr>
          </ns3:TrackPointExtension>
        </extensions>
      </trkpt>
      <trkpt lat="24.49010546319186687469482421875" lon="118.10406066477298736572265625">
        <ele>5</ele>
        <time>2025-09-18T13:06:27.000Z</time>
        <extensions>
          <ns3:TrackPointExtension>
            <ns3:hr>139</ns3:hr>
          </ns3:TrackPointExtension>
        </extensions>
      </trkpt>
      <trkpt lat="24.49011384509503841400146484375" lon="118.10403023846447467803955078125">
        <ele>5</ele>
        <time>2025-09-18T13:06:28.000Z</time>
        <extensions>
          <ns3:TrackPointExtension>
            <ns3:hr>139</ns3:hr>
          </ns3:TrackPointExtension>
        </extensions>
      </trkpt>
      <trkpt lat="24.4901211373507976531982421875" lon="118.1039994768798351287841796875">
        <ele>5</ele>
        <time>2025-09-18T13:06:29.000Z</time>
        <extensions>
          <ns3:TrackPointExtension>
            <ns3:hr>139</ns3:hr>
          </ns3:TrackPointExtension>
        </extensions>
      </trkpt>
      <trkpt lat="24.4901275075972080230712890625" lon="118.1039686314761638641357421875">
        <ele>5</ele>
        <time>2025-09-18T13:06:30.000Z</time>
        <extensions>
          <ns3:TrackPointExtension>
            <ns3:hr>139</ns3:hr>
          </ns3:TrackPointExtension>
        </extensions>
      </trkpt>
      <trkpt lat="24.490133039653301239013671875" lon="118.10393803752958774566650390625">
        <ele>5</ele>
        <time>2025-09-18T13:06:31.000Z</time>
        <extensions>
          <ns3:TrackPointExtension>
            <ns3:hr>140</ns3:hr>
          </ns3:TrackPointExtension>
        </extensions>
      </trkpt>
      <trkpt lat="24.49013798497617244720458984375" lon="118.1039076112210750579833984375">
        <ele>5</ele>
        <time>2025-09-18T13:06:32.000Z</time>
        <extensions>
          <ns3:TrackPointExtension>
            <ns3:hr>140</ns3:hr>
          </ns3:TrackPointExtension>
        </extensions>
      </trkpt>
      <trkpt lat="24.4901425950229167938232421875" lon="118.10387735255062580108642578125">
        <ele>4.80000019073486328125</ele>
        <time>2025-09-18T13:06:33.000Z</time>
        <extensions>
          <ns3:TrackPointExtension>
            <ns3:hr>140</ns3:hr>
          </ns3:TrackPointExtension>
        </extensions>
      </trkpt>
      <trkpt lat="24.490147121250629425048828125" lon="118.1038472615182399749755859375">
        <ele>4.80000019073486328125</ele>
        <time>2025-09-18T13:06:34.000Z</time>
        <extensions>
          <ns3:TrackPointExtension>
            <ns3:hr>140</ns3:hr>
          </ns3:TrackPointExtension>
        </extensions>
      </trkpt>
      <trkpt lat="24.4901513122022151947021484375" lon="118.10381700284779071807861328125">
        <ele>4.80000019073486328125</ele>
        <time>2025-09-18T13:06:35.000Z</time>
        <extensions>
          <ns3:TrackPointExtension>
            <ns3:hr>141</ns3:hr>
          </ns3:TrackPointExtension>
        </extensions>
      </trkpt>
      <trkpt lat="24.490155167877674102783203125" lon="118.10378666035830974578857421875">
        <ele>4.80000019073486328125</ele>
        <time>2025-09-18T13:06:36.000Z</time>
        <extensions>
          <ns3:TrackPointExtension>
            <ns3:hr>141</ns3:hr>
          </ns3:TrackPointExtension>
        </extensions>
      </trkpt>
      <trkpt lat="24.490158520638942718505859375" lon="118.10375598259270191192626953125">
        <ele>4.80000019073486328125</ele>
        <time>2025-09-18T13:06:37.000Z</time>
        <extensions>
          <ns3:TrackPointExtension>
            <ns3:hr>141</ns3:hr>
          </ns3:TrackPointExtension>
        </extensions>
      </trkpt>
      <trkpt lat="24.49016128666698932647705078125" lon="118.1037252210080623626708984375">
        <ele>4.80000019073486328125</ele>
        <time>2025-09-18T13:06:38.000Z</time>
        <extensions>
          <ns3:TrackPointExtension>
            <ns3:hr>141</ns3:hr>
          </ns3:TrackPointExtension>
        </extensions>
      </trkpt>
      <trkpt lat="24.4901633821427822113037109375" lon="118.10369454324245452880859375">
        <ele>4.80000019073486328125</ele>
        <time>2025-09-18T13:06:39.000Z</time>
        <extensions>
          <ns3:TrackPointExtension>
            <ns3:hr>141</ns3:hr>
          </ns3:TrackPointExtension>
        </extensions>
      </trkpt>
      <trkpt lat="24.49016480706632137298583984375" lon="118.10366394929587841033935546875">
        <ele>4.80000019073486328125</ele>
        <time>2025-09-18T13:06:40.000Z</time>
        <extensions>
          <ns3:TrackPointExtension>
            <ns3:hr>141</ns3:hr>
          </ns3:TrackPointExtension>
        </extensions>
      </trkpt>
      <trkpt lat="24.49016598053276538848876953125" lon="118.1036333553493022918701171875">
        <ele>5</ele>
        <time>2025-09-18T13:06:41.000Z</time>
        <extensions>
          <ns3:TrackPointExtension>
            <ns3:hr>141</ns3:hr>
          </ns3:TrackPointExtension>
        </extensions>
      </trkpt>
      <trkpt lat="24.4901669025421142578125" lon="118.10360259376466274261474609375">
        <ele>5</ele>
        <time>2025-09-18T13:06:42.000Z</time>
        <extensions>
          <ns3:TrackPointExtension>
            <ns3:hr>141</ns3:hr>
          </ns3:TrackPointExtension>
        </extensions>
      </trkpt>
      <trkpt lat="24.490167237818241119384765625" lon="118.1035719998180866241455078125">
        <ele>5.19999980926513671875</ele>
        <time>2025-09-18T13:06:43.000Z</time>
        <extensions>
          <ns3:TrackPointExtension>
            <ns3:hr>141</ns3:hr>
          </ns3:TrackPointExtension>
        </extensions>
      </trkpt>
      <trkpt lat="24.4901669025421142578125" lon="118.1035414896905422210693359375">
        <ele>5.19999980926513671875</ele>
        <time>2025-09-18T13:06:44.000Z</time>
        <extensions>
          <ns3:TrackPointExtension>
            <ns3:hr>141</ns3:hr>
          </ns3:TrackPointExtension>
        </extensions>
      </trkpt>
      <trkpt lat="24.49016581289470195770263671875" lon="118.103511147201061248779296875">
        <ele>5.400000095367431640625</ele>
        <time>2025-09-18T13:06:45.000Z</time>
        <extensions>
          <ns3:TrackPointExtension>
            <ns3:hr>141</ns3:hr>
          </ns3:TrackPointExtension>
        </extensions>
      </trkpt>
      <trkpt lat="24.4901637174189090728759765625" lon="118.103480637073516845703125">
        <ele>5.400000095367431640625</ele>
        <time>2025-09-18T13:06:46.000Z</time>
        <extensions>
          <ns3:TrackPointExtension>
            <ns3:hr>141</ns3:hr>
          </ns3:TrackPointExtension>
        </extensions>
      </trkpt>
      <trkpt lat="24.4901606999337673187255859375" lon="118.10345021076500415802001953125">
        <ele>5.599999904632568359375</ele>
        <time>2025-09-18T13:06:47.000Z</time>
        <extensions>
          <ns3:TrackPointExtension>
            <ns3:hr>142</ns3:hr>
          </ns3:TrackPointExtension>
        </extensions>
      </trkpt>
      <trkpt lat="24.4901566766202449798583984375" lon="118.1034201197326183319091796875">
        <ele>5.599999904632568359375</ele>
        <time>2025-09-18T13:06:48.000Z</time>
        <extensions>
          <ns3:TrackPointExtension>
            <ns3:hr>143</ns3:hr>
          </ns3:TrackPointExtension>
        </extensions>
      </trkpt>
      <trkpt lat="24.49015147984027862548828125" lon="118.10339011251926422119140625">
        <ele>5.80000019073486328125</ele>
        <time>2025-09-18T13:06:49.000Z</time>
        <extensions>
          <ns3:TrackPointExtension>
            <ns3:hr>143</ns3:hr>
          </ns3:TrackPointExtension>
        </extensions>
      </trkpt>
      <trkpt lat="24.49014552868902683258056640625" lon="118.103360272943973541259765625">
        <ele>5.80000019073486328125</ele>
        <time>2025-09-18T13:06:50.000Z</time>
        <extensions>
          <ns3:TrackPointExtension>
            <ns3:hr>143</ns3:hr>
          </ns3:TrackPointExtension>
        </extensions>
      </trkpt>
      <trkpt lat="24.49013882316648960113525390625" lon="118.103330768644809722900390625">
        <ele>6</ele>
        <time>2025-09-18T13:06:51.000Z</time>
        <extensions>
          <ns3:TrackPointExtension>
            <ns3:hr>143</ns3:hr>
          </ns3:TrackPointExtension>
        </extensions>
      </trkpt>
      <trkpt lat="24.49013144709169864654541015625" lon="118.10330159962177276611328125">
        <ele>6.19999980926513671875</ele>
        <time>2025-09-18T13:06:52.000Z</time>
        <extensions>
          <ns3:TrackPointExtension>
            <ns3:hr>143</ns3:hr>
          </ns3:TrackPointExtension>
        </extensions>
      </trkpt>
      <trkpt lat="24.49012331664562225341796875" lon="118.103272430598735809326171875">
        <ele>6.400000095367431640625</ele>
        <time>2025-09-18T13:06:53.000Z</time>
        <extensions>
          <ns3:TrackPointExtension>
            <ns3:hr>145</ns3:hr>
          </ns3:TrackPointExtension>
        </extensions>
      </trkpt>
      <trkpt lat="24.49011468328535556793212890625" lon="118.10324351303279399871826171875">
        <ele>6.400000095367431640625</ele>
        <time>2025-09-18T13:06:54.000Z</time>
        <extensions>
          <ns3:TrackPointExtension>
            <ns3:hr>145</ns3:hr>
          </ns3:TrackPointExtension>
        </extensions>
      </trkpt>
      <trkpt lat="24.490105547010898590087890625" lon="118.1032149307429790496826171875">
        <ele>6.599999904632568359375</ele>
        <time>2025-09-18T13:06:55.000Z</time>
        <extensions>
          <ns3:TrackPointExtension>
            <ns3:hr>145</ns3:hr>
          </ns3:TrackPointExtension>
        </extensions>
      </trkpt>
      <trkpt lat="24.49009624309837818145751953125" lon="118.1031867675483226776123046875">
        <ele>6.599999904632568359375</ele>
        <time>2025-09-18T13:06:56.000Z</time>
        <extensions>
          <ns3:TrackPointExtension>
            <ns3:hr>145</ns3:hr>
          </ns3:TrackPointExtension>
        </extensions>
      </trkpt>
      <trkpt lat="24.49008652009069919586181640625" lon="118.10315885581076145172119140625">
        <ele>6.80000019073486328125</ele>
        <time>2025-09-18T13:06:57.000Z</time>
        <extensions>
          <ns3:TrackPointExtension>
            <ns3:hr>145</ns3:hr>
          </ns3:TrackPointExtension>
        </extensions>
      </trkpt>
      <trkpt lat="24.4900762103497982025146484375" lon="118.103131614625453948974609375">
        <ele>6.80000019073486328125</ele>
        <time>2025-09-18T13:06:58.000Z</time>
        <extensions>
          <ns3:TrackPointExtension>
            <ns3:hr>145</ns3:hr>
          </ns3:TrackPointExtension>
        </extensions>
      </trkpt>
      <trkpt lat="24.490065313875675201416015625" lon="118.10310470871627330780029296875">
        <ele>6.80000019073486328125</ele>
        <time>2025-09-18T13:06:59.000Z</time>
        <extensions>
          <ns3:TrackPointExtension>
            <ns3:hr>145</ns3:hr>
          </ns3:TrackPointExtension>
        </extensions>
      </trkpt>
      <trkpt lat="24.49005366303026676177978515625" lon="118.1030778028070926666259765625">
        <ele>6.80000019073486328125</ele>
        <time>2025-09-18T13:07:00.000Z</time>
        <extensions>
          <ns3:TrackPointExtension>
            <ns3:hr>145</ns3:hr>
          </ns3:TrackPointExtension>
        </extensions>
      </trkpt>
      <trkpt lat="24.4900413416326045989990234375" lon="118.10305081307888031005859375">
        <ele>7</ele>
        <time>2025-09-18T13:07:01.000Z</time>
        <extensions>
          <ns3:TrackPointExtension>
            <ns3:hr>145</ns3:hr>
          </ns3:TrackPointExtension>
        </extensions>
      </trkpt>
      <trkpt lat="24.49002818204462528228759765625" lon="118.103023655712604522705078125">
        <ele>7</ele>
        <time>2025-09-18T13:07:02.000Z</time>
        <extensions>
          <ns3:TrackPointExtension>
            <ns3:hr>145</ns3:hr>
          </ns3:TrackPointExtension>
        </extensions>
      </trkpt>
      <trkpt lat="24.4900141842663288116455078125" lon="118.1029963307082653045654296875">
        <ele>7</ele>
        <time>2025-09-18T13:07:03.000Z</time>
        <extensions>
          <ns3:TrackPointExtension>
            <ns3:hr>145</ns3:hr>
          </ns3:TrackPointExtension>
        </extensions>
      </trkpt>
      <trkpt lat="24.48999968357384204864501953125" lon="118.10296942479908466339111328125">
        <ele>7</ele>
        <time>2025-09-18T13:07:04.000Z</time>
        <extensions>
          <ns3:TrackPointExtension>
            <ns3:hr>145</ns3:hr>
          </ns3:TrackPointExtension>
        </extensions>
      </trkpt>
      <trkpt lat="24.48998459614813327789306640625" lon="118.102943189442157745361328125">
        <ele>7</ele>
        <time>2025-09-18T13:07:05.000Z</time>
        <extensions>
          <ns3:TrackPointExtension>
            <ns3:hr>145</ns3:hr>
          </ns3:TrackPointExtension>
        </extensions>
      </trkpt>
      <trkpt lat="24.48996900580823421478271484375" lon="118.10291712172329425811767578125">
        <ele>7</ele>
        <time>2025-09-18T13:07:06.000Z</time>
        <extensions>
          <ns3:TrackPointExtension>
            <ns3:hr>145</ns3:hr>
          </ns3:TrackPointExtension>
        </extensions>
      </trkpt>
      <trkpt lat="24.48995291255414485931396484375" lon="118.1028913892805576324462890625">
        <ele>7</ele>
        <time>2025-09-18T13:07:07.000Z</time>
        <extensions>
          <ns3:TrackPointExtension>
            <ns3:hr>145</ns3:hr>
          </ns3:TrackPointExtension>
        </extensions>
      </trkpt>
      <trkpt lat="24.4899364002048969268798828125" lon="118.102866075932979583740234375">
        <ele>7</ele>
        <time>2025-09-18T13:07:08.000Z</time>
        <extensions>
          <ns3:TrackPointExtension>
            <ns3:hr>145</ns3:hr>
          </ns3:TrackPointExtension>
        </extensions>
      </trkpt>
      <trkpt lat="24.48991938494145870208740234375" lon="118.10284151695668697357177734375">
        <ele>7</ele>
        <time>2025-09-18T13:07:09.000Z</time>
        <extensions>
          <ns3:TrackPointExtension>
            <ns3:hr>145</ns3:hr>
          </ns3:TrackPointExtension>
        </extensions>
      </trkpt>
      <trkpt lat="24.48990144766867160797119140625" lon="118.10281746089458465576171875">
        <ele>7</ele>
        <time>2025-09-18T13:07:10.000Z</time>
        <extensions>
          <ns3:TrackPointExtension>
            <ns3:hr>145</ns3:hr>
          </ns3:TrackPointExtension>
        </extensions>
      </trkpt>
      <trkpt lat="24.48988267220556735992431640625" lon="118.10279390774667263031005859375">
        <ele>7</ele>
        <time>2025-09-18T13:07:11.000Z</time>
        <extensions>
          <ns3:TrackPointExtension>
            <ns3:hr>145</ns3:hr>
          </ns3:TrackPointExtension>
        </extensions>
      </trkpt>
      <trkpt lat="24.48986322619020938873291015625" lon="118.1027706898748874664306640625">
        <ele>7</ele>
        <time>2025-09-18T13:07:12.000Z</time>
        <extensions>
          <ns3:TrackPointExtension>
            <ns3:hr>145</ns3:hr>
          </ns3:TrackPointExtension>
        </extensions>
      </trkpt>
      <trkpt lat="24.48984302580356597900390625" lon="118.10274814255535602569580078125">
        <ele>7</ele>
        <time>2025-09-18T13:07:13.000Z</time>
        <extensions>
          <ns3:TrackPointExtension>
            <ns3:hr>145</ns3:hr>
          </ns3:TrackPointExtension>
        </extensions>
      </trkpt>
      <trkpt lat="24.48982215486466884613037109375" lon="118.10272668488323688507080078125">
        <ele>7</ele>
        <time>2025-09-18T13:07:14.000Z</time>
        <extensions>
          <ns3:TrackPointExtension>
            <ns3:hr>145</ns3:hr>
          </ns3:TrackPointExtension>
        </extensions>
      </trkpt>
      <trkpt lat="24.4898007810115814208984375" lon="118.10270606540143489837646484375">
        <ele>7.19999980926513671875</ele>
        <time>2025-09-18T13:07:15.000Z</time>
        <extensions>
          <ns3:TrackPointExtension>
            <ns3:hr>145</ns3:hr>
          </ns3:TrackPointExtension>
        </extensions>
      </trkpt>
      <trkpt lat="24.48977907188236713409423828125" lon="118.1026858650147914886474609375">
        <ele>7.19999980926513671875</ele>
        <time>2025-09-18T13:07:16.000Z</time>
        <extensions>
          <ns3:TrackPointExtension>
            <ns3:hr>145</ns3:hr>
          </ns3:TrackPointExtension>
        </extensions>
      </trkpt>
      <trkpt lat="24.48975711129605770111083984375" lon="118.1026657484471797943115234375">
        <ele>7.19999980926513671875</ele>
        <time>2025-09-18T13:07:17.000Z</time>
        <extensions>
          <ns3:TrackPointExtension>
            <ns3:hr>145</ns3:hr>
          </ns3:TrackPointExtension>
        </extensions>
      </trkpt>
      <trkpt lat="24.4897348992526531219482421875" lon="118.10264605097472667694091796875">
        <ele>7.400000095367431640625</ele>
        <time>2025-09-18T13:07:18.000Z</time>
        <extensions>
          <ns3:TrackPointExtension>
            <ns3:hr>145</ns3:hr>
          </ns3:TrackPointExtension>
        </extensions>
      </trkpt>
      <trkpt lat="24.48971235193312168121337890625" lon="118.10262702405452728271484375">
        <ele>7.400000095367431640625</ele>
        <time>2025-09-18T13:07:19.000Z</time>
        <extensions>
          <ns3:TrackPointExtension>
            <ns3:hr>145</ns3:hr>
          </ns3:TrackPointExtension>
        </extensions>
      </trkpt>
      <trkpt lat="24.48968946933746337890625" lon="118.10260850004851818084716796875">
        <ele>7.599999904632568359375</ele>
        <time>2025-09-18T13:07:20.000Z</time>
        <extensions>
          <ns3:TrackPointExtension>
            <ns3:hr>145</ns3:hr>
          </ns3:TrackPointExtension>
        </extensions>
      </trkpt>
      <trkpt lat="24.48966608382761478424072265625" lon="118.10259039513766765594482421875">
        <ele>7.599999904632568359375</ele>
        <time>2025-09-18T13:07:21.000Z</time>
        <extensions>
          <ns3:TrackPointExtension>
            <ns3:hr>145</ns3:hr>
          </ns3:TrackPointExtension>
        </extensions>
      </trkpt>
      <trkpt lat="24.48964194394648075103759765625" lon="118.1025725416839122772216796875">
        <ele>7.599999904632568359375</ele>
        <time>2025-09-18T13:07:22.000Z</time>
        <extensions>
          <ns3:TrackPointExtension>
            <ns3:hr>145</ns3:hr>
          </ns3:TrackPointExtension>
        </extensions>
      </trkpt>
      <trkpt lat="24.4896172173321247100830078125" lon="118.10255535878241062164306640625">
        <ele>7.80000019073486328125</ele>
        <time>2025-09-18T13:07:23.000Z</time>
        <extensions>
          <ns3:TrackPointExtension>
            <ns3:hr>145</ns3:hr>
          </ns3:TrackPointExtension>
        </extensions>
      </trkpt>
      <trkpt lat="24.48959198780357837677001953125" lon="118.10253876261413097381591796875">
        <ele>7.80000019073486328125</ele>
        <time>2025-09-18T13:07:24.000Z</time>
        <extensions>
          <ns3:TrackPointExtension>
            <ns3:hr>145</ns3:hr>
          </ns3:TrackPointExtension>
        </extensions>
      </trkpt>
      <trkpt lat="24.489566422998905181884765625" lon="118.10252283699810504913330078125">
        <ele>7.80000019073486328125</ele>
        <time>2025-09-18T13:07:25.000Z</time>
        <extensions>
          <ns3:TrackPointExtension>
            <ns3:hr>145</ns3:hr>
          </ns3:TrackPointExtension>
        </extensions>
      </trkpt>
      <trkpt lat="24.48954052291810512542724609375" lon="118.1025074981153011322021484375">
        <ele>8</ele>
        <time>2025-09-18T13:07:26.000Z</time>
        <extensions>
          <ns3:TrackPointExtension>
            <ns3:hr>145</ns3:hr>
          </ns3:TrackPointExtension>
        </extensions>
      </trkpt>
      <trkpt lat="24.4895142875611782073974609375" lon="118.10249282978475093841552734375">
        <ele>8</ele>
        <time>2025-09-18T13:07:27.000Z</time>
        <extensions>
          <ns3:TrackPointExtension>
            <ns3:hr>145</ns3:hr>
          </ns3:TrackPointExtension>
        </extensions>
      </trkpt>
      <trkpt lat="24.48948788456618785858154296875" lon="118.10247891582548618316650390625">
        <ele>8</ele>
        <time>2025-09-18T13:07:28.000Z</time>
        <extensions>
          <ns3:TrackPointExtension>
            <ns3:hr>145</ns3:hr>
          </ns3:TrackPointExtension>
        </extensions>
      </trkpt>
      <trkpt lat="24.48946156539022922515869140625" lon="118.10246609151363372802734375">
        <ele>8</ele>
        <time>2025-09-18T13:07:29.000Z</time>
        <extensions>
          <ns3:TrackPointExtension>
            <ns3:hr>145</ns3:hr>
          </ns3:TrackPointExtension>
        </extensions>
      </trkpt>
      <trkpt lat="24.48943491093814373016357421875" lon="118.1024538539350032806396484375">
        <ele>8</ele>
        <time>2025-09-18T13:07:30.000Z</time>
        <extensions>
          <ns3:TrackPointExtension>
            <ns3:hr>145</ns3:hr>
          </ns3:TrackPointExtension>
        </extensions>
      </trkpt>
      <trkpt lat="24.48940808884799480438232421875" lon="118.10244220308959484100341796875">
        <ele>8.19999980926513671875</ele>
        <time>2025-09-18T13:07:31.000Z</time>
        <extensions>
          <ns3:TrackPointExtension>
            <ns3:hr>146</ns3:hr>
          </ns3:TrackPointExtension>
        </extensions>
      </trkpt>
      <trkpt lat="24.48938109911978244781494140625" lon="118.10243113897740840911865234375">
        <ele>8.19999980926513671875</ele>
        <time>2025-09-18T13:07:32.000Z</time>
        <extensions>
          <ns3:TrackPointExtension>
            <ns3:hr>146</ns3:hr>
          </ns3:TrackPointExtension>
        </extensions>
      </trkpt>
      <trkpt lat="24.48935410939157009124755859375" lon="118.10242049396038055419921875">
        <ele>8.19999980926513671875</ele>
        <time>2025-09-18T13:07:33.000Z</time>
        <extensions>
          <ns3:TrackPointExtension>
            <ns3:hr>146</ns3:hr>
          </ns3:TrackPointExtension>
        </extensions>
      </trkpt>
      <trkpt lat="24.48932695202529430389404296875" lon="118.10241043567657470703125">
        <ele>8.3999996185302734375</ele>
        <time>2025-09-18T13:07:34.000Z</time>
        <extensions>
          <ns3:TrackPointExtension>
            <ns3:hr>146</ns3:hr>
          </ns3:TrackPointExtension>
        </extensions>
      </trkpt>
      <trkpt lat="24.48929979465901851654052734375" lon="118.10240096412599086761474609375">
        <ele>8.3999996185302734375</ele>
        <time>2025-09-18T13:07:35.000Z</time>
        <extensions>
          <ns3:TrackPointExtension>
            <ns3:hr>146</ns3:hr>
          </ns3:TrackPointExtension>
        </extensions>
      </trkpt>
      <trkpt lat="24.48927297256886959075927734375" lon="118.10239207930862903594970703125">
        <ele>8.3999996185302734375</ele>
        <time>2025-09-18T13:07:36.000Z</time>
        <extensions>
          <ns3:TrackPointExtension>
            <ns3:hr>146</ns3:hr>
          </ns3:TrackPointExtension>
        </extensions>
      </trkpt>
      <trkpt lat="24.4892464019358158111572265625" lon="118.1023837812244892120361328125">
        <ele>8.6000003814697265625</ele>
        <time>2025-09-18T13:07:37.000Z</time>
        <extensions>
          <ns3:TrackPointExtension>
            <ns3:hr>146</ns3:hr>
          </ns3:TrackPointExtension>
        </extensions>
      </trkpt>
      <trkpt lat="24.48922016657888889312744140625" lon="118.10237615369260311126708984375">
        <ele>8.80000019073486328125</ele>
        <time>2025-09-18T13:07:38.000Z</time>
        <extensions>
          <ns3:TrackPointExtension>
            <ns3:hr>146</ns3:hr>
          </ns3:TrackPointExtension>
        </extensions>
      </trkpt>
      <trkpt lat="24.4891940988600254058837890625" lon="118.10236894525587558746337890625">
        <ele>9</ele>
        <time>2025-09-18T13:07:39.000Z</time>
        <extensions>
          <ns3:TrackPointExtension>
            <ns3:hr>146</ns3:hr>
          </ns3:TrackPointExtension>
        </extensions>
      </trkpt>
      <trkpt lat="24.4891679473221302032470703125" lon="118.1023623235523700714111328125">
        <ele>9.19999980926513671875</ele>
        <time>2025-09-18T13:07:40.000Z</time>
        <extensions>
          <ns3:TrackPointExtension>
            <ns3:hr>146</ns3:hr>
          </ns3:TrackPointExtension>
        </extensions>
      </trkpt>
      <trkpt lat="24.48914171196520328521728515625" lon="118.1023566238582134246826171875">
        <ele>9.19999980926513671875</ele>
        <time>2025-09-18T13:07:41.000Z</time>
        <extensions>
          <ns3:TrackPointExtension>
            <ns3:hr>147</ns3:hr>
          </ns3:TrackPointExtension>
        </extensions>
      </trkpt>
      <trkpt lat="24.48911556042730808258056640625" lon="118.10235209763050079345703125">
        <ele>9.3999996185302734375</ele>
        <time>2025-09-18T13:07:42.000Z</time>
        <extensions>
          <ns3:TrackPointExtension>
            <ns3:hr>147</ns3:hr>
          </ns3:TrackPointExtension>
        </extensions>
      </trkpt>
      <trkpt lat="24.4890894927084445953369140625" lon="118.10234866105020046234130859375">
        <ele>9.6000003814697265625</ele>
        <time>2025-09-18T13:07:43.000Z</time>
        <extensions>
          <ns3:TrackPointExtension>
            <ns3:hr>147</ns3:hr>
          </ns3:TrackPointExtension>
        </extensions>
      </trkpt>
      <trkpt lat="24.489063508808612823486328125" lon="118.10234614647924900054931640625">
        <ele>9.80000019073486328125</ele>
        <time>2025-09-18T13:07:44.000Z</time>
        <extensions>
          <ns3:TrackPointExtension>
            <ns3:hr>147</ns3:hr>
          </ns3:TrackPointExtension>
        </extensions>
      </trkpt>
      <trkpt lat="24.4890375249087810516357421875" lon="118.10234447009861469268798828125">
        <ele>10</ele>
        <time>2025-09-18T13:07:45.000Z</time>
        <extensions>
          <ns3:TrackPointExtension>
            <ns3:hr>147</ns3:hr>
          </ns3:TrackPointExtension>
        </extensions>
      </trkpt>
      <trkpt lat="24.4890117086470127105712890625" lon="118.102343380451202392578125">
        <ele>10.19999980926513671875</ele>
        <time>2025-09-18T13:07:46.000Z</time>
        <extensions>
          <ns3:TrackPointExtension>
            <ns3:hr>147</ns3:hr>
          </ns3:TrackPointExtension>
        </extensions>
      </trkpt>
      <trkpt lat="24.4889858923852443695068359375" lon="118.10234296135604381561279296875">
        <ele>10.3999996185302734375</ele>
        <time>2025-09-18T13:07:47.000Z</time>
        <extensions>
          <ns3:TrackPointExtension>
            <ns3:hr>147</ns3:hr>
          </ns3:TrackPointExtension>
        </extensions>
      </trkpt>
      <trkpt lat="24.48895999230444431304931640625" lon="118.10234312899410724639892578125">
        <ele>10.3999996185302734375</ele>
        <time>2025-09-18T13:07:48.000Z</time>
        <extensions>
          <ns3:TrackPointExtension>
            <ns3:hr>147</ns3:hr>
          </ns3:TrackPointExtension>
        </extensions>
      </trkpt>
      <trkpt lat="24.488934092223644256591796875" lon="118.102343715727329254150390625">
        <ele>10.6000003814697265625</ele>
        <time>2025-09-18T13:07:49.000Z</time>
        <extensions>
          <ns3:TrackPointExtension>
            <ns3:hr>147</ns3:hr>
          </ns3:TrackPointExtension>
        </extensions>
      </trkpt>
      <trkpt lat="24.4889081083238124847412109375" lon="118.1023448891937732696533203125">
        <ele>10.6000003814697265625</ele>
        <time>2025-09-18T13:07:50.000Z</time>
        <extensions>
          <ns3:TrackPointExtension>
            <ns3:hr>147</ns3:hr>
          </ns3:TrackPointExtension>
        </extensions>
      </trkpt>
      <trkpt lat="24.48888187296688556671142578125" lon="118.1023469008505344390869140625">
        <ele>10.6000003814697265625</ele>
        <time>2025-09-18T13:07:51.000Z</time>
        <extensions>
          <ns3:TrackPointExtension>
            <ns3:hr>147</ns3:hr>
          </ns3:TrackPointExtension>
        </extensions>
      </trkpt>
      <trkpt lat="24.488855637609958648681640625" lon="118.102349750697612762451171875">
        <ele>10.80000019073486328125</ele>
        <time>2025-09-18T13:07:52.000Z</time>
        <extensions>
          <ns3:TrackPointExtension>
            <ns3:hr>146</ns3:hr>
          </ns3:TrackPointExtension>
        </extensions>
      </trkpt>
      <trkpt lat="24.48882915079593658447265625" lon="118.10235343873500823974609375">
        <ele>11</ele>
        <time>2025-09-18T13:07:53.000Z</time>
        <extensions>
          <ns3:TrackPointExtension>
            <ns3:hr>145</ns3:hr>
          </ns3:TrackPointExtension>
        </extensions>
      </trkpt>
      <trkpt lat="24.48880232870578765869140625" lon="118.10235821641981601715087890625">
        <ele>11</ele>
        <time>2025-09-18T13:07:54.000Z</time>
        <extensions>
          <ns3:TrackPointExtension>
            <ns3:hr>145</ns3:hr>
          </ns3:TrackPointExtension>
        </extensions>
      </trkpt>
      <trkpt lat="24.48877542279660701751708984375" lon="118.1023639999330043792724609375">
        <ele>11</ele>
        <time>2025-09-18T13:07:55.000Z</time>
        <extensions>
          <ns3:TrackPointExtension>
            <ns3:hr>145</ns3:hr>
          </ns3:TrackPointExtension>
        </extensions>
      </trkpt>
      <trkpt lat="24.4887488521635532379150390625" lon="118.10237087309360504150390625">
        <ele>11</ele>
        <time>2025-09-18T13:07:56.000Z</time>
        <extensions>
          <ns3:TrackPointExtension>
            <ns3:hr>145</ns3:hr>
          </ns3:TrackPointExtension>
        </extensions>
      </trkpt>
      <trkpt lat="24.4887223653495311737060546875" lon="118.10237866826355457305908203125">
        <ele>11</ele>
        <time>2025-09-18T13:07:57.000Z</time>
        <extensions>
          <ns3:TrackPointExtension>
            <ns3:hr>145</ns3:hr>
          </ns3:TrackPointExtension>
        </extensions>
      </trkpt>
      <trkpt lat="24.48869579471647739410400390625" lon="118.102387301623821258544921875">
        <ele>11</ele>
        <time>2025-09-18T13:07:58.000Z</time>
        <extensions>
          <ns3:TrackPointExtension>
            <ns3:hr>145</ns3:hr>
          </ns3:TrackPointExtension>
        </extensions>
      </trkpt>
      <trkpt lat="24.4886690564453601837158203125" lon="118.1023968569934368133544921875">
        <ele>10.80000019073486328125</ele>
        <time>2025-09-18T13:07:59.000Z</time>
        <extensions>
          <ns3:TrackPointExtension>
            <ns3:hr>145</ns3:hr>
          </ns3:TrackPointExtension>
        </extensions>
      </trkpt>
      <trkpt lat="24.48864198289811611175537109375" lon="118.102407418191432952880859375">
        <ele>10.80000019073486328125</ele>
        <time>2025-09-18T13:08:00.000Z</time>
        <extensions>
          <ns3:TrackPointExtension>
            <ns3:hr>145</ns3:hr>
          </ns3:TrackPointExtension>
        </extensions>
      </trkpt>
      <trkpt lat="24.488614909350872039794921875" lon="118.1024193204939365386962890625">
        <ele>10.6000003814697265625</ele>
        <time>2025-09-18T13:08:01.000Z</time>
        <extensions>
          <ns3:TrackPointExtension>
            <ns3:hr>145</ns3:hr>
          </ns3:TrackPointExtension>
        </extensions>
      </trkpt>
      <trkpt lat="24.48858775198459625244140625" lon="118.10243248008191585540771484375">
        <ele>10.6000003814697265625</ele>
        <time>2025-09-18T13:08:02.000Z</time>
        <extensions>
          <ns3:TrackPointExtension>
            <ns3:hr>145</ns3:hr>
          </ns3:TrackPointExtension>
        </extensions>
      </trkpt>
      <trkpt lat="24.4885607622563838958740234375" lon="118.1024466454982757568359375">
        <ele>10.6000003814697265625</ele>
        <time>2025-09-18T13:08:03.000Z</time>
        <extensions>
          <ns3:TrackPointExtension>
            <ns3:hr>146</ns3:hr>
          </ns3:TrackPointExtension>
        </extensions>
      </trkpt>
      <trkpt lat="24.488533772528171539306640625" lon="118.1024619005620479583740234375">
        <ele>10.6000003814697265625</ele>
        <time>2025-09-18T13:08:04.000Z</time>
        <extensions>
          <ns3:TrackPointExtension>
            <ns3:hr>146</ns3:hr>
          </ns3:TrackPointExtension>
        </extensions>
      </trkpt>
      <trkpt lat="24.48850669898092746734619140625" lon="118.1024779938161373138427734375">
        <ele>10.80000019073486328125</ele>
        <time>2025-09-18T13:08:05.000Z</time>
        <extensions>
          <ns3:TrackPointExtension>
            <ns3:hr>146</ns3:hr>
          </ns3:TrackPointExtension>
        </extensions>
      </trkpt>
      <trkpt lat="24.4884796254336833953857421875" lon="118.1024947576224803924560546875">
        <ele>10.80000019073486328125</ele>
        <time>2025-09-18T13:08:06.000Z</time>
        <extensions>
          <ns3:TrackPointExtension>
            <ns3:hr>146</ns3:hr>
          </ns3:TrackPointExtension>
        </extensions>
      </trkpt>
      <trkpt lat="24.48845230042934417724609375" lon="118.10251194052398204803466796875">
        <ele>10.80000019073486328125</ele>
        <time>2025-09-18T13:08:07.000Z</time>
        <extensions>
          <ns3:TrackPointExtension>
            <ns3:hr>146</ns3:hr>
          </ns3:TrackPointExtension>
        </extensions>
      </trkpt>
      <trkpt lat="24.48842505924403667449951171875" lon="118.102529458701610565185546875">
        <ele>11</ele>
        <time>2025-09-18T13:08:08.000Z</time>
        <extensions>
          <ns3:TrackPointExtension>
            <ns3:hr>146</ns3:hr>
          </ns3:TrackPointExtension>
        </extensions>
      </trkpt>
      <trkpt lat="24.4883981533348560333251953125" lon="118.102546893060207366943359375">
        <ele>10.80000019073486328125</ele>
        <time>2025-09-18T13:08:09.000Z</time>
        <extensions>
          <ns3:TrackPointExtension>
            <ns3:hr>146</ns3:hr>
          </ns3:TrackPointExtension>
        </extensions>
      </trkpt>
      <trkpt lat="24.48837158270180225372314453125" lon="118.10256457887589931488037109375">
        <ele>10.6000003814697265625</ele>
        <time>2025-09-18T13:08:10.000Z</time>
        <extensions>
          <ns3:TrackPointExtension>
            <ns3:hr>147</ns3:hr>
          </ns3:TrackPointExtension>
        </extensions>
      </trkpt>
      <trkpt lat="24.4883455149829387664794921875" lon="118.10258268378674983978271484375">
        <ele>10.6000003814697265625</ele>
        <time>2025-09-18T13:08:11.000Z</time>
        <extensions>
          <ns3:TrackPointExtension>
            <ns3:hr>147</ns3:hr>
          </ns3:TrackPointExtension>
        </extensions>
      </trkpt>
      <trkpt lat="24.48831995017826557159423828125" lon="118.1026010401546955108642578125">
        <ele>10.3999996185302734375</ele>
        <time>2025-09-18T13:08:12.000Z</time>
        <extensions>
          <ns3:TrackPointExtension>
            <ns3:hr>147</ns3:hr>
          </ns3:TrackPointExtension>
        </extensions>
      </trkpt>
      <trkpt lat="24.48829530738294124603271484375" lon="118.10261973179876804351806640625">
        <ele>10.19999980926513671875</ele>
        <time>2025-09-18T13:08:13.000Z</time>
        <extensions>
          <ns3:TrackPointExtension>
            <ns3:hr>147</ns3:hr>
          </ns3:TrackPointExtension>
        </extensions>
      </trkpt>
      <trkpt lat="24.48827133513987064361572265625" lon="118.1026389263570308685302734375">
        <ele>10</ele>
        <time>2025-09-18T13:08:14.000Z</time>
        <extensions>
          <ns3:TrackPointExtension>
            <ns3:hr>147</ns3:hr>
          </ns3:TrackPointExtension>
        </extensions>
      </trkpt>
      <trkpt lat="24.4882477819919586181640625" lon="118.10265862382948398590087890625">
        <ele>9.80000019073486328125</ele>
        <time>2025-09-18T13:08:15.000Z</time>
        <extensions>
          <ns3:TrackPointExtension>
            <ns3:hr>147</ns3:hr>
          </ns3:TrackPointExtension>
        </extensions>
      </trkpt>
      <trkpt lat="24.48822473175823688507080078125" lon="118.10267907567322254180908203125">
        <ele>9.3999996185302734375</ele>
        <time>2025-09-18T13:08:16.000Z</time>
        <extensions>
          <ns3:TrackPointExtension>
            <ns3:hr>148</ns3:hr>
          </ns3:TrackPointExtension>
        </extensions>
      </trkpt>
      <trkpt lat="24.48820193298161029815673828125" lon="118.10270019806921482086181640625">
        <ele>9.19999980926513671875</ele>
        <time>2025-09-18T13:08:17.000Z</time>
        <extensions>
          <ns3:TrackPointExtension>
            <ns3:hr>148</ns3:hr>
          </ns3:TrackPointExtension>
        </extensions>
      </trkpt>
      <trkpt lat="24.4881795533001422882080078125" lon="118.102721907198429107666015625">
        <ele>8.80000019073486328125</ele>
        <time>2025-09-18T13:08:18.000Z</time>
        <extensions>
          <ns3:TrackPointExtension>
            <ns3:hr>148</ns3:hr>
          </ns3:TrackPointExtension>
        </extensions>
      </trkpt>
      <trkpt lat="24.488157927989959716796875" lon="118.10274370014667510986328125">
        <ele>8.3999996185302734375</ele>
        <time>2025-09-18T13:08:19.000Z</time>
        <extensions>
          <ns3:TrackPointExtension>
            <ns3:hr>148</ns3:hr>
          </ns3:TrackPointExtension>
        </extensions>
      </trkpt>
      <trkpt lat="24.48813739232718944549560546875" lon="118.10276557691395282745361328125">
        <ele>8</ele>
        <time>2025-09-18T13:08:20.000Z</time>
        <extensions>
          <ns3:TrackPointExtension>
            <ns3:hr>149</ns3:hr>
          </ns3:TrackPointExtension>
        </extensions>
      </trkpt>
      <trkpt lat="24.48811761103570461273193359375" lon="118.102787621319293975830078125">
        <ele>7.599999904632568359375</ele>
        <time>2025-09-18T13:08:21.000Z</time>
        <extensions>
          <ns3:TrackPointExtension>
            <ns3:hr>149</ns3:hr>
          </ns3:TrackPointExtension>
        </extensions>
      </trkpt>
      <trkpt lat="24.48809850029647350311279296875" lon="118.1028099171817302703857421875">
        <ele>7.599999904632568359375</ele>
        <time>2025-09-18T13:08:22.000Z</time>
        <extensions>
          <ns3:TrackPointExtension>
            <ns3:hr>149</ns3:hr>
          </ns3:TrackPointExtension>
        </extensions>
      </trkpt>
      <trkpt lat="24.488079808652400970458984375" lon="118.1028323806822299957275390625">
        <ele>7.400000095367431640625</ele>
        <time>2025-09-18T13:08:23.000Z</time>
        <extensions>
          <ns3:TrackPointExtension>
            <ns3:hr>149</ns3:hr>
          </ns3:TrackPointExtension>
        </extensions>
      </trkpt>
      <trkpt lat="24.488061368465423583984375" lon="118.10285526327788829803466796875">
        <ele>7.19999980926513671875</ele>
        <time>2025-09-18T13:08:24.000Z</time>
        <extensions>
          <ns3:TrackPointExtension>
            <ns3:hr>149</ns3:hr>
          </ns3:TrackPointExtension>
        </extensions>
      </trkpt>
      <trkpt lat="24.48804351501166820526123046875" lon="118.10287839733064174652099609375">
        <ele>7.19999980926513671875</ele>
        <time>2025-09-18T13:08:25.000Z</time>
        <extensions>
          <ns3:TrackPointExtension>
            <ns3:hr>149</ns3:hr>
          </ns3:TrackPointExtension>
        </extensions>
      </trkpt>
      <trkpt lat="24.48802649974822998046875" lon="118.102901615202426910400390625">
        <ele>7</ele>
        <time>2025-09-18T13:08:26.000Z</time>
        <extensions>
          <ns3:TrackPointExtension>
            <ns3:hr>148</ns3:hr>
          </ns3:TrackPointExtension>
        </extensions>
      </trkpt>
      <trkpt lat="24.48801049031317234039306640625" lon="118.10292500071227550506591796875">
        <ele>6.80000019073486328125</ele>
        <time>2025-09-18T13:08:27.000Z</time>
        <extensions>
          <ns3:TrackPointExtension>
            <ns3:hr>148</ns3:hr>
          </ns3:TrackPointExtension>
        </extensions>
      </trkpt>
      <trkpt lat="24.487995319068431854248046875" lon="118.102948553860187530517578125">
        <ele>6.80000019073486328125</ele>
        <time>2025-09-18T13:08:28.000Z</time>
        <extensions>
          <ns3:TrackPointExtension>
            <ns3:hr>148</ns3:hr>
          </ns3:TrackPointExtension>
        </extensions>
      </trkpt>
      <trkpt lat="24.487980902194976806640625" lon="118.10297210700809955596923828125">
        <ele>7</ele>
        <time>2025-09-18T13:08:29.000Z</time>
        <extensions>
          <ns3:TrackPointExtension>
            <ns3:hr>148</ns3:hr>
          </ns3:TrackPointExtension>
        </extensions>
      </trkpt>
      <trkpt lat="24.4879676587879657745361328125" lon="118.10299540869891643524169921875">
        <ele>7.19999980926513671875</ele>
        <time>2025-09-18T13:08:30.000Z</time>
        <extensions>
          <ns3:TrackPointExtension>
            <ns3:hr>148</ns3:hr>
          </ns3:TrackPointExtension>
        </extensions>
      </trkpt>
      <trkpt lat="24.48795584030449390411376953125" lon="118.103018291294574737548828125">
        <ele>7.400000095367431640625</ele>
        <time>2025-09-18T13:08:31.000Z</time>
        <extensions>
          <ns3:TrackPointExtension>
            <ns3:hr>148</ns3:hr>
          </ns3:TrackPointExtension>
        </extensions>
      </trkpt>
      <trkpt lat="24.4879451952874660491943359375" lon="118.10304000042378902435302734375">
        <ele>7.599999904632568359375</ele>
        <time>2025-09-18T13:08:32.000Z</time>
        <extensions>
          <ns3:TrackPointExtension>
            <ns3:hr>148</ns3:hr>
          </ns3:TrackPointExtension>
        </extensions>
      </trkpt>
      <trkpt lat="24.48793622665107250213623046875" lon="118.103059865534305572509765625">
        <ele>7.599999904632568359375</ele>
        <time>2025-09-18T13:08:33.000Z</time>
        <extensions>
          <ns3:TrackPointExtension>
            <ns3:hr>146</ns3:hr>
          </ns3:TrackPointExtension>
        </extensions>
      </trkpt>
      <trkpt lat="24.48792750947177410125732421875" lon="118.10307906009256839752197265625">
        <ele>7.80000019073486328125</ele>
        <time>2025-09-18T13:08:34.000Z</time>
        <extensions>
          <ns3:TrackPointExtension>
            <ns3:hr>146</ns3:hr>
          </ns3:TrackPointExtension>
        </extensions>
      </trkpt>
      <trkpt lat="24.4879177026450634002685546875" lon="118.1030992604792118072509765625">
        <ele>8</ele>
        <time>2025-09-18T13:08:35.000Z</time>
        <extensions>
          <ns3:TrackPointExtension>
            <ns3:hr>146</ns3:hr>
          </ns3:TrackPointExtension>
        </extensions>
      </trkpt>
      <trkpt lat="24.48790739290416240692138671875" lon="118.1031200475990772247314453125">
        <ele>8.19999980926513671875</ele>
        <time>2025-09-18T13:08:36.000Z</time>
        <extensions>
          <ns3:TrackPointExtension>
            <ns3:hr>146</ns3:hr>
          </ns3:TrackPointExtension>
        </extensions>
      </trkpt>
      <trkpt lat="24.48789683170616626739501953125" lon="118.10314108617603778839111328125">
        <ele>8.6000003814697265625</ele>
        <time>2025-09-18T13:08:37.000Z</time>
        <extensions>
          <ns3:TrackPointExtension>
            <ns3:hr>146</ns3:hr>
          </ns3:TrackPointExtension>
        </extensions>
      </trkpt>
      <trkpt lat="24.48788660578429698944091796875" lon="118.10316254384815692901611328125">
        <ele>9</ele>
        <time>2025-09-18T13:08:38.000Z</time>
        <extensions>
          <ns3:TrackPointExtension>
            <ns3:hr>146</ns3:hr>
          </ns3:TrackPointExtension>
        </extensions>
      </trkpt>
      <trkpt lat="24.4878767989575862884521484375" lon="118.10318416915833950042724609375">
        <ele>9.3999996185302734375</ele>
        <time>2025-09-18T13:08:39.000Z</time>
        <extensions>
          <ns3:TrackPointExtension>
            <ns3:hr>146</ns3:hr>
          </ns3:TrackPointExtension>
        </extensions>
      </trkpt>
      <trkpt lat="24.4878677465021610260009765625" lon="118.103205375373363494873046875">
        <ele>9.80000019073486328125</ele>
        <time>2025-09-18T13:08:40.000Z</time>
        <extensions>
          <ns3:TrackPointExtension>
            <ns3:hr>146</ns3:hr>
          </ns3:TrackPointExtension>
        </extensions>
      </trkpt>
      <trkpt lat="24.48785944841802120208740234375" lon="118.10322624631226062774658203125">
        <ele>10</ele>
        <time>2025-09-18T13:08:41.000Z</time>
        <extensions>
          <ns3:TrackPointExtension>
            <ns3:hr>146</ns3:hr>
          </ns3:TrackPointExtension>
        </extensions>
      </trkpt>
      <trkpt lat="24.4878519885241985321044921875" lon="118.10324736870825290679931640625">
        <ele>10.3999996185302734375</ele>
        <time>2025-09-18T13:08:42.000Z</time>
        <extensions>
          <ns3:TrackPointExtension>
            <ns3:hr>145</ns3:hr>
          </ns3:TrackPointExtension>
        </extensions>
      </trkpt>
      <trkpt lat="24.4878456182777881622314453125" lon="118.10326932929456233978271484375">
        <ele>10.80000019073486328125</ele>
        <time>2025-09-18T13:08:43.000Z</time>
        <extensions>
          <ns3:TrackPointExtension>
            <ns3:hr>142</ns3:hr>
          </ns3:TrackPointExtension>
        </extensions>
      </trkpt>
      <trkpt lat="24.487840421497821807861328125" lon="118.10329212807118892669677734375">
        <ele>11.19999980926513671875</ele>
        <time>2025-09-18T13:08:44.000Z</time>
        <extensions>
          <ns3:TrackPointExtension>
            <ns3:hr>142</ns3:hr>
          </ns3:TrackPointExtension>
        </extensions>
      </trkpt>
      <trkpt lat="24.487836398184299468994140625" lon="118.10331509448587894439697265625">
        <ele>11.6000003814697265625</ele>
        <time>2025-09-18T13:08:45.000Z</time>
        <extensions>
          <ns3:TrackPointExtension>
            <ns3:hr>142</ns3:hr>
          </ns3:TrackPointExtension>
        </extensions>
      </trkpt>
      <trkpt lat="24.487833715975284576416015625" lon="118.10333822853863239288330078125">
        <ele>12</ele>
        <time>2025-09-18T13:08:46.000Z</time>
        <extensions>
          <ns3:TrackPointExtension>
            <ns3:hr>142</ns3:hr>
          </ns3:TrackPointExtension>
        </extensions>
      </trkpt>
      <trkpt lat="24.487832374870777130126953125" lon="118.103361614048480987548828125">
        <ele>12.19999980926513671875</ele>
        <time>2025-09-18T13:08:47.000Z</time>
        <extensions>
          <ns3:TrackPointExtension>
            <ns3:hr>142</ns3:hr>
          </ns3:TrackPointExtension>
        </extensions>
      </trkpt>
      <trkpt lat="24.487831704318523406982421875" lon="118.10338608920574188232421875">
        <ele>12.6000003814697265625</ele>
        <time>2025-09-18T13:08:48.000Z</time>
        <extensions>
          <ns3:TrackPointExtension>
            <ns3:hr>142</ns3:hr>
          </ns3:TrackPointExtension>
        </extensions>
      </trkpt>
      <trkpt lat="24.48783136904239654541015625" lon="118.1034117378294467926025390625">
        <ele>12.3999996185302734375</ele>
        <time>2025-09-18T13:08:49.000Z</time>
        <extensions>
          <ns3:TrackPointExtension>
            <ns3:hr>142</ns3:hr>
          </ns3:TrackPointExtension>
        </extensions>
      </trkpt>
      <trkpt lat="24.48783136904239654541015625" lon="118.10343881137669086456298828125">
        <ele>12.3999996185302734375</ele>
        <time>2025-09-18T13:08:50.000Z</time>
        <extensions>
          <ns3:TrackPointExtension>
            <ns3:hr>142</ns3:hr>
          </ns3:TrackPointExtension>
        </extensions>
      </trkpt>
      <trkpt lat="24.487830363214015960693359375" lon="118.1034667231142520904541015625">
        <ele>12.19999980926513671875</ele>
        <time>2025-09-18T13:08:51.000Z</time>
        <extensions>
          <ns3:TrackPointExtension>
            <ns3:hr>142</ns3:hr>
          </ns3:TrackPointExtension>
        </extensions>
      </trkpt>
      <trkpt lat="24.48782793246209621429443359375" lon="118.10349446721374988555908203125">
        <ele>12.19999980926513671875</ele>
        <time>2025-09-18T13:08:52.000Z</time>
        <extensions>
          <ns3:TrackPointExtension>
            <ns3:hr>142</ns3:hr>
          </ns3:TrackPointExtension>
        </extensions>
      </trkpt>
      <trkpt lat="24.4878248311579227447509765625" lon="118.1035217083990573883056640625">
        <ele>12</ele>
        <time>2025-09-18T13:08:53.000Z</time>
        <extensions>
          <ns3:TrackPointExtension>
            <ns3:hr>142</ns3:hr>
          </ns3:TrackPointExtension>
        </extensions>
      </trkpt>
      <trkpt lat="24.4878211431205272674560546875" lon="118.10354861430823802947998046875">
        <ele>12</ele>
        <time>2025-09-18T13:08:54.000Z</time>
        <extensions>
          <ns3:TrackPointExtension>
            <ns3:hr>142</ns3:hr>
          </ns3:TrackPointExtension>
        </extensions>
      </trkpt>
      <trkpt lat="24.4878171198070049285888671875" lon="118.10357543639838695526123046875">
        <ele>11.80000019073486328125</ele>
        <time>2025-09-18T13:08:55.000Z</time>
        <extensions>
          <ns3:TrackPointExtension>
            <ns3:hr>141</ns3:hr>
          </ns3:TrackPointExtension>
        </extensions>
      </trkpt>
      <trkpt lat="24.4878127612173557281494140625" lon="118.10360192321240901947021484375">
        <ele>11.6000003814697265625</ele>
        <time>2025-09-18T13:08:56.000Z</time>
        <extensions>
          <ns3:TrackPointExtension>
            <ns3:hr>141</ns3:hr>
          </ns3:TrackPointExtension>
        </extensions>
      </trkpt>
      <trkpt lat="24.4878084026277065277099609375" lon="118.10362824238836765289306640625">
        <ele>11.6000003814697265625</ele>
        <time>2025-09-18T13:08:57.000Z</time>
        <extensions>
          <ns3:TrackPointExtension>
            <ns3:hr>141</ns3:hr>
          </ns3:TrackPointExtension>
        </extensions>
      </trkpt>
      <trkpt lat="24.487804882228374481201171875" lon="118.10365456156432628631591796875">
        <ele>11.3999996185302734375</ele>
        <time>2025-09-18T13:08:58.000Z</time>
        <extensions>
          <ns3:TrackPointExtension>
            <ns3:hr>141</ns3:hr>
          </ns3:TrackPointExtension>
        </extensions>
      </trkpt>
      <trkpt lat="24.48780261911451816558837890625" lon="118.10368121601641178131103515625">
        <ele>11</ele>
        <time>2025-09-18T13:08:59.000Z</time>
        <extensions>
          <ns3:TrackPointExtension>
            <ns3:hr>141</ns3:hr>
          </ns3:TrackPointExtension>
        </extensions>
      </trkpt>
      <trkpt lat="24.487801529467105865478515625" lon="118.1037081219255924224853515625">
        <ele>10.6000003814697265625</ele>
        <time>2025-09-18T13:09:00.000Z</time>
        <extensions>
          <ns3:TrackPointExtension>
            <ns3:hr>141</ns3:hr>
          </ns3:TrackPointExtension>
        </extensions>
      </trkpt>
      <trkpt lat="24.48780194856226444244384765625" lon="118.10373486019670963287353515625">
        <ele>10.3999996185302734375</ele>
        <time>2025-09-18T13:09:01.000Z</time>
        <extensions>
          <ns3:TrackPointExtension>
            <ns3:hr>141</ns3:hr>
          </ns3:TrackPointExtension>
        </extensions>
      </trkpt>
      <trkpt lat="24.48780362494289875030517578125" lon="118.10376184992492198944091796875">
        <ele>10</ele>
        <time>2025-09-18T13:09:02.000Z</time>
        <extensions>
          <ns3:TrackPointExtension>
            <ns3:hr>141</ns3:hr>
          </ns3:TrackPointExtension>
        </extensions>
      </trkpt>
      <trkpt lat="24.4878065586090087890625" lon="118.1037892587482929229736328125">
        <ele>9.6000003814697265625</ele>
        <time>2025-09-18T13:09:03.000Z</time>
        <extensions>
          <ns3:TrackPointExtension>
            <ns3:hr>141</ns3:hr>
          </ns3:TrackPointExtension>
        </extensions>
      </trkpt>
      <trkpt lat="24.487810246646404266357421875" lon="118.10381666757166385650634765625">
        <ele>9.19999980926513671875</ele>
        <time>2025-09-18T13:09:04.000Z</time>
        <extensions>
          <ns3:TrackPointExtension>
            <ns3:hr>141</ns3:hr>
          </ns3:TrackPointExtension>
        </extensions>
      </trkpt>
      <trkpt lat="24.4878147728741168975830078125" lon="118.1038442440330982208251953125">
        <ele>8.80000019073486328125</ele>
        <time>2025-09-18T13:09:05.000Z</time>
        <extensions>
          <ns3:TrackPointExtension>
            <ns3:hr>141</ns3:hr>
          </ns3:TrackPointExtension>
        </extensions>
      </trkpt>
      <trkpt lat="24.4878201372921466827392578125" lon="118.10387198813259601593017578125">
        <ele>8.3999996185302734375</ele>
        <time>2025-09-18T13:09:06.000Z</time>
        <extensions>
          <ns3:TrackPointExtension>
            <ns3:hr>141</ns3:hr>
          </ns3:TrackPointExtension>
        </extensions>
      </trkpt>
      <trkpt lat="24.4878265075385570526123046875" lon="118.103900067508220672607421875">
        <ele>8.19999980926513671875</ele>
        <time>2025-09-18T13:09:07.000Z</time>
        <extensions>
          <ns3:TrackPointExtension>
            <ns3:hr>141</ns3:hr>
          </ns3:TrackPointExtension>
        </extensions>
      </trkpt>
      <trkpt lat="24.4878338836133480072021484375" lon="118.1039280630648136138916015625">
        <ele>8</ele>
        <time>2025-09-18T13:09:08.000Z</time>
        <extensions>
          <ns3:TrackPointExtension>
            <ns3:hr>141</ns3:hr>
          </ns3:TrackPointExtension>
        </extensions>
      </trkpt>
      <trkpt lat="24.48784209787845611572265625" lon="118.103955723345279693603515625">
        <ele>7.80000019073486328125</ele>
        <time>2025-09-18T13:09:09.000Z</time>
        <extensions>
          <ns3:TrackPointExtension>
            <ns3:hr>141</ns3:hr>
          </ns3:TrackPointExtension>
        </extensions>
      </trkpt>
      <trkpt lat="24.48785073123872280120849609375" lon="118.10398313216865062713623046875">
        <ele>7.599999904632568359375</ele>
        <time>2025-09-18T13:09:10.000Z</time>
        <extensions>
          <ns3:TrackPointExtension>
            <ns3:hr>141</ns3:hr>
          </ns3:TrackPointExtension>
        </extensions>
      </trkpt>
      <trkpt lat="24.4878593645989894866943359375" lon="118.104010708630084991455078125">
        <ele>7.400000095367431640625</ele>
        <time>2025-09-18T13:09:11.000Z</time>
        <extensions>
          <ns3:TrackPointExtension>
            <ns3:hr>141</ns3:hr>
          </ns3:TrackPointExtension>
        </extensions>
      </trkpt>
      <trkpt lat="24.4878677465021610260009765625" lon="118.1040380336344242095947265625">
        <ele>7.19999980926513671875</ele>
        <time>2025-09-18T13:09:12.000Z</time>
        <extensions>
          <ns3:TrackPointExtension>
            <ns3:hr>141</ns3:hr>
          </ns3:TrackPointExtension>
        </extensions>
      </trkpt>
      <trkpt lat="24.48787604458630084991455078125" lon="118.104065023362636566162109375">
        <ele>7</ele>
        <time>2025-09-18T13:09:13.000Z</time>
        <extensions>
          <ns3:TrackPointExtension>
            <ns3:hr>141</ns3:hr>
          </ns3:TrackPointExtension>
        </extensions>
      </trkpt>
      <trkpt lat="24.48788476176559925079345703125" lon="118.10409176163375377655029296875">
        <ele>7</ele>
        <time>2025-09-18T13:09:14.000Z</time>
        <extensions>
          <ns3:TrackPointExtension>
            <ns3:hr>141</ns3:hr>
          </ns3:TrackPointExtension>
        </extensions>
      </trkpt>
      <trkpt lat="24.48789431713521480560302734375" lon="118.10411858372390270233154296875">
        <ele>6.599999904632568359375</ele>
        <time>2025-09-18T13:09:15.000Z</time>
        <extensions>
          <ns3:TrackPointExtension>
            <ns3:hr>141</ns3:hr>
          </ns3:TrackPointExtension>
        </extensions>
      </trkpt>
      <trkpt lat="24.48790471069514751434326171875" lon="118.10414557345211505889892578125">
        <ele>6.400000095367431640625</ele>
        <time>2025-09-18T13:09:16.000Z</time>
        <extensions>
          <ns3:TrackPointExtension>
            <ns3:hr>141</ns3:hr>
          </ns3:TrackPointExtension>
        </extensions>
      </trkpt>
      <trkpt lat="24.48791560716927051544189453125" lon="118.104172311723232269287109375">
        <ele>6.19999980926513671875</ele>
        <time>2025-09-18T13:09:17.000Z</time>
        <extensions>
          <ns3:TrackPointExtension>
            <ns3:hr>141</ns3:hr>
          </ns3:TrackPointExtension>
        </extensions>
      </trkpt>
      <trkpt lat="24.4879267551004886627197265625" lon="118.10419804416596889495849609375">
        <ele>6</ele>
        <time>2025-09-18T13:09:18.000Z</time>
        <extensions>
          <ns3:TrackPointExtension>
            <ns3:hr>140</ns3:hr>
          </ns3:TrackPointExtension>
        </extensions>
      </trkpt>
      <trkpt lat="24.48793991468846797943115234375" lon="118.104221932590007781982421875">
        <ele>5.80000019073486328125</ele>
        <time>2025-09-18T13:09:19.000Z</time>
        <extensions>
          <ns3:TrackPointExtension>
            <ns3:hr>140</ns3:hr>
          </ns3:TrackPointExtension>
        </extensions>
      </trkpt>
      <trkpt lat="24.4879554212093353271484375" lon="118.10424347408115863800048828125">
        <ele>5.80000019073486328125</ele>
        <time>2025-09-18T13:09:20.000Z</time>
        <extensions>
          <ns3:TrackPointExtension>
            <ns3:hr>140</ns3:hr>
          </ns3:TrackPointExtension>
        </extensions>
      </trkpt>
      <trkpt lat="24.487971849739551544189453125" lon="118.104263842105865478515625">
        <ele>5.80000019073486328125</ele>
        <time>2025-09-18T13:09:21.000Z</time>
        <extensions>
          <ns3:TrackPointExtension>
            <ns3:hr>140</ns3:hr>
          </ns3:TrackPointExtension>
        </extensions>
      </trkpt>
      <trkpt lat="24.4879884459078311920166015625" lon="118.10428353957831859588623046875">
        <ele>5.80000019073486328125</ele>
        <time>2025-09-18T13:09:22.000Z</time>
        <extensions>
          <ns3:TrackPointExtension>
            <ns3:hr>140</ns3:hr>
          </ns3:TrackPointExtension>
        </extensions>
      </trkpt>
      <trkpt lat="24.4880045391619205474853515625" lon="118.104302398860454559326171875">
        <ele>5.80000019073486328125</ele>
        <time>2025-09-18T13:09:23.000Z</time>
        <extensions>
          <ns3:TrackPointExtension>
            <ns3:hr>140</ns3:hr>
          </ns3:TrackPointExtension>
        </extensions>
      </trkpt>
      <trkpt lat="24.4880206324160099029541015625" lon="118.104321174323558807373046875">
        <ele>6</ele>
        <time>2025-09-18T13:09:24.000Z</time>
        <extensions>
          <ns3:TrackPointExtension>
            <ns3:hr>140</ns3:hr>
          </ns3:TrackPointExtension>
        </extensions>
      </trkpt>
      <trkpt lat="24.4880363903939723968505859375" lon="118.10433961451053619384765625">
        <ele>6</ele>
        <time>2025-09-18T13:09:25.000Z</time>
        <extensions>
          <ns3:TrackPointExtension>
            <ns3:hr>140</ns3:hr>
          </ns3:TrackPointExtension>
        </extensions>
      </trkpt>
      <trkpt lat="24.48805172927677631378173828125" lon="118.10435763560235500335693359375">
        <ele>6</ele>
        <time>2025-09-18T13:09:26.000Z</time>
        <extensions>
          <ns3:TrackPointExtension>
            <ns3:hr>140</ns3:hr>
          </ns3:TrackPointExtension>
        </extensions>
      </trkpt>
      <trkpt lat="24.48806731961667537689208984375" lon="118.1043759919703006744384765625">
        <ele>6</ele>
        <time>2025-09-18T13:09:27.000Z</time>
        <extensions>
          <ns3:TrackPointExtension>
            <ns3:hr>139</ns3:hr>
          </ns3:TrackPointExtension>
        </extensions>
      </trkpt>
      <trkpt lat="24.48808307759463787078857421875" lon="118.1043947674334049224853515625">
        <ele>6</ele>
        <time>2025-09-18T13:09:28.000Z</time>
        <extensions>
          <ns3:TrackPointExtension>
            <ns3:hr>139</ns3:hr>
          </ns3:TrackPointExtension>
        </extensions>
      </trkpt>
      <trkpt lat="24.4880984164774417877197265625" lon="118.10441295616328716278076171875">
        <ele>6</ele>
        <time>2025-09-18T13:09:29.000Z</time>
        <extensions>
          <ns3:TrackPointExtension>
            <ns3:hr>139</ns3:hr>
          </ns3:TrackPointExtension>
        </extensions>
      </trkpt>
      <trkpt lat="24.48811375536024570465087890625" lon="118.104431144893169403076171875">
        <ele>6</ele>
        <time>2025-09-18T13:09:30.000Z</time>
        <extensions>
          <ns3:TrackPointExtension>
            <ns3:hr>139</ns3:hr>
          </ns3:TrackPointExtension>
        </extensions>
      </trkpt>
      <trkpt lat="24.4881295971572399139404296875" lon="118.1044500879943370819091796875">
        <ele>6</ele>
        <time>2025-09-18T13:09:31.000Z</time>
        <extensions>
          <ns3:TrackPointExtension>
            <ns3:hr>139</ns3:hr>
          </ns3:TrackPointExtension>
        </extensions>
      </trkpt>
      <trkpt lat="24.48814594186842441558837890625" lon="118.10446961782872676849365234375">
        <ele>6</ele>
        <time>2025-09-18T13:09:32.000Z</time>
        <extensions>
          <ns3:TrackPointExtension>
            <ns3:hr>138</ns3:hr>
          </ns3:TrackPointExtension>
        </extensions>
      </trkpt>
      <trkpt lat="24.48816220276057720184326171875" lon="118.104489147663116455078125">
        <ele>6</ele>
        <time>2025-09-18T13:09:33.000Z</time>
        <extensions>
          <ns3:TrackPointExtension>
            <ns3:hr>138</ns3:hr>
          </ns3:TrackPointExtension>
        </extensions>
      </trkpt>
      <trkpt lat="24.488178379833698272705078125" lon="118.10450859367847442626953125">
        <ele>6</ele>
        <time>2025-09-18T13:09:34.000Z</time>
        <extensions>
          <ns3:TrackPointExtension>
            <ns3:hr>138</ns3:hr>
          </ns3:TrackPointExtension>
        </extensions>
      </trkpt>
      <trkpt lat="24.4881946407258510589599609375" lon="118.10452812351286411285400390625">
        <ele>6</ele>
        <time>2025-09-18T13:09:35.000Z</time>
        <extensions>
          <ns3:TrackPointExtension>
            <ns3:hr>138</ns3:hr>
          </ns3:TrackPointExtension>
        </extensions>
      </trkpt>
      <trkpt lat="24.48821065016090869903564453125" lon="118.10454740189015865325927734375">
        <ele>6</ele>
        <time>2025-09-18T13:09:36.000Z</time>
        <extensions>
          <ns3:TrackPointExtension>
            <ns3:hr>138</ns3:hr>
          </ns3:TrackPointExtension>
        </extensions>
      </trkpt>
      <trkpt lat="24.4882268272340297698974609375" lon="118.10456684790551662445068359375">
        <ele>6</ele>
        <time>2025-09-18T13:09:37.000Z</time>
        <extensions>
          <ns3:TrackPointExtension>
            <ns3:hr>138</ns3:hr>
          </ns3:TrackPointExtension>
        </extensions>
      </trkpt>
      <trkpt lat="24.488243423402309417724609375" lon="118.1045868806540966033935546875">
        <ele>5.80000019073486328125</ele>
        <time>2025-09-18T13:09:38.000Z</time>
        <extensions>
          <ns3:TrackPointExtension>
            <ns3:hr>138</ns3:hr>
          </ns3:TrackPointExtension>
        </extensions>
      </trkpt>
      <trkpt lat="24.48826052248477935791015625" lon="118.10460741631686687469482421875">
        <ele>5.80000019073486328125</ele>
        <time>2025-09-18T13:09:39.000Z</time>
        <extensions>
          <ns3:TrackPointExtension>
            <ns3:hr>138</ns3:hr>
          </ns3:TrackPointExtension>
        </extensions>
      </trkpt>
      <trkpt lat="24.488277621567249298095703125" lon="118.10462786816060543060302734375">
        <ele>5.80000019073486328125</ele>
        <time>2025-09-18T13:09:40.000Z</time>
        <extensions>
          <ns3:TrackPointExtension>
            <ns3:hr>136</ns3:hr>
          </ns3:TrackPointExtension>
        </extensions>
      </trkpt>
      <trkpt lat="24.48829463683068752288818359375" lon="118.10464798472821712493896484375">
        <ele>5.80000019073486328125</ele>
        <time>2025-09-18T13:09:41.000Z</time>
        <extensions>
          <ns3:TrackPointExtension>
            <ns3:hr>136</ns3:hr>
          </ns3:TrackPointExtension>
        </extensions>
      </trkpt>
      <trkpt lat="24.48831953108310699462890625" lon="118.1046763993799686431884765625">
        <ele>5.80000019073486328125</ele>
        <time>2025-09-18T13:09:42.000Z</time>
        <extensions>
          <ns3:TrackPointExtension>
            <ns3:hr>136</ns3:hr>
          </ns3:TrackPointExtension>
        </extensions>
      </trkpt>
      <trkpt lat="24.48833688162267208099365234375" lon="118.1046955101191997528076171875">
        <ele>5.80000019073486328125</ele>
        <time>2025-09-18T13:09:43.000Z</time>
        <extensions>
          <ns3:TrackPointExtension>
            <ns3:hr>136</ns3:hr>
          </ns3:TrackPointExtension>
        </extensions>
      </trkpt>
    </trkseg>
  </trk>
</gpx>
