<gpx xmlns:ns3="http://www.garmin.com/xmlschemas/TrackPointExtension/v1" xmlns="http://www.topografix.com/GPX/1/1" xmlns:xsi="http://www.w3.org/2001/XMLSchema-instance" xmlns:ns2="http://www.garmin.com/xmlschemas/GpxExtensions/v3" creator="Garmin Connect" version="1.1" xsi:schemaLocation="http://www.topografix.com/GPX/1/1 http://www.topografix.com/GPX/11.xsd">
  <extensions>
<distance>1324.91</distance>
<average_hr>150.0</average_hr>
<average_speed>2.7891022224597797</average_speed>
<start_time>2026-02-11T10:38:54+00:00</start_time>
<end_time>2026-02-11T10:46:49.031000+00:00</end_time>
<moving_time>424.0</moving_time>
<elapsed_time>475.031</elapsed_time>
</extensions>
<metadata>
    <link href="connect.garmin.com">
      <text>Garmin Connect</text>
    </link>
    <time>2026-02-11T10:38:54.000Z</time>
  </metadata>
  <trk>
    <name>厦门市 跑步</name>
    <type>running</type>
    <trkseg>
      <trkpt lat="24.48623185046017169952392578125" lon="118.108088336884975433349609375">
        <ele>4</ele>
        <time>2026-02-11T10:38:56.000Z</time>
        <extensions>
          <ns3:TrackPointExtension>
            <ns3:hr>147</ns3:hr>
          </ns3:TrackPointExtension>
        </extensions>
      </trkpt>
      <trkpt lat="24.48625154793262481689453125" lon="118.10807987116277217864990234375">
        <ele>3.599999904632568359375</ele>
        <time>2026-02-11T10:38:57.000Z</time>
        <extensions>
          <ns3:TrackPointExtension>
            <ns3:hr>147</ns3:hr>
          </ns3:TrackPointExtension>
        </extensions>
      </trkpt>
      <trkpt lat="24.486267976462841033935546875" lon="118.108069896697998046875">
        <ele>3.599999904632568359375</ele>
        <time>2026-02-11T10:38:58.000Z</time>
        <extensions>
          <ns3:TrackPointExtension>
            <ns3:hr>147</ns3:hr>
          </ns3:TrackPointExtension>
        </extensions>
      </trkpt>
      <trkpt lat="24.4862859137356281280517578125" lon="118.10805891640484333038330078125">
        <ele>3.400000095367431640625</ele>
        <time>2026-02-11T10:38:59.000Z</time>
        <extensions>
          <ns3:TrackPointExtension>
            <ns3:hr>147</ns3:hr>
          </ns3:TrackPointExtension>
        </extensions>
      </trkpt>
      <trkpt lat="24.48630653321743011474609375" lon="118.108050115406513214111328125">
        <ele>3</ele>
        <time>2026-02-11T10:39:00.000Z</time>
        <extensions>
          <ns3:TrackPointExtension>
            <ns3:hr>147</ns3:hr>
          </ns3:TrackPointExtension>
        </extensions>
      </trkpt>
      <trkpt lat="24.486328326165676116943359375" lon="118.10804265551269054412841796875">
        <ele>2.7999999523162841796875</ele>
        <time>2026-02-11T10:39:01.000Z</time>
        <extensions>
          <ns3:TrackPointExtension>
            <ns3:hr>147</ns3:hr>
          </ns3:TrackPointExtension>
        </extensions>
      </trkpt>
      <trkpt lat="24.4863506220281124114990234375" lon="118.10803561471402645111083984375">
        <ele>2.599999904632568359375</ele>
        <time>2026-02-11T10:39:02.000Z</time>
        <extensions>
          <ns3:TrackPointExtension>
            <ns3:hr>147</ns3:hr>
          </ns3:TrackPointExtension>
        </extensions>
      </trkpt>
      <trkpt lat="24.48637425899505615234375" lon="118.108029328286647796630859375">
        <ele>2.400000095367431640625</ele>
        <time>2026-02-11T10:39:03.000Z</time>
        <extensions>
          <ns3:TrackPointExtension>
            <ns3:hr>147</ns3:hr>
          </ns3:TrackPointExtension>
        </extensions>
      </trkpt>
      <trkpt lat="24.48639906942844390869140625" lon="118.10802388004958629608154296875">
        <ele>2</ele>
        <time>2026-02-11T10:39:04.000Z</time>
        <extensions>
          <ns3:TrackPointExtension>
            <ns3:hr>147</ns3:hr>
          </ns3:TrackPointExtension>
        </extensions>
      </trkpt>
      <trkpt lat="24.486424215137958526611328125" lon="118.10801826417446136474609375">
        <ele>1.7999999523162841796875</ele>
        <time>2026-02-11T10:39:05.000Z</time>
        <extensions>
          <ns3:TrackPointExtension>
            <ns3:hr>147</ns3:hr>
          </ns3:TrackPointExtension>
        </extensions>
      </trkpt>
      <trkpt lat="24.4864491932094097137451171875" lon="118.10801197774708271026611328125">
        <ele>1.39999997615814208984375</ele>
        <time>2026-02-11T10:39:06.000Z</time>
        <extensions>
          <ns3:TrackPointExtension>
            <ns3:hr>147</ns3:hr>
          </ns3:TrackPointExtension>
        </extensions>
      </trkpt>
      <trkpt lat="24.48647459037601947784423828125" lon="118.1080070324242115020751953125">
        <ele>1</ele>
        <time>2026-02-11T10:39:07.000Z</time>
        <extensions>
          <ns3:TrackPointExtension>
            <ns3:hr>147</ns3:hr>
          </ns3:TrackPointExtension>
        </extensions>
      </trkpt>
      <trkpt lat="24.486501328647136688232421875" lon="118.1080046854913234710693359375">
        <ele>0.60000002384185791015625</ele>
        <time>2026-02-11T10:39:08.000Z</time>
        <extensions>
          <ns3:TrackPointExtension>
            <ns3:hr>147</ns3:hr>
          </ns3:TrackPointExtension>
        </extensions>
      </trkpt>
      <trkpt lat="24.48652890510857105255126953125" lon="118.10800351202487945556640625">
        <ele>0</ele>
        <time>2026-02-11T10:39:09.000Z</time>
        <extensions>
          <ns3:TrackPointExtension>
            <ns3:hr>147</ns3:hr>
          </ns3:TrackPointExtension>
        </extensions>
      </trkpt>
      <trkpt lat="24.48655664920806884765625" lon="118.10800342820584774017333984375">
        <ele>-0.800000011920928955078125</ele>
        <time>2026-02-11T10:39:10.000Z</time>
        <extensions>
          <ns3:TrackPointExtension>
            <ns3:hr>147</ns3:hr>
          </ns3:TrackPointExtension>
        </extensions>
      </trkpt>
      <trkpt lat="24.486583806574344635009765625" lon="118.1080040149390697479248046875">
        <ele>-1.39999997615814208984375</ele>
        <time>2026-02-11T10:39:11.000Z</time>
        <extensions>
          <ns3:TrackPointExtension>
            <ns3:hr>147</ns3:hr>
          </ns3:TrackPointExtension>
        </extensions>
      </trkpt>
      <trkpt lat="24.48661004193127155303955078125" lon="118.108005188405513763427734375">
        <ele>-2.2000000476837158203125</ele>
        <time>2026-02-11T10:39:12.000Z</time>
        <extensions>
          <ns3:TrackPointExtension>
            <ns3:hr>147</ns3:hr>
          </ns3:TrackPointExtension>
        </extensions>
      </trkpt>
      <trkpt lat="24.4866349361836910247802734375" lon="118.10800761915743350982666015625">
        <ele>-2.7999999523162841796875</ele>
        <time>2026-02-11T10:39:13.000Z</time>
        <extensions>
          <ns3:TrackPointExtension>
            <ns3:hr>147</ns3:hr>
          </ns3:TrackPointExtension>
        </extensions>
      </trkpt>
      <trkpt lat="24.48665865696966648101806640625" lon="118.1080123968422412872314453125">
        <ele>-3.400000095367431640625</ele>
        <time>2026-02-11T10:39:14.000Z</time>
        <extensions>
          <ns3:TrackPointExtension>
            <ns3:hr>147</ns3:hr>
          </ns3:TrackPointExtension>
        </extensions>
      </trkpt>
      <trkpt lat="24.48668070137500762939453125" lon="118.10802052728831768035888671875">
        <ele>-3.7999999523162841796875</ele>
        <time>2026-02-11T10:39:15.000Z</time>
        <extensions>
          <ns3:TrackPointExtension>
            <ns3:hr>147</ns3:hr>
          </ns3:TrackPointExtension>
        </extensions>
      </trkpt>
      <trkpt lat="24.48670039884746074676513671875" lon="118.10803377069532871246337890625">
        <ele>-4.400000095367431640625</ele>
        <time>2026-02-11T10:39:16.000Z</time>
        <extensions>
          <ns3:TrackPointExtension>
            <ns3:hr>147</ns3:hr>
          </ns3:TrackPointExtension>
        </extensions>
      </trkpt>
      <trkpt lat="24.4867170788347721099853515625" lon="118.10805254615843296051025390625">
        <ele>-4.599999904632568359375</ele>
        <time>2026-02-11T10:39:17.000Z</time>
        <extensions>
          <ns3:TrackPointExtension>
            <ns3:hr>147</ns3:hr>
          </ns3:TrackPointExtension>
        </extensions>
      </trkpt>
      <trkpt lat="24.486730992794036865234375" lon="118.10807534493505954742431640625">
        <ele>-5</ele>
        <time>2026-02-11T10:39:18.000Z</time>
        <extensions>
          <ns3:TrackPointExtension>
            <ns3:hr>147</ns3:hr>
          </ns3:TrackPointExtension>
        </extensions>
      </trkpt>
      <trkpt lat="24.48674314655363559722900390625" lon="118.10810082592070102691650390625">
        <ele>-5.19999980926513671875</ele>
        <time>2026-02-11T10:39:19.000Z</time>
        <extensions>
          <ns3:TrackPointExtension>
            <ns3:hr>147</ns3:hr>
          </ns3:TrackPointExtension>
        </extensions>
      </trkpt>
      <trkpt lat="24.4867542944848537445068359375" lon="118.1081280671060085296630859375">
        <ele>-5</ele>
        <time>2026-02-11T10:39:20.000Z</time>
        <extensions>
          <ns3:TrackPointExtension>
            <ns3:hr>147</ns3:hr>
          </ns3:TrackPointExtension>
        </extensions>
      </trkpt>
      <trkpt lat="24.4867646880447864532470703125" lon="118.10815631411969661712646484375">
        <ele>-4.599999904632568359375</ele>
        <time>2026-02-11T10:39:21.000Z</time>
        <extensions>
          <ns3:TrackPointExtension>
            <ns3:hr>147</ns3:hr>
          </ns3:TrackPointExtension>
        </extensions>
      </trkpt>
      <trkpt lat="24.486774243414402008056640625" lon="118.10818514786660671234130859375">
        <ele>-4.19999980926513671875</ele>
        <time>2026-02-11T10:39:22.000Z</time>
        <extensions>
          <ns3:TrackPointExtension>
            <ns3:hr>147</ns3:hr>
          </ns3:TrackPointExtension>
        </extensions>
      </trkpt>
      <trkpt lat="24.4867827929556369781494140625" lon="118.108214400708675384521484375">
        <ele>-3.7999999523162841796875</ele>
        <time>2026-02-11T10:39:23.000Z</time>
        <extensions>
          <ns3:TrackPointExtension>
            <ns3:hr>147</ns3:hr>
          </ns3:TrackPointExtension>
        </extensions>
      </trkpt>
      <trkpt lat="24.4867901690304279327392578125" lon="118.10824398882687091827392578125">
        <ele>-3.400000095367431640625</ele>
        <time>2026-02-11T10:39:24.000Z</time>
        <extensions>
          <ns3:TrackPointExtension>
            <ns3:hr>147</ns3:hr>
          </ns3:TrackPointExtension>
        </extensions>
      </trkpt>
      <trkpt lat="24.4867967069149017333984375" lon="118.1082737445831298828125">
        <ele>-3</ele>
        <time>2026-02-11T10:39:25.000Z</time>
        <extensions>
          <ns3:TrackPointExtension>
            <ns3:hr>147</ns3:hr>
          </ns3:TrackPointExtension>
        </extensions>
      </trkpt>
      <trkpt lat="24.48680299334228038787841796875" lon="118.1083034165203571319580078125">
        <ele>-2.599999904632568359375</ele>
        <time>2026-02-11T10:39:26.000Z</time>
        <extensions>
          <ns3:TrackPointExtension>
            <ns3:hr>147</ns3:hr>
          </ns3:TrackPointExtension>
        </extensions>
      </trkpt>
      <trkpt lat="24.48680936358869075775146484375" lon="118.10833250172436237335205078125">
        <ele>-2.2000000476837158203125</ele>
        <time>2026-02-11T10:39:27.000Z</time>
        <extensions>
          <ns3:TrackPointExtension>
            <ns3:hr>147</ns3:hr>
          </ns3:TrackPointExtension>
        </extensions>
      </trkpt>
      <trkpt lat="24.4868163205683231353759765625" lon="118.10836116783320903778076171875">
        <ele>-1.7999999523162841796875</ele>
        <time>2026-02-11T10:39:28.000Z</time>
        <extensions>
          <ns3:TrackPointExtension>
            <ns3:hr>147</ns3:hr>
          </ns3:TrackPointExtension>
        </extensions>
      </trkpt>
      <trkpt lat="24.4868236966431140899658203125" lon="118.10838949866592884063720703125">
        <ele>-1.39999997615814208984375</ele>
        <time>2026-02-11T10:39:29.000Z</time>
        <extensions>
          <ns3:TrackPointExtension>
            <ns3:hr>147</ns3:hr>
          </ns3:TrackPointExtension>
        </extensions>
      </trkpt>
      <trkpt lat="24.48683132417500019073486328125" lon="118.10841791331768035888671875">
        <ele>-1.39999997615814208984375</ele>
        <time>2026-02-11T10:39:30.000Z</time>
        <extensions>
          <ns3:TrackPointExtension>
            <ns3:hr>147</ns3:hr>
          </ns3:TrackPointExtension>
        </extensions>
      </trkpt>
      <trkpt lat="24.48683895170688629150390625" lon="118.10844649560749530792236328125">
        <ele>-1.39999997615814208984375</ele>
        <time>2026-02-11T10:39:31.000Z</time>
        <extensions>
          <ns3:TrackPointExtension>
            <ns3:hr>147</ns3:hr>
          </ns3:TrackPointExtension>
        </extensions>
      </trkpt>
      <trkpt lat="24.48684657923877239227294921875" lon="118.10847516171634197235107421875">
        <ele>-1.2000000476837158203125</ele>
        <time>2026-02-11T10:39:32.000Z</time>
        <extensions>
          <ns3:TrackPointExtension>
            <ns3:hr>147</ns3:hr>
          </ns3:TrackPointExtension>
        </extensions>
      </trkpt>
      <trkpt lat="24.48685412295162677764892578125" lon="118.10850366018712520599365234375">
        <ele>-1</ele>
        <time>2026-02-11T10:39:33.000Z</time>
        <extensions>
          <ns3:TrackPointExtension>
            <ns3:hr>147</ns3:hr>
          </ns3:TrackPointExtension>
        </extensions>
      </trkpt>
      <trkpt lat="24.4868615828454494476318359375" lon="118.10853199101984500885009765625">
        <ele>-0.60000002384185791015625</ele>
        <time>2026-02-11T10:39:34.000Z</time>
        <extensions>
          <ns3:TrackPointExtension>
            <ns3:hr>147</ns3:hr>
          </ns3:TrackPointExtension>
        </extensions>
      </trkpt>
      <trkpt lat="24.48686904273927211761474609375" lon="118.10856048949062824249267578125">
        <ele>-0.4000000059604644775390625</ele>
        <time>2026-02-11T10:39:35.000Z</time>
        <extensions>
          <ns3:TrackPointExtension>
            <ns3:hr>147</ns3:hr>
          </ns3:TrackPointExtension>
        </extensions>
      </trkpt>
      <trkpt lat="24.48687658645212650299072265625" lon="118.10858932323753833770751953125">
        <ele>-0.20000000298023223876953125</ele>
        <time>2026-02-11T10:39:36.000Z</time>
        <extensions>
          <ns3:TrackPointExtension>
            <ns3:hr>147</ns3:hr>
          </ns3:TrackPointExtension>
        </extensions>
      </trkpt>
      <trkpt lat="24.4868840463459491729736328125" lon="118.1086184084415435791015625">
        <ele>0</ele>
        <time>2026-02-11T10:39:37.000Z</time>
        <extensions>
          <ns3:TrackPointExtension>
            <ns3:hr>146</ns3:hr>
          </ns3:TrackPointExtension>
        </extensions>
      </trkpt>
      <trkpt lat="24.486891590058803558349609375" lon="118.10864799655973911285400390625">
        <ele>0.20000000298023223876953125</ele>
        <time>2026-02-11T10:39:38.000Z</time>
        <extensions>
          <ns3:TrackPointExtension>
            <ns3:hr>146</ns3:hr>
          </ns3:TrackPointExtension>
        </extensions>
      </trkpt>
      <trkpt lat="24.48689921759068965911865234375" lon="118.10867783613502979278564453125">
        <ele>0.20000000298023223876953125</ele>
        <time>2026-02-11T10:39:39.000Z</time>
        <extensions>
          <ns3:TrackPointExtension>
            <ns3:hr>146</ns3:hr>
          </ns3:TrackPointExtension>
        </extensions>
      </trkpt>
      <trkpt lat="24.486907012760639190673828125" lon="118.1087077595293521881103515625">
        <ele>0</ele>
        <time>2026-02-11T10:39:40.000Z</time>
        <extensions>
          <ns3:TrackPointExtension>
            <ns3:hr>146</ns3:hr>
          </ns3:TrackPointExtension>
        </extensions>
      </trkpt>
      <trkpt lat="24.48691480793058872222900390625" lon="118.108737431466579437255859375">
        <ele>-0.20000000298023223876953125</ele>
        <time>2026-02-11T10:39:41.000Z</time>
        <extensions>
          <ns3:TrackPointExtension>
            <ns3:hr>146</ns3:hr>
          </ns3:TrackPointExtension>
        </extensions>
      </trkpt>
      <trkpt lat="24.48692268691956996917724609375" lon="118.108766935765743255615234375">
        <ele>-0.4000000059604644775390625</ele>
        <time>2026-02-11T10:39:42.000Z</time>
        <extensions>
          <ns3:TrackPointExtension>
            <ns3:hr>147</ns3:hr>
          </ns3:TrackPointExtension>
        </extensions>
      </trkpt>
      <trkpt lat="24.4869308173656463623046875" lon="118.10879669152200222015380859375">
        <ele>-0.60000002384185791015625</ele>
        <time>2026-02-11T10:39:43.000Z</time>
        <extensions>
          <ns3:TrackPointExtension>
            <ns3:hr>147</ns3:hr>
          </ns3:TrackPointExtension>
        </extensions>
      </trkpt>
      <trkpt lat="24.48693894781172275543212890625" lon="118.10882686637341976165771484375">
        <ele>-0.800000011920928955078125</ele>
        <time>2026-02-11T10:39:44.000Z</time>
        <extensions>
          <ns3:TrackPointExtension>
            <ns3:hr>147</ns3:hr>
          </ns3:TrackPointExtension>
        </extensions>
      </trkpt>
      <trkpt lat="24.48694699443876743316650390625" lon="118.10885704122483730316162109375">
        <ele>-0.800000011920928955078125</ele>
        <time>2026-02-11T10:39:45.000Z</time>
        <extensions>
          <ns3:TrackPointExtension>
            <ns3:hr>147</ns3:hr>
          </ns3:TrackPointExtension>
        </extensions>
      </trkpt>
      <trkpt lat="24.4869549572467803955078125" lon="118.108886964619159698486328125">
        <ele>-1</ele>
        <time>2026-02-11T10:39:46.000Z</time>
        <extensions>
          <ns3:TrackPointExtension>
            <ns3:hr>147</ns3:hr>
          </ns3:TrackPointExtension>
        </extensions>
      </trkpt>
      <trkpt lat="24.4869630038738250732421875" lon="118.10891680419445037841796875">
        <ele>-1.2000000476837158203125</ele>
        <time>2026-02-11T10:39:47.000Z</time>
        <extensions>
          <ns3:TrackPointExtension>
            <ns3:hr>147</ns3:hr>
          </ns3:TrackPointExtension>
        </extensions>
      </trkpt>
      <trkpt lat="24.48697113431990146636962890625" lon="118.10894639231264591217041015625">
        <ele>-1.2000000476837158203125</ele>
        <time>2026-02-11T10:39:48.000Z</time>
        <extensions>
          <ns3:TrackPointExtension>
            <ns3:hr>147</ns3:hr>
          </ns3:TrackPointExtension>
        </extensions>
      </trkpt>
      <trkpt lat="24.48697934858500957489013671875" lon="118.10897581279277801513671875">
        <ele>-1.2000000476837158203125</ele>
        <time>2026-02-11T10:39:49.000Z</time>
        <extensions>
          <ns3:TrackPointExtension>
            <ns3:hr>147</ns3:hr>
          </ns3:TrackPointExtension>
        </extensions>
      </trkpt>
      <trkpt lat="24.48698756285011768341064453125" lon="118.1090051494538784027099609375">
        <ele>-1.2000000476837158203125</ele>
        <time>2026-02-11T10:39:50.000Z</time>
        <extensions>
          <ns3:TrackPointExtension>
            <ns3:hr>147</ns3:hr>
          </ns3:TrackPointExtension>
        </extensions>
      </trkpt>
      <trkpt lat="24.48699594475328922271728515625" lon="118.10903456993401050567626953125">
        <ele>-1</ele>
        <time>2026-02-11T10:39:51.000Z</time>
        <extensions>
          <ns3:TrackPointExtension>
            <ns3:hr>147</ns3:hr>
          </ns3:TrackPointExtension>
        </extensions>
      </trkpt>
      <trkpt lat="24.487004578113555908203125" lon="118.10906424187123775482177734375">
        <ele>-1</ele>
        <time>2026-02-11T10:39:52.000Z</time>
        <extensions>
          <ns3:TrackPointExtension>
            <ns3:hr>147</ns3:hr>
          </ns3:TrackPointExtension>
        </extensions>
      </trkpt>
      <trkpt lat="24.4870134629309177398681640625" lon="118.10909391380846500396728515625">
        <ele>-1</ele>
        <time>2026-02-11T10:39:53.000Z</time>
        <extensions>
          <ns3:TrackPointExtension>
            <ns3:hr>143</ns3:hr>
          </ns3:TrackPointExtension>
        </extensions>
      </trkpt>
      <trkpt lat="24.4870228506624698638916015625" lon="118.10912333428859710693359375">
        <ele>-1</ele>
        <time>2026-02-11T10:39:54.000Z</time>
        <extensions>
          <ns3:TrackPointExtension>
            <ns3:hr>143</ns3:hr>
          </ns3:TrackPointExtension>
        </extensions>
      </trkpt>
      <trkpt lat="24.48703265748918056488037109375" lon="118.1091521680355072021484375">
        <ele>-1</ele>
        <time>2026-02-11T10:39:55.000Z</time>
        <extensions>
          <ns3:TrackPointExtension>
            <ns3:hr>143</ns3:hr>
          </ns3:TrackPointExtension>
        </extensions>
      </trkpt>
      <trkpt lat="24.48704305104911327362060546875" lon="118.10918033123016357421875">
        <ele>-1</ele>
        <time>2026-02-11T10:39:56.000Z</time>
        <extensions>
          <ns3:TrackPointExtension>
            <ns3:hr>143</ns3:hr>
          </ns3:TrackPointExtension>
        </extensions>
      </trkpt>
      <trkpt lat="24.48705377988517284393310546875" lon="118.1092079915106296539306640625">
        <ele>-1</ele>
        <time>2026-02-11T10:39:57.000Z</time>
        <extensions>
          <ns3:TrackPointExtension>
            <ns3:hr>143</ns3:hr>
          </ns3:TrackPointExtension>
        </extensions>
      </trkpt>
      <trkpt lat="24.4870647601783275604248046875" lon="118.1092353165149688720703125">
        <ele>-0.800000011920928955078125</ele>
        <time>2026-02-11T10:39:58.000Z</time>
        <extensions>
          <ns3:TrackPointExtension>
            <ns3:hr>143</ns3:hr>
          </ns3:TrackPointExtension>
        </extensions>
      </trkpt>
      <trkpt lat="24.48707523755729198455810546875" lon="118.10926239006221294403076171875">
        <ele>-0.60000002384185791015625</ele>
        <time>2026-02-11T10:39:59.000Z</time>
        <extensions>
          <ns3:TrackPointExtension>
            <ns3:hr>143</ns3:hr>
          </ns3:TrackPointExtension>
        </extensions>
      </trkpt>
      <trkpt lat="24.487084038555622100830078125" lon="118.10928761959075927734375">
        <ele>-0.4000000059604644775390625</ele>
        <time>2026-02-11T10:40:00.000Z</time>
        <extensions>
          <ns3:TrackPointExtension>
            <ns3:hr>143</ns3:hr>
          </ns3:TrackPointExtension>
        </extensions>
      </trkpt>
      <trkpt lat="24.48709242045879364013671875" lon="118.1093152798712253570556640625">
        <ele>0</ele>
        <time>2026-02-11T10:40:01.000Z</time>
        <extensions>
          <ns3:TrackPointExtension>
            <ns3:hr>143</ns3:hr>
          </ns3:TrackPointExtension>
        </extensions>
      </trkpt>
      <trkpt lat="24.4870992936193943023681640625" lon="118.1093434430658817291259765625">
        <ele>0.20000000298023223876953125</ele>
        <time>2026-02-11T10:40:02.000Z</time>
        <extensions>
          <ns3:TrackPointExtension>
            <ns3:hr>147</ns3:hr>
          </ns3:TrackPointExtension>
        </extensions>
      </trkpt>
      <trkpt lat="24.487104825675487518310546875" lon="118.1093719415366649627685546875">
        <ele>0.60000002384185791015625</ele>
        <time>2026-02-11T10:40:03.000Z</time>
        <extensions>
          <ns3:TrackPointExtension>
            <ns3:hr>147</ns3:hr>
          </ns3:TrackPointExtension>
        </extensions>
      </trkpt>
      <trkpt lat="24.48710993863642215728759765625" lon="118.10940035618841648101806640625">
        <ele>1</ele>
        <time>2026-02-11T10:40:04.000Z</time>
        <extensions>
          <ns3:TrackPointExtension>
            <ns3:hr>147</ns3:hr>
          </ns3:TrackPointExtension>
        </extensions>
      </trkpt>
      <trkpt lat="24.4871160574257373809814453125" lon="118.109428100287914276123046875">
        <ele>1.2000000476837158203125</ele>
        <time>2026-02-11T10:40:05.000Z</time>
        <extensions>
          <ns3:TrackPointExtension>
            <ns3:hr>147</ns3:hr>
          </ns3:TrackPointExtension>
        </extensions>
      </trkpt>
      <trkpt lat="24.4871230982244014739990234375" lon="118.10945517383515834808349609375">
        <ele>1.60000002384185791015625</ele>
        <time>2026-02-11T10:40:06.000Z</time>
        <extensions>
          <ns3:TrackPointExtension>
            <ns3:hr>147</ns3:hr>
          </ns3:TrackPointExtension>
        </extensions>
      </trkpt>
      <trkpt lat="24.48713089339435100555419921875" lon="118.1094825826585292816162109375">
        <ele>1.7999999523162841796875</ele>
        <time>2026-02-11T10:40:07.000Z</time>
        <extensions>
          <ns3:TrackPointExtension>
            <ns3:hr>149</ns3:hr>
          </ns3:TrackPointExtension>
        </extensions>
      </trkpt>
      <trkpt lat="24.48713935911655426025390625" lon="118.1095107458531856536865234375">
        <ele>2</ele>
        <time>2026-02-11T10:40:08.000Z</time>
        <extensions>
          <ns3:TrackPointExtension>
            <ns3:hr>149</ns3:hr>
          </ns3:TrackPointExtension>
        </extensions>
      </trkpt>
      <trkpt lat="24.487148411571979522705078125" lon="118.10953966341912746429443359375">
        <ele>2.2000000476837158203125</ele>
        <time>2026-02-11T10:40:09.000Z</time>
        <extensions>
          <ns3:TrackPointExtension>
            <ns3:hr>149</ns3:hr>
          </ns3:TrackPointExtension>
        </extensions>
      </trkpt>
      <trkpt lat="24.48715754784643650054931640625" lon="118.10956900008022785186767578125">
        <ele>2.400000095367431640625</ele>
        <time>2026-02-11T10:40:10.000Z</time>
        <extensions>
          <ns3:TrackPointExtension>
            <ns3:hr>149</ns3:hr>
          </ns3:TrackPointExtension>
        </extensions>
      </trkpt>
      <trkpt lat="24.48716626502573490142822265625" lon="118.10959875583648681640625">
        <ele>2.7999999523162841796875</ele>
        <time>2026-02-11T10:40:11.000Z</time>
        <extensions>
          <ns3:TrackPointExtension>
            <ns3:hr>149</ns3:hr>
          </ns3:TrackPointExtension>
        </extensions>
      </trkpt>
      <trkpt lat="24.487174563109874725341796875" lon="118.10962884686887264251708984375">
        <ele>3</ele>
        <time>2026-02-11T10:40:12.000Z</time>
        <extensions>
          <ns3:TrackPointExtension>
            <ns3:hr>149</ns3:hr>
          </ns3:TrackPointExtension>
        </extensions>
      </trkpt>
      <trkpt lat="24.4871824420988559722900390625" lon="118.10965902172029018402099609375">
        <ele>3.2000000476837158203125</ele>
        <time>2026-02-11T10:40:13.000Z</time>
        <extensions>
          <ns3:TrackPointExtension>
            <ns3:hr>149</ns3:hr>
          </ns3:TrackPointExtension>
        </extensions>
      </trkpt>
      <trkpt lat="24.48718965053558349609375" lon="118.10968919657170772552490234375">
        <ele>3.400000095367431640625</ele>
        <time>2026-02-11T10:40:14.000Z</time>
        <extensions>
          <ns3:TrackPointExtension>
            <ns3:hr>149</ns3:hr>
          </ns3:TrackPointExtension>
        </extensions>
      </trkpt>
      <trkpt lat="24.4871965236961841583251953125" lon="118.10971937142312526702880859375">
        <ele>3.599999904632568359375</ele>
        <time>2026-02-11T10:40:15.000Z</time>
        <extensions>
          <ns3:TrackPointExtension>
            <ns3:hr>149</ns3:hr>
          </ns3:TrackPointExtension>
        </extensions>
      </trkpt>
      <trkpt lat="24.487203061580657958984375" lon="118.10974937863647937774658203125">
        <ele>3.7999999523162841796875</ele>
        <time>2026-02-11T10:40:16.000Z</time>
        <extensions>
          <ns3:TrackPointExtension>
            <ns3:hr>149</ns3:hr>
          </ns3:TrackPointExtension>
        </extensions>
      </trkpt>
      <trkpt lat="24.48720934800803661346435546875" lon="118.10977913439273834228515625">
        <ele>4</ele>
        <time>2026-02-11T10:40:17.000Z</time>
        <extensions>
          <ns3:TrackPointExtension>
            <ns3:hr>149</ns3:hr>
          </ns3:TrackPointExtension>
        </extensions>
      </trkpt>
      <trkpt lat="24.4872156344354152679443359375" lon="118.10980863869190216064453125">
        <ele>4.19999980926513671875</ele>
        <time>2026-02-11T10:40:18.000Z</time>
        <extensions>
          <ns3:TrackPointExtension>
            <ns3:hr>150</ns3:hr>
          </ns3:TrackPointExtension>
        </extensions>
      </trkpt>
      <trkpt lat="24.48722225613892078399658203125" lon="118.1098379753530025482177734375">
        <ele>4.19999980926513671875</ele>
        <time>2026-02-11T10:40:19.000Z</time>
        <extensions>
          <ns3:TrackPointExtension>
            <ns3:hr>150</ns3:hr>
          </ns3:TrackPointExtension>
        </extensions>
      </trkpt>
      <trkpt lat="24.4872290454804897308349609375" lon="118.10986739583313465118408203125">
        <ele>4.400000095367431640625</ele>
        <time>2026-02-11T10:40:20.000Z</time>
        <extensions>
          <ns3:TrackPointExtension>
            <ns3:hr>150</ns3:hr>
          </ns3:TrackPointExtension>
        </extensions>
      </trkpt>
      <trkpt lat="24.48723591864109039306640625" lon="118.1098969839513301849365234375">
        <ele>4.400000095367431640625</ele>
        <time>2026-02-11T10:40:21.000Z</time>
        <extensions>
          <ns3:TrackPointExtension>
            <ns3:hr>150</ns3:hr>
          </ns3:TrackPointExtension>
        </extensions>
      </trkpt>
      <trkpt lat="24.48724262416362762451171875" lon="118.10992657206952571868896484375">
        <ele>4.599999904632568359375</ele>
        <time>2026-02-11T10:40:22.000Z</time>
        <extensions>
          <ns3:TrackPointExtension>
            <ns3:hr>150</ns3:hr>
          </ns3:TrackPointExtension>
        </extensions>
      </trkpt>
      <trkpt lat="24.4872494973242282867431640625" lon="118.109955489635467529296875">
        <ele>4.599999904632568359375</ele>
        <time>2026-02-11T10:40:23.000Z</time>
        <extensions>
          <ns3:TrackPointExtension>
            <ns3:hr>150</ns3:hr>
          </ns3:TrackPointExtension>
        </extensions>
      </trkpt>
      <trkpt lat="24.48725678957998752593994140625" lon="118.10998323373496532440185546875">
        <ele>4.80000019073486328125</ele>
        <time>2026-02-11T10:40:24.000Z</time>
        <extensions>
          <ns3:TrackPointExtension>
            <ns3:hr>150</ns3:hr>
          </ns3:TrackPointExtension>
        </extensions>
      </trkpt>
      <trkpt lat="24.48726517148315906524658203125" lon="118.1100093014538288116455078125">
        <ele>4.80000019073486328125</ele>
        <time>2026-02-11T10:40:25.000Z</time>
        <extensions>
          <ns3:TrackPointExtension>
            <ns3:hr>150</ns3:hr>
          </ns3:TrackPointExtension>
        </extensions>
      </trkpt>
      <trkpt lat="24.487275145947933197021484375" lon="118.11003352515399456024169921875">
        <ele>5</ele>
        <time>2026-02-11T10:40:26.000Z</time>
        <extensions>
          <ns3:TrackPointExtension>
            <ns3:hr>150</ns3:hr>
          </ns3:TrackPointExtension>
        </extensions>
      </trkpt>
      <trkpt lat="24.48728688061237335205078125" lon="118.11005582101643085479736328125">
        <ele>5</ele>
        <time>2026-02-11T10:40:27.000Z</time>
        <extensions>
          <ns3:TrackPointExtension>
            <ns3:hr>150</ns3:hr>
          </ns3:TrackPointExtension>
        </extensions>
      </trkpt>
      <trkpt lat="24.48730071075260639190673828125" lon="118.11007543466985225677490234375">
        <ele>5</ele>
        <time>2026-02-11T10:40:28.000Z</time>
        <extensions>
          <ns3:TrackPointExtension>
            <ns3:hr>150</ns3:hr>
          </ns3:TrackPointExtension>
        </extensions>
      </trkpt>
      <trkpt lat="24.4873162172734737396240234375" lon="118.11009102500975131988525390625">
        <ele>5</ele>
        <time>2026-02-11T10:40:29.000Z</time>
        <extensions>
          <ns3:TrackPointExtension>
            <ns3:hr>149</ns3:hr>
          </ns3:TrackPointExtension>
        </extensions>
      </trkpt>
      <trkpt lat="24.48733247816562652587890625" lon="118.11010125093162059783935546875">
        <ele>5</ele>
        <time>2026-02-11T10:40:30.000Z</time>
        <extensions>
          <ns3:TrackPointExtension>
            <ns3:hr>149</ns3:hr>
          </ns3:TrackPointExtension>
        </extensions>
      </trkpt>
      <trkpt lat="24.4873480685055255889892578125" lon="118.11010611243546009063720703125">
        <ele>5</ele>
        <time>2026-02-11T10:40:31.000Z</time>
        <extensions>
          <ns3:TrackPointExtension>
            <ns3:hr>149</ns3:hr>
          </ns3:TrackPointExtension>
        </extensions>
      </trkpt>
      <trkpt lat="24.48736198246479034423828125" lon="118.1101068668067455291748046875">
        <ele>5</ele>
        <time>2026-02-11T10:40:32.000Z</time>
        <extensions>
          <ns3:TrackPointExtension>
            <ns3:hr>149</ns3:hr>
          </ns3:TrackPointExtension>
        </extensions>
      </trkpt>
      <trkpt lat="24.48737380094826221466064453125" lon="118.11010502278804779052734375">
        <ele>4.80000019073486328125</ele>
        <time>2026-02-11T10:40:33.000Z</time>
        <extensions>
          <ns3:TrackPointExtension>
            <ns3:hr>149</ns3:hr>
          </ns3:TrackPointExtension>
        </extensions>
      </trkpt>
      <trkpt lat="24.487382434308528900146484375" lon="118.1101018376648426055908203125">
        <ele>4.80000019073486328125</ele>
        <time>2026-02-11T10:40:34.000Z</time>
        <extensions>
          <ns3:TrackPointExtension>
            <ns3:hr>149</ns3:hr>
          </ns3:TrackPointExtension>
        </extensions>
      </trkpt>
      <trkpt lat="24.48739014565944671630859375" lon="118.11009756289422512054443359375">
        <ele>4.80000019073486328125</ele>
        <time>2026-02-11T10:40:35.000Z</time>
        <extensions>
          <ns3:TrackPointExtension>
            <ns3:hr>149</ns3:hr>
          </ns3:TrackPointExtension>
        </extensions>
      </trkpt>
      <trkpt lat="24.4874003715813159942626953125" lon="118.1100921146571636199951171875">
        <ele>4.80000019073486328125</ele>
        <time>2026-02-11T10:40:36.000Z</time>
        <extensions>
          <ns3:TrackPointExtension>
            <ns3:hr>149</ns3:hr>
          </ns3:TrackPointExtension>
        </extensions>
      </trkpt>
      <trkpt lat="24.4874141179025173187255859375" lon="118.11008515767753124237060546875">
        <ele>5</ele>
        <time>2026-02-11T10:40:37.000Z</time>
        <extensions>
          <ns3:TrackPointExtension>
            <ns3:hr>149</ns3:hr>
          </ns3:TrackPointExtension>
        </extensions>
      </trkpt>
      <trkpt lat="24.48743213899433612823486328125" lon="118.11007610522210597991943359375">
        <ele>5</ele>
        <time>2026-02-11T10:40:38.000Z</time>
        <extensions>
          <ns3:TrackPointExtension>
            <ns3:hr>149</ns3:hr>
          </ns3:TrackPointExtension>
        </extensions>
      </trkpt>
      <trkpt lat="24.48745426721870899200439453125" lon="118.110065124928951263427734375">
        <ele>5</ele>
        <time>2026-02-11T10:40:39.000Z</time>
        <extensions>
          <ns3:TrackPointExtension>
            <ns3:hr>149</ns3:hr>
          </ns3:TrackPointExtension>
        </extensions>
      </trkpt>
      <trkpt lat="24.4874788261950016021728515625" lon="118.11005330644547939300537109375">
        <ele>5</ele>
        <time>2026-02-11T10:40:40.000Z</time>
        <extensions>
          <ns3:TrackPointExtension>
            <ns3:hr>149</ns3:hr>
          </ns3:TrackPointExtension>
        </extensions>
      </trkpt>
      <trkpt lat="24.48750455863773822784423828125" lon="118.11004140414297580718994140625">
        <ele>5</ele>
        <time>2026-02-11T10:40:41.000Z</time>
        <extensions>
          <ns3:TrackPointExtension>
            <ns3:hr>149</ns3:hr>
          </ns3:TrackPointExtension>
        </extensions>
      </trkpt>
      <trkpt lat="24.48753087781369686126708984375" lon="118.1100294180214405059814453125">
        <ele>4.80000019073486328125</ele>
        <time>2026-02-11T10:40:42.000Z</time>
        <extensions>
          <ns3:TrackPointExtension>
            <ns3:hr>149</ns3:hr>
          </ns3:TrackPointExtension>
        </extensions>
      </trkpt>
      <trkpt lat="24.4875576160848140716552734375" lon="118.110017515718936920166015625">
        <ele>4.80000019073486328125</ele>
        <time>2026-02-11T10:40:43.000Z</time>
        <extensions>
          <ns3:TrackPointExtension>
            <ns3:hr>149</ns3:hr>
          </ns3:TrackPointExtension>
        </extensions>
      </trkpt>
      <trkpt lat="24.48758452199399471282958984375" lon="118.110005445778369903564453125">
        <ele>5</ele>
        <time>2026-02-11T10:40:44.000Z</time>
        <extensions>
          <ns3:TrackPointExtension>
            <ns3:hr>149</ns3:hr>
          </ns3:TrackPointExtension>
        </extensions>
      </trkpt>
      <trkpt lat="24.487611763179302215576171875" lon="118.10999362729489803314208984375">
        <ele>5.19999980926513671875</ele>
        <time>2026-02-11T10:40:45.000Z</time>
        <extensions>
          <ns3:TrackPointExtension>
            <ns3:hr>149</ns3:hr>
          </ns3:TrackPointExtension>
        </extensions>
      </trkpt>
      <trkpt lat="24.487639255821704864501953125" lon="118.10998206026852130889892578125">
        <ele>5.19999980926513671875</ele>
        <time>2026-02-11T10:40:46.000Z</time>
        <extensions>
          <ns3:TrackPointExtension>
            <ns3:hr>149</ns3:hr>
          </ns3:TrackPointExtension>
        </extensions>
      </trkpt>
      <trkpt lat="24.4876669161021709442138671875" lon="118.10997066088020801544189453125">
        <ele>5.19999980926513671875</ele>
        <time>2026-02-11T10:40:47.000Z</time>
        <extensions>
          <ns3:TrackPointExtension>
            <ns3:hr>150</ns3:hr>
          </ns3:TrackPointExtension>
        </extensions>
      </trkpt>
      <trkpt lat="24.48769449256360530853271484375" lon="118.1099595129489898681640625">
        <ele>5</ele>
        <time>2026-02-11T10:40:48.000Z</time>
        <extensions>
          <ns3:TrackPointExtension>
            <ns3:hr>150</ns3:hr>
          </ns3:TrackPointExtension>
        </extensions>
      </trkpt>
      <trkpt lat="24.4877222366631031036376953125" lon="118.109948448836803436279296875">
        <ele>5</ele>
        <time>2026-02-11T10:40:49.000Z</time>
        <extensions>
          <ns3:TrackPointExtension>
            <ns3:hr>150</ns3:hr>
          </ns3:TrackPointExtension>
        </extensions>
      </trkpt>
      <trkpt lat="24.48774998076260089874267578125" lon="118.10993746854364871978759765625">
        <ele>5</ele>
        <time>2026-02-11T10:40:50.000Z</time>
        <extensions>
          <ns3:TrackPointExtension>
            <ns3:hr>150</ns3:hr>
          </ns3:TrackPointExtension>
        </extensions>
      </trkpt>
      <trkpt lat="24.48777772486209869384765625" lon="118.1099264882504940032958984375">
        <ele>4.80000019073486328125</ele>
        <time>2026-02-11T10:40:51.000Z</time>
        <extensions>
          <ns3:TrackPointExtension>
            <ns3:hr>150</ns3:hr>
          </ns3:TrackPointExtension>
        </extensions>
      </trkpt>
      <trkpt lat="24.4878053851425647735595703125" lon="118.109915591776371002197265625">
        <ele>4.400000095367431640625</ele>
        <time>2026-02-11T10:40:52.000Z</time>
        <extensions>
          <ns3:TrackPointExtension>
            <ns3:hr>150</ns3:hr>
          </ns3:TrackPointExtension>
        </extensions>
      </trkpt>
      <trkpt lat="24.48783338069915771484375" lon="118.10990461148321628570556640625">
        <ele>4</ele>
        <time>2026-02-11T10:40:53.000Z</time>
        <extensions>
          <ns3:TrackPointExtension>
            <ns3:hr>150</ns3:hr>
          </ns3:TrackPointExtension>
        </extensions>
      </trkpt>
      <trkpt lat="24.4878617115318775177001953125" lon="118.10989354737102985382080078125">
        <ele>3.7999999523162841796875</ele>
        <time>2026-02-11T10:40:54.000Z</time>
        <extensions>
          <ns3:TrackPointExtension>
            <ns3:hr>150</ns3:hr>
          </ns3:TrackPointExtension>
        </extensions>
      </trkpt>
      <trkpt lat="24.4878902100026607513427734375" lon="118.10988239943981170654296875">
        <ele>3.400000095367431640625</ele>
        <time>2026-02-11T10:40:55.000Z</time>
        <extensions>
          <ns3:TrackPointExtension>
            <ns3:hr>150</ns3:hr>
          </ns3:TrackPointExtension>
        </extensions>
      </trkpt>
      <trkpt lat="24.48791845701634883880615234375" lon="118.10987108387053012847900390625">
        <ele>3.2000000476837158203125</ele>
        <time>2026-02-11T10:40:56.000Z</time>
        <extensions>
          <ns3:TrackPointExtension>
            <ns3:hr>150</ns3:hr>
          </ns3:TrackPointExtension>
        </extensions>
      </trkpt>
      <trkpt lat="24.48794628493487834930419921875" lon="118.1098597683012485504150390625">
        <ele>3</ele>
        <time>2026-02-11T10:40:57.000Z</time>
        <extensions>
          <ns3:TrackPointExtension>
            <ns3:hr>150</ns3:hr>
          </ns3:TrackPointExtension>
        </extensions>
      </trkpt>
      <trkpt lat="24.4879740290343761444091796875" lon="118.10984811745584011077880859375">
        <ele>3</ele>
        <time>2026-02-11T10:40:58.000Z</time>
        <extensions>
          <ns3:TrackPointExtension>
            <ns3:hr>150</ns3:hr>
          </ns3:TrackPointExtension>
        </extensions>
      </trkpt>
      <trkpt lat="24.4880018569529056549072265625" lon="118.10983621515333652496337890625">
        <ele>2.7999999523162841796875</ele>
        <time>2026-02-11T10:40:59.000Z</time>
        <extensions>
          <ns3:TrackPointExtension>
            <ns3:hr>150</ns3:hr>
          </ns3:TrackPointExtension>
        </extensions>
      </trkpt>
      <trkpt lat="24.488029517233371734619140625" lon="118.1098238937556743621826171875">
        <ele>2.599999904632568359375</ele>
        <time>2026-02-11T10:41:00.000Z</time>
        <extensions>
          <ns3:TrackPointExtension>
            <ns3:hr>150</ns3:hr>
          </ns3:TrackPointExtension>
        </extensions>
      </trkpt>
      <trkpt lat="24.48805709369480609893798828125" lon="118.1098111532628536224365234375">
        <ele>2.599999904632568359375</ele>
        <time>2026-02-11T10:41:01.000Z</time>
        <extensions>
          <ns3:TrackPointExtension>
            <ns3:hr>152</ns3:hr>
          </ns3:TrackPointExtension>
        </extensions>
      </trkpt>
      <trkpt lat="24.488084502518177032470703125" lon="118.10979816131293773651123046875">
        <ele>2.400000095367431640625</ele>
        <time>2026-02-11T10:41:02.000Z</time>
        <extensions>
          <ns3:TrackPointExtension>
            <ns3:hr>152</ns3:hr>
          </ns3:TrackPointExtension>
        </extensions>
      </trkpt>
      <trkpt lat="24.4881118275225162506103515625" lon="118.10978508554399013519287109375">
        <ele>2.2000000476837158203125</ele>
        <time>2026-02-11T10:41:03.000Z</time>
        <extensions>
          <ns3:TrackPointExtension>
            <ns3:hr>152</ns3:hr>
          </ns3:TrackPointExtension>
        </extensions>
      </trkpt>
      <trkpt lat="24.48813923634588718414306640625" lon="118.10977217741310596466064453125">
        <ele>2.2000000476837158203125</ele>
        <time>2026-02-11T10:41:04.000Z</time>
        <extensions>
          <ns3:TrackPointExtension>
            <ns3:hr>152</ns3:hr>
          </ns3:TrackPointExtension>
        </extensions>
      </trkpt>
      <trkpt lat="24.488166980445384979248046875" lon="118.10975960455834865570068359375">
        <ele>2.2000000476837158203125</ele>
        <time>2026-02-11T10:41:05.000Z</time>
        <extensions>
          <ns3:TrackPointExtension>
            <ns3:hr>152</ns3:hr>
          </ns3:TrackPointExtension>
        </extensions>
      </trkpt>
      <trkpt lat="24.48819489218294620513916015625" lon="118.10974719934165477752685546875">
        <ele>2.7999999523162841796875</ele>
        <time>2026-02-11T10:41:06.000Z</time>
        <extensions>
          <ns3:TrackPointExtension>
            <ns3:hr>152</ns3:hr>
          </ns3:TrackPointExtension>
        </extensions>
      </trkpt>
      <trkpt lat="24.48822288773953914642333984375" lon="118.109734542667865753173828125">
        <ele>3.2000000476837158203125</ele>
        <time>2026-02-11T10:41:07.000Z</time>
        <extensions>
          <ns3:TrackPointExtension>
            <ns3:hr>153</ns3:hr>
          </ns3:TrackPointExtension>
        </extensions>
      </trkpt>
      <trkpt lat="24.488250799477100372314453125" lon="118.109721802175045013427734375">
        <ele>3.7999999523162841796875</ele>
        <time>2026-02-11T10:41:08.000Z</time>
        <extensions>
          <ns3:TrackPointExtension>
            <ns3:hr>154</ns3:hr>
          </ns3:TrackPointExtension>
        </extensions>
      </trkpt>
      <trkpt lat="24.48827854357659816741943359375" lon="118.10970897786319255828857421875">
        <ele>4.400000095367431640625</ele>
        <time>2026-02-11T10:41:09.000Z</time>
        <extensions>
          <ns3:TrackPointExtension>
            <ns3:hr>154</ns3:hr>
          </ns3:TrackPointExtension>
        </extensions>
      </trkpt>
      <trkpt lat="24.48830612003803253173828125" lon="118.10969606973230838775634765625">
        <ele>4.80000019073486328125</ele>
        <time>2026-02-11T10:41:10.000Z</time>
        <extensions>
          <ns3:TrackPointExtension>
            <ns3:hr>154</ns3:hr>
          </ns3:TrackPointExtension>
        </extensions>
      </trkpt>
      <trkpt lat="24.4883336126804351806640625" lon="118.1096827425062656402587890625">
        <ele>5.400000095367431640625</ele>
        <time>2026-02-11T10:41:11.000Z</time>
        <extensions>
          <ns3:TrackPointExtension>
            <ns3:hr>154</ns3:hr>
          </ns3:TrackPointExtension>
        </extensions>
      </trkpt>
      <trkpt lat="24.48836102150380611419677734375" lon="118.10966916382312774658203125">
        <ele>5.80000019073486328125</ele>
        <time>2026-02-11T10:41:12.000Z</time>
        <extensions>
          <ns3:TrackPointExtension>
            <ns3:hr>154</ns3:hr>
          </ns3:TrackPointExtension>
        </extensions>
      </trkpt>
      <trkpt lat="24.48838792741298675537109375" lon="118.10965516604483127593994140625">
        <ele>6.19999980926513671875</ele>
        <time>2026-02-11T10:41:13.000Z</time>
        <extensions>
          <ns3:TrackPointExtension>
            <ns3:hr>154</ns3:hr>
          </ns3:TrackPointExtension>
        </extensions>
      </trkpt>
      <trkpt lat="24.48841416276991367340087890625" lon="118.10964058153331279754638671875">
        <ele>6.599999904632568359375</ele>
        <time>2026-02-11T10:41:14.000Z</time>
        <extensions>
          <ns3:TrackPointExtension>
            <ns3:hr>154</ns3:hr>
          </ns3:TrackPointExtension>
        </extensions>
      </trkpt>
      <trkpt lat="24.48843930847942829132080078125" lon="118.10962482355535030364990234375">
        <ele>7</ele>
        <time>2026-02-11T10:41:15.000Z</time>
        <extensions>
          <ns3:TrackPointExtension>
            <ns3:hr>154</ns3:hr>
          </ns3:TrackPointExtension>
        </extensions>
      </trkpt>
      <trkpt lat="24.48846294544637203216552734375" lon="118.1096073053777217864990234375">
        <ele>7.400000095367431640625</ele>
        <time>2026-02-11T10:41:16.000Z</time>
        <extensions>
          <ns3:TrackPointExtension>
            <ns3:hr>154</ns3:hr>
          </ns3:TrackPointExtension>
        </extensions>
      </trkpt>
      <trkpt lat="24.4884846545755863189697265625" lon="118.10958735644817352294921875">
        <ele>7.80000019073486328125</ele>
        <time>2026-02-11T10:41:17.000Z</time>
        <extensions>
          <ns3:TrackPointExtension>
            <ns3:hr>154</ns3:hr>
          </ns3:TrackPointExtension>
        </extensions>
      </trkpt>
      <trkpt lat="24.488503932952880859375" lon="118.10956497676670551300048828125">
        <ele>8.19999980926513671875</ele>
        <time>2026-02-11T10:41:18.000Z</time>
        <extensions>
          <ns3:TrackPointExtension>
            <ns3:hr>154</ns3:hr>
          </ns3:TrackPointExtension>
        </extensions>
      </trkpt>
      <trkpt lat="24.488520361483097076416015625" lon="118.10954066924750804901123046875">
        <ele>8.3999996185302734375</ele>
        <time>2026-02-11T10:41:19.000Z</time>
        <extensions>
          <ns3:TrackPointExtension>
            <ns3:hr>154</ns3:hr>
          </ns3:TrackPointExtension>
        </extensions>
      </trkpt>
      <trkpt lat="24.48853368870913982391357421875" lon="118.10951493680477142333984375">
        <ele>8.6000003814697265625</ele>
        <time>2026-02-11T10:41:20.000Z</time>
        <extensions>
          <ns3:TrackPointExtension>
            <ns3:hr>154</ns3:hr>
          </ns3:TrackPointExtension>
        </extensions>
      </trkpt>
      <trkpt lat="24.48854349553585052490234375" lon="118.109488449990749359130859375">
        <ele>8.6000003814697265625</ele>
        <time>2026-02-11T10:41:21.000Z</time>
        <extensions>
          <ns3:TrackPointExtension>
            <ns3:hr>154</ns3:hr>
          </ns3:TrackPointExtension>
        </extensions>
      </trkpt>
      <trkpt lat="24.488549865782260894775390625" lon="118.10946254990994930267333984375">
        <ele>8.80000019073486328125</ele>
        <time>2026-02-11T10:41:22.000Z</time>
        <extensions>
          <ns3:TrackPointExtension>
            <ns3:hr>154</ns3:hr>
          </ns3:TrackPointExtension>
        </extensions>
      </trkpt>
      <trkpt lat="24.4885537214577198028564453125" lon="118.10943908058106899261474609375">
        <ele>8.80000019073486328125</ele>
        <time>2026-02-11T10:41:23.000Z</time>
        <extensions>
          <ns3:TrackPointExtension>
            <ns3:hr>154</ns3:hr>
          </ns3:TrackPointExtension>
        </extensions>
      </trkpt>
      <trkpt lat="24.48855715803802013397216796875" lon="118.1094202212989330291748046875">
        <ele>8.80000019073486328125</ele>
        <time>2026-02-11T10:41:24.000Z</time>
        <extensions>
          <ns3:TrackPointExtension>
            <ns3:hr>154</ns3:hr>
          </ns3:TrackPointExtension>
        </extensions>
      </trkpt>
      <trkpt lat="24.4885616004467010498046875" lon="118.1094081513583660125732421875">
        <ele>8.80000019073486328125</ele>
        <time>2026-02-11T10:41:25.000Z</time>
        <extensions>
          <ns3:TrackPointExtension>
            <ns3:hr>154</ns3:hr>
          </ns3:TrackPointExtension>
        </extensions>
      </trkpt>
      <trkpt lat="24.4885657913982868194580078125" lon="118.10940136201679706573486328125">
        <ele>8.80000019073486328125</ele>
        <time>2026-02-11T10:41:26.000Z</time>
        <extensions>
          <ns3:TrackPointExtension>
            <ns3:hr>154</ns3:hr>
          </ns3:TrackPointExtension>
        </extensions>
      </trkpt>
      <trkpt lat="24.48856889270246028900146484375" lon="118.10939733870327472686767578125">
        <ele>8.80000019073486328125</ele>
        <time>2026-02-11T10:41:27.000Z</time>
        <extensions>
          <ns3:TrackPointExtension>
            <ns3:hr>154</ns3:hr>
          </ns3:TrackPointExtension>
        </extensions>
      </trkpt>
      <trkpt lat="24.48857140727341175079345703125" lon="118.10939499177038669586181640625">
        <ele>8.80000019073486328125</ele>
        <time>2026-02-11T10:41:28.000Z</time>
        <extensions>
          <ns3:TrackPointExtension>
            <ns3:hr>149</ns3:hr>
          </ns3:TrackPointExtension>
        </extensions>
      </trkpt>
      <trkpt lat="24.48857358656823635101318359375" lon="118.10939381830394268035888671875">
        <ele>9</ele>
        <time>2026-02-11T10:41:29.000Z</time>
        <extensions>
          <ns3:TrackPointExtension>
            <ns3:hr>149</ns3:hr>
          </ns3:TrackPointExtension>
        </extensions>
      </trkpt>
      <trkpt lat="24.4885755144059658050537109375" lon="118.10939348302781581878662109375">
        <ele>9</ele>
        <time>2026-02-11T10:41:30.000Z</time>
        <extensions>
          <ns3:TrackPointExtension>
            <ns3:hr>149</ns3:hr>
          </ns3:TrackPointExtension>
        </extensions>
      </trkpt>
      <trkpt lat="24.48857727460563182830810546875" lon="118.10939365066587924957275390625">
        <ele>9</ele>
        <time>2026-02-11T10:41:31.000Z</time>
        <extensions>
          <ns3:TrackPointExtension>
            <ns3:hr>149</ns3:hr>
          </ns3:TrackPointExtension>
        </extensions>
      </trkpt>
      <trkpt lat="24.48857895098626613616943359375" lon="118.10939398594200611114501953125">
        <ele>9</ele>
        <time>2026-02-11T10:41:32.000Z</time>
        <extensions>
          <ns3:TrackPointExtension>
            <ns3:hr>149</ns3:hr>
          </ns3:TrackPointExtension>
        </extensions>
      </trkpt>
      <trkpt lat="24.488580711185932159423828125" lon="118.10939448885619640350341796875">
        <ele>9</ele>
        <time>2026-02-11T10:41:33.000Z</time>
        <extensions>
          <ns3:TrackPointExtension>
            <ns3:hr>149</ns3:hr>
          </ns3:TrackPointExtension>
        </extensions>
      </trkpt>
      <trkpt lat="24.488582722842693328857421875" lon="118.1093950755894184112548828125">
        <ele>9</ele>
        <time>2026-02-11T10:41:34.000Z</time>
        <extensions>
          <ns3:TrackPointExtension>
            <ns3:hr>149</ns3:hr>
          </ns3:TrackPointExtension>
        </extensions>
      </trkpt>
      <trkpt lat="24.48858506977558135986328125" lon="118.109395243227481842041015625">
        <ele>9</ele>
        <time>2026-02-11T10:41:35.000Z</time>
        <extensions>
          <ns3:TrackPointExtension>
            <ns3:hr>149</ns3:hr>
          </ns3:TrackPointExtension>
        </extensions>
      </trkpt>
      <trkpt lat="24.48858800344169139862060546875" lon="118.10939482413232326507568359375">
        <ele>9</ele>
        <time>2026-02-11T10:41:36.000Z</time>
        <extensions>
          <ns3:TrackPointExtension>
            <ns3:hr>149</ns3:hr>
          </ns3:TrackPointExtension>
        </extensions>
      </trkpt>
      <trkpt lat="24.48859152384102344512939453125" lon="118.1093940697610378265380859375">
        <ele>9</ele>
        <time>2026-02-11T10:41:37.000Z</time>
        <extensions>
          <ns3:TrackPointExtension>
            <ns3:hr>149</ns3:hr>
          </ns3:TrackPointExtension>
        </extensions>
      </trkpt>
      <trkpt lat="24.4885956309735774993896484375" lon="118.10939348302781581878662109375">
        <ele>9</ele>
        <time>2026-02-11T10:41:38.000Z</time>
        <extensions>
          <ns3:TrackPointExtension>
            <ns3:hr>149</ns3:hr>
          </ns3:TrackPointExtension>
        </extensions>
      </trkpt>
      <trkpt lat="24.48860057629644870758056640625" lon="118.10939314775168895721435546875">
        <ele>9.19999980926513671875</ele>
        <time>2026-02-11T10:41:39.000Z</time>
        <extensions>
          <ns3:TrackPointExtension>
            <ns3:hr>145</ns3:hr>
          </ns3:TrackPointExtension>
        </extensions>
      </trkpt>
      <trkpt lat="24.48860711418092250823974609375" lon="118.10939214192330837249755859375">
        <ele>9.19999980926513671875</ele>
        <time>2026-02-11T10:41:40.000Z</time>
        <extensions>
          <ns3:TrackPointExtension>
            <ns3:hr>145</ns3:hr>
          </ns3:TrackPointExtension>
        </extensions>
      </trkpt>
      <trkpt lat="24.48861700482666492462158203125" lon="118.10938778333365917205810546875">
        <ele>9.19999980926513671875</ele>
        <time>2026-02-11T10:41:41.000Z</time>
        <extensions>
          <ns3:TrackPointExtension>
            <ns3:hr>145</ns3:hr>
          </ns3:TrackPointExtension>
        </extensions>
      </trkpt>
      <trkpt lat="24.48863058350980281829833984375" lon="118.1093786470592021942138671875">
        <ele>9.3999996185302734375</ele>
        <time>2026-02-11T10:41:42.000Z</time>
        <extensions>
          <ns3:TrackPointExtension>
            <ns3:hr>145</ns3:hr>
          </ns3:TrackPointExtension>
        </extensions>
      </trkpt>
      <trkpt lat="24.48864567093551158905029296875" lon="118.10936582274734973907470703125">
        <ele>9.6000003814697265625</ele>
        <time>2026-02-11T10:41:43.000Z</time>
        <extensions>
          <ns3:TrackPointExtension>
            <ns3:hr>145</ns3:hr>
          </ns3:TrackPointExtension>
        </extensions>
      </trkpt>
      <trkpt lat="24.4886593334376811981201171875" lon="118.1093514896929264068603515625">
        <ele>9.80000019073486328125</ele>
        <time>2026-02-11T10:41:44.000Z</time>
        <extensions>
          <ns3:TrackPointExtension>
            <ns3:hr>145</ns3:hr>
          </ns3:TrackPointExtension>
        </extensions>
      </trkpt>
      <trkpt lat="24.48867064900696277618408203125" lon="118.10933564789593219757080078125">
        <ele>10</ele>
        <time>2026-02-11T10:41:45.000Z</time>
        <extensions>
          <ns3:TrackPointExtension>
            <ns3:hr>140</ns3:hr>
          </ns3:TrackPointExtension>
        </extensions>
      </trkpt>
      <trkpt lat="24.48868037201464176177978515625" lon="118.1093166209757328033447265625">
        <ele>10.19999980926513671875</ele>
        <time>2026-02-11T10:41:46.000Z</time>
        <extensions>
          <ns3:TrackPointExtension>
            <ns3:hr>140</ns3:hr>
          </ns3:TrackPointExtension>
        </extensions>
      </trkpt>
      <trkpt lat="24.4886888377368450164794921875" lon="118.10929306782782077789306640625">
        <ele>10.3999996185302734375</ele>
        <time>2026-02-11T10:41:47.000Z</time>
        <extensions>
          <ns3:TrackPointExtension>
            <ns3:hr>140</ns3:hr>
          </ns3:TrackPointExtension>
        </extensions>
      </trkpt>
      <trkpt lat="24.48869562707841396331787109375" lon="118.10926549136638641357421875">
        <ele>10.6000003814697265625</ele>
        <time>2026-02-11T10:41:48.000Z</time>
        <extensions>
          <ns3:TrackPointExtension>
            <ns3:hr>140</ns3:hr>
          </ns3:TrackPointExtension>
        </extensions>
      </trkpt>
      <trkpt lat="24.48869914747774600982666015625" lon="118.10923590324819087982177734375">
        <ele>10.6000003814697265625</ele>
        <time>2026-02-11T10:41:49.000Z</time>
        <extensions>
          <ns3:TrackPointExtension>
            <ns3:hr>140</ns3:hr>
          </ns3:TrackPointExtension>
        </extensions>
      </trkpt>
      <trkpt lat="24.4886988960206508636474609375" lon="118.109210170805454254150390625">
        <ele>10.80000019073486328125</ele>
        <time>2026-02-11T10:41:50.000Z</time>
        <extensions>
          <ns3:TrackPointExtension>
            <ns3:hr>140</ns3:hr>
          </ns3:TrackPointExtension>
        </extensions>
      </trkpt>
      <trkpt lat="24.48869478888809680938720703125" lon="118.10917890630662441253662109375">
        <ele>10.80000019073486328125</ele>
        <time>2026-02-11T10:41:51.000Z</time>
        <extensions>
          <ns3:TrackPointExtension>
            <ns3:hr>140</ns3:hr>
          </ns3:TrackPointExtension>
        </extensions>
      </trkpt>
      <trkpt lat="24.48868741281330585479736328125" lon="118.10914671979844570159912109375">
        <ele>10.80000019073486328125</ele>
        <time>2026-02-11T10:41:52.000Z</time>
        <extensions>
          <ns3:TrackPointExtension>
            <ns3:hr>140</ns3:hr>
          </ns3:TrackPointExtension>
        </extensions>
      </trkpt>
      <trkpt lat="24.48867836035788059234619140625" lon="118.10911436565220355987548828125">
        <ele>10.80000019073486328125</ele>
        <time>2026-02-11T10:41:53.000Z</time>
        <extensions>
          <ns3:TrackPointExtension>
            <ns3:hr>143</ns3:hr>
          </ns3:TrackPointExtension>
        </extensions>
      </trkpt>
      <trkpt lat="24.48866880498826503753662109375" lon="118.1090824306011199951171875">
        <ele>11</ele>
        <time>2026-02-11T10:41:54.000Z</time>
        <extensions>
          <ns3:TrackPointExtension>
            <ns3:hr>143</ns3:hr>
          </ns3:TrackPointExtension>
        </extensions>
      </trkpt>
      <trkpt lat="24.4886596687138080596923828125" lon="118.10905099846422672271728515625">
        <ele>11</ele>
        <time>2026-02-11T10:41:55.000Z</time>
        <extensions>
          <ns3:TrackPointExtension>
            <ns3:hr>143</ns3:hr>
          </ns3:TrackPointExtension>
        </extensions>
      </trkpt>
      <trkpt lat="24.488651454448699951171875" lon="118.10901939868927001953125">
        <ele>11</ele>
        <time>2026-02-11T10:41:56.000Z</time>
        <extensions>
          <ns3:TrackPointExtension>
            <ns3:hr>143</ns3:hr>
          </ns3:TrackPointExtension>
        </extensions>
      </trkpt>
      <trkpt lat="24.48864399455487728118896484375" lon="118.10898293741047382354736328125">
        <ele>11</ele>
        <time>2026-02-11T10:41:57.000Z</time>
        <extensions>
          <ns3:TrackPointExtension>
            <ns3:hr>143</ns3:hr>
          </ns3:TrackPointExtension>
        </extensions>
      </trkpt>
      <trkpt lat="24.4886392168700695037841796875" lon="118.10895033180713653564453125">
        <ele>11</ele>
        <time>2026-02-11T10:41:58.000Z</time>
        <extensions>
          <ns3:TrackPointExtension>
            <ns3:hr>143</ns3:hr>
          </ns3:TrackPointExtension>
        </extensions>
      </trkpt>
      <trkpt lat="24.488635696470737457275390625" lon="118.1089173071086406707763671875">
        <ele>11.3999996185302734375</ele>
        <time>2026-02-11T10:41:59.000Z</time>
        <extensions>
          <ns3:TrackPointExtension>
            <ns3:hr>143</ns3:hr>
          </ns3:TrackPointExtension>
        </extensions>
      </trkpt>
      <trkpt lat="24.48863276280462741851806640625" lon="118.10888403095304965972900390625">
        <ele>11.6000003814697265625</ele>
        <time>2026-02-11T10:42:00.000Z</time>
        <extensions>
          <ns3:TrackPointExtension>
            <ns3:hr>143</ns3:hr>
          </ns3:TrackPointExtension>
        </extensions>
      </trkpt>
      <trkpt lat="24.48862957768142223358154296875" lon="118.10885050334036350250244140625">
        <ele>12</ele>
        <time>2026-02-11T10:42:01.000Z</time>
        <extensions>
          <ns3:TrackPointExtension>
            <ns3:hr>143</ns3:hr>
          </ns3:TrackPointExtension>
        </extensions>
      </trkpt>
      <trkpt lat="24.4886258058249950408935546875" lon="118.10881697572767734527587890625">
        <ele>12.3999996185302734375</ele>
        <time>2026-02-11T10:42:02.000Z</time>
        <extensions>
          <ns3:TrackPointExtension>
            <ns3:hr>144</ns3:hr>
          </ns3:TrackPointExtension>
        </extensions>
      </trkpt>
      <trkpt lat="24.48862102814018726348876953125" lon="118.108783699572086334228515625">
        <ele>12.6000003814697265625</ele>
        <time>2026-02-11T10:42:03.000Z</time>
        <extensions>
          <ns3:TrackPointExtension>
            <ns3:hr>143</ns3:hr>
          </ns3:TrackPointExtension>
        </extensions>
      </trkpt>
      <trkpt lat="24.48861482553184032440185546875" lon="118.10875109396874904632568359375">
        <ele>13</ele>
        <time>2026-02-11T10:42:04.000Z</time>
        <extensions>
          <ns3:TrackPointExtension>
            <ns3:hr>143</ns3:hr>
          </ns3:TrackPointExtension>
        </extensions>
      </trkpt>
      <trkpt lat="24.4886070303618907928466796875" lon="118.108719326555728912353515625">
        <ele>13.19999980926513671875</ele>
        <time>2026-02-11T10:42:05.000Z</time>
        <extensions>
          <ns3:TrackPointExtension>
            <ns3:hr>143</ns3:hr>
          </ns3:TrackPointExtension>
        </extensions>
      </trkpt>
      <trkpt lat="24.4885979779064655303955078125" lon="118.108687810599803924560546875">
        <ele>13.3999996185302734375</ele>
        <time>2026-02-11T10:42:06.000Z</time>
        <extensions>
          <ns3:TrackPointExtension>
            <ns3:hr>143</ns3:hr>
          </ns3:TrackPointExtension>
        </extensions>
      </trkpt>
      <trkpt lat="24.488588087260723114013671875" lon="118.10865604318678379058837890625">
        <ele>13.6000003814697265625</ele>
        <time>2026-02-11T10:42:07.000Z</time>
        <extensions>
          <ns3:TrackPointExtension>
            <ns3:hr>143</ns3:hr>
          </ns3:TrackPointExtension>
        </extensions>
      </trkpt>
      <trkpt lat="24.48857794515788555145263671875" lon="118.10862419195473194122314453125">
        <ele>13.80000019073486328125</ele>
        <time>2026-02-11T10:42:08.000Z</time>
        <extensions>
          <ns3:TrackPointExtension>
            <ns3:hr>145</ns3:hr>
          </ns3:TrackPointExtension>
        </extensions>
      </trkpt>
      <trkpt lat="24.4885678030550479888916015625" lon="118.10859234072268009185791015625">
        <ele>14.19999980926513671875</ele>
        <time>2026-02-11T10:42:09.000Z</time>
        <extensions>
          <ns3:TrackPointExtension>
            <ns3:hr>145</ns3:hr>
          </ns3:TrackPointExtension>
        </extensions>
      </trkpt>
      <trkpt lat="24.48855766095221042633056640625" lon="118.1085609085857868194580078125">
        <ele>14.3999996185302734375</ele>
        <time>2026-02-11T10:42:10.000Z</time>
        <extensions>
          <ns3:TrackPointExtension>
            <ns3:hr>145</ns3:hr>
          </ns3:TrackPointExtension>
        </extensions>
      </trkpt>
      <trkpt lat="24.48854743503034114837646484375" lon="118.10852964408695697784423828125">
        <ele>14.6000003814697265625</ele>
        <time>2026-02-11T10:42:11.000Z</time>
        <extensions>
          <ns3:TrackPointExtension>
            <ns3:hr>145</ns3:hr>
          </ns3:TrackPointExtension>
        </extensions>
      </trkpt>
      <trkpt lat="24.488537125289440155029296875" lon="118.10849837958812713623046875">
        <ele>14.80000019073486328125</ele>
        <time>2026-02-11T10:42:12.000Z</time>
        <extensions>
          <ns3:TrackPointExtension>
            <ns3:hr>145</ns3:hr>
          </ns3:TrackPointExtension>
        </extensions>
      </trkpt>
      <trkpt lat="24.4885268993675708770751953125" lon="118.10846694745123386383056640625">
        <ele>15</ele>
        <time>2026-02-11T10:42:13.000Z</time>
        <extensions>
          <ns3:TrackPointExtension>
            <ns3:hr>148</ns3:hr>
          </ns3:TrackPointExtension>
        </extensions>
      </trkpt>
      <trkpt lat="24.48851658962666988372802734375" lon="118.10843526385724544525146484375">
        <ele>15</ele>
        <time>2026-02-11T10:42:14.000Z</time>
        <extensions>
          <ns3:TrackPointExtension>
            <ns3:hr>148</ns3:hr>
          </ns3:TrackPointExtension>
        </extensions>
      </trkpt>
      <trkpt lat="24.4885057769715785980224609375" lon="118.10840358026325702667236328125">
        <ele>15.19999980926513671875</ele>
        <time>2026-02-11T10:42:15.000Z</time>
        <extensions>
          <ns3:TrackPointExtension>
            <ns3:hr>148</ns3:hr>
          </ns3:TrackPointExtension>
        </extensions>
      </trkpt>
      <trkpt lat="24.48849462904036045074462890625" lon="118.10837172903120517730712890625">
        <ele>15.19999980926513671875</ele>
        <time>2026-02-11T10:42:16.000Z</time>
        <extensions>
          <ns3:TrackPointExtension>
            <ns3:hr>148</ns3:hr>
          </ns3:TrackPointExtension>
        </extensions>
      </trkpt>
      <trkpt lat="24.48848322965204715728759765625" lon="118.108339793980121612548828125">
        <ele>15.19999980926513671875</ele>
        <time>2026-02-11T10:42:17.000Z</time>
        <extensions>
          <ns3:TrackPointExtension>
            <ns3:hr>148</ns3:hr>
          </ns3:TrackPointExtension>
        </extensions>
      </trkpt>
      <trkpt lat="24.4884719140827655792236328125" lon="118.10830769129097461700439453125">
        <ele>15</ele>
        <time>2026-02-11T10:42:18.000Z</time>
        <extensions>
          <ns3:TrackPointExtension>
            <ns3:hr>148</ns3:hr>
          </ns3:TrackPointExtension>
        </extensions>
      </trkpt>
      <trkpt lat="24.4884605146944522857666015625" lon="118.108275420963764190673828125">
        <ele>15</ele>
        <time>2026-02-11T10:42:19.000Z</time>
        <extensions>
          <ns3:TrackPointExtension>
            <ns3:hr>148</ns3:hr>
          </ns3:TrackPointExtension>
        </extensions>
      </trkpt>
      <trkpt lat="24.4884491153061389923095703125" lon="118.1082434020936489105224609375">
        <ele>15</ele>
        <time>2026-02-11T10:42:20.000Z</time>
        <extensions>
          <ns3:TrackPointExtension>
            <ns3:hr>148</ns3:hr>
          </ns3:TrackPointExtension>
        </extensions>
      </trkpt>
      <trkpt lat="24.48843763209879398345947265625" lon="118.1082115508615970611572265625">
        <ele>14.80000019073486328125</ele>
        <time>2026-02-11T10:42:21.000Z</time>
        <extensions>
          <ns3:TrackPointExtension>
            <ns3:hr>148</ns3:hr>
          </ns3:TrackPointExtension>
        </extensions>
      </trkpt>
      <trkpt lat="24.4884259812533855438232421875" lon="118.10817995108664035797119140625">
        <ele>14.80000019073486328125</ele>
        <time>2026-02-11T10:42:22.000Z</time>
        <extensions>
          <ns3:TrackPointExtension>
            <ns3:hr>150</ns3:hr>
          </ns3:TrackPointExtension>
        </extensions>
      </trkpt>
      <trkpt lat="24.48841416276991367340087890625" lon="118.10814843513071537017822265625">
        <ele>14.6000003814697265625</ele>
        <time>2026-02-11T10:42:23.000Z</time>
        <extensions>
          <ns3:TrackPointExtension>
            <ns3:hr>150</ns3:hr>
          </ns3:TrackPointExtension>
        </extensions>
      </trkpt>
      <trkpt lat="24.48840209282934665679931640625" lon="118.1081168353557586669921875">
        <ele>14.3999996185302734375</ele>
        <time>2026-02-11T10:42:24.000Z</time>
        <extensions>
          <ns3:TrackPointExtension>
            <ns3:hr>150</ns3:hr>
          </ns3:TrackPointExtension>
        </extensions>
      </trkpt>
      <trkpt lat="24.4883897714316844940185546875" lon="118.10808531939983367919921875">
        <ele>13.80000019073486328125</ele>
        <time>2026-02-11T10:42:25.000Z</time>
        <extensions>
          <ns3:TrackPointExtension>
            <ns3:hr>150</ns3:hr>
          </ns3:TrackPointExtension>
        </extensions>
      </trkpt>
      <trkpt lat="24.48837711475789546966552734375" lon="118.10805380344390869140625">
        <ele>13.19999980926513671875</ele>
        <time>2026-02-11T10:42:26.000Z</time>
        <extensions>
          <ns3:TrackPointExtension>
            <ns3:hr>150</ns3:hr>
          </ns3:TrackPointExtension>
        </extensions>
      </trkpt>
      <trkpt lat="24.48836403898894786834716796875" lon="118.10802220366895198822021484375">
        <ele>12.6000003814697265625</ele>
        <time>2026-02-11T10:42:27.000Z</time>
        <extensions>
          <ns3:TrackPointExtension>
            <ns3:hr>150</ns3:hr>
          </ns3:TrackPointExtension>
        </extensions>
      </trkpt>
      <trkpt lat="24.4883505441248416900634765625" lon="118.10799068771302700042724609375">
        <ele>11.80000019073486328125</ele>
        <time>2026-02-11T10:42:28.000Z</time>
        <extensions>
          <ns3:TrackPointExtension>
            <ns3:hr>152</ns3:hr>
          </ns3:TrackPointExtension>
        </extensions>
      </trkpt>
      <trkpt lat="24.48833704926073551177978515625" lon="118.10795917175710201263427734375">
        <ele>11.19999980926513671875</ele>
        <time>2026-02-11T10:42:29.000Z</time>
        <extensions>
          <ns3:TrackPointExtension>
            <ns3:hr>152</ns3:hr>
          </ns3:TrackPointExtension>
        </extensions>
      </trkpt>
      <trkpt lat="24.4883240573108196258544921875" lon="118.10792732052505016326904296875">
        <ele>10.3999996185302734375</ele>
        <time>2026-02-11T10:42:30.000Z</time>
        <extensions>
          <ns3:TrackPointExtension>
            <ns3:hr>152</ns3:hr>
          </ns3:TrackPointExtension>
        </extensions>
      </trkpt>
      <trkpt lat="24.4883119873702526092529296875" lon="118.1078953854739665985107421875">
        <ele>9.6000003814697265625</ele>
        <time>2026-02-11T10:42:31.000Z</time>
        <extensions>
          <ns3:TrackPointExtension>
            <ns3:hr>152</ns3:hr>
          </ns3:TrackPointExtension>
        </extensions>
      </trkpt>
      <trkpt lat="24.4883005879819393157958984375" lon="118.107863701879978179931640625">
        <ele>9</ele>
        <time>2026-02-11T10:42:32.000Z</time>
        <extensions>
          <ns3:TrackPointExtension>
            <ns3:hr>152</ns3:hr>
          </ns3:TrackPointExtension>
        </extensions>
      </trkpt>
      <trkpt lat="24.48828944005072116851806640625" lon="118.10783210210502147674560546875">
        <ele>8.3999996185302734375</ele>
        <time>2026-02-11T10:42:33.000Z</time>
        <extensions>
          <ns3:TrackPointExtension>
            <ns3:hr>153</ns3:hr>
          </ns3:TrackPointExtension>
        </extensions>
      </trkpt>
      <trkpt lat="24.4882784597575664520263671875" lon="118.10780058614909648895263671875">
        <ele>8.3999996185302734375</ele>
        <time>2026-02-11T10:42:34.000Z</time>
        <extensions>
          <ns3:TrackPointExtension>
            <ns3:hr>153</ns3:hr>
          </ns3:TrackPointExtension>
        </extensions>
      </trkpt>
      <trkpt lat="24.4882677309215068817138671875" lon="118.1077689863741397857666015625">
        <ele>8.6000003814697265625</ele>
        <time>2026-02-11T10:42:35.000Z</time>
        <extensions>
          <ns3:TrackPointExtension>
            <ns3:hr>153</ns3:hr>
          </ns3:TrackPointExtension>
        </extensions>
      </trkpt>
      <trkpt lat="24.4882570020854473114013671875" lon="118.10773738659918308258056640625">
        <ele>8.6000003814697265625</ele>
        <time>2026-02-11T10:42:36.000Z</time>
        <extensions>
          <ns3:TrackPointExtension>
            <ns3:hr>153</ns3:hr>
          </ns3:TrackPointExtension>
        </extensions>
      </trkpt>
      <trkpt lat="24.48824652470648288726806640625" lon="118.1077059544622898101806640625">
        <ele>8.80000019073486328125</ele>
        <time>2026-02-11T10:42:37.000Z</time>
        <extensions>
          <ns3:TrackPointExtension>
            <ns3:hr>153</ns3:hr>
          </ns3:TrackPointExtension>
        </extensions>
      </trkpt>
      <trkpt lat="24.48823613114655017852783203125" lon="118.1076744385063648223876953125">
        <ele>8.80000019073486328125</ele>
        <time>2026-02-11T10:42:38.000Z</time>
        <extensions>
          <ns3:TrackPointExtension>
            <ns3:hr>153</ns3:hr>
          </ns3:TrackPointExtension>
        </extensions>
      </trkpt>
      <trkpt lat="24.488225989043712615966796875" lon="118.10764275491237640380859375">
        <ele>9</ele>
        <time>2026-02-11T10:42:39.000Z</time>
        <extensions>
          <ns3:TrackPointExtension>
            <ns3:hr>153</ns3:hr>
          </ns3:TrackPointExtension>
        </extensions>
      </trkpt>
      <trkpt lat="24.488215930759906768798828125" lon="118.10761098749935626983642578125">
        <ele>9.19999980926513671875</ele>
        <time>2026-02-11T10:42:40.000Z</time>
        <extensions>
          <ns3:TrackPointExtension>
            <ns3:hr>155</ns3:hr>
          </ns3:TrackPointExtension>
        </extensions>
      </trkpt>
      <trkpt lat="24.48820595629513263702392578125" lon="118.10757913626730442047119140625">
        <ele>9</ele>
        <time>2026-02-11T10:42:41.000Z</time>
        <extensions>
          <ns3:TrackPointExtension>
            <ns3:hr>155</ns3:hr>
          </ns3:TrackPointExtension>
        </extensions>
      </trkpt>
      <trkpt lat="24.48819573037326335906982421875" lon="118.10754728503525257110595703125">
        <ele>9.19999980926513671875</ele>
        <time>2026-02-11T10:42:42.000Z</time>
        <extensions>
          <ns3:TrackPointExtension>
            <ns3:hr>155</ns3:hr>
          </ns3:TrackPointExtension>
        </extensions>
      </trkpt>
      <trkpt lat="24.48818550445139408111572265625" lon="118.10751560144126415252685546875">
        <ele>10.3999996185302734375</ele>
        <time>2026-02-11T10:42:43.000Z</time>
        <extensions>
          <ns3:TrackPointExtension>
            <ns3:hr>155</ns3:hr>
          </ns3:TrackPointExtension>
        </extensions>
      </trkpt>
      <trkpt lat="24.4881755299866199493408203125" lon="118.1074838340282440185546875">
        <ele>11.6000003814697265625</ele>
        <time>2026-02-11T10:42:44.000Z</time>
        <extensions>
          <ns3:TrackPointExtension>
            <ns3:hr>155</ns3:hr>
          </ns3:TrackPointExtension>
        </extensions>
      </trkpt>
      <trkpt lat="24.4881658069789409637451171875" lon="118.107451982796192169189453125">
        <ele>12.6000003814697265625</ele>
        <time>2026-02-11T10:42:45.000Z</time>
        <extensions>
          <ns3:TrackPointExtension>
            <ns3:hr>155</ns3:hr>
          </ns3:TrackPointExtension>
        </extensions>
      </trkpt>
      <trkpt lat="24.48815616779029369354248046875" lon="118.10742021538317203521728515625">
        <ele>13.6000003814697265625</ele>
        <time>2026-02-11T10:42:46.000Z</time>
        <extensions>
          <ns3:TrackPointExtension>
            <ns3:hr>155</ns3:hr>
          </ns3:TrackPointExtension>
        </extensions>
      </trkpt>
      <trkpt lat="24.488146193325519561767578125" lon="118.1073884479701519012451171875">
        <ele>14.3999996185302734375</ele>
        <time>2026-02-11T10:42:47.000Z</time>
        <extensions>
          <ns3:TrackPointExtension>
            <ns3:hr>155</ns3:hr>
          </ns3:TrackPointExtension>
        </extensions>
      </trkpt>
      <trkpt lat="24.48813605122268199920654296875" lon="118.10735684819519519805908203125">
        <ele>15.3999996185302734375</ele>
        <time>2026-02-11T10:42:48.000Z</time>
        <extensions>
          <ns3:TrackPointExtension>
            <ns3:hr>155</ns3:hr>
          </ns3:TrackPointExtension>
        </extensions>
      </trkpt>
      <trkpt lat="24.48811442591249942779541015625" lon="118.107293732464313507080078125">
        <ele>17.200000762939453125</ele>
        <time>2026-02-11T10:42:49.000Z</time>
        <extensions>
          <ns3:TrackPointExtension>
            <ns3:hr>155</ns3:hr>
          </ns3:TrackPointExtension>
        </extensions>
      </trkpt>
      <trkpt lat="24.48810302652418613433837890625" lon="118.107262216508388519287109375">
        <ele>17.6000003814697265625</ele>
        <time>2026-02-11T10:42:50.000Z</time>
        <extensions>
          <ns3:TrackPointExtension>
            <ns3:hr>155</ns3:hr>
          </ns3:TrackPointExtension>
        </extensions>
      </trkpt>
      <trkpt lat="24.4880910404026508331298828125" lon="118.10723078437149524688720703125">
        <ele>17.6000003814697265625</ele>
        <time>2026-02-11T10:42:51.000Z</time>
        <extensions>
          <ns3:TrackPointExtension>
            <ns3:hr>155</ns3:hr>
          </ns3:TrackPointExtension>
        </extensions>
      </trkpt>
      <trkpt lat="24.48807855136692523956298828125" lon="118.10719943605363368988037109375">
        <ele>17.6000003814697265625</ele>
        <time>2026-02-11T10:42:52.000Z</time>
        <extensions>
          <ns3:TrackPointExtension>
            <ns3:hr>155</ns3:hr>
          </ns3:TrackPointExtension>
        </extensions>
      </trkpt>
      <trkpt lat="24.48806547559797763824462890625" lon="118.10716825537383556365966796875">
        <ele>17.6000003814697265625</ele>
        <time>2026-02-11T10:42:53.000Z</time>
        <extensions>
          <ns3:TrackPointExtension>
            <ns3:hr>155</ns3:hr>
          </ns3:TrackPointExtension>
        </extensions>
      </trkpt>
      <trkpt lat="24.4880521483719348907470703125" lon="118.10713715851306915283203125">
        <ele>17.6000003814697265625</ele>
        <time>2026-02-11T10:42:54.000Z</time>
        <extensions>
          <ns3:TrackPointExtension>
            <ns3:hr>155</ns3:hr>
          </ns3:TrackPointExtension>
        </extensions>
      </trkpt>
      <trkpt lat="24.488038904964923858642578125" lon="118.1071061454713344573974609375">
        <ele>17.3999996185302734375</ele>
        <time>2026-02-11T10:42:55.000Z</time>
        <extensions>
          <ns3:TrackPointExtension>
            <ns3:hr>155</ns3:hr>
          </ns3:TrackPointExtension>
        </extensions>
      </trkpt>
      <trkpt lat="24.48802582919597625732421875" lon="118.1070753000676631927490234375">
        <ele>17.3999996185302734375</ele>
        <time>2026-02-11T10:42:56.000Z</time>
        <extensions>
          <ns3:TrackPointExtension>
            <ns3:hr>155</ns3:hr>
          </ns3:TrackPointExtension>
        </extensions>
      </trkpt>
      <trkpt lat="24.48801283724606037139892578125" lon="118.10704437084496021270751953125">
        <ele>17.3999996185302734375</ele>
        <time>2026-02-11T10:42:57.000Z</time>
        <extensions>
          <ns3:TrackPointExtension>
            <ns3:hr>155</ns3:hr>
          </ns3:TrackPointExtension>
        </extensions>
      </trkpt>
      <trkpt lat="24.488000012934207916259765625" lon="118.1070132739841938018798828125">
        <ele>17.200000762939453125</ele>
        <time>2026-02-11T10:42:58.000Z</time>
        <extensions>
          <ns3:TrackPointExtension>
            <ns3:hr>153</ns3:hr>
          </ns3:TrackPointExtension>
        </extensions>
      </trkpt>
      <trkpt lat="24.4879876077175140380859375" lon="118.10698217712342739105224609375">
        <ele>17</ele>
        <time>2026-02-11T10:42:59.000Z</time>
        <extensions>
          <ns3:TrackPointExtension>
            <ns3:hr>153</ns3:hr>
          </ns3:TrackPointExtension>
        </extensions>
      </trkpt>
      <trkpt lat="24.48797595687210559844970703125" lon="118.10695074498653411865234375">
        <ele>16.6000003814697265625</ele>
        <time>2026-02-11T10:43:00.000Z</time>
        <extensions>
          <ns3:TrackPointExtension>
            <ns3:hr>153</ns3:hr>
          </ns3:TrackPointExtension>
        </extensions>
      </trkpt>
      <trkpt lat="24.4879649765789508819580078125" lon="118.106919229030609130859375">
        <ele>16</ele>
        <time>2026-02-11T10:43:01.000Z</time>
        <extensions>
          <ns3:TrackPointExtension>
            <ns3:hr>153</ns3:hr>
          </ns3:TrackPointExtension>
        </extensions>
      </trkpt>
      <trkpt lat="24.48795433156192302703857421875" lon="118.10688762925565242767333984375">
        <ele>15.6000003814697265625</ele>
        <time>2026-02-11T10:43:02.000Z</time>
        <extensions>
          <ns3:TrackPointExtension>
            <ns3:hr>153</ns3:hr>
          </ns3:TrackPointExtension>
        </extensions>
      </trkpt>
      <trkpt lat="24.4879438541829586029052734375" lon="118.1068560294806957244873046875">
        <ele>15.19999980926513671875</ele>
        <time>2026-02-11T10:43:03.000Z</time>
        <extensions>
          <ns3:TrackPointExtension>
            <ns3:hr>153</ns3:hr>
          </ns3:TrackPointExtension>
        </extensions>
      </trkpt>
      <trkpt lat="24.48793354444205760955810546875" lon="118.10682468116283416748046875">
        <ele>14.6000003814697265625</ele>
        <time>2026-02-11T10:43:04.000Z</time>
        <extensions>
          <ns3:TrackPointExtension>
            <ns3:hr>153</ns3:hr>
          </ns3:TrackPointExtension>
        </extensions>
      </trkpt>
      <trkpt lat="24.48792348615825176239013671875" lon="118.10679341666400432586669921875">
        <ele>14.19999980926513671875</ele>
        <time>2026-02-11T10:43:05.000Z</time>
        <extensions>
          <ns3:TrackPointExtension>
            <ns3:hr>153</ns3:hr>
          </ns3:TrackPointExtension>
        </extensions>
      </trkpt>
      <trkpt lat="24.4879143498837947845458984375" lon="118.106762655079364776611328125">
        <ele>13.80000019073486328125</ele>
        <time>2026-02-11T10:43:06.000Z</time>
        <extensions>
          <ns3:TrackPointExtension>
            <ns3:hr>153</ns3:hr>
          </ns3:TrackPointExtension>
        </extensions>
      </trkpt>
      <trkpt lat="24.48790672235190868377685546875" lon="118.10673206113278865814208984375">
        <ele>13.3999996185302734375</ele>
        <time>2026-02-11T10:43:07.000Z</time>
        <extensions>
          <ns3:TrackPointExtension>
            <ns3:hr>154</ns3:hr>
          </ns3:TrackPointExtension>
        </extensions>
      </trkpt>
      <trkpt lat="24.487900771200656890869140625" lon="118.1067018024623394012451171875">
        <ele>13</ele>
        <time>2026-02-11T10:43:08.000Z</time>
        <extensions>
          <ns3:TrackPointExtension>
            <ns3:hr>154</ns3:hr>
          </ns3:TrackPointExtension>
        </extensions>
      </trkpt>
      <trkpt lat="24.48789683170616626739501953125" lon="118.10667254962027072906494140625">
        <ele>12.6000003814697265625</ele>
        <time>2026-02-11T10:43:09.000Z</time>
        <extensions>
          <ns3:TrackPointExtension>
            <ns3:hr>154</ns3:hr>
          </ns3:TrackPointExtension>
        </extensions>
      </trkpt>
      <trkpt lat="24.48789532296359539031982421875" lon="118.1066451407968997955322265625">
        <ele>12</ele>
        <time>2026-02-11T10:43:10.000Z</time>
        <extensions>
          <ns3:TrackPointExtension>
            <ns3:hr>154</ns3:hr>
          </ns3:TrackPointExtension>
        </extensions>
      </trkpt>
      <trkpt lat="24.487896077334880828857421875" lon="118.10661949217319488525390625">
        <ele>11.80000019073486328125</ele>
        <time>2026-02-11T10:43:11.000Z</time>
        <extensions>
          <ns3:TrackPointExtension>
            <ns3:hr>154</ns3:hr>
          </ns3:TrackPointExtension>
        </extensions>
      </trkpt>
      <trkpt lat="24.48789884336292743682861328125" lon="118.10659392736852169036865234375">
        <ele>11.3999996185302734375</ele>
        <time>2026-02-11T10:43:12.000Z</time>
        <extensions>
          <ns3:TrackPointExtension>
            <ns3:hr>154</ns3:hr>
          </ns3:TrackPointExtension>
        </extensions>
      </trkpt>
      <trkpt lat="24.487903453409671783447265625" lon="118.1065665185451507568359375">
        <ele>11.19999980926513671875</ele>
        <time>2026-02-11T10:43:13.000Z</time>
        <extensions>
          <ns3:TrackPointExtension>
            <ns3:hr>154</ns3:hr>
          </ns3:TrackPointExtension>
        </extensions>
      </trkpt>
      <trkpt lat="24.4879099912941455841064453125" lon="118.10653760097920894622802734375">
        <ele>11</ele>
        <time>2026-02-11T10:43:14.000Z</time>
        <extensions>
          <ns3:TrackPointExtension>
            <ns3:hr>154</ns3:hr>
          </ns3:TrackPointExtension>
        </extensions>
      </trkpt>
      <trkpt lat="24.48791879229247570037841796875" lon="118.10650859959423542022705078125">
        <ele>10.80000019073486328125</ele>
        <time>2026-02-11T10:43:15.000Z</time>
        <extensions>
          <ns3:TrackPointExtension>
            <ns3:hr>154</ns3:hr>
          </ns3:TrackPointExtension>
        </extensions>
      </trkpt>
      <trkpt lat="24.487930275499820709228515625" lon="118.106481023132801055908203125">
        <ele>10.80000019073486328125</ele>
        <time>2026-02-11T10:43:16.000Z</time>
        <extensions>
          <ns3:TrackPointExtension>
            <ns3:hr>154</ns3:hr>
          </ns3:TrackPointExtension>
        </extensions>
      </trkpt>
      <trkpt lat="24.487944357097148895263671875" lon="118.10645579360425472259521484375">
        <ele>10.80000019073486328125</ele>
        <time>2026-02-11T10:43:17.000Z</time>
        <extensions>
          <ns3:TrackPointExtension>
            <ns3:hr>154</ns3:hr>
          </ns3:TrackPointExtension>
        </extensions>
      </trkpt>
      <trkpt lat="24.4879609532654285430908203125" lon="118.106433413922786712646484375">
        <ele>11</ele>
        <time>2026-02-11T10:43:18.000Z</time>
        <extensions>
          <ns3:TrackPointExtension>
            <ns3:hr>156</ns3:hr>
          </ns3:TrackPointExtension>
        </extensions>
      </trkpt>
      <trkpt lat="24.48797981254756450653076171875" lon="118.1064136326313018798828125">
        <ele>11.3999996185302734375</ele>
        <time>2026-02-11T10:43:19.000Z</time>
        <extensions>
          <ns3:TrackPointExtension>
            <ns3:hr>156</ns3:hr>
          </ns3:TrackPointExtension>
        </extensions>
      </trkpt>
      <trkpt lat="24.48800127021968364715576171875" lon="118.106395862996578216552734375">
        <ele>12</ele>
        <time>2026-02-11T10:43:20.000Z</time>
        <extensions>
          <ns3:TrackPointExtension>
            <ns3:hr>156</ns3:hr>
          </ns3:TrackPointExtension>
        </extensions>
      </trkpt>
      <trkpt lat="24.48802524246275424957275390625" lon="118.10637918300926685333251953125">
        <ele>12.6000003814697265625</ele>
        <time>2026-02-11T10:43:21.000Z</time>
        <extensions>
          <ns3:TrackPointExtension>
            <ns3:hr>156</ns3:hr>
          </ns3:TrackPointExtension>
        </extensions>
      </trkpt>
      <trkpt lat="24.48805139400064945220947265625" lon="118.1063628382980823516845703125">
        <ele>13.3999996185302734375</ele>
        <time>2026-02-11T10:43:22.000Z</time>
        <extensions>
          <ns3:TrackPointExtension>
            <ns3:hr>156</ns3:hr>
          </ns3:TrackPointExtension>
        </extensions>
      </trkpt>
      <trkpt lat="24.4880788028240203857421875" lon="118.10634666122496128082275390625">
        <ele>14.19999980926513671875</ele>
        <time>2026-02-11T10:43:23.000Z</time>
        <extensions>
          <ns3:TrackPointExtension>
            <ns3:hr>156</ns3:hr>
          </ns3:TrackPointExtension>
        </extensions>
      </trkpt>
      <trkpt lat="24.48810629546642303466796875" lon="118.10633073560893535614013671875">
        <ele>14.80000019073486328125</ele>
        <time>2026-02-11T10:43:24.000Z</time>
        <extensions>
          <ns3:TrackPointExtension>
            <ns3:hr>156</ns3:hr>
          </ns3:TrackPointExtension>
        </extensions>
      </trkpt>
      <trkpt lat="24.48813303373754024505615234375" lon="118.10631497763097286224365234375">
        <ele>15.6000003814697265625</ele>
        <time>2026-02-11T10:43:25.000Z</time>
        <extensions>
          <ns3:TrackPointExtension>
            <ns3:hr>156</ns3:hr>
          </ns3:TrackPointExtension>
        </extensions>
      </trkpt>
      <trkpt lat="24.48815859854221343994140625" lon="118.1062996387481689453125">
        <ele>16.200000762939453125</ele>
        <time>2026-02-11T10:43:26.000Z</time>
        <extensions>
          <ns3:TrackPointExtension>
            <ns3:hr>156</ns3:hr>
          </ns3:TrackPointExtension>
        </extensions>
      </trkpt>
      <trkpt lat="24.488183073699474334716796875" lon="118.10628463514149188995361328125">
        <ele>16.799999237060546875</ele>
        <time>2026-02-11T10:43:27.000Z</time>
        <extensions>
          <ns3:TrackPointExtension>
            <ns3:hr>156</ns3:hr>
          </ns3:TrackPointExtension>
        </extensions>
      </trkpt>
      <trkpt lat="24.488206543028354644775390625" lon="118.10626971535384654998779296875">
        <ele>17</ele>
        <time>2026-02-11T10:43:28.000Z</time>
        <extensions>
          <ns3:TrackPointExtension>
            <ns3:hr>156</ns3:hr>
          </ns3:TrackPointExtension>
        </extensions>
      </trkpt>
      <trkpt lat="24.48822875507175922393798828125" lon="118.1062538735568523406982421875">
        <ele>17.3999996185302734375</ele>
        <time>2026-02-11T10:43:29.000Z</time>
        <extensions>
          <ns3:TrackPointExtension>
            <ns3:hr>156</ns3:hr>
          </ns3:TrackPointExtension>
        </extensions>
      </trkpt>
      <trkpt lat="24.488248787820339202880859375" lon="118.1062364391982555389404296875">
        <ele>17.799999237060546875</ele>
        <time>2026-02-11T10:43:30.000Z</time>
        <extensions>
          <ns3:TrackPointExtension>
            <ns3:hr>156</ns3:hr>
          </ns3:TrackPointExtension>
        </extensions>
      </trkpt>
      <trkpt lat="24.488264881074428558349609375" lon="118.106216825544834136962890625">
        <ele>18</ele>
        <time>2026-02-11T10:43:31.000Z</time>
        <extensions>
          <ns3:TrackPointExtension>
            <ns3:hr>156</ns3:hr>
          </ns3:TrackPointExtension>
        </extensions>
      </trkpt>
      <trkpt lat="24.48827569372951984405517578125" lon="118.10619511641561985015869140625">
        <ele>18</ele>
        <time>2026-02-11T10:43:32.000Z</time>
        <extensions>
          <ns3:TrackPointExtension>
            <ns3:hr>156</ns3:hr>
          </ns3:TrackPointExtension>
        </extensions>
      </trkpt>
      <trkpt lat="24.48828063905239105224609375" lon="118.1061717309057712554931640625">
        <ele>18</ele>
        <time>2026-02-11T10:43:33.000Z</time>
        <extensions>
          <ns3:TrackPointExtension>
            <ns3:hr>156</ns3:hr>
          </ns3:TrackPointExtension>
        </extensions>
      </trkpt>
      <trkpt lat="24.4882808066904544830322265625" lon="118.10614750720560550689697265625">
        <ele>18</ele>
        <time>2026-02-11T10:43:34.000Z</time>
        <extensions>
          <ns3:TrackPointExtension>
            <ns3:hr>156</ns3:hr>
          </ns3:TrackPointExtension>
        </extensions>
      </trkpt>
      <trkpt lat="24.48827871121466159820556640625" lon="118.10612328350543975830078125">
        <ele>18</ele>
        <time>2026-02-11T10:43:35.000Z</time>
        <extensions>
          <ns3:TrackPointExtension>
            <ns3:hr>156</ns3:hr>
          </ns3:TrackPointExtension>
        </extensions>
      </trkpt>
      <trkpt lat="24.48827787302434444427490234375" lon="118.10609914362430572509765625">
        <ele>18</ele>
        <time>2026-02-11T10:43:36.000Z</time>
        <extensions>
          <ns3:TrackPointExtension>
            <ns3:hr>156</ns3:hr>
          </ns3:TrackPointExtension>
        </extensions>
      </trkpt>
      <trkpt lat="24.48827837593853473663330078125" lon="118.10607508756220340728759765625">
        <ele>18</ele>
        <time>2026-02-11T10:43:37.000Z</time>
        <extensions>
          <ns3:TrackPointExtension>
            <ns3:hr>155</ns3:hr>
          </ns3:TrackPointExtension>
        </extensions>
      </trkpt>
      <trkpt lat="24.48827770538628101348876953125" lon="118.10605061240494251251220703125">
        <ele>18</ele>
        <time>2026-02-11T10:43:38.000Z</time>
        <extensions>
          <ns3:TrackPointExtension>
            <ns3:hr>155</ns3:hr>
          </ns3:TrackPointExtension>
        </extensions>
      </trkpt>
      <trkpt lat="24.4882747717201709747314453125" lon="118.1060252152383327484130859375">
        <ele>18</ele>
        <time>2026-02-11T10:43:39.000Z</time>
        <extensions>
          <ns3:TrackPointExtension>
            <ns3:hr>155</ns3:hr>
          </ns3:TrackPointExtension>
        </extensions>
      </trkpt>
      <trkpt lat="24.4882694073021411895751953125" lon="118.10599881224334239959716796875">
        <ele>17.799999237060546875</ele>
        <time>2026-02-11T10:43:40.000Z</time>
        <extensions>
          <ns3:TrackPointExtension>
            <ns3:hr>155</ns3:hr>
          </ns3:TrackPointExtension>
        </extensions>
      </trkpt>
      <trkpt lat="24.4882620312273502349853515625" lon="118.10597299598157405853271484375">
        <ele>17.6000003814697265625</ele>
        <time>2026-02-11T10:43:41.000Z</time>
        <extensions>
          <ns3:TrackPointExtension>
            <ns3:hr>155</ns3:hr>
          </ns3:TrackPointExtension>
        </extensions>
      </trkpt>
      <trkpt lat="24.48825323022902011871337890625" lon="118.10594969429075717926025390625">
        <ele>17.3999996185302734375</ele>
        <time>2026-02-11T10:43:42.000Z</time>
        <extensions>
          <ns3:TrackPointExtension>
            <ns3:hr>155</ns3:hr>
          </ns3:TrackPointExtension>
        </extensions>
      </trkpt>
      <trkpt lat="24.48824442923069000244140625" lon="118.10593024827539920806884765625">
        <ele>17</ele>
        <time>2026-02-11T10:43:43.000Z</time>
        <extensions>
          <ns3:TrackPointExtension>
            <ns3:hr>155</ns3:hr>
          </ns3:TrackPointExtension>
        </extensions>
      </trkpt>
      <trkpt lat="24.488237388432025909423828125" lon="118.10591365210711956024169921875">
        <ele>16.799999237060546875</ele>
        <time>2026-02-11T10:43:44.000Z</time>
        <extensions>
          <ns3:TrackPointExtension>
            <ns3:hr>155</ns3:hr>
          </ns3:TrackPointExtension>
        </extensions>
      </trkpt>
      <trkpt lat="24.4882328622043132781982421875" lon="118.105896972119808197021484375">
        <ele>16.6000003814697265625</ele>
        <time>2026-02-11T10:43:45.000Z</time>
        <extensions>
          <ns3:TrackPointExtension>
            <ns3:hr>155</ns3:hr>
          </ns3:TrackPointExtension>
        </extensions>
      </trkpt>
      <trkpt lat="24.488231353461742401123046875" lon="118.105878196656703948974609375">
        <ele>16.3999996185302734375</ele>
        <time>2026-02-11T10:43:46.000Z</time>
        <extensions>
          <ns3:TrackPointExtension>
            <ns3:hr>155</ns3:hr>
          </ns3:TrackPointExtension>
        </extensions>
      </trkpt>
      <trkpt lat="24.4882335327565670013427734375" lon="118.10585732571780681610107421875">
        <ele>16.3999996185302734375</ele>
        <time>2026-02-11T10:43:47.000Z</time>
        <extensions>
          <ns3:TrackPointExtension>
            <ns3:hr>156</ns3:hr>
          </ns3:TrackPointExtension>
        </extensions>
      </trkpt>
      <trkpt lat="24.48824082501232624053955078125" lon="118.10583653859794139862060546875">
        <ele>16.3999996185302734375</ele>
        <time>2026-02-11T10:43:48.000Z</time>
        <extensions>
          <ns3:TrackPointExtension>
            <ns3:hr>156</ns3:hr>
          </ns3:TrackPointExtension>
        </extensions>
      </trkpt>
      <trkpt lat="24.48825306259095668792724609375" lon="118.10581759549677371978759765625">
        <ele>16.3999996185302734375</ele>
        <time>2026-02-11T10:43:49.000Z</time>
        <extensions>
          <ns3:TrackPointExtension>
            <ns3:hr>156</ns3:hr>
          </ns3:TrackPointExtension>
        </extensions>
      </trkpt>
      <trkpt lat="24.4882684014737606048583984375" lon="118.10580032877624034881591796875">
        <ele>16.3999996185302734375</ele>
        <time>2026-02-11T10:43:50.000Z</time>
        <extensions>
          <ns3:TrackPointExtension>
            <ns3:hr>156</ns3:hr>
          </ns3:TrackPointExtension>
        </extensions>
      </trkpt>
      <trkpt lat="24.4882848300039768218994140625" lon="118.10578373260796070098876953125">
        <ele>16.3999996185302734375</ele>
        <time>2026-02-11T10:43:51.000Z</time>
        <extensions>
          <ns3:TrackPointExtension>
            <ns3:hr>156</ns3:hr>
          </ns3:TrackPointExtension>
        </extensions>
      </trkpt>
      <trkpt lat="24.4883012585341930389404296875" lon="118.105766884982585906982421875">
        <ele>16.6000003814697265625</ele>
        <time>2026-02-11T10:43:52.000Z</time>
        <extensions>
          <ns3:TrackPointExtension>
            <ns3:hr>156</ns3:hr>
          </ns3:TrackPointExtension>
        </extensions>
      </trkpt>
      <trkpt lat="24.48831743560731410980224609375" lon="118.105749785900115966796875">
        <ele>16.6000003814697265625</ele>
        <time>2026-02-11T10:43:53.000Z</time>
        <extensions>
          <ns3:TrackPointExtension>
            <ns3:hr>156</ns3:hr>
          </ns3:TrackPointExtension>
        </extensions>
      </trkpt>
      <trkpt lat="24.48833285830914974212646484375" lon="118.10573243536055088043212890625">
        <ele>16.3999996185302734375</ele>
        <time>2026-02-11T10:43:54.000Z</time>
        <extensions>
          <ns3:TrackPointExtension>
            <ns3:hr>156</ns3:hr>
          </ns3:TrackPointExtension>
        </extensions>
      </trkpt>
      <trkpt lat="24.48834744282066822052001953125" lon="118.10571483336389064788818359375">
        <ele>16.200000762939453125</ele>
        <time>2026-02-11T10:43:55.000Z</time>
        <extensions>
          <ns3:TrackPointExtension>
            <ns3:hr>154</ns3:hr>
          </ns3:TrackPointExtension>
        </extensions>
      </trkpt>
      <trkpt lat="24.488359428942203521728515625" lon="118.10569538734853267669677734375">
        <ele>16</ele>
        <time>2026-02-11T10:43:56.000Z</time>
        <extensions>
          <ns3:TrackPointExtension>
            <ns3:hr>154</ns3:hr>
          </ns3:TrackPointExtension>
        </extensions>
      </trkpt>
      <trkpt lat="24.48836646974086761474609375" lon="118.10567208565771579742431640625">
        <ele>15.6000003814697265625</ele>
        <time>2026-02-11T10:43:57.000Z</time>
        <extensions>
          <ns3:TrackPointExtension>
            <ns3:hr>154</ns3:hr>
          </ns3:TrackPointExtension>
        </extensions>
      </trkpt>
      <trkpt lat="24.48836940340697765350341796875" lon="118.1056453473865985870361328125">
        <ele>15.3999996185302734375</ele>
        <time>2026-02-11T10:43:58.000Z</time>
        <extensions>
          <ns3:TrackPointExtension>
            <ns3:hr>154</ns3:hr>
          </ns3:TrackPointExtension>
        </extensions>
      </trkpt>
      <trkpt lat="24.48836990632116794586181640625" lon="118.1056161783635616302490234375">
        <ele>15</ele>
        <time>2026-02-11T10:43:59.000Z</time>
        <extensions>
          <ns3:TrackPointExtension>
            <ns3:hr>154</ns3:hr>
          </ns3:TrackPointExtension>
        </extensions>
      </trkpt>
      <trkpt lat="24.4883686490356922149658203125" lon="118.1055856682360172271728515625">
        <ele>15</ele>
        <time>2026-02-11T10:44:00.000Z</time>
        <extensions>
          <ns3:TrackPointExtension>
            <ns3:hr>154</ns3:hr>
          </ns3:TrackPointExtension>
        </extensions>
      </trkpt>
      <trkpt lat="24.48836588300764560699462890625" lon="118.10555457137525081634521484375">
        <ele>14.80000019073486328125</ele>
        <time>2026-02-11T10:44:01.000Z</time>
        <extensions>
          <ns3:TrackPointExtension>
            <ns3:hr>153</ns3:hr>
          </ns3:TrackPointExtension>
        </extensions>
      </trkpt>
      <trkpt lat="24.48836236260831356048583984375" lon="118.10552355833351612091064453125">
        <ele>14.6000003814697265625</ele>
        <time>2026-02-11T10:44:02.000Z</time>
        <extensions>
          <ns3:TrackPointExtension>
            <ns3:hr>153</ns3:hr>
          </ns3:TrackPointExtension>
        </extensions>
      </trkpt>
      <trkpt lat="24.4883585907518863677978515625" lon="118.10549321584403514862060546875">
        <ele>14.3999996185302734375</ele>
        <time>2026-02-11T10:44:03.000Z</time>
        <extensions>
          <ns3:TrackPointExtension>
            <ns3:hr>153</ns3:hr>
          </ns3:TrackPointExtension>
        </extensions>
      </trkpt>
      <trkpt lat="24.48835481889545917510986328125" lon="118.10546337626874446868896484375">
        <ele>14</ele>
        <time>2026-02-11T10:44:04.000Z</time>
        <extensions>
          <ns3:TrackPointExtension>
            <ns3:hr>152</ns3:hr>
          </ns3:TrackPointExtension>
        </extensions>
      </trkpt>
      <trkpt lat="24.488351047039031982421875" lon="118.1054334528744220733642578125">
        <ele>13.80000019073486328125</ele>
        <time>2026-02-11T10:44:05.000Z</time>
        <extensions>
          <ns3:TrackPointExtension>
            <ns3:hr>152</ns3:hr>
          </ns3:TrackPointExtension>
        </extensions>
      </trkpt>
      <trkpt lat="24.48834744282066822052001953125" lon="118.10540269128978252410888671875">
        <ele>13.3999996185302734375</ele>
        <time>2026-02-11T10:44:06.000Z</time>
        <extensions>
          <ns3:TrackPointExtension>
            <ns3:hr>152</ns3:hr>
          </ns3:TrackPointExtension>
        </extensions>
      </trkpt>
      <trkpt lat="24.48834425769746303558349609375" lon="118.105371259152889251708984375">
        <ele>13.19999980926513671875</ele>
        <time>2026-02-11T10:44:07.000Z</time>
        <extensions>
          <ns3:TrackPointExtension>
            <ns3:hr>152</ns3:hr>
          </ns3:TrackPointExtension>
        </extensions>
      </trkpt>
      <trkpt lat="24.48834157548844814300537109375" lon="118.10533940792083740234375">
        <ele>12.80000019073486328125</ele>
        <time>2026-02-11T10:44:08.000Z</time>
        <extensions>
          <ns3:TrackPointExtension>
            <ns3:hr>152</ns3:hr>
          </ns3:TrackPointExtension>
        </extensions>
      </trkpt>
      <trkpt lat="24.4883394800126552581787109375" lon="118.1053073890507221221923828125">
        <ele>12.6000003814697265625</ele>
        <time>2026-02-11T10:44:09.000Z</time>
        <extensions>
          <ns3:TrackPointExtension>
            <ns3:hr>152</ns3:hr>
          </ns3:TrackPointExtension>
        </extensions>
      </trkpt>
      <trkpt lat="24.48833805508911609649658203125" lon="118.1052752025425434112548828125">
        <ele>12.6000003814697265625</ele>
        <time>2026-02-11T10:44:10.000Z</time>
        <extensions>
          <ns3:TrackPointExtension>
            <ns3:hr>154</ns3:hr>
          </ns3:TrackPointExtension>
        </extensions>
      </trkpt>
      <trkpt lat="24.4883374683558940887451171875" lon="118.10524309985339641571044921875">
        <ele>12.3999996185302734375</ele>
        <time>2026-02-11T10:44:11.000Z</time>
        <extensions>
          <ns3:TrackPointExtension>
            <ns3:hr>154</ns3:hr>
          </ns3:TrackPointExtension>
        </extensions>
      </trkpt>
      <trkpt lat="24.48833830654621124267578125" lon="118.10521124862134456634521484375">
        <ele>12.19999980926513671875</ele>
        <time>2026-02-11T10:44:12.000Z</time>
        <extensions>
          <ns3:TrackPointExtension>
            <ns3:hr>154</ns3:hr>
          </ns3:TrackPointExtension>
        </extensions>
      </trkpt>
      <trkpt lat="24.48834098875522613525390625" lon="118.10517990030348300933837890625">
        <ele>11.80000019073486328125</ele>
        <time>2026-02-11T10:44:13.000Z</time>
        <extensions>
          <ns3:TrackPointExtension>
            <ns3:hr>154</ns3:hr>
          </ns3:TrackPointExtension>
        </extensions>
      </trkpt>
      <trkpt lat="24.48834643699228763580322265625" lon="118.10514972545206546783447265625">
        <ele>11.3999996185302734375</ele>
        <time>2026-02-11T10:44:14.000Z</time>
        <extensions>
          <ns3:TrackPointExtension>
            <ns3:hr>154</ns3:hr>
          </ns3:TrackPointExtension>
        </extensions>
      </trkpt>
      <trkpt lat="24.48835565708577632904052734375" lon="118.10512147843837738037109375">
        <ele>11</ele>
        <time>2026-02-11T10:44:15.000Z</time>
        <extensions>
          <ns3:TrackPointExtension>
            <ns3:hr>154</ns3:hr>
          </ns3:TrackPointExtension>
        </extensions>
      </trkpt>
      <trkpt lat="24.488369487226009368896484375" lon="118.1050961650907993316650390625">
        <ele>10.6000003814697265625</ele>
        <time>2026-02-11T10:44:16.000Z</time>
        <extensions>
          <ns3:TrackPointExtension>
            <ns3:hr>154</ns3:hr>
          </ns3:TrackPointExtension>
        </extensions>
      </trkpt>
      <trkpt lat="24.488388262689113616943359375" lon="118.1050752103328704833984375">
        <ele>10</ele>
        <time>2026-02-11T10:44:17.000Z</time>
        <extensions>
          <ns3:TrackPointExtension>
            <ns3:hr>154</ns3:hr>
          </ns3:TrackPointExtension>
        </extensions>
      </trkpt>
      <trkpt lat="24.48841114528477191925048828125" lon="118.1050591170787811279296875">
        <ele>9.6000003814697265625</ele>
        <time>2026-02-11T10:44:18.000Z</time>
        <extensions>
          <ns3:TrackPointExtension>
            <ns3:hr>154</ns3:hr>
          </ns3:TrackPointExtension>
        </extensions>
      </trkpt>
      <trkpt lat="24.48843645863234996795654296875" lon="118.105047047138214111328125">
        <ele>9</ele>
        <time>2026-02-11T10:44:19.000Z</time>
        <extensions>
          <ns3:TrackPointExtension>
            <ns3:hr>153</ns3:hr>
          </ns3:TrackPointExtension>
        </extensions>
      </trkpt>
      <trkpt lat="24.48846294544637203216552734375" lon="118.105037994682788848876953125">
        <ele>8.6000003814697265625</ele>
        <time>2026-02-11T10:44:20.000Z</time>
        <extensions>
          <ns3:TrackPointExtension>
            <ns3:hr>153</ns3:hr>
          </ns3:TrackPointExtension>
        </extensions>
      </trkpt>
      <trkpt lat="24.488489516079425811767578125" lon="118.105030618607997894287109375">
        <ele>8</ele>
        <time>2026-02-11T10:44:21.000Z</time>
        <extensions>
          <ns3:TrackPointExtension>
            <ns3:hr>153</ns3:hr>
          </ns3:TrackPointExtension>
        </extensions>
      </trkpt>
      <trkpt lat="24.48851591907441616058349609375" lon="118.10502315871417522430419921875">
        <ele>7.599999904632568359375</ele>
        <time>2026-02-11T10:44:22.000Z</time>
        <extensions>
          <ns3:TrackPointExtension>
            <ns3:hr>153</ns3:hr>
          </ns3:TrackPointExtension>
        </extensions>
      </trkpt>
      <trkpt lat="24.488541819155216217041015625" lon="118.10501460917294025421142578125">
        <ele>7</ele>
        <time>2026-02-11T10:44:23.000Z</time>
        <extensions>
          <ns3:TrackPointExtension>
            <ns3:hr>154</ns3:hr>
          </ns3:TrackPointExtension>
        </extensions>
      </trkpt>
      <trkpt lat="24.48856671340763568878173828125" lon="118.1050046347081661224365234375">
        <ele>6.599999904632568359375</ele>
        <time>2026-02-11T10:44:24.000Z</time>
        <extensions>
          <ns3:TrackPointExtension>
            <ns3:hr>154</ns3:hr>
          </ns3:TrackPointExtension>
        </extensions>
      </trkpt>
      <trkpt lat="24.48858967982232570648193359375" lon="118.10499281622469425201416015625">
        <ele>6</ele>
        <time>2026-02-11T10:44:25.000Z</time>
        <extensions>
          <ns3:TrackPointExtension>
            <ns3:hr>154</ns3:hr>
          </ns3:TrackPointExtension>
        </extensions>
      </trkpt>
      <trkpt lat="24.48860962875187397003173828125" lon="118.104978986084461212158203125">
        <ele>5.599999904632568359375</ele>
        <time>2026-02-11T10:44:26.000Z</time>
        <extensions>
          <ns3:TrackPointExtension>
            <ns3:hr>154</ns3:hr>
          </ns3:TrackPointExtension>
        </extensions>
      </trkpt>
      <trkpt lat="24.4886254705488681793212890625" lon="118.10496381483972072601318359375">
        <ele>5.19999980926513671875</ele>
        <time>2026-02-11T10:44:27.000Z</time>
        <extensions>
          <ns3:TrackPointExtension>
            <ns3:hr>154</ns3:hr>
          </ns3:TrackPointExtension>
        </extensions>
      </trkpt>
      <trkpt lat="24.48863712139427661895751953125" lon="118.10494855977594852447509765625">
        <ele>5</ele>
        <time>2026-02-11T10:44:28.000Z</time>
        <extensions>
          <ns3:TrackPointExtension>
            <ns3:hr>154</ns3:hr>
          </ns3:TrackPointExtension>
        </extensions>
      </trkpt>
      <trkpt lat="24.48864500038325786590576171875" lon="118.1049325503408908843994140625">
        <ele>5</ele>
        <time>2026-02-11T10:44:29.000Z</time>
        <extensions>
          <ns3:TrackPointExtension>
            <ns3:hr>155</ns3:hr>
          </ns3:TrackPointExtension>
        </extensions>
      </trkpt>
      <trkpt lat="24.48864969424903392791748046875" lon="118.10491385869681835174560546875">
        <ele>5</ele>
        <time>2026-02-11T10:44:30.000Z</time>
        <extensions>
          <ns3:TrackPointExtension>
            <ns3:hr>155</ns3:hr>
          </ns3:TrackPointExtension>
        </extensions>
      </trkpt>
      <trkpt lat="24.48865120299160480499267578125" lon="118.104891143739223480224609375">
        <ele>5</ele>
        <time>2026-02-11T10:44:31.000Z</time>
        <extensions>
          <ns3:TrackPointExtension>
            <ns3:hr>155</ns3:hr>
          </ns3:TrackPointExtension>
        </extensions>
      </trkpt>
      <trkpt lat="24.48864877223968505859375" lon="118.10486490838229656219482421875">
        <ele>5</ele>
        <time>2026-02-11T10:44:32.000Z</time>
        <extensions>
          <ns3:TrackPointExtension>
            <ns3:hr>155</ns3:hr>
          </ns3:TrackPointExtension>
        </extensions>
      </trkpt>
      <trkpt lat="24.4886418990790843963623046875" lon="118.10483724810183048248291015625">
        <ele>5</ele>
        <time>2026-02-11T10:44:33.000Z</time>
        <extensions>
          <ns3:TrackPointExtension>
            <ns3:hr>155</ns3:hr>
          </ns3:TrackPointExtension>
        </extensions>
      </trkpt>
      <trkpt lat="24.48863091878592967987060546875" lon="118.1048096716403961181640625">
        <ele>5</ele>
        <time>2026-02-11T10:44:34.000Z</time>
        <extensions>
          <ns3:TrackPointExtension>
            <ns3:hr>155</ns3:hr>
          </ns3:TrackPointExtension>
        </extensions>
      </trkpt>
      <trkpt lat="24.48861658573150634765625" lon="118.104782514274120330810546875">
        <ele>5</ele>
        <time>2026-02-11T10:44:35.000Z</time>
        <extensions>
          <ns3:TrackPointExtension>
            <ns3:hr>155</ns3:hr>
          </ns3:TrackPointExtension>
        </extensions>
      </trkpt>
      <trkpt lat="24.48859940283000469207763671875" lon="118.1047558598220348358154296875">
        <ele>5</ele>
        <time>2026-02-11T10:44:36.000Z</time>
        <extensions>
          <ns3:TrackPointExtension>
            <ns3:hr>155</ns3:hr>
          </ns3:TrackPointExtension>
        </extensions>
      </trkpt>
      <trkpt lat="24.4885805435478687286376953125" lon="118.10473012737929821014404296875">
        <ele>4.80000019073486328125</ele>
        <time>2026-02-11T10:44:37.000Z</time>
        <extensions>
          <ns3:TrackPointExtension>
            <ns3:hr>155</ns3:hr>
          </ns3:TrackPointExtension>
        </extensions>
      </trkpt>
      <trkpt lat="24.48856067843735218048095703125" lon="118.10470514930784702301025390625">
        <ele>4.80000019073486328125</ele>
        <time>2026-02-11T10:44:38.000Z</time>
        <extensions>
          <ns3:TrackPointExtension>
            <ns3:hr>155</ns3:hr>
          </ns3:TrackPointExtension>
        </extensions>
      </trkpt>
      <trkpt lat="24.48853989131748676300048828125" lon="118.1046809256076812744140625">
        <ele>4.599999904632568359375</ele>
        <time>2026-02-11T10:44:39.000Z</time>
        <extensions>
          <ns3:TrackPointExtension>
            <ns3:hr>156</ns3:hr>
          </ns3:TrackPointExtension>
        </extensions>
      </trkpt>
      <trkpt lat="24.48851809836924076080322265625" lon="118.10465754009783267974853515625">
        <ele>4.599999904632568359375</ele>
        <time>2026-02-11T10:44:40.000Z</time>
        <extensions>
          <ns3:TrackPointExtension>
            <ns3:hr>156</ns3:hr>
          </ns3:TrackPointExtension>
        </extensions>
      </trkpt>
      <trkpt lat="24.488495551049709320068359375" lon="118.10463474132120609283447265625">
        <ele>4.599999904632568359375</ele>
        <time>2026-02-11T10:44:41.000Z</time>
        <extensions>
          <ns3:TrackPointExtension>
            <ns3:hr>156</ns3:hr>
          </ns3:TrackPointExtension>
        </extensions>
      </trkpt>
      <trkpt lat="24.4884722493588924407958984375" lon="118.104612529277801513671875">
        <ele>4.400000095367431640625</ele>
        <time>2026-02-11T10:44:42.000Z</time>
        <extensions>
          <ns3:TrackPointExtension>
            <ns3:hr>156</ns3:hr>
          </ns3:TrackPointExtension>
        </extensions>
      </trkpt>
      <trkpt lat="24.48844827711582183837890625" lon="118.1045905686914920806884765625">
        <ele>4.400000095367431640625</ele>
        <time>2026-02-11T10:44:43.000Z</time>
        <extensions>
          <ns3:TrackPointExtension>
            <ns3:hr>156</ns3:hr>
          </ns3:TrackPointExtension>
        </extensions>
      </trkpt>
      <trkpt lat="24.48842388577759265899658203125" lon="118.1045687757432460784912109375">
        <ele>4.400000095367431640625</ele>
        <time>2026-02-11T10:44:44.000Z</time>
        <extensions>
          <ns3:TrackPointExtension>
            <ns3:hr>156</ns3:hr>
          </ns3:TrackPointExtension>
        </extensions>
      </trkpt>
      <trkpt lat="24.48839941062033176422119140625" lon="118.1045469827950000762939453125">
        <ele>4.599999904632568359375</ele>
        <time>2026-02-11T10:44:45.000Z</time>
        <extensions>
          <ns3:TrackPointExtension>
            <ns3:hr>156</ns3:hr>
          </ns3:TrackPointExtension>
        </extensions>
      </trkpt>
      <trkpt lat="24.4883756898343563079833984375" lon="118.10452493838965892791748046875">
        <ele>4.599999904632568359375</ele>
        <time>2026-02-11T10:44:46.000Z</time>
        <extensions>
          <ns3:TrackPointExtension>
            <ns3:hr>156</ns3:hr>
          </ns3:TrackPointExtension>
        </extensions>
      </trkpt>
      <trkpt lat="24.4883532263338565826416015625" lon="118.10450247488915920257568359375">
        <ele>4.599999904632568359375</ele>
        <time>2026-02-11T10:44:47.000Z</time>
        <extensions>
          <ns3:TrackPointExtension>
            <ns3:hr>156</ns3:hr>
          </ns3:TrackPointExtension>
        </extensions>
      </trkpt>
      <trkpt lat="24.4883317686617374420166015625" lon="118.104479424655437469482421875">
        <ele>4.80000019073486328125</ele>
        <time>2026-02-11T10:44:48.000Z</time>
        <extensions>
          <ns3:TrackPointExtension>
            <ns3:hr>156</ns3:hr>
          </ns3:TrackPointExtension>
        </extensions>
      </trkpt>
      <trkpt lat="24.488311149179935455322265625" lon="118.1044557876884937286376953125">
        <ele>4.80000019073486328125</ele>
        <time>2026-02-11T10:44:49.000Z</time>
        <extensions>
          <ns3:TrackPointExtension>
            <ns3:hr>156</ns3:hr>
          </ns3:TrackPointExtension>
        </extensions>
      </trkpt>
      <trkpt lat="24.48829111643135547637939453125" lon="118.10443173162639141082763671875">
        <ele>4.80000019073486328125</ele>
        <time>2026-02-11T10:44:50.000Z</time>
        <extensions>
          <ns3:TrackPointExtension>
            <ns3:hr>156</ns3:hr>
          </ns3:TrackPointExtension>
        </extensions>
      </trkpt>
      <trkpt lat="24.48827167041599750518798828125" lon="118.10440725646913051605224609375">
        <ele>5</ele>
        <time>2026-02-11T10:44:51.000Z</time>
        <extensions>
          <ns3:TrackPointExtension>
            <ns3:hr>157</ns3:hr>
          </ns3:TrackPointExtension>
        </extensions>
      </trkpt>
      <trkpt lat="24.4882529787719249725341796875" lon="118.10438261367380619049072265625">
        <ele>5</ele>
        <time>2026-02-11T10:44:52.000Z</time>
        <extensions>
          <ns3:TrackPointExtension>
            <ns3:hr>157</ns3:hr>
          </ns3:TrackPointExtension>
        </extensions>
      </trkpt>
      <trkpt lat="24.4882352091372013092041015625" lon="118.10435763560235500335693359375">
        <ele>5</ele>
        <time>2026-02-11T10:44:53.000Z</time>
        <extensions>
          <ns3:TrackPointExtension>
            <ns3:hr>157</ns3:hr>
          </ns3:TrackPointExtension>
        </extensions>
      </trkpt>
      <trkpt lat="24.4882182776927947998046875" lon="118.1043320707976818084716796875">
        <ele>5</ele>
        <time>2026-02-11T10:44:54.000Z</time>
        <extensions>
          <ns3:TrackPointExtension>
            <ns3:hr>157</ns3:hr>
          </ns3:TrackPointExtension>
        </extensions>
      </trkpt>
      <trkpt lat="24.48820210061967372894287109375" lon="118.10430608689785003662109375">
        <ele>5</ele>
        <time>2026-02-11T10:44:55.000Z</time>
        <extensions>
          <ns3:TrackPointExtension>
            <ns3:hr>159</ns3:hr>
          </ns3:TrackPointExtension>
        </extensions>
      </trkpt>
      <trkpt lat="24.4881865940988063812255859375" lon="118.104279600083827972412109375">
        <ele>5</ele>
        <time>2026-02-11T10:44:56.000Z</time>
        <extensions>
          <ns3:TrackPointExtension>
            <ns3:hr>159</ns3:hr>
          </ns3:TrackPointExtension>
        </extensions>
      </trkpt>
      <trkpt lat="24.488171674311161041259765625" lon="118.1042526103556156158447265625">
        <ele>5</ele>
        <time>2026-02-11T10:44:57.000Z</time>
        <extensions>
          <ns3:TrackPointExtension>
            <ns3:hr>159</ns3:hr>
          </ns3:TrackPointExtension>
        </extensions>
      </trkpt>
      <trkpt lat="24.48815750889480113983154296875" lon="118.104225285351276397705078125">
        <ele>5</ele>
        <time>2026-02-11T10:44:58.000Z</time>
        <extensions>
          <ns3:TrackPointExtension>
            <ns3:hr>159</ns3:hr>
          </ns3:TrackPointExtension>
        </extensions>
      </trkpt>
      <trkpt lat="24.48814409784972667694091796875" lon="118.1041976250708103179931640625">
        <ele>5.19999980926513671875</ele>
        <time>2026-02-11T10:44:59.000Z</time>
        <extensions>
          <ns3:TrackPointExtension>
            <ns3:hr>159</ns3:hr>
          </ns3:TrackPointExtension>
        </extensions>
      </trkpt>
      <trkpt lat="24.48813102208077907562255859375" lon="118.10416996479034423828125">
        <ele>5.400000095367431640625</ele>
        <time>2026-02-11T10:45:00.000Z</time>
        <extensions>
          <ns3:TrackPointExtension>
            <ns3:hr>159</ns3:hr>
          </ns3:TrackPointExtension>
        </extensions>
      </trkpt>
      <trkpt lat="24.48811777867376804351806640625" lon="118.10414222069084644317626953125">
        <ele>5.599999904632568359375</ele>
        <time>2026-02-11T10:45:01.000Z</time>
        <extensions>
          <ns3:TrackPointExtension>
            <ns3:hr>159</ns3:hr>
          </ns3:TrackPointExtension>
        </extensions>
      </trkpt>
      <trkpt lat="24.488104619085788726806640625" lon="118.104114644229412078857421875">
        <ele>5.80000019073486328125</ele>
        <time>2026-02-11T10:45:02.000Z</time>
        <extensions>
          <ns3:TrackPointExtension>
            <ns3:hr>159</ns3:hr>
          </ns3:TrackPointExtension>
        </extensions>
      </trkpt>
      <trkpt lat="24.48809179477393627166748046875" lon="118.1040869839489459991455078125">
        <ele>6</ele>
        <time>2026-02-11T10:45:03.000Z</time>
        <extensions>
          <ns3:TrackPointExtension>
            <ns3:hr>161</ns3:hr>
          </ns3:TrackPointExtension>
        </extensions>
      </trkpt>
      <trkpt lat="24.48807972483336925506591796875" lon="118.104058988392353057861328125">
        <ele>6.19999980926513671875</ele>
        <time>2026-02-11T10:45:04.000Z</time>
        <extensions>
          <ns3:TrackPointExtension>
            <ns3:hr>161</ns3:hr>
          </ns3:TrackPointExtension>
        </extensions>
      </trkpt>
      <trkpt lat="24.48806849308311939239501953125" lon="118.1040309928357601165771484375">
        <ele>6.400000095367431640625</ele>
        <time>2026-02-11T10:45:05.000Z</time>
        <extensions>
          <ns3:TrackPointExtension>
            <ns3:hr>161</ns3:hr>
          </ns3:TrackPointExtension>
        </extensions>
      </trkpt>
      <trkpt lat="24.48805776424705982208251953125" lon="118.10400274582207202911376953125">
        <ele>6.599999904632568359375</ele>
        <time>2026-02-11T10:45:06.000Z</time>
        <extensions>
          <ns3:TrackPointExtension>
            <ns3:hr>161</ns3:hr>
          </ns3:TrackPointExtension>
        </extensions>
      </trkpt>
      <trkpt lat="24.48804770596325397491455078125" lon="118.10397391207516193389892578125">
        <ele>6.80000019073486328125</ele>
        <time>2026-02-11T10:45:07.000Z</time>
        <extensions>
          <ns3:TrackPointExtension>
            <ns3:hr>161</ns3:hr>
          </ns3:TrackPointExtension>
        </extensions>
      </trkpt>
      <trkpt lat="24.488038234412670135498046875" lon="118.10394457541406154632568359375">
        <ele>7</ele>
        <time>2026-02-11T10:45:08.000Z</time>
        <extensions>
          <ns3:TrackPointExtension>
            <ns3:hr>161</ns3:hr>
          </ns3:TrackPointExtension>
        </extensions>
      </trkpt>
      <trkpt lat="24.48802943341434001922607421875" lon="118.103915154933929443359375">
        <ele>7.400000095367431640625</ele>
        <time>2026-02-11T10:45:09.000Z</time>
        <extensions>
          <ns3:TrackPointExtension>
            <ns3:hr>161</ns3:hr>
          </ns3:TrackPointExtension>
        </extensions>
      </trkpt>
      <trkpt lat="24.48802138678729534149169921875" lon="118.1038854829967021942138671875">
        <ele>7.80000019073486328125</ele>
        <time>2026-02-11T10:45:10.000Z</time>
        <extensions>
          <ns3:TrackPointExtension>
            <ns3:hr>161</ns3:hr>
          </ns3:TrackPointExtension>
        </extensions>
      </trkpt>
      <trkpt lat="24.4880142621695995330810546875" lon="118.10385522432625293731689453125">
        <ele>8.3999996185302734375</ele>
        <time>2026-02-11T10:45:11.000Z</time>
        <extensions>
          <ns3:TrackPointExtension>
            <ns3:hr>161</ns3:hr>
          </ns3:TrackPointExtension>
        </extensions>
      </trkpt>
      <trkpt lat="24.4880082271993160247802734375" lon="118.1038244627416133880615234375">
        <ele>8.80000019073486328125</ele>
        <time>2026-02-11T10:45:12.000Z</time>
        <extensions>
          <ns3:TrackPointExtension>
            <ns3:hr>162</ns3:hr>
          </ns3:TrackPointExtension>
        </extensions>
      </trkpt>
      <trkpt lat="24.4880035333335399627685546875" lon="118.10379353351891040802001953125">
        <ele>9.19999980926513671875</ele>
        <time>2026-02-11T10:45:13.000Z</time>
        <extensions>
          <ns3:TrackPointExtension>
            <ns3:hr>162</ns3:hr>
          </ns3:TrackPointExtension>
        </extensions>
      </trkpt>
      <trkpt lat="24.4880005158483982086181640625" lon="118.10376252047717571258544921875">
        <ele>9.80000019073486328125</ele>
        <time>2026-02-11T10:45:14.000Z</time>
        <extensions>
          <ns3:TrackPointExtension>
            <ns3:hr>162</ns3:hr>
          </ns3:TrackPointExtension>
        </extensions>
      </trkpt>
      <trkpt lat="24.48799909092485904693603515625" lon="118.1037312559783458709716796875">
        <ele>10.19999980926513671875</ele>
        <time>2026-02-11T10:45:15.000Z</time>
        <extensions>
          <ns3:TrackPointExtension>
            <ns3:hr>161</ns3:hr>
          </ns3:TrackPointExtension>
        </extensions>
      </trkpt>
      <trkpt lat="24.48799909092485904693603515625" lon="118.10369965620338916778564453125">
        <ele>10.6000003814697265625</ele>
        <time>2026-02-11T10:45:16.000Z</time>
        <extensions>
          <ns3:TrackPointExtension>
            <ns3:hr>161</ns3:hr>
          </ns3:TrackPointExtension>
        </extensions>
      </trkpt>
      <trkpt lat="24.48800009675323963165283203125" lon="118.10366746969521045684814453125">
        <ele>11.19999980926513671875</ele>
        <time>2026-02-11T10:45:17.000Z</time>
        <extensions>
          <ns3:TrackPointExtension>
            <ns3:hr>161</ns3:hr>
          </ns3:TrackPointExtension>
        </extensions>
      </trkpt>
      <trkpt lat="24.488002024590969085693359375" lon="118.10363494791090488433837890625">
        <ele>11.19999980926513671875</ele>
        <time>2026-02-11T10:45:18.000Z</time>
        <extensions>
          <ns3:TrackPointExtension>
            <ns3:hr>161</ns3:hr>
          </ns3:TrackPointExtension>
        </extensions>
      </trkpt>
      <trkpt lat="24.48800479061901569366455078125" lon="118.10360209085047245025634765625">
        <ele>11.3999996185302734375</ele>
        <time>2026-02-11T10:45:19.000Z</time>
        <extensions>
          <ns3:TrackPointExtension>
            <ns3:hr>161</ns3:hr>
          </ns3:TrackPointExtension>
        </extensions>
      </trkpt>
      <trkpt lat="24.48800847865641117095947265625" lon="118.10356940142810344696044921875">
        <ele>11.3999996185302734375</ele>
        <time>2026-02-11T10:45:20.000Z</time>
        <extensions>
          <ns3:TrackPointExtension>
            <ns3:hr>161</ns3:hr>
          </ns3:TrackPointExtension>
        </extensions>
      </trkpt>
      <trkpt lat="24.4880129210650920867919921875" lon="118.1035367958247661590576171875">
        <ele>11.6000003814697265625</ele>
        <time>2026-02-11T10:45:21.000Z</time>
        <extensions>
          <ns3:TrackPointExtension>
            <ns3:hr>161</ns3:hr>
          </ns3:TrackPointExtension>
        </extensions>
      </trkpt>
      <trkpt lat="24.48801820166409015655517578125" lon="118.1035042740404605865478515625">
        <ele>11.6000003814697265625</ele>
        <time>2026-02-11T10:45:22.000Z</time>
        <extensions>
          <ns3:TrackPointExtension>
            <ns3:hr>161</ns3:hr>
          </ns3:TrackPointExtension>
        </extensions>
      </trkpt>
      <trkpt lat="24.4880243204534053802490234375" lon="118.103472255170345306396484375">
        <ele>11.80000019073486328125</ele>
        <time>2026-02-11T10:45:23.000Z</time>
        <extensions>
          <ns3:TrackPointExtension>
            <ns3:hr>161</ns3:hr>
          </ns3:TrackPointExtension>
        </extensions>
      </trkpt>
      <trkpt lat="24.48803127743303775787353515625" lon="118.10344048775732517242431640625">
        <ele>11.80000019073486328125</ele>
        <time>2026-02-11T10:45:24.000Z</time>
        <extensions>
          <ns3:TrackPointExtension>
            <ns3:hr>161</ns3:hr>
          </ns3:TrackPointExtension>
        </extensions>
      </trkpt>
      <trkpt lat="24.48803915642201900482177734375" lon="118.1034093908965587615966796875">
        <ele>11.80000019073486328125</ele>
        <time>2026-02-11T10:45:25.000Z</time>
        <extensions>
          <ns3:TrackPointExtension>
            <ns3:hr>161</ns3:hr>
          </ns3:TrackPointExtension>
        </extensions>
      </trkpt>
      <trkpt lat="24.48804804123938083648681640625" lon="118.10337913222610950469970703125">
        <ele>11.80000019073486328125</ele>
        <time>2026-02-11T10:45:26.000Z</time>
        <extensions>
          <ns3:TrackPointExtension>
            <ns3:hr>161</ns3:hr>
          </ns3:TrackPointExtension>
        </extensions>
      </trkpt>
      <trkpt lat="24.48805826716125011444091796875" lon="118.1033500470221042633056640625">
        <ele>11.19999980926513671875</ele>
        <time>2026-02-11T10:45:27.000Z</time>
        <extensions>
          <ns3:TrackPointExtension>
            <ns3:hr>161</ns3:hr>
          </ns3:TrackPointExtension>
        </extensions>
      </trkpt>
      <trkpt lat="24.48806983418762683868408203125" lon="118.10332238674163818359375">
        <ele>10.6000003814697265625</ele>
        <time>2026-02-11T10:45:28.000Z</time>
        <extensions>
          <ns3:TrackPointExtension>
            <ns3:hr>161</ns3:hr>
          </ns3:TrackPointExtension>
        </extensions>
      </trkpt>
      <trkpt lat="24.4880833290517330169677734375" lon="118.10329698957502841949462890625">
        <ele>10</ele>
        <time>2026-02-11T10:45:29.000Z</time>
        <extensions>
          <ns3:TrackPointExtension>
            <ns3:hr>161</ns3:hr>
          </ns3:TrackPointExtension>
        </extensions>
      </trkpt>
      <trkpt lat="24.48809866793453693389892578125" lon="118.10327486135065555572509765625">
        <ele>9.80000019073486328125</ele>
        <time>2026-02-11T10:45:30.000Z</time>
        <extensions>
          <ns3:TrackPointExtension>
            <ns3:hr>161</ns3:hr>
          </ns3:TrackPointExtension>
        </extensions>
      </trkpt>
      <trkpt lat="24.48811593465507030487060546875" lon="118.10325792990624904632568359375">
        <ele>9.6000003814697265625</ele>
        <time>2026-02-11T10:45:31.000Z</time>
        <extensions>
          <ns3:TrackPointExtension>
            <ns3:hr>161</ns3:hr>
          </ns3:TrackPointExtension>
        </extensions>
      </trkpt>
      <trkpt lat="24.48813454248011112213134765625" lon="118.10324820689857006072998046875">
        <ele>9.6000003814697265625</ele>
        <time>2026-02-11T10:45:32.000Z</time>
        <extensions>
          <ns3:TrackPointExtension>
            <ns3:hr>161</ns3:hr>
          </ns3:TrackPointExtension>
        </extensions>
      </trkpt>
      <trkpt lat="24.4881537370383739471435546875" lon="118.1032467819750308990478515625">
        <ele>9.6000003814697265625</ele>
        <time>2026-02-11T10:45:33.000Z</time>
        <extensions>
          <ns3:TrackPointExtension>
            <ns3:hr>161</ns3:hr>
          </ns3:TrackPointExtension>
        </extensions>
      </trkpt>
      <trkpt lat="24.4881726801395416259765625" lon="118.10325256548821926116943359375">
        <ele>9.6000003814697265625</ele>
        <time>2026-02-11T10:45:34.000Z</time>
        <extensions>
          <ns3:TrackPointExtension>
            <ns3:hr>161</ns3:hr>
          </ns3:TrackPointExtension>
        </extensions>
      </trkpt>
      <trkpt lat="24.48819070123136043548583984375" lon="118.10326396487653255462646484375">
        <ele>9.3999996185302734375</ele>
        <time>2026-02-11T10:45:35.000Z</time>
        <extensions>
          <ns3:TrackPointExtension>
            <ns3:hr>161</ns3:hr>
          </ns3:TrackPointExtension>
        </extensions>
      </trkpt>
      <trkpt lat="24.4882077164947986602783203125" lon="118.10327947139739990234375">
        <ele>9.3999996185302734375</ele>
        <time>2026-02-11T10:45:36.000Z</time>
        <extensions>
          <ns3:TrackPointExtension>
            <ns3:hr>161</ns3:hr>
          </ns3:TrackPointExtension>
        </extensions>
      </trkpt>
      <trkpt lat="24.48822322301566600799560546875" lon="118.10329816304147243499755859375">
        <ele>9.3999996185302734375</ele>
        <time>2026-02-11T10:45:37.000Z</time>
        <extensions>
          <ns3:TrackPointExtension>
            <ns3:hr>161</ns3:hr>
          </ns3:TrackPointExtension>
        </extensions>
      </trkpt>
      <trkpt lat="24.488237388432025909423828125" lon="118.1033192016184329986572265625">
        <ele>9.6000003814697265625</ele>
        <time>2026-02-11T10:45:38.000Z</time>
        <extensions>
          <ns3:TrackPointExtension>
            <ns3:hr>161</ns3:hr>
          </ns3:TrackPointExtension>
        </extensions>
      </trkpt>
      <trkpt lat="24.48825054802000522613525390625" lon="118.1033416651189327239990234375">
        <ele>9.6000003814697265625</ele>
        <time>2026-02-11T10:45:39.000Z</time>
        <extensions>
          <ns3:TrackPointExtension>
            <ns3:hr>161</ns3:hr>
          </ns3:TrackPointExtension>
        </extensions>
      </trkpt>
      <trkpt lat="24.488262869417667388916015625" lon="118.10336471535265445709228515625">
        <ele>9.80000019073486328125</ele>
        <time>2026-02-11T10:45:40.000Z</time>
        <extensions>
          <ns3:TrackPointExtension>
            <ns3:hr>161</ns3:hr>
          </ns3:TrackPointExtension>
        </extensions>
      </trkpt>
      <trkpt lat="24.4882746040821075439453125" lon="118.10338743031024932861328125">
        <ele>9.80000019073486328125</ele>
        <time>2026-02-11T10:45:41.000Z</time>
        <extensions>
          <ns3:TrackPointExtension>
            <ns3:hr>161</ns3:hr>
          </ns3:TrackPointExtension>
        </extensions>
      </trkpt>
      <trkpt lat="24.488285668194293975830078125" lon="118.10340897180140018463134765625">
        <ele>9.6000003814697265625</ele>
        <time>2026-02-11T10:45:42.000Z</time>
        <extensions>
          <ns3:TrackPointExtension>
            <ns3:hr>161</ns3:hr>
          </ns3:TrackPointExtension>
        </extensions>
      </trkpt>
      <trkpt lat="24.48829530738294124603271484375" lon="118.10342942364513874053955078125">
        <ele>9.19999980926513671875</ele>
        <time>2026-02-11T10:45:43.000Z</time>
        <extensions>
          <ns3:TrackPointExtension>
            <ns3:hr>159</ns3:hr>
          </ns3:TrackPointExtension>
        </extensions>
      </trkpt>
      <trkpt lat="24.48830234818160533905029296875" lon="118.1034486182034015655517578125">
        <ele>9</ele>
        <time>2026-02-11T10:45:44.000Z</time>
        <extensions>
          <ns3:TrackPointExtension>
            <ns3:hr>159</ns3:hr>
          </ns3:TrackPointExtension>
        </extensions>
      </trkpt>
      <trkpt lat="24.48830637149512767791748046875" lon="118.103466220200061798095703125">
        <ele>8.80000019073486328125</ele>
        <time>2026-02-11T10:45:45.000Z</time>
        <extensions>
          <ns3:TrackPointExtension>
            <ns3:hr>159</ns3:hr>
          </ns3:TrackPointExtension>
        </extensions>
      </trkpt>
      <trkpt lat="24.48830788023769855499267578125" lon="118.10348290018737316131591796875">
        <ele>8.80000019073486328125</ele>
        <time>2026-02-11T10:45:46.000Z</time>
        <extensions>
          <ns3:TrackPointExtension>
            <ns3:hr>159</ns3:hr>
          </ns3:TrackPointExtension>
        </extensions>
      </trkpt>
      <trkpt lat="24.4883067905902862548828125" lon="118.10349899344146251678466796875">
        <ele>8.6000003814697265625</ele>
        <time>2026-02-11T10:45:47.000Z</time>
        <extensions>
          <ns3:TrackPointExtension>
            <ns3:hr>159</ns3:hr>
          </ns3:TrackPointExtension>
        </extensions>
      </trkpt>
      <trkpt lat="24.48830385692417621612548828125" lon="118.103514499962329864501953125">
        <ele>8.6000003814697265625</ele>
        <time>2026-02-11T10:45:48.000Z</time>
        <extensions>
          <ns3:TrackPointExtension>
            <ns3:hr>159</ns3:hr>
          </ns3:TrackPointExtension>
        </extensions>
      </trkpt>
      <trkpt lat="24.48830000124871730804443359375" lon="118.10352916829288005828857421875">
        <ele>8.6000003814697265625</ele>
        <time>2026-02-11T10:45:49.000Z</time>
        <extensions>
          <ns3:TrackPointExtension>
            <ns3:hr>159</ns3:hr>
          </ns3:TrackPointExtension>
        </extensions>
      </trkpt>
      <trkpt lat="24.48829597793519496917724609375" lon="118.10354274697601795196533203125">
        <ele>8.6000003814697265625</ele>
        <time>2026-02-11T10:45:50.000Z</time>
        <extensions>
          <ns3:TrackPointExtension>
            <ns3:hr>159</ns3:hr>
          </ns3:TrackPointExtension>
        </extensions>
      </trkpt>
      <trkpt lat="24.4882928766310214996337890625" lon="118.1035552360117435455322265625">
        <ele>8.6000003814697265625</ele>
        <time>2026-02-11T10:45:51.000Z</time>
        <extensions>
          <ns3:TrackPointExtension>
            <ns3:hr>159</ns3:hr>
          </ns3:TrackPointExtension>
        </extensions>
      </trkpt>
      <trkpt lat="24.48829228989779949188232421875" lon="118.10356579720973968505859375">
        <ele>8.6000003814697265625</ele>
        <time>2026-02-11T10:45:52.000Z</time>
        <extensions>
          <ns3:TrackPointExtension>
            <ns3:hr>158</ns3:hr>
          </ns3:TrackPointExtension>
        </extensions>
      </trkpt>
      <trkpt lat="24.48829430155456066131591796875" lon="118.1035736761987209320068359375">
        <ele>8.3999996185302734375</ele>
        <time>2026-02-11T10:45:53.000Z</time>
        <extensions>
          <ns3:TrackPointExtension>
            <ns3:hr>158</ns3:hr>
          </ns3:TrackPointExtension>
        </extensions>
      </trkpt>
      <trkpt lat="24.488297738134860992431640625" lon="118.103579543530941009521484375">
        <ele>8.3999996185302734375</ele>
        <time>2026-02-11T10:45:54.000Z</time>
        <extensions>
          <ns3:TrackPointExtension>
            <ns3:hr>158</ns3:hr>
          </ns3:TrackPointExtension>
        </extensions>
      </trkpt>
      <trkpt lat="24.488301761448383331298828125" lon="118.103584237396717071533203125">
        <ele>8.3999996185302734375</ele>
        <time>2026-02-11T10:45:55.000Z</time>
        <extensions>
          <ns3:TrackPointExtension>
            <ns3:hr>155</ns3:hr>
          </ns3:TrackPointExtension>
        </extensions>
      </trkpt>
      <trkpt lat="24.4883056171238422393798828125" lon="118.103587925434112548828125">
        <ele>8.19999980926513671875</ele>
        <time>2026-02-11T10:45:56.000Z</time>
        <extensions>
          <ns3:TrackPointExtension>
            <ns3:hr>155</ns3:hr>
          </ns3:TrackPointExtension>
        </extensions>
      </trkpt>
      <trkpt lat="24.4883094727993011474609375" lon="118.10359127819538116455078125">
        <ele>8.19999980926513671875</ele>
        <time>2026-02-11T10:45:57.000Z</time>
        <extensions>
          <ns3:TrackPointExtension>
            <ns3:hr>155</ns3:hr>
          </ns3:TrackPointExtension>
        </extensions>
      </trkpt>
      <trkpt lat="24.488309808075428009033203125" lon="118.1035937927663326263427734375">
        <ele>8.19999980926513671875</ele>
        <time>2026-02-11T10:45:58.000Z</time>
        <extensions>
          <ns3:TrackPointExtension>
            <ns3:hr>155</ns3:hr>
          </ns3:TrackPointExtension>
        </extensions>
      </trkpt>
      <trkpt lat="24.48830855078995227813720703125" lon="118.10359840281307697296142578125">
        <ele>8.19999980926513671875</ele>
        <time>2026-02-11T10:45:59.000Z</time>
        <extensions>
          <ns3:TrackPointExtension>
            <ns3:hr>152</ns3:hr>
          </ns3:TrackPointExtension>
        </extensions>
      </trkpt>
      <trkpt lat="24.48830704204738140106201171875" lon="118.10360393486917018890380859375">
        <ele>8.19999980926513671875</ele>
        <time>2026-02-11T10:46:00.000Z</time>
        <extensions>
          <ns3:TrackPointExtension>
            <ns3:hr>152</ns3:hr>
          </ns3:TrackPointExtension>
        </extensions>
      </trkpt>
      <trkpt lat="24.48830603621900081634521484375" lon="118.10360980220139026641845703125">
        <ele>8.19999980926513671875</ele>
        <time>2026-02-11T10:46:01.000Z</time>
        <extensions>
          <ns3:TrackPointExtension>
            <ns3:hr>152</ns3:hr>
          </ns3:TrackPointExtension>
        </extensions>
      </trkpt>
      <trkpt lat="24.48830544948577880859375" lon="118.10361541807651519775390625">
        <ele>8.19999980926513671875</ele>
        <time>2026-02-11T10:46:02.000Z</time>
        <extensions>
          <ns3:TrackPointExtension>
            <ns3:hr>152</ns3:hr>
          </ns3:TrackPointExtension>
        </extensions>
      </trkpt>
      <trkpt lat="24.4883052818477153778076171875" lon="118.103620111942291259765625">
        <ele>8.19999980926513671875</ele>
        <time>2026-02-11T10:46:03.000Z</time>
        <extensions>
          <ns3:TrackPointExtension>
            <ns3:hr>152</ns3:hr>
          </ns3:TrackPointExtension>
        </extensions>
      </trkpt>
      <trkpt lat="24.48830553330481052398681640625" lon="118.10362371616065502166748046875">
        <ele>8.19999980926513671875</ele>
        <time>2026-02-11T10:46:04.000Z</time>
        <extensions>
          <ns3:TrackPointExtension>
            <ns3:hr>152</ns3:hr>
          </ns3:TrackPointExtension>
        </extensions>
      </trkpt>
      <trkpt lat="24.48830603621900081634521484375" lon="118.10362606309354305267333984375">
        <ele>8.19999980926513671875</ele>
        <time>2026-02-11T10:46:05.000Z</time>
        <extensions>
          <ns3:TrackPointExtension>
            <ns3:hr>149</ns3:hr>
          </ns3:TrackPointExtension>
        </extensions>
      </trkpt>
      <trkpt lat="24.4883066229522228240966796875" lon="118.1036273203790187835693359375">
        <ele>8.19999980926513671875</ele>
        <time>2026-02-11T10:46:06.000Z</time>
        <extensions>
          <ns3:TrackPointExtension>
            <ns3:hr>149</ns3:hr>
          </ns3:TrackPointExtension>
        </extensions>
      </trkpt>
      <trkpt lat="24.4883072935044765472412109375" lon="118.103627823293209075927734375">
        <ele>8</ele>
        <time>2026-02-11T10:46:07.000Z</time>
        <extensions>
          <ns3:TrackPointExtension>
            <ns3:hr>149</ns3:hr>
          </ns3:TrackPointExtension>
        </extensions>
      </trkpt>
      <trkpt lat="24.4883079640567302703857421875" lon="118.10362790711224079132080078125">
        <ele>8</ele>
        <time>2026-02-11T10:46:08.000Z</time>
        <extensions>
          <ns3:TrackPointExtension>
            <ns3:hr>149</ns3:hr>
          </ns3:TrackPointExtension>
        </extensions>
      </trkpt>
      <trkpt lat="24.4883086346089839935302734375" lon="118.10362757183611392974853515625">
        <ele>8</ele>
        <time>2026-02-11T10:46:09.000Z</time>
        <extensions>
          <ns3:TrackPointExtension>
            <ns3:hr>141</ns3:hr>
          </ns3:TrackPointExtension>
        </extensions>
      </trkpt>
      <trkpt lat="24.4883093051612377166748046875" lon="118.10362706892192363739013671875">
        <ele>8</ele>
        <time>2026-02-11T10:46:10.000Z</time>
        <extensions>
          <ns3:TrackPointExtension>
            <ns3:hr>141</ns3:hr>
          </ns3:TrackPointExtension>
        </extensions>
      </trkpt>
      <trkpt lat="24.48830989189445972442626953125" lon="118.10362639836966991424560546875">
        <ele>8</ele>
        <time>2026-02-11T10:46:11.000Z</time>
        <extensions>
          <ns3:TrackPointExtension>
            <ns3:hr>141</ns3:hr>
          </ns3:TrackPointExtension>
        </extensions>
      </trkpt>
      <trkpt lat="24.48831039480865001678466796875" lon="118.10362572781741619110107421875">
        <ele>8</ele>
        <time>2026-02-11T10:46:12.000Z</time>
        <extensions>
          <ns3:TrackPointExtension>
            <ns3:hr>141</ns3:hr>
          </ns3:TrackPointExtension>
        </extensions>
      </trkpt>
      <trkpt lat="24.48831089772284030914306640625" lon="118.10362505726516246795654296875">
        <ele>8</ele>
        <time>2026-02-11T10:46:13.000Z</time>
        <extensions>
          <ns3:TrackPointExtension>
            <ns3:hr>141</ns3:hr>
          </ns3:TrackPointExtension>
        </extensions>
      </trkpt>
      <trkpt lat="24.4883113168179988861083984375" lon="118.10362438671290874481201171875">
        <ele>8</ele>
        <time>2026-02-11T10:46:14.000Z</time>
        <extensions>
          <ns3:TrackPointExtension>
            <ns3:hr>141</ns3:hr>
          </ns3:TrackPointExtension>
        </extensions>
      </trkpt>
      <trkpt lat="24.48831156827509403228759765625" lon="118.1036236323416233062744140625">
        <ele>8</ele>
        <time>2026-02-11T10:46:15.000Z</time>
        <extensions>
          <ns3:TrackPointExtension>
            <ns3:hr>141</ns3:hr>
          </ns3:TrackPointExtension>
        </extensions>
      </trkpt>
      <trkpt lat="24.4883116520941257476806640625" lon="118.10362287797033786773681640625">
        <ele>8</ele>
        <time>2026-02-11T10:46:16.000Z</time>
        <extensions>
          <ns3:TrackPointExtension>
            <ns3:hr>141</ns3:hr>
          </ns3:TrackPointExtension>
        </extensions>
      </trkpt>
      <trkpt lat="24.48831148445606231689453125" lon="118.10362220741808414459228515625">
        <ele>8</ele>
        <time>2026-02-11T10:46:17.000Z</time>
        <extensions>
          <ns3:TrackPointExtension>
            <ns3:hr>138</ns3:hr>
          </ns3:TrackPointExtension>
        </extensions>
      </trkpt>
      <trkpt lat="24.48831106536090373992919921875" lon="118.10362187214195728302001953125">
        <ele>8</ele>
        <time>2026-02-11T10:46:18.000Z</time>
        <extensions>
          <ns3:TrackPointExtension>
            <ns3:hr>138</ns3:hr>
          </ns3:TrackPointExtension>
        </extensions>
      </trkpt>
      <trkpt lat="24.4883106462657451629638671875" lon="118.10362203978002071380615234375">
        <ele>8</ele>
        <time>2026-02-11T10:46:19.000Z</time>
        <extensions>
          <ns3:TrackPointExtension>
            <ns3:hr>134</ns3:hr>
          </ns3:TrackPointExtension>
        </extensions>
      </trkpt>
      <trkpt lat="24.48831014335155487060546875" lon="118.10362279415130615234375">
        <ele>8</ele>
        <time>2026-02-11T10:46:20.000Z</time>
        <extensions>
          <ns3:TrackPointExtension>
            <ns3:hr>134</ns3:hr>
          </ns3:TrackPointExtension>
        </extensions>
      </trkpt>
      <trkpt lat="24.488309808075428009033203125" lon="118.103624470531940460205078125">
        <ele>8</ele>
        <time>2026-02-11T10:46:21.000Z</time>
        <extensions>
          <ns3:TrackPointExtension>
            <ns3:hr>134</ns3:hr>
          </ns3:TrackPointExtension>
        </extensions>
      </trkpt>
      <trkpt lat="24.48830972425639629364013671875" lon="118.103627152740955352783203125">
        <ele>8</ele>
        <time>2026-02-11T10:46:22.000Z</time>
        <extensions>
          <ns3:TrackPointExtension>
            <ns3:hr>134</ns3:hr>
          </ns3:TrackPointExtension>
        </extensions>
      </trkpt>
      <trkpt lat="24.48830989189445972442626953125" lon="118.103630840778350830078125">
        <ele>8</ele>
        <time>2026-02-11T10:46:23.000Z</time>
        <extensions>
          <ns3:TrackPointExtension>
            <ns3:hr>134</ns3:hr>
          </ns3:TrackPointExtension>
        </extensions>
      </trkpt>
      <trkpt lat="24.48831022717058658599853515625" lon="118.10363461263477802276611328125">
        <ele>8</ele>
        <time>2026-02-11T10:46:24.000Z</time>
        <extensions>
          <ns3:TrackPointExtension>
            <ns3:hr>127</ns3:hr>
          </ns3:TrackPointExtension>
        </extensions>
      </trkpt>
      <trkpt lat="24.48831039480865001678466796875" lon="118.1036375463008880615234375">
        <ele>8</ele>
        <time>2026-02-11T10:46:25.000Z</time>
        <extensions>
          <ns3:TrackPointExtension>
            <ns3:hr>127</ns3:hr>
          </ns3:TrackPointExtension>
        </extensions>
      </trkpt>
      <trkpt lat="24.48831056244671344757080078125" lon="118.10363964177668094635009765625">
        <ele>8</ele>
        <time>2026-02-11T10:46:26.000Z</time>
        <extensions>
          <ns3:TrackPointExtension>
            <ns3:hr>127</ns3:hr>
          </ns3:TrackPointExtension>
        </extensions>
      </trkpt>
      <trkpt lat="24.4883106462657451629638671875" lon="118.1036414019763469696044921875">
        <ele>8</ele>
        <time>2026-02-11T10:46:27.000Z</time>
        <extensions>
          <ns3:TrackPointExtension>
            <ns3:hr>127</ns3:hr>
          </ns3:TrackPointExtension>
        </extensions>
      </trkpt>
      <trkpt lat="24.48831106536090373992919921875" lon="118.1036430783569812774658203125">
        <ele>8</ele>
        <time>2026-02-11T10:46:28.000Z</time>
        <extensions>
          <ns3:TrackPointExtension>
            <ns3:hr>127</ns3:hr>
          </ns3:TrackPointExtension>
        </extensions>
      </trkpt>
      <trkpt lat="24.48831173591315746307373046875" lon="118.10364492237567901611328125">
        <ele>8</ele>
        <time>2026-02-11T10:46:29.000Z</time>
        <extensions>
          <ns3:TrackPointExtension>
            <ns3:hr>127</ns3:hr>
          </ns3:TrackPointExtension>
        </extensions>
      </trkpt>
      <trkpt lat="24.48831257410347461700439453125" lon="118.103646934032440185546875">
        <ele>8</ele>
        <time>2026-02-11T10:46:30.000Z</time>
        <extensions>
          <ns3:TrackPointExtension>
            <ns3:hr>127</ns3:hr>
          </ns3:TrackPointExtension>
        </extensions>
      </trkpt>
      <trkpt lat="24.48831357993185520172119140625" lon="118.10364886187016963958740234375">
        <ele>8</ele>
        <time>2026-02-11T10:46:31.000Z</time>
        <extensions>
          <ns3:TrackPointExtension>
            <ns3:hr>126</ns3:hr>
          </ns3:TrackPointExtension>
        </extensions>
      </trkpt>
      <trkpt lat="24.488314501941204071044921875" lon="118.103650622069835662841796875">
        <ele>8</ele>
        <time>2026-02-11T10:46:32.000Z</time>
        <extensions>
          <ns3:TrackPointExtension>
            <ns3:hr>126</ns3:hr>
          </ns3:TrackPointExtension>
        </extensions>
      </trkpt>
      <trkpt lat="24.4883153401315212249755859375" lon="118.10365204699337482452392578125">
        <ele>7.80000019073486328125</ele>
        <time>2026-02-11T10:46:33.000Z</time>
        <extensions>
          <ns3:TrackPointExtension>
            <ns3:hr>126</ns3:hr>
          </ns3:TrackPointExtension>
        </extensions>
      </trkpt>
      <trkpt lat="24.4883160106837749481201171875" lon="118.103653304278850555419921875">
        <ele>7.80000019073486328125</ele>
        <time>2026-02-11T10:46:34.000Z</time>
        <extensions>
          <ns3:TrackPointExtension>
            <ns3:hr>126</ns3:hr>
          </ns3:TrackPointExtension>
        </extensions>
      </trkpt>
      <trkpt lat="24.4883166812360286712646484375" lon="118.10365431010723114013671875">
        <ele>7.80000019073486328125</ele>
        <time>2026-02-11T10:46:35.000Z</time>
        <extensions>
          <ns3:TrackPointExtension>
            <ns3:hr>126</ns3:hr>
          </ns3:TrackPointExtension>
        </extensions>
      </trkpt>
      <trkpt lat="24.488317184150218963623046875" lon="118.1036551482975482940673828125">
        <ele>7.80000019073486328125</ele>
        <time>2026-02-11T10:46:36.000Z</time>
        <extensions>
          <ns3:TrackPointExtension>
            <ns3:hr>126</ns3:hr>
          </ns3:TrackPointExtension>
        </extensions>
      </trkpt>
      <trkpt lat="24.4883176870644092559814453125" lon="118.1036558188498020172119140625">
        <ele>7.80000019073486328125</ele>
        <time>2026-02-11T10:46:37.000Z</time>
        <extensions>
          <ns3:TrackPointExtension>
            <ns3:hr>126</ns3:hr>
          </ns3:TrackPointExtension>
        </extensions>
      </trkpt>
      <trkpt lat="24.48831818997859954833984375" lon="118.103656657040119171142578125">
        <ele>7.80000019073486328125</ele>
        <time>2026-02-11T10:46:38.000Z</time>
        <extensions>
          <ns3:TrackPointExtension>
            <ns3:hr>124</ns3:hr>
          </ns3:TrackPointExtension>
        </extensions>
      </trkpt>
      <trkpt lat="24.48831877671182155609130859375" lon="118.10365757904946804046630859375">
        <ele>7.80000019073486328125</ele>
        <time>2026-02-11T10:46:39.000Z</time>
        <extensions>
          <ns3:TrackPointExtension>
            <ns3:hr>124</ns3:hr>
          </ns3:TrackPointExtension>
        </extensions>
      </trkpt>
      <trkpt lat="24.48831953108310699462890625" lon="118.10365892015397548675537109375">
        <ele>7.80000019073486328125</ele>
        <time>2026-02-11T10:46:40.000Z</time>
        <extensions>
          <ns3:TrackPointExtension>
            <ns3:hr>124</ns3:hr>
          </ns3:TrackPointExtension>
        </extensions>
      </trkpt>
      <trkpt lat="24.48832028545439243316650390625" lon="118.1036603450775146484375">
        <ele>7.80000019073486328125</ele>
        <time>2026-02-11T10:46:41.000Z</time>
        <extensions>
          <ns3:TrackPointExtension>
            <ns3:hr>124</ns3:hr>
          </ns3:TrackPointExtension>
        </extensions>
      </trkpt>
      <trkpt lat="24.48832087218761444091796875" lon="118.10366143472492694854736328125">
        <ele>7.80000019073486328125</ele>
        <time>2026-02-11T10:46:42.000Z</time>
        <extensions>
          <ns3:TrackPointExtension>
            <ns3:hr>124</ns3:hr>
          </ns3:TrackPointExtension>
        </extensions>
      </trkpt>
      <trkpt lat="24.48832129128277301788330078125" lon="118.1036621890962123870849609375">
        <ele>7.80000019073486328125</ele>
        <time>2026-02-11T10:46:43.000Z</time>
        <extensions>
          <ns3:TrackPointExtension>
            <ns3:hr>124</ns3:hr>
          </ns3:TrackPointExtension>
        </extensions>
      </trkpt>
      <trkpt lat="24.48832162655889987945556640625" lon="118.10366277582943439483642578125">
        <ele>7.80000019073486328125</ele>
        <time>2026-02-11T10:46:44.000Z</time>
        <extensions>
          <ns3:TrackPointExtension>
            <ns3:hr>124</ns3:hr>
          </ns3:TrackPointExtension>
        </extensions>
      </trkpt>
      <trkpt lat="24.48832196183502674102783203125" lon="118.10366344638168811798095703125">
        <ele>7.80000019073486328125</ele>
        <time>2026-02-11T10:46:45.000Z</time>
        <extensions>
          <ns3:TrackPointExtension>
            <ns3:hr>124</ns3:hr>
          </ns3:TrackPointExtension>
        </extensions>
      </trkpt>
      <trkpt lat="24.48832229711115360260009765625" lon="118.103664033114910125732421875">
        <ele>7.80000019073486328125</ele>
        <time>2026-02-11T10:46:46.000Z</time>
        <extensions>
          <ns3:TrackPointExtension>
            <ns3:hr>124</ns3:hr>
          </ns3:TrackPointExtension>
        </extensions>
      </trkpt>
      <trkpt lat="24.48832246474921703338623046875" lon="118.1036645360291004180908203125">
        <ele>7.80000019073486328125</ele>
        <time>2026-02-11T10:46:47.000Z</time>
        <extensions>
          <ns3:TrackPointExtension>
            <ns3:hr>124</ns3:hr>
          </ns3:TrackPointExtension>
        </extensions>
      </trkpt>
      <trkpt lat="24.48832263238728046417236328125" lon="118.10366478748619556427001953125">
        <ele>7.80000019073486328125</ele>
        <time>2026-02-11T10:46:48.000Z</time>
        <extensions>
          <ns3:TrackPointExtension>
            <ns3:hr>124</ns3:hr>
          </ns3:TrackPointExtension>
        </extensions>
      </trkpt>
    </trkseg>
  </trk>
</gpx>
